,author_id,date_review_posted,review_title,reviews,verified_purchase,people_find_helpful,ratings,product_url,start,end,reviewer_name,product_category,product_id
0,AE242MSBRWHV5UWHSG5FCBGBQOFA,"June 4, 2020",Super strong clips and big long hook,"The clipss are exceptionally strong and a good long hook attached, useful for many things!
thanks to the seller for their excellent communication!",yes,0,5.0,https://www.amazon.ca/Portable-Laundry-Hanging-Stainless-clothing/dp/B013Y1YMFK/ref=cm_cr_srp_d_product_top?ie=UTF8,2020-09-18 15:15:40.677565,2020-09-18 15:15:49.959300,lynnezee,Clothing & Accessories,B002G9UDYG
1,AE242MSBRWHV5UWHSG5FCBGBQOFA,"February 17, 2020",ANIMAL TESTING PRODUCT,"My reason for the terrible review is because this is an ANIMAL TESTING PRODUCT. It is NOT
CRUELTY-FREE. i will not purchase again, obviously.",yes,2,1.0,https://www.amazon.ca/Innisfree-Orchid-Eye-Cream-30ml/dp/B00ZBFVQX4/ref=cm_cr_srp_d_product_top?ie=UTF8,2020-09-18 15:15:57.055189,2020-09-18 15:16:06.367527,lynnezee,Clothing & Accessories,B002G9UDYG
2,AE242MSBRWHV5UWHSG5FCBGBQOFA,"December 14, 2019",These roses are lovely!,"These are really lovely, just like i read in the reviews. They are red but on the darker side and look so lovely under light.",yes,0,5.0,https://www.amazon.ca/cn-Knight-Artificial-Flower-Bridesmaid-Centerpieces/dp/B07FPH6D89/ref=cm_cr_srp_d_product_top?ie=UTF8,2020-09-18 15:16:13.460312,2020-09-18 15:16:21.760746,lynnezee,Clothing & Accessories,B002G9UDYG
3,AE242MSBRWHV5UWHSG5FCBGBQOFA,"December 14, 2019",Adhesive velcro ...very very strong!,"These stick like glue! One they’re on, they are on for life. And the velcro is super strong.",yes,0,5.0,https://www.amazon.ca/BRAVESHINE-Hook-Loop-Tape-1-2x4Inch/dp/B07KQQLMQ8/ref=cm_cr_srp_d_product_top?ie=UTF8,2020-09-18 15:16:30.855371,2020-09-18 15:16:37.155151,lynnezee,Clothing & Accessories,B002G9UDYG
4,AE242MSBRWHV5UWHSG5FCBGBQOFA,"December 14, 2019",IF YOU NEED the ultimate in a garbage bag....!,The real deal in plastic garbage (or whatever) bags...the absolute largest and sturdiest of all bags.,yes,0,5.0,https://www.amazon.ca/Aluf-Plastics-Ultrasac-Professional-Contractor/dp/B00DH4IT7C/ref=cm_cr_srp_d_product_top?ie=UTF8,2020-09-18 15:16:44.251105,2020-09-18 15:16:51.556735,lynnezee,Clothing & Accessories,B002G9UDYG
5,AE242MSBRWHV5UWHSG5FCBGBQOFA,"December 14, 2019","Nice warm cozy socks, but get the bigger size unless you have very tiny feet.","i purchased these, the bigger size, for my husband but they are mine now! I found the smaller size too small but this size works well, just stretch them out after drying.",yes,0,5.0,https://www.amazon.ca/%EF%BC%8BMD-Womens-Cushioned-Quarter-6GRY10-13/dp/B071JRQBVG/ref=cm_cr_srp_d_product_top?ie=UTF8,2020-09-18 15:16:58.651467,2020-09-18 15:17:06.909815,lynnezee,Clothing & Accessories,B002G9UDYG
6,AE242MSBRWHV5UWHSG5FCBGBQOFA,"December 14, 2019",No scent 3 wick candle,Couldn’t smell anything so returned it. Various others from this company do have a wonderful scent but not this one....no scent to speak of.,yes,0,1.0,https://www.amazon.ca/Works-3-Wick-Candle-Bergamot-Waters/dp/B01N4Q92S0/ref=cm_cr_srp_d_product_top?ie=UTF8,2020-09-18 15:17:15.002596,2020-09-18 15:17:21.295533,lynnezee,Clothing & Accessories,B002G9UDYG
7,AE242MSBRWHV5UWHSG5FCBGBQOFA,"December 14, 2019",Very nice hat!!,My husband really likes this hat and has already worn it. It’s quite soft and well made! Love that.,yes,0,5.0,https://www.amazon.ca/Carhartt-Acrylic-Watch-Black-Size/dp/B002G9UDYG/ref=cm_cr_srp_d_product_top?ie=UTF8,2020-09-18 15:17:30.395338,2020-09-18 15:17:37.660044,lynnezee,Clothing & Accessories,B002G9UDYG
8,AE242MSBRWHV5UWHSG5FCBGBQOFA,"December 14, 2019",GREAT little saw tooth hangers!,"So easy to apply these hangers, the minute i got the package, i put them on several paintings and they hold very well!",yes,0,5.0,https://www.amazon.ca/Picture-Sawtooth-Hanging-Hangers-Equipped/dp/B073ZW5H61/ref=cm_cr_srp_d_product_top?ie=UTF8,2020-09-18 15:17:46.751323,2020-09-18 15:17:54.031126,lynnezee,Clothing & Accessories,B002G9UDYG
9,AE242MSBRWHV5UWHSG5FCBGBQOFA,"December 14, 2019",Very comfortable 3” topper!!,i bought the 3” topper and find it very good! i hardly know it’s there but it’s providing relief for some pressure point problems. It’s very comfy!,yes,0,5.0,https://www.amazon.ca/Lucid-3-Inch-Memory-Mattress-Topper-Twin/dp/B01H2OCWOI/ref=cm_cr_srp_d_product_top?ie=UTF8,2020-09-18 15:18:04.120260,2020-09-18 15:18:12.393153,lynnezee,Clothing & Accessories,B002G9UDYG
10,AE242MSBRWHV5UWHSG5FCBGBQOFA,"December 5, 2019",These socks are definitely worth buying!,"I am a young 62 and i love these socks!! They are so soft and comfy, i’m wearing them around the clock now!
Try these, you won’t be sorry.
OK, this is an update, i am now wearing the next size up, meaning the largest size of these socks and they are a much better fit.
Unless you have teensy feet, try the bigger size.",yes,0,5.0,https://www.amazon.ca/MD-Colorful-Moisture-Cushioned-4Coffe7-9/dp/B07GBS6M8F/ref=cm_cr_srp_d_product_top?ie=UTF8,2020-09-18 15:18:22.484779,2020-09-18 15:18:31.770359,lynnezee,Clothing & Accessories,B002G9UDYG
11,AE242MSBRWHV5UWHSG5FCBGBQOFA,"December 4, 2019",Great lamp in every respect,"A fabulous lamp, if you’re looking for this type of lamp, buy this.. .it’s very good in every way.",yes,0,5.0,https://www.amazon.ca/Upgraded-AUKEY-Temperature-Settings-Gooseneck/dp/B075NLD1GG/ref=cm_cr_srp_d_product_top?ie=UTF8,2020-09-18 15:18:40.861835,2020-09-18 15:18:48.140359,lynnezee,Clothing & Accessories,B002G9UDYG
12,AE242MSBRWHV5UWHSG5FCBGBQOFA,"November 9, 2019",These brushes are a fantastic buy!!!!!,"These brushes are quite amazing. For this price, it’s almost hard to believe but they are proving to be better than the expensive ones. They keep their shape, they wash easily and well, they have just the right balance between soft and rigid. i really recommend them.",yes,0,5.0,https://www.amazon.ca/Synthetic-Brushes-Acrylic-Watercolor-Painting/dp/B0743GKDYM/ref=cm_cr_srp_d_product_top?ie=UTF8,2020-09-18 15:18:58.235333,2020-09-18 15:19:06.516490,lynnezee,Clothing & Accessories,B002G9UDYG
13,AE242MSBRWHV5UWHSG5FCBGBQOFA,"November 8, 2019",Great Crossbody Bag for an unbeatable price!,"A fabulous crossbody bag!! Compartments are handy, zippers work smoothly.",yes,0,5.0,https://www.amazon.ca/Realer-Crossbody-Purses-Pocket-Lightweight/dp/B07J2CL1BC/ref=cm_cr_srp_d_product_top?ie=UTF8,2020-09-18 15:19:14.608164,2020-09-18 15:19:23.914926,lynnezee,Clothing & Accessories,B002G9UDYG
14,AE242MSBRWHV5UWHSG5FCBGBQOFA,"November 6, 2019",Much Better Dispenser than the expensive ones!!!!!,"I hope i’m allowed to say that this soap dispenser puts the Moen to shame. The Moen stopped working, was way more costly, not nearly what this one is.......extra long spout, so easy and gentle to push and use. i’m really enjoying having this product!",yes,0,5.0,https://www.amazon.ca/GICASA-Commercial-Dispenser-Brushed-Refillable/dp/B07RYSVJ6Z/ref=cm_cr_srp_d_product_top?ie=UTF8,2020-09-18 15:19:34.005614,2020-09-18 15:19:42.289410,lynnezee,Clothing & Accessories,B002G9UDYG
15,AE242MSBRWHV5UWHSG5FCBGBQOFA,"November 6, 2019",Love this facial scrub!!!!,"A little goes a long way, as i read in other reviews. A great product, does wonders and not at all overly harsh.",yes,0,5.0,https://www.amazon.ca/Live-Clean-Smoothing-Facial-Scrub/dp/B00E5VUVEU/ref=cm_cr_srp_d_product_top?ie=UTF8,2020-09-18 15:19:51.384335,2020-09-18 15:19:57.670623,lynnezee,Clothing & Accessories,B002G9UDYG
16,AE242MSBRWHV5UWHSG5FCBGBQOFA,"November 6, 2019",Suction Towel Ring holding strong!!!,"i ended up mounting this on a med cabinet mirror and even though the item came fully assembled, it seems to be holding strong. i had contacted the seller and they were fabulous with their support. Great towel ring!!!",yes,0,5.0,https://www.amazon.ca/JOMOLA-Suction-Washcloth-Bathroom-Stainless/dp/B07HK7JMQT/ref=cm_cr_srp_d_product_top?ie=UTF8,2020-09-18 15:20:06.760279,2020-09-18 15:20:15.025956,lynnezee,Clothing & Accessories,B002G9UDYG
17,AE242MSBRWHV5UWHSG5FCBGBQOFA,"October 30, 2019",No drilling necessary for these very sturdy shelves.,"Fabulous shelves, very sturdy, the adhesion is rock solid. i mounted them to a mirror, looks great.
Also, the sellers are the best, very helpful very quickly.",yes,0,5.0,https://www.amazon.ca/ODesign-Adhesive-Bathroom-Organizer-Stainless/dp/B07FB9B4CG/ref=cm_cr_srp_d_product_top?ie=UTF8,2020-09-18 15:20:25.132300,2020-09-18 15:20:32.405741,lynnezee,Clothing & Accessories,B002G9UDYG
18,AE242MSBRWHV5UWHSG5FCBGBQOFA,"October 29, 2019",GREAT HAIR CUTTING SCISSORS,These are perfect. Excellent for hair cutting (i cut my own). They are very sharp and operate beautifully.,yes,0,5.0,https://www.amazon.ca/Suvorna-Professional-Multicolor-Titanium-Scissors/dp/B00KUJFM7W/ref=cm_cr_srp_d_product_top?ie=UTF8,2020-09-18 15:20:40.497618,2020-09-18 15:20:49.777194,lynnezee,Clothing & Accessories,B002G9UDYG
19,AE242MSBRWHV5UWHSG5FCBGBQOFA,"October 29, 2019",FABULOUS BUY WITH THIS FITTED SHEET!!!,"I am very fussy and i can say with certainty that this sheet (i bought the fitted one) is fabulous. Washes very well, elastics hold the sheet well in place at corners, it’s soft yet feels very durable, very comfortable indeed!",yes,2,5.0,https://www.amazon.ca/California-Design-Den-Thread-Cotton/dp/B0758CQJQF/ref=cm_cr_srp_d_product_top?ie=UTF8,2020-09-18 15:20:57.866524,2020-09-18 15:21:04.150434,lynnezee,Clothing & Accessories,B002G9UDYG
20,AE242MSBRWHV5UWHSG5FCBGBQOFA,"October 29, 2019",Authentic irobot battery......never have a problem with this!,"This irobot battery works great, just as it should. Glad i got the authentic irobot one, i don’t want to cause problems.",yes,0,5.0,https://www.amazon.ca/iRobot-4462425-Roomba-Lithium-Battery/dp/B019XBJHPU/ref=cm_cr_srp_d_product_top?ie=UTF8,2020-09-18 15:21:12.245398,2020-09-18 15:21:21.645203,lynnezee,Clothing & Accessories,B002G9UDYG
21,AE242MSBRWHV5UWHSG5FCBGBQOFA,"October 29, 2019","Buy this bra, you won’t be sorry! (i’m 34-36 D and very fussy)","This wireless bra deserves a boost in the ratings! i am VERY hard to satisfy....and this bra seems to have done it for me!
fits well, supports well (i’m a 34-36 D), nothing poking or scratching the skin, stays put, can wear all day without dying to take it off, adjustable shoulder straps. i’ve already ordered 2 more.",yes,2,5.0,https://www.amazon.ca/Calvin-Klein-Womens-Perfectly-Wire-Free/dp/B01M0DD8FP/ref=cm_cr_srp_d_product_top?ie=UTF8,2020-09-18 15:21:31.756731,2020-09-18 15:21:40.036560,lynnezee,Clothing & Accessories,B002G9UDYG
22,AE242MSBRWHV5UWHSG5FCBGBQOFA,"July 25, 2019","this set of spatulas is perfect, good variety too!","Fine products, sturdy and will last a long time!",yes,0,5.0,https://www.amazon.ca/Silicone-Spatula-Set-Heat-Resistant-Reinforced/dp/B07DH8JFS9/ref=cm_cr_srp_d_product_top?ie=UTF8,2020-09-18 15:21:50.124571,2020-09-18 15:21:56.438656,lynnezee,Clothing & Accessories,B002G9UDYG
23,AE242MSBRWHV5UWHSG5FCBGBQOFA,"July 14, 2019","Great pot, does everything you need and washes up easily!","Love this pot, it boils up quickly because it lays absolutely flat on the stove, it’s a breeze to clean and good for soups, pasta, popcorn, etc!!!!",yes,0,5.0,https://www.amazon.ca/Cooks-Standard-02490-Nonstick-Casserole/dp/B01JOXW182/ref=cm_cr_srp_d_product_top?ie=UTF8,2020-09-18 15:22:06.532671,2020-09-18 15:22:14.822290,lynnezee,Clothing & Accessories,B002G9UDYG
24,AE242MSBRWHV5UWHSG5FCBGBQOFA,"June 7, 2019","Great, very sturdy little stools!","Love these, now my husband can sit down to put on his shoes and our cats have a jumping post to their bed.",yes,0,5.0,https://www.amazon.ca/Homelegance-5302C-18-Saddleback-18-Inch-Barstool/dp/B003UWK4QK/ref=cm_cr_srp_d_product_top?ie=UTF8,2020-09-18 15:22:21.917967,2020-09-18 15:22:31.200636,lynnezee,Clothing & Accessories,B002G9UDYG
25,AE242MSBRWHV5UWHSG5FCBGBQOFA,"June 7, 2019",Very effective for some people.,"My husband likes this, i don’t. It just didn’t work for me.",yes,0,3.0,https://www.amazon.ca/Arm-Hammer-Anti-Perspirant-Deodorant-Invisible/dp/B001E76840/ref=cm_cr_srp_d_product_top?ie=UTF8,2020-09-18 15:22:39.290836,2020-09-18 15:22:48.537144,lynnezee,Clothing & Accessories,B002G9UDYG
26,AE242MSBRWHV5UWHSG5FCBGBQOFA,"June 7, 2019",Great no tools toilet paper hanger,"Amazing little product, no drilling, just stick it up and it’s there to stay!",yes,0,5.0,https://www.amazon.ca/Inchant-Adhesive-Washable-Restickable-Reusable/dp/B076DLQ7QW/ref=cm_cr_srp_d_product_top?ie=UTF8,2020-09-18 15:22:56.623344,2020-09-18 15:23:04.920797,lynnezee,Clothing & Accessories,B002G9UDYG
27,AE242MSBRWHV5UWHSG5FCBGBQOFA,"June 7, 2019",Much better than lining paper!,"Did all my kitchen cupboards with this and even my husband ordered it for his stuff! Easy to cut, works great under dishes, etc",yes,0,5.0,https://www.amazon.ca/Duck-1248511-Non-Adhesive-12-Inch-Sandstone/dp/B00C2LMO8G/ref=cm_cr_srp_d_product_top?ie=UTF8,2020-09-18 15:23:15.008635,2020-09-18 15:23:23.288774,lynnezee,Clothing & Accessories,B002G9UDYG
28,AE242MSBRWHV5UWHSG5FCBGBQOFA,"June 7, 2019",Good nasal rinse,Easy to use and effective for nasal rinse.,yes,0,5.0,https://www.amazon.ca/Nasaline-Salt-12-Ounce-Pouch/dp/B0001C0FUW/ref=cm_cr_srp_d_product_top?ie=UTF8,2020-09-18 15:23:31.381740,2020-09-18 15:23:39.707459,lynnezee,Clothing & Accessories,B002G9UDYG
29,AE242MSBRWHV5UWHSG5FCBGBQOFA,"June 7, 2019",Great dummy door knob,"Was fastened to the door in seconds, works well, looks fine!",yes,0,5.0,https://www.amazon.ca/Kwikset-Polo-Half-Dummy-Satin-Nickel/dp/B000BD8JMW/ref=cm_cr_srp_d_product_top?ie=UTF8,2020-09-18 15:23:49.799453,2020-09-18 15:23:57.089025,lynnezee,Clothing & Accessories,B002G9UDYG
30,AE242MSBRWHV5UWHSG5FCBGBQOFA,"June 7, 2019",works well.,Does what we need with 5 cats!,yes,One,5.0,https://www.amazon.ca/Evercare-Pet-Hair-Pic-Up-Roller/dp/B00028ZM80/ref=cm_cr_srp_d_product_top?ie=UTF8,2020-09-18 15:24:04.174108,2020-09-18 15:24:12.429513,lynnezee,Clothing & Accessories,B002G9UDYG
31,AE242MSBRWHV5UWHSG5FCBGBQOFA,"June 7, 2019","Not at all worth it, was sent back",It was not worth the money and came without a proper way to hang (even though it says it does).,yes,0,1.0,https://www.amazon.ca/Decorative-Wooden-Hanging-Painted-Plaque/dp/B07H3QZP96/ref=cm_cr_srp_d_product_top?ie=UTF8,2020-09-18 15:24:22.520764,2020-09-18 15:24:31.840531,lynnezee,Clothing & Accessories,B002G9UDYG
32,AE242MSBRWHV5UWHSG5FCBGBQOFA,"June 7, 2019",Sweet paper for animal lovers!,Is very sweet paper for people who have a lot of real paws around! Kitty cats!!!!,yes,0,5.0,https://www.amazon.ca/Teacher-Created-Resources-Colorful-Computer/dp/B003EWLJ06/ref=cm_cr_srp_d_product_top?ie=UTF8,2020-09-18 15:24:40.931024,2020-09-18 15:24:50.172501,lynnezee,Clothing & Accessories,B002G9UDYG
33,AE242MSBRWHV5UWHSG5FCBGBQOFA,"June 7, 2019",Works Exactly as Promised.....just be patient!,This is the equivalent to another name brand but this one is much better value!,yes,0,5.0,https://www.amazon.ca/Basic-Care-Polyethylene-Glycol-Powder/dp/B07H1QBTJK/ref=cm_cr_srp_d_product_top?ie=UTF8,2020-09-18 15:25:00.266925,2020-09-18 15:25:08.595386,lynnezee,Clothing & Accessories,B002G9UDYG
34,AE242MSBRWHV5UWHSG5FCBGBQOFA,"February 1, 2019",Very nice little stands!!,These little stands worked out perfectly!,yes,2,5.0,https://www.amazon.ca/Hotoco-Decorative-Holder-Picture-Display/dp/B07HL7LF1J/ref=cm_cr_srp_d_product_top?ie=UTF8,2020-09-18 15:25:18.688282,2020-09-18 15:25:24.990125,lynnezee,Clothing & Accessories,B002G9UDYG
35,AE242MSBRWHV5UWHSG5FCBGBQOFA,"February 1, 2019",The Best Pot out there!!!!!,"This Gothic pot is the only one to buy. Wonderful and so easy to clean, you never worry about anything with this one!!",yes,0,5.0,https://www.amazon.ca/Gotham-Steel-Patented-Strainer-Ti-Cerama/dp/B071L32Q8W/ref=cm_cr_srp_d_product_top?ie=UTF8,2020-09-18 15:25:33.083279,2020-09-18 15:25:41.446851,lynnezee,Clothing & Accessories,B002G9UDYG
36,AE242MSBRWHV5UWHSG5FCBGBQOFA,"February 1, 2019",There are better pots out there.....,This thing burnt badly on the bottom inside and it needed to be thrown out.,yes,0,2.0,https://www.amazon.ca/Cooks-Standard-NC-00350-Stainless-Stockpot/dp/B00GMH42IQ/ref=cm_cr_srp_d_product_top?ie=UTF8,2020-09-18 15:25:48.540980,2020-09-18 15:25:54.825095,lynnezee,Clothing & Accessories,B002G9UDYG
37,AE242MSBRWHV5UWHSG5FCBGBQOFA,"January 5, 2019",Braun hand mixer not very good...,"I bought this way back in 2016 but have just used for first time and i am not impressed. Not that powerful, doesn’t do the job the way the old one did!",yes,0,2.0,https://www.amazon.ca/Braun-MQ505-Multiquick-Blender-Black/dp/B01EA5ZI2U/ref=cm_cr_srp_d_product_top?ie=UTF8,2020-09-18 15:26:04.918539,2020-09-18 15:26:14.183560,lynnezee,Clothing & Accessories,B002G9UDYG
38,AE242MSBRWHV5UWHSG5FCBGBQOFA,"January 4, 2019",Gorgeous upholstery but missing some wood “plugs”,"We may want to keep this chair but there were only 2 little “plugs” with the order, that are for filling the gaps after screwing the pieces together. i’m hoping the manufacturer sees this and can respond so that i can get the right number of these plugs. Otherwise, the chair will probably get returned. It’s quite lovely, esp the upholstery.",yes,0,4.0,https://www.amazon.ca/Design-Toscano-HA6777-Chateau-Armchair/dp/B01J23QQNU/ref=cm_cr_srp_d_product_top?ie=UTF8,2020-09-18 15:26:21.274469,2020-09-18 15:26:27.551911,lynnezee,Clothing & Accessories,B002G9UDYG
39,AE242MSBRWHV5UWHSG5FCBGBQOFA,"November 22, 2018",Best photo album out there!!!!!!,"i swear i have no idea of where these expanding pins are, to add pages to this album. That is why the 3 stars. Well, i finally found them and changed to 5 stars! This album is absolutely fabulous, tons of space, heavier plastic, good adhesion. i gave back the previous one, not that much cheaper but not nearly like this one!!",yes,2,5.0,https://www.amazon.ca/Pioneer-Albums-JMV-207HUNTERGREEN-Magnetic-X-Pando/dp/B00004ZC8O/ref=cm_cr_srp_d_product_top?ie=UTF8,2020-09-18 15:26:35.643382,2020-09-18 15:26:45.009345,lynnezee,Clothing & Accessories,B002G9UDYG
40,AE242MSBRWHV5UWHSG5FCBGBQOFA,"October 12, 2018",Lab Coat comes very big.....order size or two down.,Order this a size or two down. They are massive! But very good quality.,yes,0,4.0,https://www.amazon.ca/Mobb-Full-Length-Unisex-Coat/dp/B01N6K80VJ/ref=cm_cr_srp_d_product_top?ie=UTF8,2020-09-18 15:26:55.102499,2020-09-18 15:27:04.383364,lynnezee,Clothing & Accessories,B002G9UDYG
41,AE242MSBRWHV5UWHSG5FCBGBQOFA,"October 12, 2018",These no-heat bulbs are great!!!!!,Wonderful daylight glow!! No heat!!!!!,yes,0,5.0,https://www.amazon.ca/Sylvania-Equivalent-Light-Daylight-5000K/dp/B019KKFG2M/ref=cm_cr_srp_d_product_top?ie=UTF8,2020-09-18 15:27:14.475289,2020-09-18 15:27:23.765277,lynnezee,Clothing & Accessories,B002G9UDYG
42,AE242MSBRWHV5UWHSG5FCBGBQOFA,"October 12, 2018","Go get a reputable brand, these wear out and cause issues.","Wore out too fast and eventually left a tiny piece of metal right inside ipad slot!!!! GO RIGHT TO APPLE, PAY MORE AND SEE THE DIFFERENCE IN QUALITY AND USAGE.",yes,2,1.0,https://www.amazon.ca/Anker-PowerLine-Lightning-Probably-Certified/dp/B01N75EALQ/ref=cm_cr_srp_d_product_top?ie=UTF8,2020-09-18 15:27:30.849530,2020-09-18 15:27:39.115981,lynnezee,Clothing & Accessories,B002G9UDYG
43,AE242MSBRWHV5UWHSG5FCBGBQOFA,"October 12, 2018",Great product!!! The BEST scratching post......nice and big and tall!!!,So glad they carry this !!!! It is that much taller so that bigger cats love it. Lasts a long time!!,yes,0,5.0,https://www.amazon.ca/Pioneer-Pets-Smart-Ultimate-Scratching/dp/B000634MH8/ref=cm_cr_srp_d_product_top?ie=UTF8,2020-09-18 15:27:49.208253,2020-09-18 15:27:57.496325,lynnezee,Clothing & Accessories,B002G9UDYG
44,AE242MSBRWHV5UWHSG5FCBGBQOFA,"October 12, 2018","GREAT GORILLA EPOXY, very strong and fast results.","The only glue i will buy now. Dries fast, easy to use, great results with everything i have glued!",yes,0,5.0,https://www.amazon.ca/Gorilla-4200602-Epoxy/dp/B00K2N4WO0/ref=cm_cr_srp_d_product_top?ie=UTF8,2020-09-18 15:28:06.590094,2020-09-18 15:28:12.911997,lynnezee,Clothing & Accessories,B002G9UDYG
45,AE242MSBRWHV5UWHSG5FCBGBQOFA,"October 12, 2018",GREAT little invention! Easy to use and Cats Love It!!!!,"My hubby LOVES using these on our cats. THEY love it too....and it removes a lot of hair, otherwise reserved for the floor, etc.",no,0,5.0,https://www.amazon.ca/Allstar-Innovations-Deshedding-Premium-Authentic/dp/B01D1ZULK4/ref=cm_cr_srp_d_product_top?ie=UTF8,2020-09-18 15:28:21.004877,2020-09-18 15:28:27.284243,lynnezee,Clothing & Accessories,B002G9UDYG
46,AE242MSBRWHV5UWHSG5FCBGBQOFA,"October 12, 2018",AMAZING RESULTS with this Steam Mop!!!!,Wonderful easy to use steam mop! Makes my floors amazing...and i can do it myself!,yes,0,5.0,https://www.amazon.ca/Shark-Genius-Pocket-System-S5003D/dp/B01KU4BSGK/ref=cm_cr_srp_d_product_top?ie=UTF8,2020-09-18 15:28:35.377690,2020-09-18 15:28:42.630689,lynnezee,Clothing & Accessories,B002G9UDYG
47,AE242MSBRWHV5UWHSG5FCBGBQOFA,"October 12, 2018",WONDERFUL QUALITY AND COZY COZY!!!,"My second of these. Perfect colour, wonderful cozy cotton cable knit. i keep it out for chilly nights!",yes,0,5.0,https://www.amazon.ca/Arus-Turkish-Cotton-Cable-Blanket/dp/B017XILDQQ/ref=cm_cr_srp_d_product_top?ie=UTF8,2020-09-18 15:28:50.720648,2020-09-18 15:29:00.039679,lynnezee,Clothing & Accessories,B002G9UDYG
48,AE242MSBRWHV5UWHSG5FCBGBQOFA,"October 12, 2018","USELESS, THIS FURNITURE STUFF STAYS WET PERMANENTLY",THIS DOES NOT DRY...EVER. Useless due to that and not the best coverage. But the fact that it stays wet is ridiculous.,yes,0,1.0,https://www.amazon.ca/Trade-Secret-Furniture-Restoration-System/dp/B0046O31G6/ref=cm_cr_srp_d_product_top?ie=UTF8,2020-09-18 15:29:07.131251,2020-09-18 15:29:15.462993,lynnezee,Clothing & Accessories,B002G9UDYG
49,AE242MSBRWHV5UWHSG5FCBGBQOFA,"October 12, 2018",Love these Almaty,"Exactly as desired, work well to the point of being able to wear as makeup!",no,0,5.0,https://www.amazon.ca/Almay-Complexion-Concealer-0-18-Ounce-Packages/dp/B001ET71IA/ref=cm_cr_srp_d_product_top?ie=UTF8,2020-09-18 15:29:24.551137,2020-09-18 15:29:33.793256,lynnezee,Clothing & Accessories,B002G9UDYG
50,AE242MSBRWHV5UWHSG5FCBGBQOFA,"October 12, 2018",USELESS MARKERS,"These markers are useless. Once you apply them, they never dry, nor do they really cover much at all.",yes,0,1.0,https://www.amazon.ca/Good-Living-Furniture-Touch-Up-Markers/dp/B01L0M27ZC/ref=cm_cr_srp_d_product_top?ie=UTF8,2020-09-18 15:29:43.882398,2020-09-18 15:29:53.165777,lynnezee,Clothing & Accessories,B002G9UDYG
51,AE242MSBRWHV5UWHSG5FCBGBQOFA,"October 12, 2018",DEFECTIVE PANASONIC PHONES......READ MY REVIEW...THEY ARE GARBAGE!!!!!!!!,PROBLEMATIC right from the beginning. Horrible loud clicking sound when speaking. Then they began DISCONNECTING in the middle of calls!!!!!! The SELLER WAS NOT COOPERATIVE in paying for shipping back to them and would not issue a refund unless sending them back!!!! YOU’VE BEEN WARNED!!!!!!,yes,12,1.0,https://www.amazon.ca/Panasonic-KXTGF352M-Dect_6-0-3-Handset-Telephone/dp/B072HNN9LH/ref=cm_cr_srp_d_product_top?ie=UTF8,2020-09-18 15:30:03.258331,2020-09-18 15:30:09.534841,lynnezee,Clothing & Accessories,B002G9UDYG
52,AE242MSBRWHV5UWHSG5FCBGBQOFA,"October 12, 2018","GREAT LITTLE LAMP, GREAT PRICE TOO!",Love this little lamp!! i got the led 60 watt and the daylight it produces is quite lovely. i have it for my laundry room shelf since the ceiling light is a pain to deal with.,yes,0,5.0,https://www.amazon.ca/HAITRAL-Bedside-Desk-Lamp-Minimalist/dp/B076KLFYNZ/ref=cm_cr_srp_d_product_top?ie=UTF8,2020-09-18 15:30:19.626850,2020-09-18 15:30:25.931407,lynnezee,Clothing & Accessories,B002G9UDYG
53,AE242MSBRWHV5UWHSG5FCBGBQOFA,"January 13, 2018",Sateen Polar Fleece Blanket,Beautiful blanket.,yes,0,5.0,https://www.amazon.ca/Sateen-Polar-Fleece-Blanket-Queen/dp/B06WGMHTS7/ref=cm_cr_srp_d_product_top?ie=UTF8,2020-09-18 15:30:33.021796,2020-09-18 15:30:40.296105,lynnezee,Clothing & Accessories,B002G9UDYG
54,AE242MSBRWHV5UWHSG5FCBGBQOFA,"January 13, 2018",Saga throw blanket,"I bought this as a special treat for my cats.....they love it!!!! It is so soft and plush, really lovely.",yes,2,5.0,https://www.amazon.ca/dp/B075JQ89YG/ref=cm_cr_srp_d_product_top?ie=UTF8,2020-09-18 15:30:48.392473,2020-09-18 15:30:55.722935,lynnezee,Clothing & Accessories,B002G9UDYG
55,AE242MSBRWHV5UWHSG5FCBGBQOFA,"January 13, 2018",Aglaia Desk Lamp,"This clip on lamp is FABULOUS. Very strong clip, very well made product, works perfectly. Exactly what i wanted for reading late at night.",yes,0,5.0,https://www.amazon.ca/Aglaia-Reading-Dimming-Control-Flexible/dp/B01M9B1K96/ref=cm_cr_srp_d_product_top?ie=UTF8,2020-09-18 15:31:05.817841,2020-09-18 15:31:15.108374,lynnezee,Clothing & Accessories,B002G9UDYG
56,AE242MSBRWHV5UWHSG5FCBGBQOFA,"December 16, 2017",3 Tier Shoe Rack,"i had one from online that was trash next to this one. Don’t hesitate to buy this! Once it’s put together, it stays that way. I use it for our front coat closet, exactly the right size.",yes,0,5.0,https://www.amazon.ca/Seville-Classics-3-Tier-Utility-Pewter/dp/B002QB1DE8/ref=cm_cr_srp_d_product_top?ie=UTF8,2020-09-18 15:31:25.197548,2020-09-18 15:31:34.475702,lynnezee,Clothing & Accessories,B002G9UDYG
57,AE242MSBRWHV5UWHSG5FCBGBQOFA,"December 16, 2017",6 outlet adapter,Fabulous. But then i wanted another and the price was way up.,yes,0,5.0,https://www.amazon.ca/GE-6-Outlet-Grounded-White-54947/dp/B00006IBFA/ref=cm_cr_srp_d_product_top?ie=UTF8,2020-09-18 15:31:44.567141,2020-09-18 15:31:51.837983,lynnezee,Clothing & Accessories,B002G9UDYG
58,AE242MSBRWHV5UWHSG5FCBGBQOFA,"December 16, 2017",Large telephone address book,Perfect. Just like the one i am replacing.,yes,0,5.0,https://www.amazon.ca/GLANCE-Designer-Telephone-Address-80403/dp/B0038MUIRM/ref=cm_cr_srp_d_product_top?ie=UTF8,2020-09-18 15:31:58.929015,2020-09-18 15:32:07.258262,lynnezee,Clothing & Accessories,B002G9UDYG
59,AE242MSBRWHV5UWHSG5FCBGBQOFA,"December 16, 2017",Rose Water Toner,Really enjoy using this. Beautiful scent and seems quite effective!,yes,0,5.0,https://www.amazon.ca/Rose-Leven-Moroccan-Rosewater-Hydrosol/dp/B016LC861A/ref=cm_cr_srp_d_product_top?ie=UTF8,2020-09-18 15:32:17.347571,2020-09-18 15:32:26.625572,lynnezee,Clothing & Accessories,B002G9UDYG
60,AE242MSBRWHV5UWHSG5FCBGBQOFA,"December 16, 2017",CD Sleeves,Perfect for my husband cd needs and FABULOUS price! fast shipping!,yes,0,5.0,https://www.amazon.ca/Verbatim-Paper-Sleeves-Clear-Window/dp/B001GKM1RI/ref=cm_cr_srp_d_product_top?ie=UTF8,2020-09-18 15:32:35.718950,2020-09-18 15:32:41.999755,lynnezee,Clothing & Accessories,B002G9UDYG
61,AE242MSBRWHV5UWHSG5FCBGBQOFA,"December 16, 2017",Vornado 660,"I already have 2 of these, this is the third for yet another room. They are fabulous. They have helped enormously when the condo gets a bit too warm.",yes,One,5.0,https://www.amazon.ca/Vornado-Large-Whole-Circulator-Black/dp/B0025QKUE8/ref=cm_cr_srp_d_product_top?ie=UTF8,2020-09-18 15:32:49.082005,2020-09-18 15:32:55.376619,lynnezee,Clothing & Accessories,B002G9UDYG
62,AE242MSBRWHV5UWHSG5FCBGBQOFA,"December 16, 2017",Faux leather Cross Body,Didn’t like this bag very much. The finish looks much better in the picture than in person.,yes,One,2.0,https://www.amazon.ca/Darlings-Womens-Modern-Classic-Crossbody/dp/B01M5GX8JZ/ref=cm_cr_srp_d_product_top?ie=UTF8,2020-09-18 15:33:05.465849,2020-09-18 15:33:13.733248,lynnezee,Clothing & Accessories,B002G9UDYG
63,AE242MSBRWHV5UWHSG5FCBGBQOFA,"December 16, 2017",Transparent Beach Bag with “purse”,"I haven’t had the chance to use this but it looks really good for the beach!! Perfect size, too.",yes,0,5.0,https://www.amazon.ca/Zicac-Transparent-Semi-clear-Waterproof-Shoulder/dp/B01CEB252I/ref=cm_cr_srp_d_product_top?ie=UTF8,2020-09-18 15:33:22.839274,2020-09-18 15:33:31.123218,lynnezee,Clothing & Accessories,B002G9UDYG
64,AE242MSBRWHV5UWHSG5FCBGBQOFA,"December 16, 2017",Marcelle Cleansing Gel,Love this face wash. My fave!! Gentle and very effective for cleaning makeup. (from a young 60 year old!!!),no,0,5.0,https://www.amazon.ca/Marcelle-Ultra-Gentle-Cleansing-Hypoallergenic-Fragrance-Free/dp/B01N26SKRC/ref=cm_cr_srp_d_product_top?ie=UTF8,2020-09-18 15:33:39.221150,2020-09-18 15:33:46.503063,lynnezee,Clothing & Accessories,B002G9UDYG
65,AE242MSBRWHV5UWHSG5FCBGBQOFA,"December 16, 2017",Tremendous Help!,"Great help for my couches, seeing as we have cats. It’s way more comfortable to use on furniture than the straight style for clothing.",yes,0,5.0,https://www.amazon.ca/Butler-Home-Products-617125-Roller/dp/B00MR9QOZ2/ref=cm_cr_srp_d_product_top?ie=UTF8,2020-09-18 15:33:53.598268,2020-09-18 15:33:59.905381,lynnezee,Clothing & Accessories,B002G9UDYG
66,AE242MSBRWHV5UWHSG5FCBGBQOFA,"December 16, 2017",Wireless No-Battery Door Bell,I live in a condo and this door bell is fabulous!! And what a treat to not have to change batteries!!,yes,0,5.0,https://www.amazon.ca/Wireless-Doorbell-Nekteck-Battery-Free-Transmitter/dp/B01HPDBH9W/ref=cm_cr_srp_d_product_top?ie=UTF8,2020-09-18 15:34:07.001408,2020-09-18 15:34:15.287714,lynnezee,Clothing & Accessories,B002G9UDYG
67,AE242MSBRWHV5UWHSG5FCBGBQOFA,"November 2, 2017",THIS BAG SET IS EXCELLENT QUALITY AND STYLE!,"i haven't actually used this yet but i am amazed at the quality of this bag set!! It's very stylish without being overdone. It seems sturdy with a smooth zipper and can hold all necessities, plus! The smaller purse with it is a great bonus! i had a nice thin strap to attach to it. Both of these bags will be immensely useful.",yes,0,5.0,https://www.amazon.ca/dp/B01MTKSPBQ/ref=cm_cr_srp_d_product_top?ie=UTF8,2020-09-18 15:34:22.382032,2020-09-18 15:34:28.663689,lynnezee,Clothing & Accessories,B002G9UDYG
68,AE242MSBRWHV5UWHSG5FCBGBQOFA,"October 18, 2017",Latex Finger Cots,"Fabulous!! These little finger covers are EXACTLY what i needed, protecting nails while oil painting. They work perfectly.",yes,0,5.0,https://www.amazon.ca/dp/B0190V1AYY/ref=cm_cr_srp_d_product_top?ie=UTF8,2020-09-18 15:34:35.757267,2020-09-18 15:34:43.042043,lynnezee,Clothing & Accessories,B002G9UDYG
69,AE242MSBRWHV5UWHSG5FCBGBQOFA,"August 26, 2017",Multi Bin,i simply glued the 3 parts together and i'm sure this item will be very handy while oil painting.,yes,0,5.0,https://www.amazon.ca/Loew-Cornell-390-Multi-Bin/dp/B003W06JL4/ref=cm_cr_srp_d_product_top?ie=UTF8,2020-09-18 15:34:51.134015,2020-09-18 15:34:57.416218,lynnezee,Clothing & Accessories,B002G9UDYG
70,AE242MSBRWHV5UWHSG5FCBGBQOFA,"August 26, 2017",Evercare Giant Pet Hair Roller,We have 5 cats and these work very well to keep my husband and i hair free!,yes,0,5.0,https://www.amazon.ca/Evercare-Giant-Roller-Layer-6-Pack/dp/B00K70P4IQ/ref=cm_cr_srp_d_product_top?ie=UTF8,2020-09-18 15:35:05.511920,2020-09-18 15:35:11.797613,lynnezee,Clothing & Accessories,B002G9UDYG
71,AE242MSBRWHV5UWHSG5FCBGBQOFA,"August 26, 2017",Mudder 6 Pack.......,These work well for detailing..,yes,2,5.0,https://www.amazon.ca/Mudder-Paint-Brush-Detailing-Painting/dp/B01ASKPJSE/ref=cm_cr_srp_d_product_top?ie=UTF8,2020-09-18 15:35:19.893910,2020-09-18 15:35:27.160715,lynnezee,Clothing & Accessories,B002G9UDYG
72,AE242MSBRWHV5UWHSG5FCBGBQOFA,"August 26, 2017",Beautiful Sterling Silver Sleeper Hoops,These sterling silver sleeper hoops look gorgeous. I'm very happy with the product and the company is wonderful to deal with.,yes,0,5.0,https://www.amazon.ca/Amberta%C2%AE-Sterling-Silver-Circle-Endless/dp/B00D0TO3G0/ref=cm_cr_srp_d_product_top?ie=UTF8,2020-09-18 15:35:34.254316,2020-09-18 15:35:40.576305,lynnezee,Clothing & Accessories,B002G9UDYG
73,AE242MSBRWHV5UWHSG5FCBGBQOFA,"July 5, 2017",GREAT SCREEN PRODUCT!!,This screen is a wonderful product....i only wish it was a few inches longer! But it works as promised and is still very effective. But i may have to purchase another one to somehow help with the gap at the bottom.,yes,3,5.0,https://www.amazon.ca/ALTMAN-Magnetic-Curtain-Bottom-Mosquitos/dp/B06ZXYVK47/ref=cm_cr_srp_d_product_top?ie=UTF8,2020-09-18 15:35:50.669793,2020-09-18 15:35:58.943456,lynnezee,Clothing & Accessories,B002G9UDYG
74,AE242MSBRWHV5UWHSG5FCBGBQOFA,"March 14, 2017",Brita 5 pack,these are NOT the same filters!!!!! they move the water thru VERY slowly and the water tastes different.,yes,0,1.0,https://www.amazon.ca/Brita-Pitcher-Replacement-Filters-5-Pack/dp/B0006GQ8RW/ref=cm_cr_srp_d_product_top?ie=UTF8,2020-09-18 15:36:09.038404,2020-09-18 15:36:18.314759,lynnezee,Clothing & Accessories,B002G9UDYG
75,AE242MSBRWHV5UWHSG5FCBGBQOFA,"January 23, 2017",i am now glad that i dropped the previous one i had of ...,"i am now glad that i dropped the previous one i had of these because THIS one is superior!! The top fastens nicely, nice and slim as well for the fridge.",yes,0,5.0,https://www.amazon.ca/Brita-Water-Filter-Pitcher-Replacement/dp/B0000AP7NV/ref=cm_cr_srp_d_product_top?ie=UTF8,2020-09-18 15:36:26.407966,2020-09-18 15:36:32.679677,lynnezee,Clothing & Accessories,B002G9UDYG
76,AE242MSBRWHV5UWHSG5FCBGBQOFA,"January 23, 2017",LOVELY ARTIFICIAL SNAKE PLANT (looks real!),"Couldn't be better!!! It works perfectly, just like i wanted!!",yes,3,5.0,https://www.amazon.ca/Nearly-Natural-4855-Sansevieria-Planter/dp/B00FUNM8MU/ref=cm_cr_srp_d_product_top?ie=UTF8,2020-09-18 15:36:42.777829,2020-09-18 15:36:50.059748,lynnezee,Clothing & Accessories,B002G9UDYG
77,AE242MSBRWHV5UWHSG5FCBGBQOFA,"December 25, 2016",Top/Tunic is PERFECT!!!!!!!!!!!!!!,"I was a bit reluctant due to the $20 price and ordered just one. But wow, was i ever surprised: this is a fabulous top/tunic !!!!! i liked it so much that i immediately ordered 6 more !!!! It is extremely comfortable, light, 100% cotton, and can be worn from very casual (around the house) to formal (some nice jewelry or a pretty scarf). The tunic is true to size (i am normally medium and ordered medium). It is flatteringly loose and nicely hides anything you want to hide.. ! 10/10 for this great product at this wonderful price point.",yes,12,5.0,https://www.amazon.ca/Urban-CoCo-Womens-T-shirt-Black-1/dp/B01D5WFB1W/ref=cm_cr_srp_d_product_top?ie=UTF8,2020-09-18 15:36:58.155862,2020-09-18 15:37:04.460364,lynnezee,Clothing & Accessories,B002G9UDYG
78,AE242MSBRWHV5UWHSG5FCBGBQOFA,"October 22, 2016","Desk Lamp LED with low, medium and high light","This is a cute little lamp but carries plenty of light for the reading i do in bed. It is very flexible so you can turn it any way you require.
i ended up putting a little sticker on the switch, just to make it more obvious.",yes,0,5.0,https://www.amazon.ca/dp/B01GO638CA/ref=cm_cr_srp_d_product_top?ie=UTF8,2020-09-18 15:37:13.552990,2020-09-18 15:37:20.815530,lynnezee,Clothing & Accessories,B002G9UDYG
79,AE242MSBRWHV5UWHSG5FCBGBQOFA,"July 30, 2016","FINALLY, I FEEL FREED !!!!!!!!!!!!!!!!!!!","I've had the 980 for only a few days and at first, because I was not familiar with the product and how it ""behaves"", I became skeptical.
HOWEVER, I can safely tell you now that THIS HAS BEEN ONE OF MY FINEST PURCHASES!!!!!!!!!!!! It's given me a new lease on life. I suffer from depression, get fatigued easily and HATE HATE HATE VACUUMING....and so does my back!! AND, WE HAVE 6 CATS!!!!!!!!!!!!!!!
I don't even THINK about vacuuming any more. Finally, I feel FREED. If you are considering this item, don't hesitate for one second. (PS Weve named her Freedah !!)",yes,5,5.0,https://www.amazon.ca/iRobot-Roomba-Vacuum-Cleaning-Robot/dp/B013E9L4ZS/ref=cm_cr_srp_d_product_top?ie=UTF8,2020-09-18 15:37:30.907589,2020-09-18 15:37:39.173626,lynnezee,Clothing & Accessories,B002G9UDYG
80,AE242MSBRWHV5UWHSG5FCBGBQOFA,"June 20, 2016",Good product,"If you need one, buy mine cause I am no longer travelling!!! 647-342-4238 Toronto Canada ....used once, reduced price.",yes,0,5.0,https://www.amazon.ca/Winsome-Wood-Reese-Luggage-Shelf/dp/B008DZ6JPO/ref=cm_cr_srp_d_product_top?ie=UTF8,2020-09-18 15:37:46.267045,2020-09-18 15:37:53.552638,lynnezee,Clothing & Accessories,B002G9UDYG
81,AE242MSBRWHV5UWHSG5FCBGBQOFA,"June 20, 2016",Rubbermaid Modular Cereal..........,Great for our dry cat food .......from bags to these handy containers!!!!!!,yes,0,5.0,https://www.amazon.ca/Rubbermaid-1856060-Modular-Cereal-Keeper/dp/B00BEUDXTK/ref=cm_cr_srp_d_product_top?ie=UTF8,2020-09-18 15:38:01.644753,2020-09-18 15:38:07.920806,lynnezee,Clothing & Accessories,B002G9UDYG
82,AE242MSBRWHV5UWHSG5FCBGBQOFA,"June 20, 2016",All In One Universal WW Travel converter,"This little unit worked fabulously in Spain, Italy and even on the Mediterranean cruise!!!! Unbelievable deal. You won't regret it if you're needing to convert North American to European electricity.",yes,0,5.0,https://www.amazon.ca/Universal-Charger-Worldwide-Adapter-Samsung/dp/B000YN01X4/ref=cm_cr_srp_d_product_top?ie=UTF8,2020-09-18 15:38:18.017432,2020-09-18 15:38:27.279895,lynnezee,Clothing & Accessories,B002G9UDYG
83,AE242MSBRWHV5UWHSG5FCBGBQOFA,"June 20, 2016",Swifter Dusters,Good deal on this and they are so effective!!! No more just pushing the dust around....they really work!!!,yes,0,5.0,https://www.amazon.ca/Swiffer-Dusters-Multi-Surface-Refills/dp/B00BFC5UCU/ref=cm_cr_srp_d_product_top?ie=UTF8,2020-09-18 15:38:35.372763,2020-09-18 15:38:44.686281,lynnezee,Clothing & Accessories,B002G9UDYG
84,AE242MSBRWHV5UWHSG5FCBGBQOFA,"June 20, 2016",Boss wave music system lV,"Love this unit!!!!! Really wonderful sound, very compact unit, so easy to operate!!!!!!! Very happy I bought it.",yes,One,5.0,https://www.amazon.ca/Bose-Wave-Music-System-IV/dp/B013FMVNAK/ref=cm_cr_srp_d_product_top?ie=UTF8,2020-09-18 15:38:53.782830,2020-09-18 15:39:03.024175,lynnezee,Clothing & Accessories,B002G9UDYG
85,AE242MSBRWHV5UWHSG5FCBGBQOFA,"June 20, 2016",Without Conscience,Very insightful and really sets you very straight on what exactly a psychopath is.,yes,0,5.0,https://www.amazon.ca/Without-Conscience-Disturbing-World-Psychopaths/dp/1572304510/ref=cm_cr_srp_d_product_top?ie=UTF8,2020-09-18 15:39:10.131020,2020-09-18 15:39:19.397666,lynnezee,Clothing & Accessories,B002G9UDYG
86,AE242MSBRWHV5UWHSG5FCBGBQOFA,"June 20, 2016",Take Mine........PLEASE,Maybe this is ok for overnight but that's about it. There is very little space. However if you want mine (used once) I will give you a greatly reduced price. call 647-342-4238 Toronto Canada,yes,4,3.0,https://www.amazon.ca/Samsonite-55476-1717-Wheeled-Underseater-Purple/dp/B00F9KE7AA/ref=cm_cr_srp_d_product_top?ie=UTF8,2020-09-18 15:39:26.489147,2020-09-18 15:39:33.790367,lynnezee,Clothing & Accessories,B002G9UDYG
87,AE242MSBRWHV5UWHSG5FCBGBQOFA,"April 10, 2016",Non Slip Shower Bath remedy,Very easy to apply after cleaning the tub thoroughly. Works like a charm. My husband feels very safe with his showers now. Great product.,yes,One,5.0,https://www.amazon.ca/Bathroom-Safety-Slip-Shower-Treatment/dp/B000BASTC0/ref=cm_cr_srp_d_product_top?ie=UTF8,2020-09-18 15:39:42.883089,2020-09-18 15:39:49.164392,lynnezee,Clothing & Accessories,B002G9UDYG
88,AE242MSBRWHV5UWHSG5FCBGBQOFA,"April 10, 2016",Moen Suction Balance Bar,I was reluctant to purchase this but glad I did!!! It adheres very strongly. I will have no fear gripping onto this thing!!!!,yes,0,5.0,https://www.amazon.ca/Moen-LR2308W-12-Inch-Suction-Balance/dp/B0044VONOK/ref=cm_cr_srp_d_product_top?ie=UTF8,2020-09-18 15:39:56.259169,2020-09-18 15:40:05.507481,lynnezee,Clothing & Accessories,B002G9UDYG
89,AE242MSBRWHV5UWHSG5FCBGBQOFA,"April 10, 2016",Nikwax Sandal Wash,Great stuff!!!!!! Use it for our Birkenstocks and I love it. I apply it and scrub with a toothbrush. Works great. Just rinse it off of the shoe thoroughly.,yes,0,5.0,https://www.amazon.ca/Nikwax-711-Sandal-Wash/dp/B001GUK3CS/ref=cm_cr_srp_d_product_top?ie=UTF8,2020-09-18 15:40:12.600114,2020-09-18 15:40:20.858370,lynnezee,Clothing & Accessories,B002G9UDYG
90,AE242MSBRWHV5UWHSG5FCBGBQOFA,"April 10, 2016",Babylisspro Travel Dryer,This little dryer packs a real punch. Very powerful. I'm taking it to Europe and will probably have it on the lower setting to prevent any possible damage to it. I will review it again after the trip!!!!!,yes,One,5.0,https://www.amazon.ca/Babylisspro-Tourmaline-Titanium-Travel-Dryer/dp/B003QKL5YQ/ref=cm_cr_srp_d_product_top?ie=UTF8,2020-09-18 15:40:27.951988,2020-09-18 15:40:34.258903,lynnezee,Clothing & Accessories,B002G9UDYG
91,AE242MSBRWHV5UWHSG5FCBGBQOFA,"April 10, 2016",Lectrofan,"I am extremely sensitive to sounds and already have been sleeping with a fan on for many years. But this thing is like a super turbo fan!!!!!!
Very strong, loud ...and will drown out almost anything. Just what I needed for traveling!!!!!! One happy camper here!!!!!",yes,One,5.0,https://www.amazon.ca/Adaptive-Technologies-ASM1007-Lectrofan-Machine/dp/B00E6D6LQY/ref=cm_cr_srp_d_product_top?ie=UTF8,2020-09-18 15:40:44.353139,2020-09-18 15:40:52.641150,lynnezee,Clothing & Accessories,B002G9UDYG
92,AE242MSBRWHV5UWHSG5FCBGBQOFA,"April 10, 2016",Krzysztof Glue Precision Tip,Love this one with the Precision tip! Great for many things and much easier to use.,yes,0,5.0,https://www.amazon.ca/Krazy-Glue-All-Purpose-Precision-6155010120/dp/B00GGBI6DK/ref=cm_cr_srp_d_product_top?ie=UTF8,2020-09-18 15:41:02.734305,2020-09-18 15:41:12.031969,lynnezee,Clothing & Accessories,B002G9UDYG
93,AE242MSBRWHV5UWHSG5FCBGBQOFA,"April 10, 2016",Ecosusi 4 piece a travel packing Cubes,"Fabulous way to really organize your packing. These will get put directly into the drawers in our room on holiday, instead of always fishing for things in the luggage. They are the perfect solution for traveling.",yes,One,5.0,https://www.amazon.ca/ECOSUSI-Packing-Organizers-Toiletry-Suitcase/dp/B00QTFRF1M/ref=cm_cr_srp_d_product_top?ie=UTF8,2020-09-18 15:41:19.123560,2020-09-18 15:41:26.434966,lynnezee,Clothing & Accessories,B002G9UDYG
94,AE242MSBRWHV5UWHSG5FCBGBQOFA,"April 10, 2016",Large White Organizer Stands,"These stands are so amazingly helpful. It took me 5 years to finally organize and store my large serving plates, etc with these fabulous stands!!!! Wish I had found them before now. They are very sturdy so don't fear putting your breakable serving plates in these stands. Just for peace of mind though, I took one small piece of very strong tape and secured the bottom of one side to the shelf.",yes,One,5.0,https://www.amazon.ca/Better-Houseware-Large-Organizer-White/dp/B002IB3VCI/ref=cm_cr_srp_d_product_top?ie=UTF8,2020-09-18 15:41:34.524483,2020-09-18 15:41:42.796763,lynnezee,Clothing & Accessories,B002G9UDYG
95,AE242MSBRWHV5UWHSG5FCBGBQOFA,"October 6, 2015",ABSOLUTELY DISGUSTING NAME FOR A PRODUCT,WHAT KIND OF COMPANY WOULD NAME THEIR PRODUCT THIS WAY??? THE NAME IS ABSOLUTLEY DISPICABLE AND I AM CERTAIN THAT THERE ARE ENOUGH ANIMAL LOVERS AROUND WHO WOULD BACK MY STATEMENT. THE COMPANY DOING THIS SHOULD BE BANNED. WHAT A DISGUSTING MESSAGE ATTACHED TO A PRODUCT!!!!!!!!!!!! SHAME ON YOU.,no,2,1.0,https://www.amazon.ca/Exploding-Kittens-NSFW-Explicit-Content/dp/B010TU7LP2/ref=cm_cr_srp_d_product_top?ie=UTF8,2020-09-18 15:41:50.891425,2020-09-18 15:42:00.144917,lynnezee,Clothing & Accessories,B002G9UDYG
96,AE242MSBRWHV5UWHSG5FCBGBQOFA,"August 10, 2015",BLENDER BAD BAD NEWS for Kitchen Aid 5 speed diamond stand....,"DO NOT, I REPEAT, DO NOT BUY THIS BLENDER......that is unless you want to suffer the extreme frustration about the fact that there are no instructions anywhere about how to remove the blender from the base. I've just lost my faith in Kitchen Aid. I dropped mine right back in the box. I think it's appalling that this product is being sold at all.",yes,One,1.0,https://www.amazon.ca/KitchenAid-KSB1575OB-5-Speed-Diamond-Blender/dp/B00CT9XX3Q/ref=cm_cr_srp_d_product_top?ie=UTF8,2020-09-18 15:42:09.235590,2020-09-18 15:42:17.589388,lynnezee,Clothing & Accessories,B002G9UDYG
97,AE242MSBRWHV5UWHSG5FCBGBQOFA,"July 22, 2015",Faulkner Malibu recliner,"nice product and very comfortable but don't be stupid like I was and leave it out in the winter, all of the
metal rusted!!",yes,One,4.0,https://www.amazon.ca/Faulkner-48974-Recliner-Armrests-X-Large/dp/B009JXBKTE/ref=cm_cr_srp_d_product_top?ie=UTF8,2020-09-18 15:42:25.679076,2020-09-18 15:42:34.946295,lynnezee,Clothing & Accessories,B002G9UDYG
98,AE242MSBRWHV5UWHSG5FCBGBQOFA,"July 22, 2015",nest fragrances,Fabulous and very long lasting product. I love the Vanilla Orchid and Almond!!!!!,yes,0,5.0,https://www.amazon.ca/Nest-Fragrances-Reed-Diffuser-Wasabi/dp/B00465W9ZE/ref=cm_cr_srp_d_product_top?ie=UTF8,2020-09-18 15:42:43.042092,2020-09-18 15:42:50.296468,lynnezee,Clothing & Accessories,B002G9UDYG
99,AE242MSBRWHV5UWHSG5FCBGBQOFA,"July 22, 2015",Prizes by Erich Seagal,"love Erich Seagals books, this one is a terrific read as well!!",yes,0,5.0,https://www.amazon.ca/Prizes-Erich-Segal-author/dp/1444768468/ref=cm_cr_srp_d_product_top?ie=UTF8,2020-09-18 15:42:57.388774,2020-09-18 15:43:04.645595,lynnezee,Clothing & Accessories,B002G9UDYG
100,AE242MSBRWHV5UWHSG5FCBGBQOFA,"July 22, 2015",Yosemite light fixture,"very lovely, just the slightest problem with one of the attached lamps sitting a bit lower than the others.",yes,0,4.0,https://www.amazon.ca/Yosemite-Home-Decor-1394SN-Glacier/dp/B002DML3TA/ref=cm_cr_srp_d_product_top?ie=UTF8,2020-09-18 15:43:14.735348,2020-09-18 15:43:24.091164,lynnezee,Clothing & Accessories,B002G9UDYG
101,AE242MSBRWHV5UWHSG5FCBGBQOFA,"July 22, 2015",Trudeau measuring cups,No problem with these. very handy and pretty too!,yes,0,5.0,https://www.amazon.ca/Trudeau-5-Piece-Measuring-Cup-Set/dp/B000RT85JW/ref=cm_cr_srp_d_product_top?ie=UTF8,2020-09-18 15:43:34.178127,2020-09-18 15:43:42.438165,lynnezee,Clothing & Accessories,B002G9UDYG
102,AE242MSBRWHV5UWHSG5FCBGBQOFA,"July 22, 2015",I do find this product somewhat helpful which is saying ...,"I do find this product somewhat helpful which is saying a lot because most are not at all. Really rub into your scalp well and second shampoo, do leave it on for 5 minutes. Use a light, conditioner afterwards, one that is also helpful to the scalp.",yes,0,4.0,https://www.amazon.ca/dp/B001JIBKWO/ref=cm_cr_srp_d_product_top?ie=UTF8,2020-09-18 15:43:51.532595,2020-09-18 15:43:58.871953,lynnezee,Clothing & Accessories,B002G9UDYG
103,AE242MSBRWHV5UWHSG5FCBGBQOFA,"July 12, 2015",Sunbeam 6 speed mixer,"Seems to work beautifully. I may have had a little difficulty in removing the metal mixers but then I haven't yet read the instructions.
good buy!",yes,0,5.0,https://www.amazon.ca/Sunbeam-6-Speed-Watt-Mixer-White/dp/B0048BPWNC/ref=cm_cr_srp_d_product_top?ie=UTF8,2020-09-18 15:44:06.965408,2020-09-18 15:44:15.292310,lynnezee,Clothing & Accessories,B002G9UDYG
104,AE242MSBRWHV5UWHSG5FCBGBQOFA,"July 12, 2015",LG f4n c440 unlocked cell phone,"Sadly, the only problem with this phone is the charging issue.... it needs charging way too quickly and the 3 beep reminder for that is annoying (at first I had no clue as to where the beeping was even coming from in my condo!)
If it weren't for needing constant charging (after next to no use) it would have been a 5 star and I would have kept it!",yes,2,2.0,https://www.amazon.ca/LG-Unlocked-Virgin-Mobile-Phone/dp/B00PV7TCX8/ref=cm_cr_srp_d_product_top?ie=UTF8,2020-09-18 15:44:22.387892,2020-09-18 15:44:29.661754,lynnezee,Clothing & Accessories,B002G9UDYG
105,AE242MSBRWHV5UWHSG5FCBGBQOFA,"July 12, 2015",Greenland Home Antique Rose quilt....,"Adore this set!! It's very high quality and gorgeous. Just had a compliment on it the other day from a very picky person!!
I'm not sure i would wash it, I'd be tempted maybe to dry clean once in a blue moon. Or if it's machine washed, do warm wash
and lowest drier setting.",yes,0,5.0,https://www.amazon.ca/Greenland-Home-Antique-Bonus-Quilt/dp/B005NFGNG2/ref=cm_cr_srp_d_product_top?ie=UTF8,2020-09-18 15:44:37.747386,2020-09-18 15:44:47.032091,lynnezee,Clothing & Accessories,B002G9UDYG
106,AE242MSBRWHV5UWHSG5FCBGBQOFA,"July 12, 2015",cb concept halogen light bulbs,Huge savings by this purchase! I will always buy them here! work perfectly for my under cabinet kitchen lighting.,yes,0,5.0,https://www.amazon.ca/Cbconcept-10XG8120V20W-Halogen-120-volt-20-watt/dp/B009S1BNEO/ref=cm_cr_srp_d_product_top?ie=UTF8,2020-09-18 15:44:56.121047,2020-09-18 15:45:04.384105,lynnezee,Clothing & Accessories,B002G9UDYG
107,AE242MSBRWHV5UWHSG5FCBGBQOFA,"July 12, 2015",Keyless entry remote,"Excellent buy, works perfectly (once it's set) and is very much less costly than other buying methods.",yes,0,5.0,https://www.amazon.ca/KEYLESS-ENTRY-REMOTE-CLICKER-LACROSSE/dp/B006BDF5PA/ref=cm_cr_srp_d_product_top?ie=UTF8,2020-09-18 15:45:14.476303,2020-09-18 15:45:20.786571,lynnezee,Clothing & Accessories,B002G9UDYG
108,AE242MSBRWHV5UWHSG5FCBGBQOFA,"July 12, 2015",Ozeri bathroom scale,"I haven't owned this for too long yet but it appears to be an excellent product, very easy to use and to read.",yes,0,5.0,https://www.amazon.ca/Ozeri-Precision-Bathroom-Tempered-Activation/dp/B005URI2VW/ref=cm_cr_srp_d_product_top?ie=UTF8,2020-09-18 15:45:29.878875,2020-09-18 15:45:39.150447,lynnezee,Clothing & Accessories,B002G9UDYG
109,AE242MSBRWHV5UWHSG5FCBGBQOFA,"July 12, 2015",Pillowflex synthetic insert,"Excellent product, very full and feels wonderful!",yes,0,5.0,https://www.amazon.ca/Pillowflex-22x22SD-Synthetic-Inserts-Alternative/dp/B00GDJLKW4/ref=cm_cr_srp_d_product_top?ie=UTF8,2020-09-18 15:45:49.240476,2020-09-18 15:45:56.525469,lynnezee,Clothing & Accessories,B002G9UDYG
110,AE242MSBRWHV5UWHSG5FCBGBQOFA,"July 12, 2015",tide pens,A less expensive way of buying these tide pens. I like the savings!,yes,One,5.0,https://www.amazon.ca/Tide-Instant-Stain-Remover-Count/dp/B00I40ZFXU/ref=cm_cr_srp_d_product_top?ie=UTF8,2020-09-18 15:46:06.619325,2020-09-18 15:46:13.920929,lynnezee,Clothing & Accessories,B002G9UDYG
111,AE242MSBRWHV5UWHSG5FCBGBQOFA,"July 12, 2015",flat sink stopper,I thought this would be much better....but water still seeps out of sink.,yes,0,2.0,https://www.amazon.ca/LDR-501-4300-Stopper-Suction/dp/B001FGT5LI/ref=cm_cr_srp_d_product_top?ie=UTF8,2020-09-18 15:46:23.010856,2020-09-18 15:46:31.302986,lynnezee,Clothing & Accessories,B002G9UDYG
112,AE242MSBRWHV5UWHSG5FCBGBQOFA,"July 12, 2015",Allersoft 100% cotton dust mite duvet cover,"The cotton is of a very high quality and softness and washes and dries beautifully. The ties for the four corners, inside the cover, are useful as well. Great purchase!!",yes,0,5.0,https://www.amazon.ca/AllerSoft-100-Percent-Allergy-Control-Protector/dp/B002R0DRA6/ref=cm_cr_srp_d_product_top?ie=UTF8,2020-09-18 15:46:41.393754,2020-09-18 15:46:48.722970,lynnezee,Clothing & Accessories,B002G9UDYG
113,AE242MSBRWHV5UWHSG5FCBGBQOFA,"April 18, 2015",Great buy!,These work beautifully with my velvet shams! I might find them too firm and large for sleeping though.,yes,0,5.0,https://www.amazon.ca/Density-Thread-Count-Quilted-Sidewall-Pillow/dp/B002AS9OWA/ref=cm_cr_srp_d_product_top?ie=UTF8,2020-09-18 15:46:57.823531,2020-09-18 15:47:07.113175,lynnezee,Clothing & Accessories,B002G9UDYG
114,AE242MSBRWHV5UWHSG5FCBGBQOFA,"April 18, 2015",Not very good for itchy scalp....,I didn't find this shampoo helpful at all for itchy scalp.,yes,0,1.0,https://www.amazon.ca/Paul-Mitchell-Special-Shampoo-10-14/dp/B001CTLCD2/ref=cm_cr_srp_d_product_top?ie=UTF8,2020-09-18 15:47:14.203652,2020-09-18 15:47:21.500388,lynnezee,Clothing & Accessories,B002G9UDYG
115,AE242MSBRWHV5UWHSG5FCBGBQOFA,"April 18, 2015",Fabulous For the Cats,"I give this an A+++ !! It is very spacious, very cozy and the cats love it.",yes,0,5.0,https://www.amazon.ca/Go-Pet-Club-18-Inch-Scratching/dp/B00H66YTXU/ref=cm_cr_srp_d_product_top?ie=UTF8,2020-09-18 15:47:30.593571,2020-09-18 15:47:37.931556,lynnezee,Clothing & Accessories,B002G9UDYG
116,AE242MSBRWHV5UWHSG5FCBGBQOFA,"April 18, 2015",Very Handy!,Used these to put a bed skirt on the box spring......Perfect!!,yes,0,5.0,https://www.amazon.ca/Twisty-Pins-Upholstery-Slipcovers-Bedskirts/dp/B00O14I54E/ref=cm_cr_srp_d_product_top?ie=UTF8,2020-09-18 15:47:46.035519,2020-09-18 15:47:54.309536,lynnezee,Clothing & Accessories,B002G9UDYG
117,AE242MSBRWHV5UWHSG5FCBGBQOFA,"April 18, 2015",Smart Looking Tall Floor Lamp,Gives nice extra lighting when needed. Looks smart.,yes,0,5.0,https://www.amazon.ca/Park-Madison-Lighting-PMF-9147-31-Contemporary/dp/B00857RBR0/ref=cm_cr_srp_d_product_top?ie=UTF8,2020-09-18 15:48:04.402564,2020-09-18 15:48:11.684244,lynnezee,Clothing & Accessories,B002G9UDYG
118,AE242MSBRWHV5UWHSG5FCBGBQOFA,"April 18, 2015",Winner with Benny the Cat,One of our 6 cats owned this the minute it was set up! He's a big boy but curled up nicely on it.,yes,One,5.0,https://www.amazon.ca/Go-Pet-Club-Scratching-Furniture/dp/B00H66QYAG/ref=cm_cr_srp_d_product_top?ie=UTF8,2020-09-18 15:48:21.776804,2020-09-18 15:48:31.037673,lynnezee,Clothing & Accessories,B002G9UDYG
119,AE242MSBRWHV5UWHSG5FCBGBQOFA,"April 18, 2015",Great Bulbs and Fabulous Price,"These exact same bulbs go for at least $5.99 CAD here in Toronto!
What a fabulous savings from this site!!!!",yes,0,5.0,https://www.amazon.ca/Globe-Electric-1009701-20-watt-Halogen/dp/B00B1NFCK8/ref=cm_cr_srp_d_product_top?ie=UTF8,2020-09-18 15:48:39.120906,2020-09-18 15:48:45.421859,lynnezee,Clothing & Accessories,B002G9UDYG
120,AE242MSBRWHV5UWHSG5FCBGBQOFA,"April 18, 2015",Fabulous and Cheap Leather Hole Puncher,"This tool works very well and for the price, you can't beat it. I put extra holes in my birkenstock sandles
with no difficulty whatsoever.",yes,0,5.0,https://www.amazon.ca/TEKTON-6585-Leather-Punch/dp/B000NPT76U/ref=cm_cr_srp_d_product_top?ie=UTF8,2020-09-18 15:48:55.520120,2020-09-18 15:49:03.787351,lynnezee,Clothing & Accessories,B002G9UDYG
121,AE242MSBRWHV5UWHSG5FCBGBQOFA,"December 19, 2014",Fastest Shipping ever!,"I have never had such fast shipping in my life!!!! I haven't even opened the box yet, to be honest but
I'm confident in this product.",yes,0,5.0,https://www.amazon.ca/100-Organic-Washable-Wool-Duvet/dp/B00I9FDD8Y/ref=cm_cr_srp_d_product_top?ie=UTF8,2020-09-18 15:49:10.877156,2020-09-18 15:49:17.147259,lynnezee,Clothing & Accessories,B002G9UDYG
122,AE242MSBRWHV5UWHSG5FCBGBQOFA,"December 19, 2014",Phone Answer Machine is tiny and excellent,"Love this machine, it's exactly what I needed. Works we'll, sets up with ease, good sound!",yes,0,5.0,https://www.amazon.ca/AT-Digital-Answering-80-8436-01-1740WH/dp/B007P8DKZW/ref=cm_cr_srp_d_product_top?ie=UTF8,2020-09-18 15:49:24.241936,2020-09-18 15:49:32.512406,lynnezee,Clothing & Accessories,B002G9UDYG
123,AE242MSBRWHV5UWHSG5FCBGBQOFA,"December 19, 2014",Fine little Bath Rug,"Great little bath rug, exactly what I wanted!! Good quality, very nice color.",yes,0,5.0,https://www.amazon.ca/InterDesign-Microfiber-Bathroom-Accent-Water/dp/B002H9X40U/ref=cm_cr_srp_d_product_top?ie=UTF8,2020-09-18 15:49:42.606274,2020-09-18 15:49:49.924899,lynnezee,Clothing & Accessories,B002G9UDYG
124,AE242MSBRWHV5UWHSG5FCBGBQOFA,"December 19, 2014","Beautiful, excellent quality quilt","Absolutely love this quilt, it's gorgeous. It transformed my bedroom.",yes,0,5.0,https://www.amazon.ca/Greenland-Home-Antique-Rose-Quilt/dp/B003G2ZWDY/ref=cm_cr_srp_d_product_top?ie=UTF8,2020-09-18 15:49:58.016575,2020-09-18 15:50:07.329017,lynnezee,Clothing & Accessories,B002G9UDYG
125,AE242MSBRWHV5UWHSG5FCBGBQOFA,"December 19, 2014",Good product and very useful,Just as advertised! Very useful lever backs. The antique gold is nice!!,yes,0,5.0,https://www.amazon.ca/JUZIHAO-Waterproof-Shockproof-Monocular-Travelling/dp/B004R04532/ref=cm_cr_srp_d_product_top?ie=UTF8,2020-09-18 15:50:14.426511,2020-09-18 15:50:23.751444,lynnezee,Clothing & Accessories,B002G9UDYG
126,AE242MSBRWHV5UWHSG5FCBGBQOFA,"December 19, 2014","Great, long lasting product!",I love this scent!! this is my second time with it and I'll never get tired of it.,yes,0,5.0,https://www.amazon.ca/NEST-Fragrances-Diffuser-Vanilla-Orchid/dp/B00FYYAO80/ref=cm_cr_srp_d_product_top?ie=UTF8,2020-09-18 15:50:32.842738,2020-09-18 15:50:42.128087,lynnezee,Clothing & Accessories,B002G9UDYG
127,AE242MSBRWHV5UWHSG5FCBGBQOFA,"June 6, 2014",Don't buy this.......,"This product is misrepresented in the measurement description. It says 14 1/2"" wide but the seat is actually only a mere 10"". And it's a hassle to return. Also, the legs are extremely difficult to screw on, seeing as I actually tried this myself, before determining that I'm not keeping it anyways!!",yes,0,1.0,https://www.amazon.ca/Winsome-Wood-24-Inch-Cushion-Leather/dp/B005337XJU/ref=cm_cr_srp_d_product_top?ie=UTF8,2020-09-18 15:50:52.222926,2020-09-18 15:50:58.521139,lynnezee,Clothing & Accessories,B002G9UDYG
128,AE242MSBRWHV5UWHSG5FCBGBQOFA,"May 4, 2014",Quality Miele FJM Bags,"I will give this 5 stars! They arrived in very good time, appear to be sturdy, good quality bags, the same as my original bags and for a much better price! I shall be ordering them again when needed.",yes,0,5.0,https://www.amazon.ca/Miele-FJM-Bags-3M-Filtrete/dp/B001HL02Q8/ref=cm_cr_srp_d_product_top?ie=UTF8,2020-09-18 15:51:07.612730,2020-09-18 15:51:16.911949,lynnezee,Clothing & Accessories,B002G9UDYG
