,author_id,date_review_posted,review_title,reviews,verified_purchase,people_find_helpful,ratings,product_url,start,end,reviewer_name,product_category,product_id
0,AEKDAGTS42KWFP7QZJ5N7AKULXCA,"April 8, 2019",Fits a big head,"I love this toque, I've worn it everywhere. I had to stretch it out over the headrest of my computer chair the first night I got it, but after that it's fit my big head great. This is not the ""fashion"" version of the toque but honestly I've found no difference in how it looks on your head. It's still nice and long so there's that empty space at the top of the head and it just looks really nice (plus it's warm!).",yes,0,5.0,https://www.amazon.ca/Carhartt-Acrylic-Watch-Black-Size/dp/B002G9UDYG/ref=cm_cr_srp_d_product_top?ie=UTF8,2020-09-17 22:26:27.204591,2020-09-17 22:26:34.477724,savthep,Clothing & Accessories,B002G9UDYG
1,AEKDAGTS42KWFP7QZJ5N7AKULXCA,"April 8, 2019",Never going back to official refills,"These work perfectly, and are such a good deal. There was an error when you first load them but you just exit that popup and you're good to go after.",yes,0,5.0,https://www.amazon.ca/BJ-Remanufactured-Cartridge-Replacement-Tri-Color/dp/B076BPJ6LJ/ref=cm_cr_srp_d_product_top?ie=UTF8,2020-09-17 22:26:43.577410,2020-09-17 22:26:52.852108,savthep,Clothing & Accessories,B002G9UDYG
2,AEKDAGTS42KWFP7QZJ5N7AKULXCA,"April 8, 2019",Good for active kids,"Our 6yo girls had these shoes and wore them everywhere. They can get them on and off really quickly and had no issues with the velcro wearing out. They can also easily be rinsed off. Very durable and high quality product, now I'm buying them for our 2yo.",no,0,5.0,https://www.amazon.ca/Crocs-Kids-Swiftwater-Sport-Sandals/dp/B01HUVJBUG/ref=cm_cr_srp_d_product_top?ie=UTF8,2020-09-17 22:27:02.945651,2020-09-17 22:27:12.230626,savthep,Clothing & Accessories,B002G9UDYG
3,AEKDAGTS42KWFP7QZJ5N7AKULXCA,"July 6, 2018",Love these gates,"Love these gates, I have 3! The plastic lattice does give a little when pushed on, which I think is safer then if it were to be brittle. There's no way a small person would be strong enough to break through it.",yes,0,5.0,https://www.amazon.ca/Summer-Infant-Modern-Home-Gate/dp/B01MRTXD92/ref=cm_cr_srp_d_product_top?ie=UTF8,2020-09-17 22:27:20.323137,2020-09-17 22:27:28.599015,savthep,Clothing & Accessories,B002G9UDYG
4,AEKDAGTS42KWFP7QZJ5N7AKULXCA,"July 6, 2018",Good for the price,"Good for the price, and I assembled it basically by myself. The only downside is that the drawers are slightly skewed.",yes,0,4.0,https://www.amazon.ca/South-Shore-6-Drawer-Bedrooms-Hallways/dp/B00WO521ZQ/ref=cm_cr_srp_d_product_top?ie=UTF8,2020-09-17 22:27:37.694434,2020-09-17 22:27:45.964759,savthep,Clothing & Accessories,B002G9UDYG
5,AEKDAGTS42KWFP7QZJ5N7AKULXCA,"July 6, 2018",Sturdy and can't tell it's anything different,"For those of you wondering, yes it fits inside a queen bed frame. The slats on my frame broke so I took them out, and popped this thing in. Sturdy and can't tell it's anything different. But yes, watch your feet when you make the bed, the middle support foot is never where you expect it to be.",yes,0,5.0,https://www.amazon.ca/Classic-Brands-Hercules-Heavy-Duty-Foundation/dp/B00EQG7LVA/ref=cm_cr_srp_d_product_top?ie=UTF8,2020-09-17 22:27:56.062443,2020-09-17 22:28:04.361303,savthep,Clothing & Accessories,B002G9UDYG
6,AEKDAGTS42KWFP7QZJ5N7AKULXCA,"July 6, 2018","Not a bad chair, the seat is huge I can cross ...","Not a bad chair, the seat is huge I can cross my legs while sitting. The lumbar curve is also decent. Weak points are that the seat cushion has firmed up quite a bit now, the wheels aren't spinning as smoothly as they used to and the left armrest has broken off. Overall decent design but not incredibly durable.",no,0,3.0,https://www.amazon.ca/HomCom-A2-0093-Ergonomic-Office-Computer/dp/B00SAP3NY2/ref=cm_cr_srp_d_product_top?ie=UTF8,2020-09-17 22:28:13.459861,2020-09-17 22:28:19.727223,savthep,Clothing & Accessories,B002G9UDYG
7,AEKDAGTS42KWFP7QZJ5N7AKULXCA,"February 23, 2018",My nose was having a really bad reaction to the ring that I was pierced with,"My nose was having a really bad reaction to the ring that I was pierced with, but when I switched out for this ring it finally healed praise the lord! So that's enough for me to know it's a genuine product as advertised.",yes,0,5.0,https://www.amazon.ca/Body-Candy-Solid-Yellow-Gauge/dp/B001QK2QDW/ref=cm_cr_srp_d_product_top?ie=UTF8,2020-09-17 22:28:27.822580,2020-09-17 22:28:34.104817,savthep,Clothing & Accessories,B002G9UDYG
8,AEKDAGTS42KWFP7QZJ5N7AKULXCA,"February 23, 2018",For a nice flush close you could only get away with like ...,I have a very hard time closing this wallet when it is filled with cards as shown in the picture. For a nice flush close you could only get away with like 2 or 3 cards. It seems like this set up would be very convenient but really it just makes things more awkward.,no,0,2.0,https://www.amazon.ca/xhorizon-Function-Magnetic-Detachable-Compartment/dp/B00XMHO8HY/ref=cm_cr_srp_d_product_top?ie=UTF8,2020-09-17 22:28:44.203375,2020-09-17 22:28:51.529554,savthep,Clothing & Accessories,B002G9UDYG
