,author_id,date_review_posted,review_title,reviews,verified_purchase,people_find_helpful,ratings,product_url,start,end,reviewer_name,product_category,product_id
0,AEPZMBRGSJA5WIFHBYBGWNRAYJMQ,"June 4, 2020",Garbage,Garbage..... just received the product and literally broke on the rep used... amazon web page said will not return because it’s over 30 days....took almost 2 months it get here... again garbage... buying local next time,yes,0,1.0,https://www.amazon.ca/SoloVie-Resistance-Stackable-Workout-Exercise/dp/B083HVR53W/ref=cm_cr_srp_d_product_top?ie=UTF8,2020-09-18 18:48:17.403427,2020-09-18 18:48:24.655169,Jason Landry,Clothing & Accessories,B002G9UDYG
1,AEPZMBRGSJA5WIFHBYBGWNRAYJMQ,"November 24, 2019",fits well,"fits well, seem like the real macoy. Keeps the head warm on cold days",yes,0,4.0,https://www.amazon.ca/Carhartt-Acrylic-Watch-Black-Size/dp/B002G9UDYG/ref=cm_cr_srp_d_product_top?ie=UTF8,2020-09-18 18:48:32.745957,2020-09-18 18:48:42.078141,Jason Landry,Clothing & Accessories,B002G9UDYG
2,AEPZMBRGSJA5WIFHBYBGWNRAYJMQ,"November 24, 2019",sound,doesn't really sound like a pheasant. maybe I just cant seem to get the hang of it,yes,0,2.0,https://www.amazon.ca/Primos-342-Pheasant-Call/dp/B003U5ZG3I/ref=cm_cr_srp_d_product_top?ie=UTF8,2020-09-18 18:48:51.190349,2020-09-18 18:48:57.498042,Jason Landry,Clothing & Accessories,B002G9UDYG
3,AEPZMBRGSJA5WIFHBYBGWNRAYJMQ,"November 24, 2019",good product,keeps my face warm in the cold NS winters,yes,0,4.0,https://www.amazon.ca/Carhartt-Force-Helmet-Liner-Country/dp/B07BN65F8K/ref=cm_cr_srp_d_product_top?ie=UTF8,2020-09-18 18:49:06.588115,2020-09-18 18:49:12.882301,Jason Landry,Clothing & Accessories,B002G9UDYG
4,AEPZMBRGSJA5WIFHBYBGWNRAYJMQ,"November 19, 2019",Limited ROM,Sending back..offers good support for cost but very limited rom....would be good for golf or tennis but weights or working out not ideal,yes,One,2.0,https://www.amazon.ca/dp/B07WGWHY9V/ref=cm_cr_srp_d_product_top?ie=UTF8,2020-09-18 18:49:22.980816,2020-09-18 18:49:32.240032,Jason Landry,Clothing & Accessories,B002G9UDYG
5,AEPZMBRGSJA5WIFHBYBGWNRAYJMQ,"October 18, 2019",Decent product,"Decent product. Works good, a bit flimsy, we will see how long it lasts",yes,0,4.0,https://www.amazon.ca/Sillosocks-Flapping-Canada-Goose-Decoy/dp/B001COUT68/ref=cm_cr_srp_d_product_top?ie=UTF8,2020-09-18 18:49:39.331011,2020-09-18 18:49:48.664949,Jason Landry,Clothing & Accessories,B002G9UDYG
6,AEPZMBRGSJA5WIFHBYBGWNRAYJMQ,"October 18, 2019",Great product,Great product left a lasting shine,yes,0,5.0,https://www.amazon.ca/Chemical-Guys-WAC_201_16-Vintage-Butter/dp/B00FALVU8A/ref=cm_cr_srp_d_product_top?ie=UTF8,2020-09-18 18:49:57.753464,2020-09-18 18:50:06.998585,Jason Landry,Clothing & Accessories,B002G9UDYG
7,AEPZMBRGSJA5WIFHBYBGWNRAYJMQ,"August 28, 2019",Works well,Excellent product works as described,yes,0,5.0,https://www.amazon.ca/Elastic-Mattress-Grippers-Suspender-Fasteners/dp/B01MXGVJ51/ref=cm_cr_srp_d_product_top?ie=UTF8,2020-09-18 18:50:14.091241,2020-09-18 18:50:22.369255,Jason Landry,Clothing & Accessories,B002G9UDYG
8,AEPZMBRGSJA5WIFHBYBGWNRAYJMQ,"July 23, 2019",Great product,"Great chalk, does make a huge mess, stays on the hand welll",yes,0,5.0,https://www.amazon.ca/Fitness-Block-Chalk-White-1-Pound/dp/B00L5HZD40/ref=cm_cr_srp_d_product_top?ie=UTF8,2020-09-18 18:50:32.460392,2020-09-18 18:50:39.711651,Jason Landry,Clothing & Accessories,B002G9UDYG
9,AEPZMBRGSJA5WIFHBYBGWNRAYJMQ,"July 23, 2019",Good quality straps,"Strong wraps, thumb holes feel a bit weak but over all a good stiff strap",yes,0,4.0,https://www.amazon.ca/Grizzly-Fitness-8663L-04-Heavy-20-Inch/dp/B00MBEBF34/ref=cm_cr_srp_d_product_top?ie=UTF8,2020-09-18 18:50:49.801959,2020-09-18 18:50:59.062929,Jason Landry,Clothing & Accessories,B002G9UDYG
10,AEPZMBRGSJA5WIFHBYBGWNRAYJMQ,"July 6, 2019",Didn’t work,Didn’t work returned,yes,0,1.0,https://www.amazon.ca/dp/B00FFY2QWQ/ref=cm_cr_srp_d_product_top?ie=UTF8,2020-09-18 18:51:07.151830,2020-09-18 18:51:13.402120,Jason Landry,Clothing & Accessories,B002G9UDYG
11,AEPZMBRGSJA5WIFHBYBGWNRAYJMQ,"July 6, 2019",Excellent product,Excellent product. Keep the flies away from my head...you do need a hat on to use,yes,0,4.0,https://www.amazon.ca/eBoot-Outdoor-Lovers-Protect-Mosquito/dp/B072JXW8Q3/ref=cm_cr_srp_d_product_top?ie=UTF8,2020-09-18 18:51:20.492797,2020-09-18 18:51:29.760322,Jason Landry,Clothing & Accessories,B002G9UDYG
12,AEPZMBRGSJA5WIFHBYBGWNRAYJMQ,"July 6, 2019",Returned,Ran out to juice in less than an hour,no,0,1.0,https://www.amazon.ca/Bluetooth4-1-Headphones-Earphones-Lightweight-Sweatproof/dp/B07HJXLQ8G/ref=cm_cr_srp_d_product_top?ie=UTF8,2020-09-18 18:51:36.850007,2020-09-18 18:51:44.126865,Jason Landry,Clothing & Accessories,B002G9UDYG
13,AEPZMBRGSJA5WIFHBYBGWNRAYJMQ,"July 6, 2019",Excellent product,Excellent products. Bought to get crave tv but use it for a lot more,yes,0,5.0,https://www.amazon.ca/Fire-TV-Stick-with-All-New-Alexa-Voice-Remote/dp/B0791Z1G6W/ref=cm_cr_srp_d_product_top?ie=UTF8,2020-09-18 18:51:52.218857,2020-09-18 18:51:59.509354,Jason Landry,Clothing & Accessories,B002G9UDYG
14,AEPZMBRGSJA5WIFHBYBGWNRAYJMQ,"July 6, 2019",Good product,Offers good support for my planters facia for running and lifting weights,yes,One,4.0,https://www.amazon.ca/Beister-Compression-Fasciitis-Recovery-Achilles/dp/B07Q566KRM/ref=cm_cr_srp_d_product_top?ie=UTF8,2020-09-18 18:52:08.601309,2020-09-18 18:52:14.905393,Jason Landry,Clothing & Accessories,B002G9UDYG
15,AEPZMBRGSJA5WIFHBYBGWNRAYJMQ,"July 6, 2019",Excellent item,"Appears we’ll build, functions well",yes,0,5.0,https://www.amazon.ca/Anezus-Retractable-Holder-Keychain-Keycard/dp/B07NTBM5QQ/ref=cm_cr_srp_d_product_top?ie=UTF8,2020-09-18 18:52:21.994735,2020-09-18 18:52:30.242009,Jason Landry,Clothing & Accessories,B002G9UDYG
16,AEPZMBRGSJA5WIFHBYBGWNRAYJMQ,"April 3, 2019",DECENT PRODUCT,HAD SOME INK MARKING ON ONDE SIDE MAKING IT UNUSUABLE ON THE SIDE,yes,0,3.0,https://www.amazon.ca/Realeather-Crafts-Suede-Piece-Medium/dp/B004L6GAY4/ref=cm_cr_srp_d_product_top?ie=UTF8,2020-09-18 18:52:40.335005,2020-09-18 18:52:48.705904,Jason Landry,Clothing & Accessories,B002G9UDYG
17,AEPZMBRGSJA5WIFHBYBGWNRAYJMQ,"April 3, 2019",works well,"works well, used for texas rigging my duck decoys",yes,0,4.0,https://www.amazon.ca/Hi-Seas-Double-Barrel-Sleeves-Millimeter/dp/B000ALC6KG/ref=cm_cr_srp_d_product_top?ie=UTF8,2020-09-18 18:52:57.799267,2020-09-18 18:53:07.067503,Jason Landry,Clothing & Accessories,B002G9UDYG
18,AEPZMBRGSJA5WIFHBYBGWNRAYJMQ,"April 3, 2019",good product,good product fast delivery and as advertised,yes,0,4.0,https://www.amazon.ca/Six-Star-Protein-Powder-Chocolate/dp/B00HHYFPPM/ref=cm_cr_srp_d_product_top?ie=UTF8,2020-09-18 18:53:16.149277,2020-09-18 18:53:25.380511,Jason Landry,Clothing & Accessories,B002G9UDYG
19,AEPZMBRGSJA5WIFHBYBGWNRAYJMQ,"March 21, 2019",Goood product,"Used them for my duck decoys, worked excellent",yes,0,5.0,https://www.amazon.ca/Bullet-Weights-Sinker-Pound-6-Ounce/dp/B0000AV24Q/ref=cm_cr_srp_d_product_top?ie=UTF8,2020-09-18 18:53:32.464171,2020-09-18 18:53:40.764869,Jason Landry,Clothing & Accessories,B002G9UDYG
20,AEPZMBRGSJA5WIFHBYBGWNRAYJMQ,"February 12, 2019",Good product over all,"She seems to enjoy, works well, plastic handle feels cheap",no,0,4.0,https://www.amazon.ca/Female-Bullets-Random-Waterproof-Quality/dp/B07J2TXR6F/ref=cm_cr_srp_d_product_top?ie=UTF8,2020-09-18 18:53:49.855784,2020-09-18 18:53:59.071953,Jason Landry,Clothing & Accessories,B002G9UDYG
21,AEPZMBRGSJA5WIFHBYBGWNRAYJMQ,"February 12, 2019",Good product,"Good product, easy products to use",yes,0,4.0,https://www.amazon.ca/Accessories-Stainless-Non-stick-Springform-MIBOTE/dp/B07FZ2BDMG/ref=cm_cr_srp_d_product_top?ie=UTF8,2020-09-18 18:54:07.156880,2020-09-18 18:54:14.397392,Jason Landry,Clothing & Accessories,B002G9UDYG
22,AEPZMBRGSJA5WIFHBYBGWNRAYJMQ,"January 27, 2019",Feel cheap out of the box but works great,feels like cheap product but works great,yes,0,4.0,https://www.amazon.ca/JETech-2-4Ghz-Wireless-Optical-Receiver/dp/B00M48154Q/ref=cm_cr_srp_d_product_top?ie=UTF8,2020-09-18 18:54:22.486762,2020-09-18 18:54:30.782442,Jason Landry,Clothing & Accessories,B002G9UDYG
23,AEPZMBRGSJA5WIFHBYBGWNRAYJMQ,"January 23, 2019",works well,"for leather crafting, seems to hold together well",yes,0,4.0,https://www.amazon.ca/Seloky-Leather-Tubular-Repairing-Decoration/dp/B07B8CK5NT/ref=cm_cr_srp_d_product_top?ie=UTF8,2020-09-18 18:54:38.875813,2020-09-18 18:54:46.224750,Jason Landry,Clothing & Accessories,B002G9UDYG
24,AEPZMBRGSJA5WIFHBYBGWNRAYJMQ,"January 23, 2019",bang on,"bang on, she seems to like it",no,0,5.0,https://www.amazon.ca/dp/B07JLMWQMY/ref=cm_cr_srp_d_product_top?ie=UTF8,2020-09-18 18:54:56.314784,2020-09-18 18:55:04.580919,Jason Landry,Clothing & Accessories,B002G9UDYG
25,AEPZMBRGSJA5WIFHBYBGWNRAYJMQ,"January 23, 2019",works great,"works good for the applications that I wanted it for, would like it if I could buy lots of the same colour. some of the colours I may never use",yes,0,4.0,https://www.amazon.ca/BIGTEDDY-Stitching-Dreamcatcher-Supplies-Leathercraft/dp/B07C516Z2D/ref=cm_cr_srp_d_product_top?ie=UTF8,2020-09-18 18:55:14.675941,2020-09-18 18:55:23.929100,Jason Landry,Clothing & Accessories,B002G9UDYG
26,AEPZMBRGSJA5WIFHBYBGWNRAYJMQ,"January 16, 2019",Works great. She loved it,Product as described..can’t wait to try it out,yes,0,5.0,https://www.amazon.ca/dp/B07L663BS9/ref=cm_cr_srp_d_product_top?ie=UTF8,2020-09-18 18:55:32.019321,2020-09-18 18:55:40.275226,Jason Landry,Clothing & Accessories,B002G9UDYG
27,AEPZMBRGSJA5WIFHBYBGWNRAYJMQ,"January 16, 2019",Looks great,Product as described. Should work well. Used for Texas rigging my duck decoys,yes,0,5.0,https://www.amazon.ca/Triple-Fish-Leader-Fishing-Clear/dp/B01BZPPDHI/ref=cm_cr_srp_d_product_top?ie=UTF8,2020-09-18 18:55:50.372991,2020-09-18 18:55:58.627195,Jason Landry,Clothing & Accessories,B002G9UDYG
28,AEPZMBRGSJA5WIFHBYBGWNRAYJMQ,"January 13, 2019",Good welds,Good quality,yes,0,4.0,https://www.amazon.ca/Timber-Tuff-TMW-45-Pulp-Hook/dp/B00KL2RV4U/ref=cm_cr_srp_d_product_top?ie=UTF8,2020-09-18 18:56:05.720978,2020-09-18 18:56:14.995646,Jason Landry,Clothing & Accessories,B002G9UDYG
29,AEPZMBRGSJA5WIFHBYBGWNRAYJMQ,"December 15, 2018",good product,god product works as needed,yes,0,5.0,https://www.amazon.ca/GBC-1122897-Badge-Holder-Clothing/dp/B0006VO7TI/ref=cm_cr_srp_d_product_top?ie=UTF8,2020-09-18 18:56:22.089050,2020-09-18 18:56:29.391409,Jason Landry,Clothing & Accessories,B002G9UDYG
30,AEPZMBRGSJA5WIFHBYBGWNRAYJMQ,"December 15, 2018",decent product,"not rapela but will work for budget minded people, midrange quality",yes,0,3.0,https://www.amazon.ca/Bravefishermen-Minnow-Baits-Fishing-Lures/dp/B010V2TWKK/ref=cm_cr_srp_d_product_top?ie=UTF8,2020-09-18 18:56:36.480419,2020-09-18 18:56:42.763807,Jason Landry,Clothing & Accessories,B002G9UDYG
31,AEPZMBRGSJA5WIFHBYBGWNRAYJMQ,"December 15, 2018",good quality,"worked well, no scratches",yes,0,4.0,https://www.amazon.ca/Madden-NFL-13-X360-Standard/dp/B007H2VEC2/ref=cm_cr_srp_d_product_top?ie=UTF8,2020-09-18 18:56:52.858293,2020-09-18 18:56:59.155397,Jason Landry,Clothing & Accessories,B002G9UDYG
32,AEPZMBRGSJA5WIFHBYBGWNRAYJMQ,"December 15, 2018",decent product,"decent product, not a rapela but will work on a budget",yes,0,3.0,https://www.amazon.ca/Bravefishermen-Minnow-Baits-Fishing-Lures/dp/B010V2TW28/ref=cm_cr_srp_d_product_top?ie=UTF8,2020-09-18 18:57:06.247388,2020-09-18 18:57:14.532081,Jason Landry,Clothing & Accessories,B002G9UDYG
33,AEPZMBRGSJA5WIFHBYBGWNRAYJMQ,"December 15, 2018",great bait,works almost as good as worms for trout,yes,0,5.0,https://www.amazon.ca/Berkley-Extruded-Earthworm-Chartreuse-1-1-Ounce/dp/B0012INO52/ref=cm_cr_srp_d_product_top?ie=UTF8,2020-09-18 18:57:22.627841,2020-09-18 18:57:28.922146,Jason Landry,Clothing & Accessories,B002G9UDYG
34,AEPZMBRGSJA5WIFHBYBGWNRAYJMQ,"December 15, 2018",decent product,"used for a airsoft rifle, would not want for an actual gun",yes,0,3.0,https://www.amazon.ca/Barska-AC10730-Rimfire-4X20-Riflescope/dp/B001JJCI0Q/ref=cm_cr_srp_d_product_top?ie=UTF8,2020-09-18 18:57:37.022853,2020-09-18 18:57:45.275927,Jason Landry,Clothing & Accessories,B002G9UDYG
35,AEPZMBRGSJA5WIFHBYBGWNRAYJMQ,"December 15, 2018",good book,"good book, learned a lot about etf's",yes,0,4.0,https://www.amazon.ca/Exchange-Traded-Funds-Canadians-Dummies-Russell/dp/1118524578/ref=cm_cr_srp_d_product_top?ie=UTF8,2020-09-18 18:57:55.368804,2020-09-18 18:58:02.692863,Jason Landry,Clothing & Accessories,B002G9UDYG
36,AEPZMBRGSJA5WIFHBYBGWNRAYJMQ,"December 15, 2018",good product,no problems works as described,yes,0,4.0,https://www.amazon.ca/AmazonBasics-High-Speed-HDMI-Cable-2-Pack/dp/B0052SCU8U/ref=cm_cr_srp_d_product_top?ie=UTF8,2020-09-18 18:58:11.789146,2020-09-18 18:58:21.058486,Jason Landry,Clothing & Accessories,B002G9UDYG
37,AEPZMBRGSJA5WIFHBYBGWNRAYJMQ,"December 15, 2018",good product,"good product, replaced burned out power cord,",yes,0,4.0,https://www.amazon.ca/StarTech-com-PXT101NB-Standard-Laptop-6-Feet/dp/B00006HY9N/ref=cm_cr_srp_d_product_top?ie=UTF8,2020-09-18 18:58:30.149967,2020-09-18 18:58:36.404435,Jason Landry,Clothing & Accessories,B002G9UDYG
38,AEPZMBRGSJA5WIFHBYBGWNRAYJMQ,"December 15, 2018",good product,"sent as a gift, no complaints from people that received the gift",yes,0,4.0,https://www.amazon.ca/Company-Musical-Monster-Discontinued-Manufacturer/dp/B009HMUPZM/ref=cm_cr_srp_d_product_top?ie=UTF8,2020-09-18 18:58:44.499906,2020-09-18 18:58:53.840929,Jason Landry,Clothing & Accessories,B002G9UDYG
39,AEPZMBRGSJA5WIFHBYBGWNRAYJMQ,"December 15, 2018",great product,"great product, no problems covers scratches well",yes,0,5.0,https://www.amazon.ca/Meguiars-G10307C-Scratch-X-2-0/dp/B00F653FO2/ref=cm_cr_srp_d_product_top?ie=UTF8,2020-09-18 18:59:03.939884,2020-09-18 18:59:11.287029,Jason Landry,Clothing & Accessories,B002G9UDYG
40,AEPZMBRGSJA5WIFHBYBGWNRAYJMQ,"December 15, 2018",great product,great product,yes,0,5.0,https://www.amazon.ca/Meguiars-G17516C-Ultimate-Quik-Wax/dp/B00F653LF0/ref=cm_cr_srp_d_product_top?ie=UTF8,2020-09-18 18:59:20.380425,2020-09-18 18:59:29.626068,Jason Landry,Clothing & Accessories,B002G9UDYG
41,AEPZMBRGSJA5WIFHBYBGWNRAYJMQ,"December 15, 2018",arrived as described,"works good, no scratches",yes,0,4.0,https://www.amazon.ca/Destroyer-Blu-ray-Bilingual-Arnold-Schwarzenegger/dp/B00509KXVC/ref=cm_cr_srp_d_product_top?ie=UTF8,2020-09-18 18:59:38.721514,2020-09-18 18:59:45.012016,Jason Landry,Clothing & Accessories,B002G9UDYG
42,AEPZMBRGSJA5WIFHBYBGWNRAYJMQ,"December 15, 2018",not that good,"decent product, nuts will fall off and require to be treadlocked, spray pattern will lose power after a few feet",yes,0,2.0,https://www.amazon.ca/Pressure-Washer-Nozzle-Outdoor-Washing/dp/B075V156Q6/ref=cm_cr_srp_d_product_top?ie=UTF8,2020-09-18 18:59:55.103863,2020-09-18 19:00:04.378404,Jason Landry,Clothing & Accessories,B002G9UDYG
43,AEPZMBRGSJA5WIFHBYBGWNRAYJMQ,"December 15, 2018",snow mover,"moves a lot of snow, good reach",yes,0,5.0,https://www.amazon.ca/Snow-Joe-SJBLZD-Telescoping-Scraper/dp/B008FV5R0Y/ref=cm_cr_srp_d_product_top?ie=UTF8,2020-09-18 19:00:11.472132,2020-09-18 19:00:19.726631,Jason Landry,Clothing & Accessories,B002G9UDYG
44,AEPZMBRGSJA5WIFHBYBGWNRAYJMQ,"December 15, 2018",fast shipping,product arrived as described,yes,0,4.0,https://www.amazon.ca/Armor-All-18378-Complete-Care/dp/B06Y6MVJM2/ref=cm_cr_srp_d_product_top?ie=UTF8,2020-09-18 19:00:27.819448,2020-09-18 19:00:36.062482,Jason Landry,Clothing & Accessories,B002G9UDYG
45,AEPZMBRGSJA5WIFHBYBGWNRAYJMQ,"December 15, 2018",work good,have yet to test in the field but sounds like feeding ducks,yes,0,4.0,https://www.amazon.ca/Primos-829-Feedin-Mallard-Call/dp/B000PW7970/ref=cm_cr_srp_d_product_top?ie=UTF8,2020-09-18 19:00:46.153342,2020-09-18 19:00:55.416243,Jason Landry,Clothing & Accessories,B002G9UDYG
46,AEPZMBRGSJA5WIFHBYBGWNRAYJMQ,"September 10, 2018",Four Stars,"works greats, no complains",yes,0,4.0,https://www.amazon.ca/Task-Tools-T35516-Hatchet-Sharpening/dp/B00A4CK8TW/ref=cm_cr_srp_d_product_top?ie=UTF8,2020-09-18 19:01:04.505511,2020-09-18 19:01:12.802203,Jason Landry,Clothing & Accessories,B002G9UDYG
47,AEPZMBRGSJA5WIFHBYBGWNRAYJMQ,"September 10, 2018",Four Stars,"great book, recommend to anyone",yes,0,4.0,https://www.amazon.ca/Unfu-Yourself-Your-Head-into/dp/0062803832/ref=cm_cr_srp_d_product_top?ie=UTF8,2020-09-18 19:01:22.894009,2020-09-18 19:01:30.139321,Jason Landry,Clothing & Accessories,B002G9UDYG
48,AEPZMBRGSJA5WIFHBYBGWNRAYJMQ,"September 10, 2018",Two Stars,"did not work with my camera
but the cord looked good",yes,0,2.0,https://www.amazon.ca/Nikon-25604-UC-E6-USB-Cable/dp/B0000A1VS3/ref=cm_cr_srp_d_product_top?ie=UTF8,2020-09-18 19:01:39.233498,2020-09-18 19:01:45.565897,Jason Landry,Clothing & Accessories,B002G9UDYG
49,AEPZMBRGSJA5WIFHBYBGWNRAYJMQ,"September 10, 2018",Four Stars,"works great, no concerns",yes,0,4.0,https://www.amazon.ca/Yost-Vises-L65WW-Hobby-Working/dp/B00SIQ1DGS/ref=cm_cr_srp_d_product_top?ie=UTF8,2020-09-18 19:01:52.656069,2020-09-18 19:02:01.907608,Jason Landry,Clothing & Accessories,B002G9UDYG
50,AEPZMBRGSJA5WIFHBYBGWNRAYJMQ,"August 29, 2018",Decent product,Slight amount of trimming need to fit gun but worked well,yes,0,4.0,https://www.amazon.ca/Hunting-Shooting-Butt-Stock-Recoil/dp/B06XB87M9K/ref=cm_cr_srp_d_product_top?ie=UTF8,2020-09-18 19:02:10.997693,2020-09-18 19:02:19.282602,Jason Landry,Clothing & Accessories,B002G9UDYG
51,AEPZMBRGSJA5WIFHBYBGWNRAYJMQ,"August 29, 2018",Good product with the right drain,"Good product, catches the hair will, we have a pop down drain stopper but does not work well with that. Water drains slow and collects in the tub",no,0,3.0,https://www.amazon.ca/TubShroom-TSBLU454-Revolutionary-Protector-Strainer/dp/B01BYRMGCC/ref=cm_cr_srp_d_product_top?ie=UTF8,2020-09-18 19:02:29.374586,2020-09-18 19:02:35.636729,Jason Landry,Clothing & Accessories,B002G9UDYG
52,AEPZMBRGSJA5WIFHBYBGWNRAYJMQ,"April 3, 2018",Four Stars,good,yes,0,4.0,https://www.amazon.ca/Royal-Flag-Charger-Charging-Connector/dp/B01FSFUVGE/ref=cm_cr_srp_d_product_top?ie=UTF8,2020-09-18 19:02:44.724678,2020-09-18 19:02:52.997896,Jason Landry,Clothing & Accessories,B002G9UDYG
53,AEPZMBRGSJA5WIFHBYBGWNRAYJMQ,"March 29, 2018",Four Stars,good product,yes,0,4.0,https://www.amazon.ca/Millionaire-Next-Thomas-Stanley-Ph-D/dp/0671015206/ref=cm_cr_srp_d_product_top?ie=UTF8,2020-09-18 19:03:00.082211,2020-09-18 19:03:06.325988,Jason Landry,Clothing & Accessories,B002G9UDYG
54,AEPZMBRGSJA5WIFHBYBGWNRAYJMQ,"March 29, 2018",Four Stars,product as advertised,yes,0,4.0,https://www.amazon.ca/OtterBox-COMMUTER-iPhone-Case-Packaging/dp/B00N1XBTJO/ref=cm_cr_srp_d_product_top?ie=UTF8,2020-09-18 19:03:13.416961,2020-09-18 19:03:19.677097,Jason Landry,Clothing & Accessories,B002G9UDYG
55,AEPZMBRGSJA5WIFHBYBGWNRAYJMQ,"March 29, 2018",One Star,2/3 did not work. returned,yes,0,1.0,https://www.amazon.ca/dp/B073SNN8T8/ref=cm_cr_srp_d_product_top?ie=UTF8,2020-09-18 19:03:26.771271,2020-09-18 19:03:36.014464,Jason Landry,Clothing & Accessories,B002G9UDYG
56,AEPZMBRGSJA5WIFHBYBGWNRAYJMQ,"March 29, 2018",Four Stars,"fits right, seems to work well",yes,0,4.0,https://www.amazon.ca/Ink-MFC-J5910DW-MFC-J6510DW-Toner-You/dp/B00QIZ2P5Y/ref=cm_cr_srp_d_product_top?ie=UTF8,2020-09-18 19:03:44.104303,2020-09-18 19:03:53.323557,Jason Landry,Clothing & Accessories,B002G9UDYG
57,AEPZMBRGSJA5WIFHBYBGWNRAYJMQ,"March 29, 2018",Five Stars,works great,yes,0,5.0,https://www.amazon.ca/TruXedo-1704998-B-Light-Battery-Lighting/dp/B00BKWTGHK/ref=cm_cr_srp_d_product_top?ie=UTF8,2020-09-18 19:04:01.412351,2020-09-18 19:04:08.674498,Jason Landry,Clothing & Accessories,B002G9UDYG
58,AEPZMBRGSJA5WIFHBYBGWNRAYJMQ,"March 29, 2018",Four Stars,quick shipping works great,yes,0,5.0,https://www.amazon.ca/dp/B076NJVGCV/ref=cm_cr_srp_d_product_top?ie=UTF8,2020-09-18 19:04:16.767515,2020-09-18 19:04:24.045505,Jason Landry,Clothing & Accessories,B002G9UDYG
59,AEPZMBRGSJA5WIFHBYBGWNRAYJMQ,"February 18, 2018","good product, gun will slip a bit in the ...","good product, gun will slip a bit in the holster but works well, aids with a faster draw for upland birds.",yes,0,4.0,https://www.amazon.ca/Peregrine-Field-Gear-Quick-Shot-Synthetic/dp/B0053BTTZ8/ref=cm_cr_srp_d_product_top?ie=UTF8,2020-09-18 19:04:32.139477,2020-09-18 19:04:41.455151,Jason Landry,Clothing & Accessories,B002G9UDYG
60,AEPZMBRGSJA5WIFHBYBGWNRAYJMQ,"February 18, 2018",Five Stars,works great,yes,0,5.0,https://www.amazon.ca/Dee-Zee-DZ43204-Tailgate-current/dp/B01AP2BNS0/ref=cm_cr_srp_d_product_top?ie=UTF8,2020-09-18 19:04:51.551368,2020-09-18 19:04:58.850133,Jason Landry,Clothing & Accessories,B002G9UDYG
61,AEPZMBRGSJA5WIFHBYBGWNRAYJMQ,"February 18, 2018",Four Stars,"as advertised, appears to be well made. time will tell",yes,0,4.0,https://www.amazon.ca/iPad-Case-Rotating-Camouflage-Generation/dp/B015YYGJKG/ref=cm_cr_srp_d_product_top?ie=UTF8,2020-09-18 19:05:06.948276,2020-09-18 19:05:15.212521,Jason Landry,Clothing & Accessories,B002G9UDYG
62,AEPZMBRGSJA5WIFHBYBGWNRAYJMQ,"January 29, 2018",Five Stars,super bright. works great. evennif it only lasts next hunting season worth the price,yes,0,5.0,https://www.amazon.ca/dp/B06WGR8S5X/ref=cm_cr_srp_d_product_top?ie=UTF8,2020-09-18 19:05:23.297340,2020-09-18 19:05:30.610680,Jason Landry,Clothing & Accessories,B002G9UDYG
63,AEPZMBRGSJA5WIFHBYBGWNRAYJMQ,"January 29, 2018",worked great so far no,"exact fit, worked great so far no leaks",yes,0,5.0,https://www.amazon.ca/Dishwasher-Frigidaire-AP4321824-PS1990907-154637401/dp/B01HUDGLM0/ref=cm_cr_srp_d_product_top?ie=UTF8,2020-09-18 19:05:39.701731,2020-09-18 19:05:48.026333,Jason Landry,Clothing & Accessories,B002G9UDYG
64,AEPZMBRGSJA5WIFHBYBGWNRAYJMQ,"December 15, 2017",Two Stars,"poor quality, returned",no,0,2.0,https://www.amazon.ca/Aenmil%C2%AE-Lightweight-Magnifying-Illuminated-Magnifier/dp/B00X9XFIY8/ref=cm_cr_srp_d_product_top?ie=UTF8,2020-09-18 19:05:58.118748,2020-09-18 19:06:05.392154,Jason Landry,Clothing & Accessories,B002G9UDYG
65,AEPZMBRGSJA5WIFHBYBGWNRAYJMQ,"December 15, 2017",One Star,poor lens quality...bulkier than expected. returned,yes,0,1.0,https://www.amazon.ca/Foriji-Monocular-Telescope-Camping-Hunting/dp/B01N8QXS2O/ref=cm_cr_srp_d_product_top?ie=UTF8,2020-09-18 19:06:13.484151,2020-09-18 19:06:20.732432,Jason Landry,Clothing & Accessories,B002G9UDYG
66,AEPZMBRGSJA5WIFHBYBGWNRAYJMQ,"August 4, 2017",Four Stars,"product as advertised,",yes,0,4.0,https://www.amazon.ca/ARKON-Floor-iPhone-Samsung-Galaxy/dp/B00PD1XOVI/ref=cm_cr_srp_d_product_top?ie=UTF8,2020-09-18 19:06:27.824888,2020-09-18 19:06:35.069261,Jason Landry,Clothing & Accessories,B002G9UDYG
67,AEPZMBRGSJA5WIFHBYBGWNRAYJMQ,"March 25, 2017",Five Stars,"received quickly, product as described",yes,0,5.0,https://www.amazon.ca/Neatest-Little-Guide-Market-Investing/dp/0452298628/ref=cm_cr_srp_d_product_top?ie=UTF8,2020-09-18 19:06:45.170232,2020-09-18 19:06:51.443018,Jason Landry,Clothing & Accessories,B002G9UDYG
68,AEPZMBRGSJA5WIFHBYBGWNRAYJMQ,"February 11, 2017",Five Stars,"received product quickly, used and worked well",yes,0,5.0,https://www.amazon.ca/Milescraft-5341-Counter-Bit-4-Piece/dp/B0055HPIOQ/ref=cm_cr_srp_d_product_top?ie=UTF8,2020-09-18 19:06:59.536239,2020-09-18 19:07:08.866455,Jason Landry,Clothing & Accessories,B002G9UDYG
69,AEPZMBRGSJA5WIFHBYBGWNRAYJMQ,"December 15, 2016",Four Stars,good quality for a replica jersey,yes,One,4.0,https://www.amazon.ca/Denver-Broncos-Miller-Jersey-Medium/dp/B01CALVU7S/ref=cm_cr_srp_d_product_top?ie=UTF8,2020-09-18 19:07:16.956242,2020-09-18 19:07:23.224415,Jason Landry,Clothing & Accessories,B002G9UDYG
70,AEPZMBRGSJA5WIFHBYBGWNRAYJMQ,"December 15, 2016","good quality, shipping was a bit","as described, good quality, shipping was a bit slow",yes,0,4.0,https://www.amazon.ca/Game-30th-Anniversary-Ken-Dryden/dp/1443427926/ref=cm_cr_srp_d_product_top?ie=UTF8,2020-09-18 19:07:31.323806,2020-09-18 19:07:37.584273,Jason Landry,Clothing & Accessories,B002G9UDYG
71,AEPZMBRGSJA5WIFHBYBGWNRAYJMQ,"December 15, 2016",good quality. fits my 16 and 12 gauge,"works well, good quality. fits my 16 and 12 gauge shells",yes,0,4.0,https://www.amazon.ca/Allen-Pouch-Shotguns-Shell-Loops/dp/B004W2KRP0/ref=cm_cr_srp_d_product_top?ie=UTF8,2020-09-18 19:07:45.678732,2020-09-18 19:07:51.984900,Jason Landry,Clothing & Accessories,B002G9UDYG
72,AEPZMBRGSJA5WIFHBYBGWNRAYJMQ,"December 15, 2016",Four Stars,product as described,yes,0,4.0,https://www.amazon.ca/Berkley-Earthworm-Wiggler-1-Inch-42-Pack/dp/B000BJJVQ4/ref=cm_cr_srp_d_product_top?ie=UTF8,2020-09-18 19:07:59.078734,2020-09-18 19:08:07.344730,Jason Landry,Clothing & Accessories,B002G9UDYG
73,AEPZMBRGSJA5WIFHBYBGWNRAYJMQ,"August 15, 2016",Five Stars,"quick deliver, product worked perfecr",yes,0,5.0,https://www.amazon.ca/Gasket-Rubber-3-Pack-Gasket-Osterizer/dp/B00KB6YSJM/ref=cm_cr_srp_d_product_top?ie=UTF8,2020-09-18 19:08:14.437539,2020-09-18 19:08:22.730368,Jason Landry,Clothing & Accessories,B002G9UDYG
74,AEPZMBRGSJA5WIFHBYBGWNRAYJMQ,"January 19, 2016",One Star,"only received one charging cord, very slow shipping for product. would not buy again",yes,One,1.0,https://www.amazon.ca/SAMSUNG-2-Amp-Charger-Adapter-Non-Retail-Packaging/dp/B00U0BUD1U/ref=cm_cr_srp_d_product_top?ie=UTF8,2020-09-18 19:08:30.822443,2020-09-18 19:08:40.052884,Jason Landry,Clothing & Accessories,B002G9UDYG
75,AEPZMBRGSJA5WIFHBYBGWNRAYJMQ,"January 19, 2016",slow shipping,"incredibly slow shipping, product arrived as described",yes,0,3.0,https://www.amazon.ca/dp/B0196HRUN2/ref=cm_cr_srp_d_product_top?ie=UTF8,2020-09-18 19:08:49.139823,2020-09-18 19:08:57.454198,Jason Landry,Clothing & Accessories,B002G9UDYG
76,AEPZMBRGSJA5WIFHBYBGWNRAYJMQ,"January 29, 2015",Four Stars,"good product, works well, very slow shipping, ordered around dec 1, arrived after christmas by a week or more",yes,0,4.0,https://www.amazon.ca/dp/B00JJGLY0Q/ref=cm_cr_srp_d_product_top?ie=UTF8,2020-09-18 19:09:07.546728,2020-09-18 19:09:14.810176,Jason Landry,Clothing & Accessories,B002G9UDYG
77,AEPZMBRGSJA5WIFHBYBGWNRAYJMQ,"August 10, 2014",Four Stars,Performed to expectations,yes,0,4.0,https://www.amazon.ca/dp/B00BN69K0G/ref=cm_cr_srp_d_product_top?ie=UTF8,2020-09-18 19:09:21.904677,2020-09-18 19:09:30.152980,Jason Landry,Clothing & Accessories,B002G9UDYG
