,author_id,date_review_posted,review_title,reviews,verified_purchase,people_find_helpful,ratings,product_url,start,end,reviewer_name,product_category,product_id
0,AESKPLK5T77JEQVRQ7F5Y2GV4KTQ,"July 22, 2020",Comfortable and good quality,"The sweats are comfortable and good quality the only downside is it is a bit long for a medium but also im short so yeaaaahhhh knoww
overall item is what I expected, Thank you.",yes,0,5.0,https://www.amazon.ca/Tommy-Hilfiger-Mens-Fleece-Sweatpants/dp/B0785R6PTB/ref=cm_cr_srp_d_product_top?ie=UTF8,2020-09-18 13:29:56.006686,2020-09-18 13:30:03.268476,Jeffrey A.,Clothing & Accessories,B002G9UDYG
1,AESKPLK5T77JEQVRQ7F5Y2GV4KTQ,"July 22, 2020",Great and comfy sweater,"Looks even better in person, the quality is great and the material is comfortable to wear.",yes,0,5.0,https://www.amazon.ca/Lacoste-Sleeve-Graphic-Fleece-Sweatshirt/dp/B07SRWZRKY/ref=cm_cr_srp_d_product_top?ie=UTF8,2020-09-18 13:30:13.382885,2020-09-18 13:30:19.668885,Jeffrey A.,Clothing & Accessories,B002G9UDYG
2,AESKPLK5T77JEQVRQ7F5Y2GV4KTQ,"July 22, 2020",Exactly what I was looking for,"This is exactly what is advertised, I am very happy with my purchase.
Easy to apply the sticker
Looks great have had many complements already
5 Star
Thank you",yes,0,5.0,https://www.amazon.ca/Totoro-Looking-Neighbor-MacBook-Sticker/dp/B00Z89YBD0/ref=cm_cr_srp_d_product_top?ie=UTF8,2020-09-18 13:30:27.798106,2020-09-18 13:30:38.399376,Jeffrey A.,Clothing & Accessories,B002G9UDYG
3,AESKPLK5T77JEQVRQ7F5Y2GV4KTQ,"June 22, 2020",Good purchase,"The purchase is good, The sizing is a bit off I found it a bit small for my liking, the material is soft but not as soft as other sweaters in this price range. I have purchased these sweaters before and know what to expect, if you are searching for a casual shirt for cheap I would recommend this as a purchase.",yes,0,3.0,https://www.amazon.ca/Hanes-Ecosmart-Fleece-Sweatshirt-Forest/dp/B01L8JJ87W/ref=cm_cr_srp_d_product_top?ie=UTF8,2020-09-18 13:30:46.520985,2020-09-18 13:30:54.745415,Jeffrey A.,Clothing & Accessories,B002G9UDYG
4,AESKPLK5T77JEQVRQ7F5Y2GV4KTQ,"June 22, 2020",Good purchase,Good purchase,yes,0,5.0,https://www.amazon.ca/Hasbro-E5872AS00-Rangers-Mighty-Ranger/dp/B07FCWV3P2/ref=cm_cr_srp_d_product_top?ie=UTF8,2020-09-18 13:31:02.878175,2020-09-18 13:31:09.120171,Jeffrey A.,Clothing & Accessories,B002G9UDYG
5,AESKPLK5T77JEQVRQ7F5Y2GV4KTQ,"June 22, 2020",Good purchase,"They love it and all the other ""mega mighties"" I suggest any parent with a super hero loving child purchase these for them, you will not be sorry.",yes,0,4.0,https://www.amazon.ca/Playskool-Adventures-Mighties-Spider-Man-Collectible/dp/B07FDHL4QR/ref=cm_cr_srp_d_product_top?ie=UTF8,2020-09-18 13:31:18.248341,2020-09-18 13:31:27.763337,Jeffrey A.,Clothing & Accessories,B002G9UDYG
6,AESKPLK5T77JEQVRQ7F5Y2GV4KTQ,"June 22, 2020",Good purchase,"I have bought about several of these ""mega mighties"" for my nephew and he loves each and every single one of them, great for a child that loves super heroes and power ranger.",yes,One,5.0,https://www.amazon.ca/Hasbro-Playskool-Heroes-Mighties-Rangers/dp/B07KZBR9MP/ref=cm_cr_srp_d_product_top?ie=UTF8,2020-09-18 13:31:35.886214,2020-09-18 13:31:45.118897,Jeffrey A.,Clothing & Accessories,B002G9UDYG
7,AESKPLK5T77JEQVRQ7F5Y2GV4KTQ,"June 22, 2020",Good purchase,"If your little one loves super heroes and likes to pretend to beat up their toys by throwing it around and abusing it by smashing other toys together in an epic battle between good and evil, THIS IS FOR THEM",yes,0,5.0,https://www.amazon.ca/Hasbro-Playskool-Adventures-Mighties-Collectible/dp/B07N9H9YLT/ref=cm_cr_srp_d_product_top?ie=UTF8,2020-09-18 13:31:53.213610,2020-09-18 13:32:00.447604,Jeffrey A.,Clothing & Accessories,B002G9UDYG
8,AESKPLK5T77JEQVRQ7F5Y2GV4KTQ,"June 22, 2020",Worth the money,"This is the 3rd wireless mouse I have purchased and by far my favorite one out of all 3, The battery life is as expected not really a concern, the comfort is a pleasant plus along with the noiseless clicking.",yes,0,5.0,https://www.amazon.ca/Jelly-Comb-Wireless-Receiver-Portable/dp/B01NBHVL0R/ref=cm_cr_srp_d_product_top?ie=UTF8,2020-09-18 13:32:07.569954,2020-09-18 13:32:17.299789,Jeffrey A.,Clothing & Accessories,B002G9UDYG
9,AESKPLK5T77JEQVRQ7F5Y2GV4KTQ,"June 22, 2020",Good purchase,"After waiting almost 2 months for the product, I was not disappointed, Thank you
the product is well built and the kids love it.
MINE CAME WITH A MAT ;)",yes,0,5.0,https://www.amazon.ca/Teepee-Children-Chevron-Tiny-Land/dp/B07529Y82K/ref=cm_cr_srp_d_product_top?ie=UTF8,2020-09-18 13:32:27.414812,2020-09-18 13:32:37.758075,Jeffrey A.,Clothing & Accessories,B002G9UDYG
10,AESKPLK5T77JEQVRQ7F5Y2GV4KTQ,"June 22, 2020",Worth it,"I purchased this because my old Bosch coffee maker died out on me and it was a great purchase, well worth the money.",yes,0,5.0,https://www.amazon.ca/Keurig-K-Select-Coffee-Maker-Matte/dp/B07B8SQXL2/ref=cm_cr_srp_d_product_top?ie=UTF8,2020-09-18 13:32:44.896529,2020-09-18 13:32:54.140068,Jeffrey A.,Clothing & Accessories,B002G9UDYG
11,AESKPLK5T77JEQVRQ7F5Y2GV4KTQ,"June 22, 2020",Exactly what I needed,"I want to cover all the cables and wiring after I installed a floating t.v shelf and mounted the t.v. This purchase was exactly what I required and now I have no visible wires taking away from the look of my set up.
Thank you",yes,0,5.0,https://www.amazon.ca/Datacomm-50-3338-Wh-Kit-Mount-Cable-Organizer/dp/B003N7NJBY/ref=cm_cr_srp_d_product_top?ie=UTF8,2020-09-18 13:33:02.226684,2020-09-18 13:33:10.547355,Jeffrey A.,Clothing & Accessories,B002G9UDYG
12,AESKPLK5T77JEQVRQ7F5Y2GV4KTQ,"June 22, 2020",Good purchase,"Great purchase for my 3 yr old nephew loves all the ""mega mighties""",yes,0,5.0,https://www.amazon.ca/Playskool-Mighties-Rangers-Morphin-Collectible/dp/B07VVZJXD1/ref=cm_cr_srp_d_product_top?ie=UTF8,2020-09-18 13:33:18.672794,2020-09-18 13:33:29.306565,Jeffrey A.,Clothing & Accessories,B002G9UDYG
13,AESKPLK5T77JEQVRQ7F5Y2GV4KTQ,"June 22, 2020",Good purchase,"My nephew love's it, very well made product and sturdiness for a 3 yr old.",yes,0,5.0,https://www.amazon.ca/Playskool-Adventures-Mighties-Collectible-10-Inch/dp/B07FDJRDX1/ref=cm_cr_srp_d_product_top?ie=UTF8,2020-09-18 13:33:37.431144,2020-09-18 13:33:43.742972,Jeffrey A.,Clothing & Accessories,B002G9UDYG
14,AESKPLK5T77JEQVRQ7F5Y2GV4KTQ,"June 22, 2020",Good purchase,"I had purchased this for my nephew and he loves it, I have to get all of them now.",yes,0,5.0,https://www.amazon.ca/Hasbro-E5873AS00-Rangers-Mighty-Ranger/dp/B07FCWXCQV/ref=cm_cr_srp_d_product_top?ie=UTF8,2020-09-18 13:33:53.860005,2020-09-18 13:34:04.000221,Jeffrey A.,Clothing & Accessories,B002G9UDYG
15,AESKPLK5T77JEQVRQ7F5Y2GV4KTQ,"June 21, 2020",Fit,"Comfortable shirt, prefer the v neck style these shirts are a bit on the longer side.",yes,0,2.0,https://www.amazon.ca/Tommy-Hilfiger-Sleeve-T-Shirt-Medium/dp/B01N2Z676D/ref=cm_cr_srp_d_product_top?ie=UTF8,2020-09-18 13:34:11.099750,2020-09-18 13:34:20.803847,Jeffrey A.,Clothing & Accessories,B002G9UDYG
16,AESKPLK5T77JEQVRQ7F5Y2GV4KTQ,"May 22, 2020",fit is small,medium is too small quality seems a little off,yes,0,4.0,https://www.amazon.ca/Tommy-Hilfiger-Crewneck-Sweatshirt-Classic/dp/B07W5RCYGK/ref=cm_cr_srp_d_product_top?ie=UTF8,2020-09-18 13:34:27.908355,2020-09-18 13:34:39.584190,Jeffrey A.,Clothing & Accessories,B002G9UDYG
17,AESKPLK5T77JEQVRQ7F5Y2GV4KTQ,"March 18, 2020",good product for price,fits well product is thin but to be expected for price have purchased multiple colors and all have bin as expected will purchase from seller again,yes,0,3.0,https://www.amazon.ca/Hanes-EcoSmart-Fleece-Sweatshirt-Maroon/dp/B071WWY31N/ref=cm_cr_srp_d_product_top?ie=UTF8,2020-09-18 13:34:48.686593,2020-09-18 13:35:02.788834,Jeffrey A.,Clothing & Accessories,B002G9UDYG
18,AESKPLK5T77JEQVRQ7F5Y2GV4KTQ,"March 18, 2020",4 Star,"fits well and keeps my head warm
Got electricians heated wearing carhart like nah i don't know how to fix your breaker but i look like i do",yes,0,4.0,https://www.amazon.ca/Carhartt-Acrylic-Watch-Black-Size/dp/B002G9UDYG/ref=cm_cr_srp_d_product_top?ie=UTF8,2020-09-18 13:35:10.876435,2020-09-18 13:35:19.768599,Jeffrey A.,Clothing & Accessories,B002G9UDYG
19,AESKPLK5T77JEQVRQ7F5Y2GV4KTQ,"March 18, 2020",5 Star,Very stylish product as described also makes me look even better 5 Star,yes,0,5.0,https://www.amazon.ca/CoolBELL-Convertible-Messenger-Briefcase-Multi-Functional/dp/B07D7SNXX6/ref=cm_cr_srp_d_product_top?ie=UTF8,2020-09-18 13:35:26.880207,2020-09-18 13:35:40.522839,Jeffrey A.,Clothing & Accessories,B002G9UDYG
20,AESKPLK5T77JEQVRQ7F5Y2GV4KTQ,"March 18, 2020",Brim long?,Hat fits nice would purchase again,yes,0,4.0,https://www.amazon.ca/Tommy-Hilfiger-Mens-Baseball-Black/dp/B076KHCFVK/ref=cm_cr_srp_d_product_top?ie=UTF8,2020-09-18 13:35:47.646430,2020-09-18 13:35:54.497411,Jeffrey A.,Clothing & Accessories,B002G9UDYG
21,AESKPLK5T77JEQVRQ7F5Y2GV4KTQ,"March 18, 2020",Nice,"ITS SOFT comfortable... the buttons work and stuff
doesn't make you look gang affiliated at all so that was refreshing
might buy another one... and another one*DJ Khalid Voice",yes,0,4.0,https://www.amazon.ca/Wrangler-Authentics-Sleeve-Fleece-Buffalo/dp/B00XH990VG/ref=cm_cr_srp_d_product_top?ie=UTF8,2020-09-18 13:36:01.615925,2020-09-18 13:36:14.004686,Jeffrey A.,Clothing & Accessories,B002G9UDYG
22,AESKPLK5T77JEQVRQ7F5Y2GV4KTQ,"March 18, 2020",WORKS,Works well no complaints would recommend,yes,0,5.0,https://www.amazon.ca/Multigroom-Cordless-Trimming-Accessories-Lithium-Ion/dp/B06WRLQL7Q/ref=cm_cr_srp_d_product_top?ie=UTF8,2020-09-18 13:36:21.086731,2020-09-18 13:36:29.065761,Jeffrey A.,Clothing & Accessories,B002G9UDYG
23,AESKPLK5T77JEQVRQ7F5Y2GV4KTQ,"March 18, 2020",NAH B,this trash... SoRrY,yes,0,1.0,https://www.amazon.ca/Wireless-Leolee-Noiseless-Receiver-Adjustment/dp/B07W639T4J/ref=cm_cr_srp_d_product_top?ie=UTF8,2020-09-18 13:36:36.170128,2020-09-18 13:36:54.285344,Jeffrey A.,Clothing & Accessories,B002G9UDYG
24,AESKPLK5T77JEQVRQ7F5Y2GV4KTQ,"March 18, 2020",5 Star,Jeans fit very well great color and have found no wear and tear as of yet will purchase from seller again,yes,0,5.0,https://www.amazon.ca/Tommy-Hilfiger-Original-Scanton-Comfort/dp/B079WB5LPY/ref=cm_cr_srp_d_product_top?ie=UTF8,2020-09-18 13:37:04.419390,2020-09-18 13:37:10.752096,Jeffrey A.,Clothing & Accessories,B002G9UDYG
25,AESKPLK5T77JEQVRQ7F5Y2GV4KTQ,"March 18, 2020",Thin but to be expected for pricing,Thin but expected fits well cannot complain due to pricing good purchase,yes,0,3.0,https://www.amazon.ca/Hanes-Pullover-EcoSmart-Fleece-Sweatshirt/dp/B071JYV6MZ/ref=cm_cr_srp_d_product_top?ie=UTF8,2020-09-18 13:37:19.854000,2020-09-18 13:37:29.950948,Jeffrey A.,Clothing & Accessories,B002G9UDYG
26,AESKPLK5T77JEQVRQ7F5Y2GV4KTQ,"March 18, 2020",5 Star,"I have purchased these chinos in many colors always fits perfect and looks great
WILL purchase from seller again",yes,0,5.0,https://www.amazon.ca/Tommy-Hilfiger-Chino-Pants-Black/dp/B07CBFYKT3/ref=cm_cr_srp_d_product_top?ie=UTF8,2020-09-18 13:37:37.047206,2020-09-18 13:37:45.342366,Jeffrey A.,Clothing & Accessories,B002G9UDYG
27,AESKPLK5T77JEQVRQ7F5Y2GV4KTQ,"March 18, 2020",Size runs larger but was expected,Exactly as advertised would buy from seller again,yes,0,5.0,https://www.amazon.ca/Tommy-Hilfiger-Hoodie-Shirt-Light/dp/B07XPWHPVR/ref=cm_cr_srp_d_product_top?ie=UTF8,2020-09-18 13:37:55.463729,2020-09-18 13:38:04.757134,Jeffrey A.,Clothing & Accessories,B002G9UDYG
