,author_id,date_review_posted,review_title,reviews,verified_purchase,people_find_helpful,ratings,product_url,start,end,reviewer_name,product_category,product_id
0,AEZKHFP22FDXWAJ3CAPWX3MTHXQQ,"August 27, 2020",Defective seam,"The fit is great and they hadnt been worn yet because it was so hot (return window closed) the seam at the pocket tore on first wear.

Id like an exchange please!",yes,0,1.0,https://www.amazon.ca/Goodthreads-Slim-Fit-Vintage-Cargo-Depth/dp/B077S15K8C/ref=cm_cr_srp_d_product_top?ie=UTF8,2020-09-18 13:55:20.940218,2020-09-18 13:55:30.216685,Chloe,Clothing & Accessories,B002G9UDYG
1,AEZKHFP22FDXWAJ3CAPWX3MTHXQQ,"June 21, 2020",Not durable- broken after one month,Broke after one month but I loved them,yes,0,5.0,https://www.amazon.ca/Vintage-Round-Sunglasses-Polarized-Tortoise/dp/B073GP9BT4/ref=cm_cr_srp_d_product_top?ie=UTF8,2020-09-18 13:55:38.328379,2020-09-18 13:55:45.647736,Chloe,Clothing & Accessories,B002G9UDYG
2,AEZKHFP22FDXWAJ3CAPWX3MTHXQQ,"June 9, 2020",Great,My favorite sweater,yes,0,5.0,https://www.amazon.ca/Woolen-Bloom-Lightweight-Oversized-Sweaters/dp/B07V5TRHRN/ref=cm_cr_srp_d_product_top?ie=UTF8,2020-09-18 13:55:55.771651,2020-09-18 13:56:04.102848,Chloe,Clothing & Accessories,B002G9UDYG
3,AEZKHFP22FDXWAJ3CAPWX3MTHXQQ,"June 9, 2020",Small fit,Im a small medium and the mediums are too tight.,yes,2,2.0,https://www.amazon.ca/adidas-Womens-Squadra-Shorts-Medium/dp/B01HE3CL70/ref=cm_cr_srp_d_product_top?ie=UTF8,2020-09-18 13:56:13.208591,2020-09-18 13:56:19.550596,Chloe,Clothing & Accessories,B002G9UDYG
4,AEZKHFP22FDXWAJ3CAPWX3MTHXQQ,"June 9, 2020",Very flimsy - leans forward,"Very flimsy cannot stand on its own, one of the plastic connectors broke after a week. Light weight and compact, but can’t handle sneakers without leaning forward. It twists to the side and looks awful.",yes,0,1.0,https://www.amazon.ca/Organizer-Storage-Assembly-No-Required-10-Tier/dp/B07WCWTZ8S/ref=cm_cr_srp_d_product_top?ie=UTF8,2020-09-18 13:56:26.673327,2020-09-18 13:56:32.994282,Chloe,Clothing & Accessories,B002G9UDYG
5,AEZKHFP22FDXWAJ3CAPWX3MTHXQQ,"May 7, 2020",Great!,My favorite joggers,yes,0,5.0,https://www.amazon.ca/Starter-Womens-Soccer-Amazon-Exclusive/dp/B07D9J9GDW/ref=cm_cr_srp_d_product_top?ie=UTF8,2020-09-18 13:56:41.116212,2020-09-18 13:56:50.413354,Chloe,Clothing & Accessories,B002G9UDYG
6,AEZKHFP22FDXWAJ3CAPWX3MTHXQQ,"May 7, 2020",Nope,Quick shipping. Very flimsy and poor quality. Will be returning :(,yes,0,2.0,https://www.amazon.ca/Liesezhe-Breathable-Multi-Pockets-Photography-Waistcoat/dp/B07CVVJXC3/ref=cm_cr_srp_d_product_top?ie=UTF8,2020-09-18 13:56:59.524865,2020-09-18 13:57:05.827312,Chloe,Clothing & Accessories,B002G9UDYG
7,AEZKHFP22FDXWAJ3CAPWX3MTHXQQ,"April 19, 2020","Not air tight, huge gap, not well made","You cannot tell from the photo, but there is a 1/4 inch gap where air can come in on top. With confinement it will be difficult to return, but I am disappointed in the quality of this salt container especially for the price.",yes,0,2.0,https://www.amazon.ca/Now-Designs-Takenoko-Salt-White/dp/B00AZVI6SW/ref=cm_cr_srp_d_product_top?ie=UTF8,2020-09-18 13:57:12.948786,2020-09-18 13:57:19.270702,Chloe,Clothing & Accessories,B002G9UDYG
8,AEZKHFP22FDXWAJ3CAPWX3MTHXQQ,"April 7, 2020",Perfect except wobbly top part,"Hi! I love my new Brita, however the top doesn’t quite fit. Is there any way I can be sent a replacement top? There is definitely a pretty big wobble on top. Let me know otherwise perfect! Came super quickly despite hard times thank you.",yes,0,2.0,https://www.amazon.ca/Brita-Space-Filter-Pitcher-Replacement/dp/B00006IV0N/ref=cm_cr_srp_d_product_top?ie=UTF8,2020-09-18 13:57:29.397364,2020-09-18 13:57:35.701115,Chloe,Clothing & Accessories,B002G9UDYG
9,AEZKHFP22FDXWAJ3CAPWX3MTHXQQ,"February 27, 2020",Favorite Toy,"Our dog had lost his so I repurchased, his favorite toy :)",yes,0,5.0,https://www.amazon.ca/ROYAL-Gnawsome-Squeaker-Ball-2-5-Inch/dp/B00EPDRJQQ/ref=cm_cr_srp_d_product_top?ie=UTF8,2020-09-18 13:57:43.825283,2020-09-18 13:57:50.133523,Chloe,Clothing & Accessories,B002G9UDYG
10,AEZKHFP22FDXWAJ3CAPWX3MTHXQQ,"February 5, 2020",As expected,Great customer service!,yes,0,5.0,https://www.amazon.ca/Updated-Version-IIQ-Adapter-Chromebook/dp/B07X5YGHZH/ref=cm_cr_srp_d_product_top?ie=UTF8,2020-09-18 13:57:57.264100,2020-09-18 13:58:03.593208,Chloe,Clothing & Accessories,B002G9UDYG
11,AEZKHFP22FDXWAJ3CAPWX3MTHXQQ,"February 2, 2020",Great gift,My mother loved the kit,yes,0,5.0,https://www.amazon.ca/Anjou-Essential-Aromatherapy-Therapeutic-Fragrance/dp/B082TXS4GQ/ref=cm_cr_srp_d_product_top?ie=UTF8,2020-09-18 13:58:10.722518,2020-09-18 13:58:20.072258,Chloe,Clothing & Accessories,B002G9UDYG
12,AEZKHFP22FDXWAJ3CAPWX3MTHXQQ,"February 2, 2020",Would wear everyday,My favorite crewneck,yes,0,5.0,https://www.amazon.ca/Hanes-Ecosmart-Fleece-Sweatshirt-Black/dp/B01L8JJ57U/ref=cm_cr_srp_d_product_top?ie=UTF8,2020-09-18 13:58:30.170967,2020-09-18 13:58:39.465240,Chloe,Clothing & Accessories,B002G9UDYG
13,AEZKHFP22FDXWAJ3CAPWX3MTHXQQ,"February 2, 2020",Pilling+bad quality,Don’t expect quality. They pilled at the inner thighs on the first day of wear.,yes,0,2.0,https://www.amazon.ca/Fruit-Loom-Essentials-Charcoal-Heather/dp/B075KJK2XW/ref=cm_cr_srp_d_product_top?ie=UTF8,2020-09-18 13:58:47.592856,2020-09-18 13:58:53.878644,Chloe,Clothing & Accessories,B002G9UDYG
14,AEZKHFP22FDXWAJ3CAPWX3MTHXQQ,"January 29, 2020",Deffective,"My colleague has the same mouse and it stays charged for weeks it's fantastic, whereas mine uncharges and stops working after 2 hours.",yes,0,5.0,https://www.amazon.ca/Bluetooth-Mouse-Rechargeable-Wireless-Built/dp/B07H7HZ9WP/ref=cm_cr_srp_d_product_top?ie=UTF8,2020-09-18 13:59:03.986323,2020-09-18 13:59:13.252040,Chloe,Clothing & Accessories,B002G9UDYG
15,AEZKHFP22FDXWAJ3CAPWX3MTHXQQ,"November 20, 2019",Did not receive color pictured on photo,"I received a very light grey, instead of the pictured dark charcoal grey.
Very good quality however, i was disappointed in the color sent. I will wait to see if i am contacted for a replacement.",yes,4,2.0,https://www.amazon.ca/Rich-Cotton-Wool-Beanie-Merino/dp/B06WW5WY97/ref=cm_cr_srp_d_product_top?ie=UTF8,2020-09-18 13:59:20.365352,2020-09-18 13:59:29.703309,Chloe,Clothing & Accessories,B002G9UDYG
16,AEZKHFP22FDXWAJ3CAPWX3MTHXQQ,"September 26, 2019",Ok,It’s a bit dull in person but i love all my other bracelets from this seller.,yes,0,5.0,https://www.amazon.ca/Natural-Aventurine-Gemstone-Stretch-Bracelet/dp/B01N647XOK/ref=cm_cr_srp_d_product_top?ie=UTF8,2020-09-18 13:59:39.834189,2020-09-18 13:59:47.183777,Chloe,Clothing & Accessories,B002G9UDYG
17,AEZKHFP22FDXWAJ3CAPWX3MTHXQQ,"September 26, 2019",Great bike shorts.,Great fit. Love them,yes,0,5.0,https://www.amazon.ca/Queenie-Ke-Pockets-Running-Leggings/dp/B076CLCXCD/ref=cm_cr_srp_d_product_top?ie=UTF8,2020-09-18 13:59:54.302420,2020-09-18 14:00:00.608414,Chloe,Clothing & Accessories,B002G9UDYG
18,AEZKHFP22FDXWAJ3CAPWX3MTHXQQ,"September 26, 2019",Ok,"Good alternative to lulu, they ride down during dance.",yes,0,4.0,https://www.amazon.ca/Queenie-Ke-Workout-Running-Leggings/dp/B079QML3SM/ref=cm_cr_srp_d_product_top?ie=UTF8,2020-09-18 14:00:09.712580,2020-09-18 14:00:17.004986,Chloe,Clothing & Accessories,B002G9UDYG
19,AEZKHFP22FDXWAJ3CAPWX3MTHXQQ,"January 5, 2019",Great,Thumbs up!,yes,2,5.0,https://www.amazon.ca/Kirkland-signature-100-Colombian-Coffee/dp/B00BPFX27M/ref=cm_cr_srp_d_product_top?ie=UTF8,2020-09-18 14:00:27.141890,2020-09-18 14:00:36.403486,Chloe,Clothing & Accessories,B002G9UDYG
20,AEZKHFP22FDXWAJ3CAPWX3MTHXQQ,"January 5, 2019",Made small,"Nice, inexpensive but made very small",yes,0,3.0,https://www.amazon.ca/adidas-Womens-Tabela-Jersey-Collegiate/dp/B078L7RQ28/ref=cm_cr_srp_d_product_top?ie=UTF8,2020-09-18 14:00:45.491728,2020-09-18 14:00:53.759792,Chloe,Clothing & Accessories,B002G9UDYG
21,AEZKHFP22FDXWAJ3CAPWX3MTHXQQ,"December 25, 2018",Get while on sale,"Satisfying product, just disappointed it’s on sale 10$ lower and I just bought it:(",yes,0,3.0,https://www.amazon.ca/Stick-Basic-Streaming-Media-Player/dp/B01ETRGE68/ref=cm_cr_srp_d_product_top?ie=UTF8,2020-09-18 14:01:03.892087,2020-09-18 14:01:11.226414,Chloe,Clothing & Accessories,B002G9UDYG
22,AEZKHFP22FDXWAJ3CAPWX3MTHXQQ,"December 23, 2018",A little see through,Transparent but cute and great price,yes,One,5.0,https://www.amazon.ca/adidas-Performance-Womens-Shorts-Bright/dp/B010DKYM8W/ref=cm_cr_srp_d_product_top?ie=UTF8,2020-09-18 14:01:20.346806,2020-09-18 14:01:26.651255,Chloe,Clothing & Accessories,B002G9UDYG
23,AEZKHFP22FDXWAJ3CAPWX3MTHXQQ,"December 11, 2018",Will be returning,"Not my first Carhartt beanie, however the fit of this one is horrendous. It's so so deep and puffy on top. Disappointed in the fit, was expecting the old fit, that was less elongated.",yes,0,2.0,https://www.amazon.ca/Carhartt-Acrylic-Watch-Black-Size/dp/B002G9UDYG/ref=cm_cr_srp_d_product_top?ie=UTF8,2020-09-18 14:01:34.777561,2020-09-18 14:01:42.057389,Chloe,Clothing & Accessories,B002G9UDYG
24,AEZKHFP22FDXWAJ3CAPWX3MTHXQQ,"August 4, 2018",Busted :(,Bought this on prime day and usb cord is loose so it turns off the clock when it moves. Very cheap which is a bummer because I liked it for the price. Will an exchange be possible?,no,0,1.0,https://www.amazon.ca/COULAX-Sunrise-Simulation-Function-Bedside/dp/B077D9LSS4/ref=cm_cr_srp_d_product_top?ie=UTF8,2020-09-18 14:01:51.174423,2020-09-18 14:01:59.495571,Chloe,Clothing & Accessories,B002G9UDYG
