,author_id,date_review_posted,review_title,reviews,verified_purchase,people_find_helpful,ratings,product_url,start,end,reviewer_name,product_category,product_id
0,AF6NQGLL3GDJKM2MM2BCYTMG7BAA,"September 3, 2020",overall nice backpack,nice backpack but does not look exactly as advertised. My daughter loves it anyways,yes,0,4.0,https://www.amazon.ca/FORTNITE-Kids-Multiplier-Backpack-Mixed/dp/B07NZ81Q6Q/ref=cm_cr_srp_d_product_top?ie=UTF8,2020-09-18 21:38:55.045257,2020-09-18 21:39:03.311562,Kristina,Clothing & Accessories,B002G9UDYG
1,AF6NQGLL3GDJKM2MM2BCYTMG7BAA,"September 3, 2020",Would recommend,my betta loves this food.,yes,0,5.0,https://www.amazon.ca/Nutrafin-Bug-Bites-Betta-Formula/dp/B07HKT3NPY/ref=cm_cr_srp_d_product_top?ie=UTF8,2020-09-18 21:39:13.402303,2020-09-18 21:39:20.693821,Kristina,Clothing & Accessories,B002G9UDYG
2,AF6NQGLL3GDJKM2MM2BCYTMG7BAA,"September 3, 2020",Would recommend,Great value for the price. I would buy again!,yes,0,4.0,https://www.amazon.ca/CNZ-Aquarium-Filter-Activated-Ceramic/dp/B00V3XAO0Y/ref=cm_cr_srp_d_product_top?ie=UTF8,2020-09-18 21:39:27.787518,2020-09-18 21:39:36.150386,Kristina,Clothing & Accessories,B002G9UDYG
3,AF6NQGLL3GDJKM2MM2BCYTMG7BAA,"September 3, 2020",would recommend,I am very happy with these cords. They charge very fast and I love having 3 different cord lengths.,yes,0,5.0,https://www.amazon.ca/Pack%E3%80%91INIU-Charging-Reinforced-Tangle-Free-Organizing/dp/B07Y2XQYGG/ref=cm_cr_srp_d_product_top?ie=UTF8,2020-09-18 21:39:45.243421,2020-09-18 21:39:54.531975,Kristina,Clothing & Accessories,B002G9UDYG
4,AF6NQGLL3GDJKM2MM2BCYTMG7BAA,"September 3, 2020",recommend,perfect for 8 year old. I would buy again,yes,0,5.0,https://www.amazon.ca/YUMILY-Training-Spaghetti-Cotton-Bralette/dp/B07TKYDKRC/ref=cm_cr_srp_d_product_top?ie=UTF8,2020-09-18 21:40:04.621866,2020-09-18 21:40:10.887850,Kristina,Clothing & Accessories,B002G9UDYG
5,AF6NQGLL3GDJKM2MM2BCYTMG7BAA,"September 3, 2020",Pay attention to chart sizes,My son loves these pants. He is very tall and thin. If he was thicker they would not have fit. But for his body type these pants are perfect.,yes,0,5.0,https://www.amazon.ca/MECH-ENG-Tapered-Sweatpants-Trousers-Multifunctional/dp/B081H6W3ZX/ref=cm_cr_srp_d_product_top?ie=UTF8,2020-09-18 21:40:19.975914,2020-09-18 21:40:26.302404,Kristina,Clothing & Accessories,B002G9UDYG
6,AF6NQGLL3GDJKM2MM2BCYTMG7BAA,"July 5, 2020",I would recommend,works perfect. Exactly as expected. Great price too!,yes,0,5.0,https://www.amazon.ca/Marina-Floating-Thermometer-Suction-Cup/dp/B0002AQITK/ref=cm_cr_srp_d_product_top?ie=UTF8,2020-09-18 21:40:35.397013,2020-09-18 21:40:43.649044,Kristina,Clothing & Accessories,B002G9UDYG
7,AF6NQGLL3GDJKM2MM2BCYTMG7BAA,"July 5, 2020",Would recommend,I needed to sand down the inside because there are sharp edges. Overall great peice for my 40 gal tank.,yes,0,4.0,https://www.amazon.ca/Saim-Mountain-Aquarium-Ornament-decoration/dp/B01IVUWGP2/ref=cm_cr_srp_d_product_top?ie=UTF8,2020-09-18 21:40:50.744084,2020-09-18 21:40:58.034711,Kristina,Clothing & Accessories,B002G9UDYG
8,AF6NQGLL3GDJKM2MM2BCYTMG7BAA,"July 5, 2020",Would recommend,"really like this sponge filter. Its not for small tanks
Its much larger than I expected. Works very well i would buy again.",yes,0,4.0,https://www.amazon.ca/HYDRA-AQUATICS-HA-149-Sponge-Filter/dp/B00A1A692C/ref=cm_cr_srp_d_product_top?ie=UTF8,2020-09-18 21:41:08.125823,2020-09-18 21:41:15.417963,Kristina,Clothing & Accessories,B002G9UDYG
9,AF6NQGLL3GDJKM2MM2BCYTMG7BAA,"July 5, 2020",I would recommend,As described. Was dusty but not broken. Overall very happy with this filter. I would recommend,yes,0,5.0,https://www.amazon.ca/AquaClear-70-Power-Filter-Listed/dp/B000260FUW/ref=cm_cr_srp_d_product_top?ie=UTF8,2020-09-18 21:41:24.509353,2020-09-18 21:41:33.809362,Kristina,Clothing & Accessories,B002G9UDYG
10,AF6NQGLL3GDJKM2MM2BCYTMG7BAA,"June 22, 2020",Highly recommend,Just got it in the tank last night my temp was 65. and this morning its up to where I wanted it at 80. So far I am very happy with this heater. I will update my review further down the road but for now I give 5 stars. The digital reader is also right on it matches my other readings so I recommend.,yes,0,5.0,https://www.amazon.ca/Orlushy-Submersible-Heater-Fish-Thermostat-Freshwater/dp/B07H2MSRP8/ref=cm_cr_srp_d_product_top?ie=UTF8,2020-09-18 21:41:41.904780,2020-09-18 21:41:49.187384,Kristina,Clothing & Accessories,B002G9UDYG
11,AF6NQGLL3GDJKM2MM2BCYTMG7BAA,"June 19, 2020",would recommend,"As described. Perfect condition, fits the fluval 407 as expected. I will buy again",yes,0,4.0,https://www.amazon.ca/Fluval-A237A1-306-406-Bio-Foam/dp/B0060QJ48C/ref=cm_cr_srp_d_product_top?ie=UTF8,2020-09-18 21:41:58.276173,2020-09-18 21:42:07.573395,Kristina,Clothing & Accessories,B002G9UDYG
12,AF6NQGLL3GDJKM2MM2BCYTMG7BAA,"June 15, 2020",would highly recommend,Works as described. Very happy with this fire stick! I would buy again for sure,yes,0,5.0,https://www.amazon.ca/Fire-TV-Stick-with-All-New-Alexa-Voice-Remote/dp/B0791Z1G6W/ref=cm_cr_srp_d_product_top?ie=UTF8,2020-09-18 21:42:15.667318,2020-09-18 21:42:21.991574,Kristina,Clothing & Accessories,B002G9UDYG
13,AF6NQGLL3GDJKM2MM2BCYTMG7BAA,"June 12, 2020",Would NOT recommend,"Blue plant does not glow AT ALL. Do not waste your money! Giving 3 stars for the green/yellow plant, that one glows but not very vibrant.",yes,0,3.0,https://www.amazon.ca/GloFish-Large-Fluorescent-Aquarium-Decoration/dp/B00ZWHBBYK/ref=cm_cr_srp_d_product_top?ie=UTF8,2020-09-18 21:42:31.081517,2020-09-18 21:42:39.405946,Kristina,Clothing & Accessories,B002G9UDYG
14,AF6NQGLL3GDJKM2MM2BCYTMG7BAA,"June 12, 2020",Would not recommend,This plant does not glow. Bought in purple and blue and neither of them glow. Do not waste your money.,yes,0,1.0,https://www.amazon.ca/GloFish-19274-Large-Color-Changing/dp/B01LY8WSKY/ref=cm_cr_srp_d_product_top?ie=UTF8,2020-09-18 21:42:47.496173,2020-09-18 21:42:54.763689,Kristina,Clothing & Accessories,B002G9UDYG
15,AF6NQGLL3GDJKM2MM2BCYTMG7BAA,"June 12, 2020",I would recommend,I am so happy with this ottoman! I use it for storing shoes at the front door. I would buy again!,yes,0,5.0,https://www.amazon.ca/First-Hill-Faux-Leather-Upholstery-Midnight/dp/B07L8DP3G6/ref=cm_cr_srp_d_product_top?ie=UTF8,2020-09-18 21:43:03.862123,2020-09-18 21:43:11.136477,Kristina,Clothing & Accessories,B002G9UDYG
16,AF6NQGLL3GDJKM2MM2BCYTMG7BAA,"June 12, 2020",Do not buy this camera. Save yourself time and spend an extra 20 bucks for a way better camera!,"I had rated this 4 stars but I am changing my review after trying to use this camera for a class session. I used it to fb video chat and it worked ok. But in the class meet the video was so bad you could barely make out anything on our screen, and the sound would not work even tho it was set up correctly. It worked fine on fb but in the class meet it was not acceptable. I would not recommend this camera. It was an absolute waste of money.",yes,0,1.0,https://www.amazon.ca/dp/B088H5X3PX/ref=cm_cr_srp_d_product_top?ie=UTF8,2020-09-18 21:43:18.228418,2020-09-18 21:43:27.554465,Kristina,Clothing & Accessories,B002G9UDYG
17,AF6NQGLL3GDJKM2MM2BCYTMG7BAA,"June 9, 2020",I would recommend,I am happy with this air pump set. Its perfect for my aquarium air pump. I would buy again if needed,yes,0,5.0,https://www.amazon.ca/Airline-Standard-Aquarium-Accessories-Connectors/dp/B07FZY71K6/ref=cm_cr_srp_d_product_top?ie=UTF8,2020-09-18 21:43:35.648095,2020-09-18 21:43:43.940036,Kristina,Clothing & Accessories,B002G9UDYG
18,AF6NQGLL3GDJKM2MM2BCYTMG7BAA,"June 8, 2020",Highly recommend,"Very happy with this fan. Works awesome in the bedroom. Great power and not overly loud. My son loves it and says its better than the 90 dollar fan we have. I would buy again, great value! Thank you!",yes,0,5.0,https://www.amazon.ca/Bionaire-30-Inch-Tower-Fan-Remote/dp/B01CEC1K9Q/ref=cm_cr_srp_d_product_top?ie=UTF8,2020-09-18 21:43:53.032658,2020-09-18 21:43:59.314014,Kristina,Clothing & Accessories,B002G9UDYG
19,AF6NQGLL3GDJKM2MM2BCYTMG7BAA,"June 5, 2020",would recommend,really like this lip cream. No flavor and Left my lips soft after 1 use. I would buy it again for sure.,yes,0,5.0,https://www.amazon.ca/Polysporin-Visible-Overnight-Renewal-Therapy/dp/B00LM8W8IQ/ref=cm_cr_srp_d_product_top?ie=UTF8,2020-09-18 21:44:08.408388,2020-09-18 21:44:14.706001,Kristina,Clothing & Accessories,B002G9UDYG
20,AF6NQGLL3GDJKM2MM2BCYTMG7BAA,"June 3, 2020",would recommend,great duster. Reaches high places easily. I am happy with this purchase,yes,0,5.0,https://www.amazon.ca/Swiffer-Dusters-Extendable-Starter-4-Count/dp/B01BUM2LLM/ref=cm_cr_srp_d_product_top?ie=UTF8,2020-09-18 21:44:23.800678,2020-09-18 21:44:31.094563,Kristina,Clothing & Accessories,B002G9UDYG
21,AF6NQGLL3GDJKM2MM2BCYTMG7BAA,"June 3, 2020",would recommend,as advertised. Came quickly and as expected. Would buy again,yes,0,5.0,https://www.amazon.ca/Gillette-Fusion5-ProGlide-Mens-Razor/dp/B06Y1328LZ/ref=cm_cr_srp_d_product_top?ie=UTF8,2020-09-18 21:44:39.185762,2020-09-18 21:44:47.481216,Kristina,Clothing & Accessories,B002G9UDYG
22,AF6NQGLL3GDJKM2MM2BCYTMG7BAA,"June 3, 2020",Would recommend,I will buy again. Saves me having to buy little bottles all the time. Great value.,yes,0,5.0,https://www.amazon.ca/Seachem-Stability-2-Liter-67-6-Fluid-Ounce/dp/B0006JLVR6/ref=cm_cr_srp_d_product_top?ie=UTF8,2020-09-18 21:44:55.573101,2020-09-18 21:45:03.855255,Kristina,Clothing & Accessories,B002G9UDYG
23,AF6NQGLL3GDJKM2MM2BCYTMG7BAA,"June 3, 2020",Just ok,battery case is ok. Doesn't close all the way and not as sturdy as I would like. But the battery tester works great and it is better than nothing.,yes,0,4.0,https://www.amazon.ca/Battery-Organizer-Storage-Removable-Batteries/dp/B01N80S2UX/ref=cm_cr_srp_d_product_top?ie=UTF8,2020-09-18 21:45:13.951323,2020-09-18 21:45:22.229590,Kristina,Clothing & Accessories,B002G9UDYG
24,AF6NQGLL3GDJKM2MM2BCYTMG7BAA,"June 3, 2020",Would recommend,great fan for the price. I bought 2 and am not disappointed. Works well for my livingroom and bedroom.,yes,0,5.0,https://www.amazon.ca/Honeywell-HYF290BC-QuietSet%C2%AE-Oscillation-Easy-Touch/dp/B01CU2Y2Q8/ref=cm_cr_srp_d_product_top?ie=UTF8,2020-09-18 21:45:30.322386,2020-09-18 21:45:36.590734,Kristina,Clothing & Accessories,B002G9UDYG
25,AF6NQGLL3GDJKM2MM2BCYTMG7BAA,"June 3, 2020",Works great,"Love this product, but it did arrive damaged. Had to put them into a separate container to keep them moist. Overall happy with these mopping cloths.",yes,0,4.0,https://www.amazon.ca/Swiffer-Sweeper-Mopping-Surface-Refills/dp/B00HZ6WFZA/ref=cm_cr_srp_d_product_top?ie=UTF8,2020-09-18 21:45:44.686007,2020-09-18 21:45:53.007363,Kristina,Clothing & Accessories,B002G9UDYG
26,AF6NQGLL3GDJKM2MM2BCYTMG7BAA,"June 3, 2020",Came damaged but tasted good.,they arrived late and all were crumbled and broken. Tasted good tho so 3 stars.,yes,0,3.0,https://www.amazon.ca/Vachon-Louis-Cake-Count-324g/dp/B007I9DOH2/ref=cm_cr_srp_d_product_top?ie=UTF8,2020-09-18 21:46:02.095464,2020-09-18 21:46:10.364855,Kristina,Clothing & Accessories,B002G9UDYG
27,AF6NQGLL3GDJKM2MM2BCYTMG7BAA,"June 3, 2020",would recommend,great shower curtain. I love the print so much. I would recommend getting a liner to use with this curtain because water will go through it easily.,yes,0,5.0,https://www.amazon.ca/Waterproof-Polyester-Resistant-Bathroom-Decoration/dp/B07P46V96B/ref=cm_cr_srp_d_product_top?ie=UTF8,2020-09-18 21:46:18.461694,2020-09-18 21:46:26.840000,Kristina,Clothing & Accessories,B002G9UDYG
28,AF6NQGLL3GDJKM2MM2BCYTMG7BAA,"June 3, 2020",Would recommend,Like this product. Only issue i had was the taste of dark chocolate. I thought it would be a milk chocolate. The kids love it anyways.,yes,0,4.0,https://www.amazon.ca/HERSHEYS-Bulk-Chocolate-Syrup-2-6/dp/B07QDPDJGN/ref=cm_cr_srp_d_product_top?ie=UTF8,2020-09-18 21:46:36.934375,2020-09-18 21:46:45.334377,Kristina,Clothing & Accessories,B002G9UDYG
29,AF6NQGLL3GDJKM2MM2BCYTMG7BAA,"June 3, 2020",Would recommend,as advertised. Will buy again for sure. bought for my scentsy and they work perfectly.,yes,0,5.0,https://www.amazon.ca/Scentsy-Warmers-Incandescent-Candelabra-Lifespan/dp/B07SYFQMPK/ref=cm_cr_srp_d_product_top?ie=UTF8,2020-09-18 21:46:54.428434,2020-09-18 21:47:00.705424,Kristina,Clothing & Accessories,B002G9UDYG
30,AF6NQGLL3GDJKM2MM2BCYTMG7BAA,"June 3, 2020",Would recommend,Great value for the price. I would buy again for sure.,yes,0,5.0,https://www.amazon.ca/Wimaha-Waterproof-Resistant-Bathroom-Grommets/dp/B07B8GRSNY/ref=cm_cr_srp_d_product_top?ie=UTF8,2020-09-18 21:47:07.802645,2020-09-18 21:47:16.067270,Kristina,Clothing & Accessories,B002G9UDYG
31,AF6NQGLL3GDJKM2MM2BCYTMG7BAA,"May 16, 2020",would not recommend,don't waste your money,yes,0,2.0,https://www.amazon.ca/Samsung-Galaxy-6-4-inch-screen-Military/dp/B07NP7FMGC/ref=cm_cr_srp_d_product_top?ie=UTF8,2020-09-18 21:47:26.160162,2020-09-18 21:47:33.478832,Kristina,Clothing & Accessories,B002G9UDYG
32,AF6NQGLL3GDJKM2MM2BCYTMG7BAA,"May 16, 2020",would recommend,my neice loves it,yes,0,5.0,https://www.amazon.ca/RaZbaby-RaZ-Berry-Toothbrush-Silicone-Teether/dp/B01ITQOUXY/ref=cm_cr_srp_d_product_top?ie=UTF8,2020-09-18 21:47:40.581503,2020-09-18 21:47:47.950465,Kristina,Clothing & Accessories,B002G9UDYG
33,AF6NQGLL3GDJKM2MM2BCYTMG7BAA,"May 16, 2020",Meh,did not last long. Broke in 1 day.,yes,0,1.0,https://www.amazon.ca/Hartz-Just-Cats-Bend-Wand/dp/B07BJ9VB14/ref=cm_cr_srp_d_product_top?ie=UTF8,2020-09-18 21:47:56.047736,2020-09-18 21:48:03.347704,Kristina,Clothing & Accessories,B002G9UDYG
34,AF6NQGLL3GDJKM2MM2BCYTMG7BAA,"May 16, 2020",meh,broke very quickly. Was fun while it lasted,yes,0,3.0,https://www.amazon.ca/SmartyKat-9682-Feather-Chase-Model/dp/B072HF7N9K/ref=cm_cr_srp_d_product_top?ie=UTF8,2020-09-18 21:48:10.441788,2020-09-18 21:48:19.686451,Kristina,Clothing & Accessories,B002G9UDYG
35,AF6NQGLL3GDJKM2MM2BCYTMG7BAA,"May 16, 2020",Would recommend,as described. Arrived in great condition.,yes,0,5.0,https://www.amazon.ca/Shure-PGA58-XLR-Cardioid-Dynamic-Microphone/dp/B00TTQM94Q/ref=cm_cr_srp_d_product_top?ie=UTF8,2020-09-18 21:48:28.775571,2020-09-18 21:48:35.068190,Kristina,Clothing & Accessories,B002G9UDYG
36,AF6NQGLL3GDJKM2MM2BCYTMG7BAA,"May 16, 2020",would recommend,smells nice. Lasts a good amount of time,yes,0,5.0,https://www.amazon.ca/Upgraded-Thicken-Diaper-Refills-Munchkin/dp/B079KB9KWX/ref=cm_cr_srp_d_product_top?ie=UTF8,2020-09-18 21:48:45.155203,2020-09-18 21:48:51.444730,Kristina,Clothing & Accessories,B002G9UDYG
37,AF6NQGLL3GDJKM2MM2BCYTMG7BAA,"May 16, 2020",would recommend,as described,yes,0,5.0,https://www.amazon.ca/Devinal-Professional-Microphone-Converter-Connector/dp/B074S35ZJY/ref=cm_cr_srp_d_product_top?ie=UTF8,2020-09-18 21:49:00.539707,2020-09-18 21:49:07.833381,Kristina,Clothing & Accessories,B002G9UDYG
38,AF6NQGLL3GDJKM2MM2BCYTMG7BAA,"May 16, 2020",Would recommend,as described. Arrived in excellent condition.,yes,0,5.0,https://www.amazon.ca/Nintendo-HACPAEUCA-Minecraft-for-Switch/dp/B07D13QGXM/ref=cm_cr_srp_d_product_top?ie=UTF8,2020-09-18 21:49:16.924931,2020-09-18 21:49:24.177212,Kristina,Clothing & Accessories,B002G9UDYG
39,AF6NQGLL3GDJKM2MM2BCYTMG7BAA,"May 16, 2020",Recommend,Was a gift. They love it.,yes,0,5.0,https://www.amazon.ca/Quality-Wrinkle-Resistant-Utopia-Bedding/dp/B00NWPV6Q2/ref=cm_cr_srp_d_product_top?ie=UTF8,2020-09-18 21:49:31.269691,2020-09-18 21:49:37.592440,Kristina,Clothing & Accessories,B002G9UDYG
40,AF6NQGLL3GDJKM2MM2BCYTMG7BAA,"May 16, 2020",would recommend,fit as expected. Great quality. I would order again,yes,0,5.0,https://www.amazon.ca/Spotted-Zebra-4-Pack-Leggings-X-Large/dp/B07GLB54C9/ref=cm_cr_srp_d_product_top?ie=UTF8,2020-09-18 21:49:47.687350,2020-09-18 21:49:54.964428,Kristina,Clothing & Accessories,B002G9UDYG
41,AF6NQGLL3GDJKM2MM2BCYTMG7BAA,"May 16, 2020",Recommend,my kitties love them.,yes,0,5.0,https://www.amazon.ca/AmazonBasics-Gravity-Feeder-Waterer-Bundle/dp/B06ZZC83MG/ref=cm_cr_srp_d_product_top?ie=UTF8,2020-09-18 21:50:02.050313,2020-09-18 21:50:11.326039,Kristina,Clothing & Accessories,B002G9UDYG
42,AF6NQGLL3GDJKM2MM2BCYTMG7BAA,"May 16, 2020",would recommend,overall great extention cord. Worth the money,yes,One,5.0,https://www.amazon.ca/Huntkey-Outlets-Protector-Technology-Extension/dp/B07F3SFDKY/ref=cm_cr_srp_d_product_top?ie=UTF8,2020-09-18 21:50:18.419904,2020-09-18 21:50:27.692959,Kristina,Clothing & Accessories,B002G9UDYG
43,AF6NQGLL3GDJKM2MM2BCYTMG7BAA,"May 16, 2020",Recommend,love it!,yes,0,5.0,https://www.amazon.ca/Scratch-Sketch-Extreme-Trace-Along/dp/1441325859/ref=cm_cr_srp_d_product_top?ie=UTF8,2020-09-18 21:50:34.780097,2020-09-18 21:50:43.052235,Kristina,Clothing & Accessories,B002G9UDYG
44,AF6NQGLL3GDJKM2MM2BCYTMG7BAA,"May 16, 2020",recommend,big hit. Kids love the flavor. And they blow big bubbles,yes,0,5.0,https://www.amazon.ca/Hubba-Bubba-HUBBA-BUBBA-RASPBERRY/dp/B07LB5HWL5/ref=cm_cr_srp_d_product_top?ie=UTF8,2020-09-18 21:50:52.147981,2020-09-18 21:51:00.448766,Kristina,Clothing & Accessories,B002G9UDYG
45,AF6NQGLL3GDJKM2MM2BCYTMG7BAA,"May 16, 2020",recommend,my daughter loved it very much. Thank you,yes,0,4.0,https://www.amazon.ca/Hatchimals-CollEGGtibles-Mermal-Carrying-Season/dp/B07GT5N8FQ/ref=cm_cr_srp_d_product_top?ie=UTF8,2020-09-18 21:51:07.544571,2020-09-18 21:51:16.851614,Kristina,Clothing & Accessories,B002G9UDYG
46,AF6NQGLL3GDJKM2MM2BCYTMG7BAA,"May 16, 2020",HIGHLY recommend,These are awesome! Works so well. Lights the way for little ones at night. You won't be disappointed.,yes,0,5.0,https://www.amazon.ca/LOHAS-Daylight-Bedroom-Bathroom-Nursery/dp/B01NCIGF9M/ref=cm_cr_srp_d_product_top?ie=UTF8,2020-09-18 21:51:23.945165,2020-09-18 21:51:30.256754,Kristina,Clothing & Accessories,B002G9UDYG
47,AF6NQGLL3GDJKM2MM2BCYTMG7BAA,"May 16, 2020",Meh.,kids didn't like it. They said it tastes weird.,yes,0,3.0,https://www.amazon.ca/Ms-Minis-Mint-Crisp-Chocolate/dp/B07LB6D1LN/ref=cm_cr_srp_d_product_top?ie=UTF8,2020-09-18 21:51:40.350157,2020-09-18 21:51:46.624466,Kristina,Clothing & Accessories,B002G9UDYG
48,AF6NQGLL3GDJKM2MM2BCYTMG7BAA,"May 16, 2020",Tastes great,Tastes great. Wish it was a bigger bag.,yes,0,4.0,https://www.amazon.ca/WELCHS-Berries-N-Cherries-60g/dp/B07HNNX9N9/ref=cm_cr_srp_d_product_top?ie=UTF8,2020-09-18 21:51:53.718159,2020-09-18 21:52:00.033670,Kristina,Clothing & Accessories,B002G9UDYG
49,AF6NQGLL3GDJKM2MM2BCYTMG7BAA,"May 16, 2020",Meh.,alittle small. I Was not a fan.,yes,0,3.0,https://www.amazon.ca/Maltesers-Malt-Chocolate-Bar-35g/dp/B07LB713F1/ref=cm_cr_srp_d_product_top?ie=UTF8,2020-09-18 21:52:08.125341,2020-09-18 21:52:15.402866,Kristina,Clothing & Accessories,B002G9UDYG
50,AF6NQGLL3GDJKM2MM2BCYTMG7BAA,"May 16, 2020",Would recommend,works as described. Much better than walking on kitty litter. Very happy with my purchase.,yes,0,4.0,https://www.amazon.ca/Cat-Litter-Mat-Trapping-Waterproof/dp/B07QQNKGGH/ref=cm_cr_srp_d_product_top?ie=UTF8,2020-09-18 21:52:24.498613,2020-09-18 21:52:31.858452,Kristina,Clothing & Accessories,B002G9UDYG
51,AF6NQGLL3GDJKM2MM2BCYTMG7BAA,"May 16, 2020",would recommend,works as described. Definitely better than walking on kitty litter. I am happy with my purchase,yes,0,4.0,https://www.amazon.ca/Super-Bigger-Grey-Cat-Litter/dp/B07PRR6SGN/ref=cm_cr_srp_d_product_top?ie=UTF8,2020-09-18 21:52:41.953404,2020-09-18 21:52:50.266697,Kristina,Clothing & Accessories,B002G9UDYG
52,AF6NQGLL3GDJKM2MM2BCYTMG7BAA,"May 16, 2020",would recommend,as described,yes,0,4.0,https://www.amazon.ca/Cadbury-Mini-Eggs-Chocolate-Gram/dp/B002ZGHM4O/ref=cm_cr_srp_d_product_top?ie=UTF8,2020-09-18 21:53:00.362592,2020-09-18 21:53:07.640144,Kristina,Clothing & Accessories,B002G9UDYG
53,AF6NQGLL3GDJKM2MM2BCYTMG7BAA,"May 16, 2020",Would recommend,so much fun!,yes,0,5.0,https://www.amazon.ca/Play22-Glow-Sticks-Bulk-Pack/dp/B07W5RFQN6/ref=cm_cr_srp_d_product_top?ie=UTF8,2020-09-18 21:53:15.734479,2020-09-18 21:53:25.054651,Kristina,Clothing & Accessories,B002G9UDYG
54,AF6NQGLL3GDJKM2MM2BCYTMG7BAA,"May 16, 2020",Would highly recommend,Amazing deck. Thank you!,yes,0,5.0,https://www.amazon.ca/Wisdom-Oracle-Divination-Cards-Know/dp/1401946429/ref=cm_cr_srp_d_product_top?ie=UTF8,2020-09-18 21:53:32.145625,2020-09-18 21:53:40.427698,Kristina,Clothing & Accessories,B002G9UDYG
55,AF6NQGLL3GDJKM2MM2BCYTMG7BAA,"May 16, 2020",Overall great. But cord didn't charge.,Great case. The stand works as described. However the charging cord provided does not work at all.,yes,0,5.0,https://www.amazon.ca/Protective-Nintendo-Tempered-Protector-Foldable/dp/B07VT6LHJC/ref=cm_cr_srp_d_product_top?ie=UTF8,2020-09-18 21:53:48.519662,2020-09-18 21:53:56.811466,Kristina,Clothing & Accessories,B002G9UDYG
56,AF6NQGLL3GDJKM2MM2BCYTMG7BAA,"May 14, 2020",Runs a tad small. Order up.,Cute undies but they run a but small. I would order 1 size up.,yes,0,4.0,https://www.amazon.ca/CHUNG-Toddlers-Panties-Underwear-2-7Years/dp/B07VKL5GJF/ref=cm_cr_srp_d_product_top?ie=UTF8,2020-09-18 21:54:05.908713,2020-09-18 21:54:13.181262,Kristina,Clothing & Accessories,B002G9UDYG
57,AF6NQGLL3GDJKM2MM2BCYTMG7BAA,"May 14, 2020",does not glow brightly but is soft,"Very soft, very cute blanket. Perfect size for my 8 year old. It does glow but it is very faint. Overall nice blanket",yes,0,4.0,https://www.amazon.ca/LIDERSTAR-Polyester-Decorated-Encouragement-Positivity/dp/B07D6M55QQ/ref=cm_cr_srp_d_product_top?ie=UTF8,2020-09-18 21:54:22.274644,2020-09-18 21:54:30.562034,Kristina,Clothing & Accessories,B002G9UDYG
58,AF6NQGLL3GDJKM2MM2BCYTMG7BAA,"May 14, 2020",Recommend,So cute and changes colors perfectly.it is Small but it is perfect size for my 8 year old.,yes,0,5.0,https://www.amazon.ca/InGwest-Sensitive-Changing-Coffee-Bottom/dp/B07WPSBC1M/ref=cm_cr_srp_d_product_top?ie=UTF8,2020-09-18 21:54:38.654926,2020-09-18 21:54:45.949664,Kristina,Clothing & Accessories,B002G9UDYG
59,AF6NQGLL3GDJKM2MM2BCYTMG7BAA,"May 14, 2020",HIGHLY recommend,Absolutely adorable. Worth every penny to see the joy they brought my 8 year old. Will buy more for sure!,yes,0,5.0,https://www.amazon.ca/BlueSpace-Pillow-Covers-Cushion-Decorative/dp/B074Z387LQ/ref=cm_cr_srp_d_product_top?ie=UTF8,2020-09-18 21:54:56.047086,2020-09-18 21:55:02.356632,Kristina,Clothing & Accessories,B002G9UDYG
60,AF6NQGLL3GDJKM2MM2BCYTMG7BAA,"May 14, 2020",HIGHLY recommend,I am so happy with these pillow inserts. They are perfect. Easy to fluff up and perfect for the pillow covers I bought. I will buy again,yes,0,5.0,https://www.amazon.ca/Pillow-Inserts-Alternative-Hypoallergenic-Cushion/dp/B07W8M11VM/ref=cm_cr_srp_d_product_top?ie=UTF8,2020-09-18 21:55:12.451589,2020-09-18 21:55:20.715083,Kristina,Clothing & Accessories,B002G9UDYG
61,AF6NQGLL3GDJKM2MM2BCYTMG7BAA,"May 6, 2020",Would recommend, love this toilet light. Its perfect for the kids to see at night.,yes,0,5.0,https://www.amazon.ca/Bonlux-Colorful-Bathroom-Activated-Dimmable/dp/B01K4E108C/ref=cm_cr_srp_d_product_top?ie=UTF8,2020-09-18 21:55:29.807102,2020-09-18 21:55:36.082467,Kristina,Clothing & Accessories,B002G9UDYG
62,AF6NQGLL3GDJKM2MM2BCYTMG7BAA,"May 6, 2020",recommend,cute tops. Would buy again,yes,0,4.0,https://www.amazon.ca/Spotted-Zebra-3-Pack-Sleeveless-Mermaid/dp/B077S89JXP/ref=cm_cr_srp_d_product_top?ie=UTF8,2020-09-18 21:55:45.178116,2020-09-18 21:55:52.496515,Kristina,Clothing & Accessories,B002G9UDYG
63,AF6NQGLL3GDJKM2MM2BCYTMG7BAA,"May 6, 2020",You WILL be disappointed,bought for my daughter. Very cheap. Very small. Would not recommend.,yes,0,2.0,https://www.amazon.ca/Qiandi-Sterling-Jumping-Necklace-Birthday/dp/B071SBDD8G/ref=cm_cr_srp_d_product_top?ie=UTF8,2020-09-18 21:55:59.589824,2020-09-18 21:56:08.885688,Kristina,Clothing & Accessories,B002G9UDYG
64,AF6NQGLL3GDJKM2MM2BCYTMG7BAA,"May 6, 2020",would recommend,my daughter loves these books. I Will buy again,yes,0,5.0,https://www.amazon.ca/Pet-Shop-Scratch-Sketch-Trace-Along/dp/1441314180/ref=cm_cr_srp_d_product_top?ie=UTF8,2020-09-18 21:56:17.976526,2020-09-18 21:56:27.281196,Kristina,Clothing & Accessories,B002G9UDYG
65,AF6NQGLL3GDJKM2MM2BCYTMG7BAA,"May 6, 2020",would recommend,great batteries. I will buy again,yes,0,5.0,https://www.amazon.ca/AmazonBasics-AAA-Rechargeable-Batteries-12-Pack/dp/B007B9NXAC/ref=cm_cr_srp_d_product_top?ie=UTF8,2020-09-18 21:56:34.372005,2020-09-18 21:56:42.652876,Kristina,Clothing & Accessories,B002G9UDYG
66,AF6NQGLL3GDJKM2MM2BCYTMG7BAA,"May 6, 2020",would recommend,as advertised. Good keyboard for the price!,yes,0,4.0,https://www.amazon.ca/Logitech-MK270-Wireless-English-920-004536/dp/B00BP5KOPA/ref=cm_cr_srp_d_product_top?ie=UTF8,2020-09-18 21:56:50.744804,2020-09-18 21:56:57.034805,Kristina,Clothing & Accessories,B002G9UDYG
67,AF6NQGLL3GDJKM2MM2BCYTMG7BAA,"May 6, 2020",Highly recommend,"I was alittle worried this wall mount wouldn't be sturdy or big enough, based on some of the reviews. But It is perfect. Assembly was not too hard. There is a good amount of range for the TV to move. For the price, it is an awesome deal! I would recommend to anyone.",yes,0,5.0,https://www.amazon.ca/Corner-Mount-Bracket-Swivels-Extends/dp/B07T3B3QQB/ref=cm_cr_srp_d_product_top?ie=UTF8,2020-09-18 21:57:04.120948,2020-09-18 21:57:13.409440,Kristina,Clothing & Accessories,B002G9UDYG
68,AF6NQGLL3GDJKM2MM2BCYTMG7BAA,"April 24, 2020",I recommend,"Overall awesome vaccume for the price. Suction is awesome, my only issue is the hose is not long at all. It stretches but be careful not to pinch your fingers. All the attachments worked very well and easy to empty and clean. Very happy with this purchase, I would recommend",yes,0,5.0,https://www.amazon.ca/Bissell-1808C-AeroSwift-Compact-Upright/dp/B01LO13FDC/ref=cm_cr_srp_d_product_top?ie=UTF8,2020-09-18 21:57:20.500120,2020-09-18 21:57:26.816092,Kristina,Clothing & Accessories,B002G9UDYG
69,AF6NQGLL3GDJKM2MM2BCYTMG7BAA,"April 23, 2020",Wouldn't recommend,Ok little games but very small cards. Not very good quality at all.,yes,0,3.0,https://www.amazon.ca/Hoyle-Card-Games-Kids-Pack/dp/B073RTD6W6/ref=cm_cr_srp_d_product_top?ie=UTF8,2020-09-18 21:57:36.911990,2020-09-18 21:57:45.181914,Kristina,Clothing & Accessories,B002G9UDYG
70,AF6NQGLL3GDJKM2MM2BCYTMG7BAA,"April 23, 2020",Would not recommend,Very small bags.,yes,0,2.0,https://www.amazon.ca/Biodegradable-ZippyPuppy-Trademarked-Leak-Proof-Materials/dp/B07PQ5F796/ref=cm_cr_srp_d_product_top?ie=UTF8,2020-09-18 21:57:54.274635,2020-09-18 21:58:02.600550,Kristina,Clothing & Accessories,B002G9UDYG
71,AF6NQGLL3GDJKM2MM2BCYTMG7BAA,"April 23, 2020",Very small bag,Great chips but very small bag.,yes,0,2.0,https://www.amazon.ca/Tomahawk-Salt-Vinegar-Potato-Chips/dp/B07DMMNVMV/ref=cm_cr_srp_d_product_top?ie=UTF8,2020-09-18 21:58:11.693845,2020-09-18 21:58:19.049288,Kristina,Clothing & Accessories,B002G9UDYG
72,AF6NQGLL3GDJKM2MM2BCYTMG7BAA,"April 23, 2020",Would recommend,My daughter loves this book.,yes,0,5.0,https://www.amazon.ca/Scratch-Sketch-Wild-Trace-Along/dp/1441331921/ref=cm_cr_srp_d_product_top?ie=UTF8,2020-09-18 21:58:29.136163,2020-09-18 21:58:38.430872,Kristina,Clothing & Accessories,B002G9UDYG
73,AF6NQGLL3GDJKM2MM2BCYTMG7BAA,"April 23, 2020",Would HIGHLY recommend,Amazing deal. Well worth the money. I was worried my fat cat wouldn't fit in the holes but they are a great size she fits with room to spare. Definitely a tree for adult cats ♡♡,yes,0,5.0,https://www.amazon.ca/OOTORI-Multi-Levels-Perches-Furniture-Scratching/dp/B07XHQNDPZ/ref=cm_cr_srp_d_product_top?ie=UTF8,2020-09-18 21:58:47.522575,2020-09-18 21:58:53.797567,Kristina,Clothing & Accessories,B002G9UDYG
74,AF6NQGLL3GDJKM2MM2BCYTMG7BAA,"April 7, 2020",Would recommend,Delicious candy. Will buy again,yes,0,5.0,https://www.amazon.ca/Lady-Sarah-Sour-Rainbow-Belts/dp/B07HNVMKP4/ref=cm_cr_srp_d_product_top?ie=UTF8,2020-09-18 21:59:03.890979,2020-09-18 21:59:13.131014,Kristina,Clothing & Accessories,B002G9UDYG
75,AF6NQGLL3GDJKM2MM2BCYTMG7BAA,"April 7, 2020",Wouldnt reccomend,It arrived with scratches all over the top. Easy to put together and cats love It. Just doesnt look brand new or flawless that's for sure. I guess you get what you pay for.,yes,One,2.0,https://www.amazon.ca/New-Age-Pet-Habitat-Table-Epresso/dp/B01BM8E4KK/ref=cm_cr_srp_d_product_top?ie=UTF8,2020-09-18 21:59:21.221775,2020-09-18 21:59:27.528866,Kristina,Clothing & Accessories,B002G9UDYG
76,AF6NQGLL3GDJKM2MM2BCYTMG7BAA,"April 2, 2020",DO NOT WASTE YOUR MONEY!!!!!!,"30 dollars for a tiney squishmellow..very misleading advertising. To buy a big one in store is 19.99 to 24.99...for a big pillow sized one! I am so disappointed with this purchase. The stuffy is cute and soft, but not worth 30 dollars. Will not recommend or purchase again.",yes,0,1.0,https://www.amazon.ca/Squishmallow-Bobby-The-Bunny-8/dp/B0845R5CV2/ref=cm_cr_srp_d_product_top?ie=UTF8,2020-09-18 21:59:37.615588,2020-09-18 21:59:43.890845,Kristina,Clothing & Accessories,B002G9UDYG
77,AF6NQGLL3GDJKM2MM2BCYTMG7BAA,"April 1, 2020",Would not recommend.,Scam. This product can be bought in store for less than 5 bucks. How dare you sell this product for 20 dollars. Disgusting!!!!,yes,13,1.0,https://www.amazon.ca/Maggi-Bouillon-Cooking-Pack-Grams/dp/B0752NCZGS/ref=cm_cr_srp_d_product_top?ie=UTF8,2020-09-18 21:59:51.983333,2020-09-18 21:59:58.334185,Kristina,Clothing & Accessories,B002G9UDYG
78,AF6NQGLL3GDJKM2MM2BCYTMG7BAA,"March 28, 2020",Would NOT recommend,My daughter loved this product but there was very little paint. It didnt last long at all. For what it costs I think it's a Big rip off.,yes,3,2.0,https://www.amazon.ca/Crayola-Fingerpaints-Colouring-Washable-Stocking/dp/B00BAGAB2U/ref=cm_cr_srp_d_product_top?ie=UTF8,2020-09-18 22:00:08.427333,2020-09-18 22:00:17.725944,Kristina,Clothing & Accessories,B002G9UDYG
79,AF6NQGLL3GDJKM2MM2BCYTMG7BAA,"March 28, 2020",Would recommend,Great flashlights!! Great quality as well. Does not come with batteries.,yes,0,5.0,https://www.amazon.ca/Tactical-Flashlight-Wowlite-Ultra-Bright/dp/B07V3C24YK/ref=cm_cr_srp_d_product_top?ie=UTF8,2020-09-18 22:00:25.816319,2020-09-18 22:00:34.134961,Kristina,Clothing & Accessories,B002G9UDYG
80,AF6NQGLL3GDJKM2MM2BCYTMG7BAA,"March 28, 2020",Would recommend,As advertised. Great deal for sure. I would buy again,yes,0,5.0,https://www.amazon.ca/Scotch-Brite-Scratch-Scrub-Sponge-9-Sponges/dp/B00CPLBUHE/ref=cm_cr_srp_d_product_top?ie=UTF8,2020-09-18 22:00:44.230434,2020-09-18 22:00:53.509697,Kristina,Clothing & Accessories,B002G9UDYG
81,AF6NQGLL3GDJKM2MM2BCYTMG7BAA,"March 28, 2020",Would reccomend,Alittle cheap in quality but still fun. I'm happy with this game,yes,0,4.0,https://www.amazon.ca/Hasbro-Gaming-C2124-Guess-Classic/dp/B01N6PRX20/ref=cm_cr_srp_d_product_top?ie=UTF8,2020-09-18 22:01:02.602133,2020-09-18 22:01:09.951583,Kristina,Clothing & Accessories,B002G9UDYG
82,AF6NQGLL3GDJKM2MM2BCYTMG7BAA,"March 28, 2020",Would recommend,Love this lotion. Works amazing. Doesnt have much of a scent.,yes,0,4.0,https://www.amazon.ca/OKeeffes-Working-Hands-Cream-ounce/dp/B011KMZ2WW/ref=cm_cr_srp_d_product_top?ie=UTF8,2020-09-18 22:01:19.046284,2020-09-18 22:01:26.308851,Kristina,Clothing & Accessories,B002G9UDYG
83,AF6NQGLL3GDJKM2MM2BCYTMG7BAA,"March 28, 2020",Would recommend,As described. Would buy again,yes,0,4.0,https://www.amazon.ca/Act-Microwave-Gourmet-Popcorn-Snack-Size/dp/B07STNGDX5/ref=cm_cr_srp_d_product_top?ie=UTF8,2020-09-18 22:01:34.405298,2020-09-18 22:01:43.705191,Kristina,Clothing & Accessories,B002G9UDYG
84,AF6NQGLL3GDJKM2MM2BCYTMG7BAA,"March 28, 2020",Would recommend,Cheaper quality than the original ones but was still fun and worked well.,yes,One,4.0,https://www.amazon.ca/Electronic-Game-Kids-Ages-English/dp/B07M923D3C/ref=cm_cr_srp_d_product_top?ie=UTF8,2020-09-18 22:01:51.796388,2020-09-18 22:02:00.089176,Kristina,Clothing & Accessories,B002G9UDYG
85,AF6NQGLL3GDJKM2MM2BCYTMG7BAA,"March 28, 2020",Would recommend,Great little candles. Would buy again for sure.,yes,0,5.0,https://www.amazon.ca/Stonebriar-Unscented-Tealight-Candles-Extended/dp/B07S31ZRT9/ref=cm_cr_srp_d_product_top?ie=UTF8,2020-09-18 22:02:07.186396,2020-09-18 22:02:16.503317,Kristina,Clothing & Accessories,B002G9UDYG
86,AF6NQGLL3GDJKM2MM2BCYTMG7BAA,"March 28, 2020",Would recommend,As advertised. I would buy again for sure,yes,0,5.0,https://www.amazon.ca/Hostess-Twinkies-Golden-Cakes-Count/dp/B075CV7247/ref=cm_cr_srp_d_product_top?ie=UTF8,2020-09-18 22:02:26.600514,2020-09-18 22:02:34.895635,Kristina,Clothing & Accessories,B002G9UDYG
87,AF6NQGLL3GDJKM2MM2BCYTMG7BAA,"February 24, 2020",Would recommend,Overall I like this product. Smells nice but not overpowering.,yes,0,4.0,https://www.amazon.ca/TRESemm%C3%A9-Keratin-Smooth-Protection-Spray/dp/B00WODVBMM/ref=cm_cr_srp_d_product_top?ie=UTF8,2020-09-18 22:02:44.993806,2020-09-18 22:02:54.282278,Kristina,Clothing & Accessories,B002G9UDYG
88,AF6NQGLL3GDJKM2MM2BCYTMG7BAA,"February 24, 2020",Would recommend,Works great. As described. Remember to buy the special paper that goes with them. They wont work on normal paper.,yes,0,5.0,https://www.amazon.ca/Crayola-Colouring-Washable-Stocking-Stuffers/dp/B01M10CO0C/ref=cm_cr_srp_d_product_top?ie=UTF8,2020-09-18 22:03:04.371314,2020-09-18 22:03:13.711509,Kristina,Clothing & Accessories,B002G9UDYG
89,AF6NQGLL3GDJKM2MM2BCYTMG7BAA,"February 24, 2020",Would recommend,Great for the lego lover in your life.,yes,0,4.0,https://www.amazon.ca/LEGO-Marvel-Spider-Man-Rescue-Building/dp/B07D7TVNSV/ref=cm_cr_srp_d_product_top?ie=UTF8,2020-09-18 22:03:23.805227,2020-09-18 22:03:33.075305,Kristina,Clothing & Accessories,B002G9UDYG
90,AF6NQGLL3GDJKM2MM2BCYTMG7BAA,"February 24, 2020",Would recommend,Great gift idea for any peanutbutter lover.,yes,0,5.0,https://www.amazon.ca/Christmas-Peanut-Butter-Chocolate-226-Gram/dp/B00OH6WSIU/ref=cm_cr_srp_d_product_top?ie=UTF8,2020-09-18 22:03:40.160458,2020-09-18 22:03:48.455134,Kristina,Clothing & Accessories,B002G9UDYG
91,AF6NQGLL3GDJKM2MM2BCYTMG7BAA,"February 24, 2020",Would recommend,"My son loves these. He gets alot of use out of them. His only complaint is the battery life he wishes it had more. Easy to use and charge, he loves them overall",yes,0,5.0,https://www.amazon.ca/Soundcore-Anker-True-Wireless-Noise-Cancelling-Microphones/dp/B07GWVPYHN/ref=cm_cr_srp_d_product_top?ie=UTF8,2020-09-18 22:03:55.549785,2020-09-18 22:04:02.809810,Kristina,Clothing & Accessories,B002G9UDYG
92,AF6NQGLL3GDJKM2MM2BCYTMG7BAA,"February 24, 2020",Would recommend,Great toothbrushes for traveling. I will purchase again for my next trip.,yes,0,5.0,https://www.amazon.ca/153V-GUM-Toothbrush-Multi-Level-Antibacterial/dp/B01LXFSJY7/ref=cm_cr_srp_d_product_top?ie=UTF8,2020-09-18 22:04:11.901531,2020-09-18 22:04:19.149937,Kristina,Clothing & Accessories,B002G9UDYG
93,AF6NQGLL3GDJKM2MM2BCYTMG7BAA,"February 24, 2020",Fun for kids,My daughter loved this and had alot of fun with it. Only downfall is the amount of paint is minimal. Would have been nice to have had alittle more.,yes,0,5.0,https://www.amazon.ca/Crayola-Stampers-Colouring-Washable-Stocking/dp/B076G9F8FZ/ref=cm_cr_srp_d_product_top?ie=UTF8,2020-09-18 22:04:27.243749,2020-09-18 22:04:34.550964,Kristina,Clothing & Accessories,B002G9UDYG
94,AF6NQGLL3GDJKM2MM2BCYTMG7BAA,"February 24, 2020",Would recommend,As described. Would buy again.,yes,0,5.0,https://www.amazon.ca/Advance-4-Blade-Disposable-refillable-cartridges/dp/B007BF7ELA/ref=cm_cr_srp_d_product_top?ie=UTF8,2020-09-18 22:04:43.644693,2020-09-18 22:04:49.937078,Kristina,Clothing & Accessories,B002G9UDYG
95,AF6NQGLL3GDJKM2MM2BCYTMG7BAA,"February 24, 2020",Would recommend,Bought as a gift and the little girl was very happy. Her mom told me she LOVED it and had alot of fun with it,yes,0,5.0,https://www.amazon.ca/Crayola-Scents-Scented-Markers-Holiday/dp/B06XW2J96D/ref=cm_cr_srp_d_product_top?ie=UTF8,2020-09-18 22:04:57.032002,2020-09-18 22:05:05.316285,Kristina,Clothing & Accessories,B002G9UDYG
96,AF6NQGLL3GDJKM2MM2BCYTMG7BAA,"February 24, 2020",Would recommend,Bought for my son. He loves them. Very comfortable he says.,yes,0,5.0,https://www.amazon.ca/Fruit-Loom-Pocketed-Open-Bottom-Sweatpants/dp/B018GWYTYG/ref=cm_cr_srp_d_product_top?ie=UTF8,2020-09-18 22:05:15.401433,2020-09-18 22:05:21.690166,Kristina,Clothing & Accessories,B002G9UDYG
97,AF6NQGLL3GDJKM2MM2BCYTMG7BAA,"February 24, 2020",Price is too high for what it is,This feather is ok. Was bent a little but nothing terrible. Feather is nice and not damaged. Was not packaged very well only in a plastic sleeve thrown in the box. I think its price is too high for what it is.,yes,0,4.0,https://www.amazon.ca/AzureGreen-Barred-Turkey-Smudging-Feather/dp/B0053U1HM2/ref=cm_cr_srp_d_product_top?ie=UTF8,2020-09-18 22:05:31.780124,2020-09-18 22:05:39.130790,Kristina,Clothing & Accessories,B002G9UDYG
98,AF6NQGLL3GDJKM2MM2BCYTMG7BAA,"February 24, 2020",Would NOT recommend,Battery life sucks. Only lasts an hour maybe 2 if you are lucky. Bought for a friend to use at work but it doesnt cut it. Might be good of you just use them for a jog or while you wait for a ride or something. Not for steady use if you work outdoors.,yes,0,3.0,https://www.amazon.ca/Pococina-Bluetooth-Headphone-Wireless-Christmas/dp/B07HFV86S9/ref=cm_cr_srp_d_product_top?ie=UTF8,2020-09-18 22:05:47.225334,2020-09-18 22:05:55.500384,Kristina,Clothing & Accessories,B002G9UDYG
99,AF6NQGLL3GDJKM2MM2BCYTMG7BAA,"February 24, 2020",Cats arent the biggest fans of the gloves.,Great gloves but my cats dont love it. I have to sneak it on them when they are sleeping. Lol,yes,0,4.0,https://www.amazon.ca/Upgrade-Version-Pet-Grooming-Glove/dp/B01N9KSITZ/ref=cm_cr_srp_d_product_top?ie=UTF8,2020-09-18 22:06:04.594125,2020-09-18 22:06:13.899545,Kristina,Clothing & Accessories,B002G9UDYG
100,AF6NQGLL3GDJKM2MM2BCYTMG7BAA,"February 24, 2020",Would recommend,As described. My son loves it.,yes,0,5.0,https://www.amazon.ca/Eminem-Show/dp/B00006690G/ref=cm_cr_srp_d_product_top?ie=UTF8,2020-09-18 22:06:20.989371,2020-09-18 22:06:30.275109,Kristina,Clothing & Accessories,B002G9UDYG
101,AF6NQGLL3GDJKM2MM2BCYTMG7BAA,"February 24, 2020",Would recommend,My 2 kitties love these. One can feeds them both a meal.,yes,0,5.0,https://www.amazon.ca/Purina%C2%AE-Friskies%C2%AE-Variety-Pack-Food/dp/B00KACM4B6/ref=cm_cr_srp_d_product_top?ie=UTF8,2020-09-18 22:06:39.366132,2020-09-18 22:06:48.667620,Kristina,Clothing & Accessories,B002G9UDYG
102,AF6NQGLL3GDJKM2MM2BCYTMG7BAA,"February 24, 2020",Just ok,Meh. It's just ok. It's slow but it is ok for my daughter to watch Netflix and disney,yes,0,3.0,https://www.amazon.ca/Contixo-Parental-Education-Certified-Playstore/dp/B07Y7NMP6X/ref=cm_cr_srp_d_product_top?ie=UTF8,2020-09-18 22:06:56.758646,2020-09-18 22:07:03.046861,Kristina,Clothing & Accessories,B002G9UDYG
103,AF6NQGLL3GDJKM2MM2BCYTMG7BAA,"February 24, 2020",Would recommend,"Bought these as a stocking stuffer for Christmas. Came in a small box perfect for the stocking. They work great, providing loads of fun for my daughter who is 7. Batteries dont last as long as I would hope tho so make sure you turn it off when not in use.",yes,0,4.0,https://www.amazon.ca/Retevis-RT-388-Walkie-Talkies-Flashlight/dp/B00KKBOXMU/ref=cm_cr_srp_d_product_top?ie=UTF8,2020-09-18 22:07:12.138105,2020-09-18 22:07:21.385182,Kristina,Clothing & Accessories,B002G9UDYG
104,AF6NQGLL3GDJKM2MM2BCYTMG7BAA,"February 24, 2020",Would recommend,Very good product. Love the smell and you get a good amount for your money. I will buy more for sure.,yes,0,5.0,https://www.amazon.ca/JBJ-White-Sage-Incense-120-Sticks/dp/B00AYTGPWE/ref=cm_cr_srp_d_product_top?ie=UTF8,2020-09-18 22:07:28.480995,2020-09-18 22:07:37.794107,Kristina,Clothing & Accessories,B002G9UDYG
105,AF6NQGLL3GDJKM2MM2BCYTMG7BAA,"February 24, 2020",Would recommend,In love with this deck. Very accurate readings for myself and friends. Artwork is beautiful and mystical. Very happy with this purchase,yes,0,5.0,https://www.amazon.ca/Wild-Tarot-Guidebook-Official-Keepsake/dp/0062466593/ref=cm_cr_srp_d_product_top?ie=UTF8,2020-09-18 22:07:44.893969,2020-09-18 22:07:51.165263,Kristina,Clothing & Accessories,B002G9UDYG
106,AF6NQGLL3GDJKM2MM2BCYTMG7BAA,"February 24, 2020",Would recommend,Very happy with this deck. Very easy to bond to and use daily. The artwork is beautiful! I recommend getting some blue angelite to go along with this deck.,yes,0,5.0,https://www.amazon.ca/Angels-Ancestors-Oracle-Cards-Guidebook/dp/1788170016/ref=cm_cr_srp_d_product_top?ie=UTF8,2020-09-18 22:08:00.255774,2020-09-18 22:08:09.544161,Kristina,Clothing & Accessories,B002G9UDYG
107,AF6NQGLL3GDJKM2MM2BCYTMG7BAA,"February 24, 2020",Would recommend,Perfect for traveling. Didnt break or leak the whole trip.,yes,0,5.0,https://www.amazon.ca/AMMAX-Refillable-Squeezable-Containers-Conditioner/dp/B07HQTWL1T/ref=cm_cr_srp_d_product_top?ie=UTF8,2020-09-18 22:08:17.638571,2020-09-18 22:08:25.954494,Kristina,Clothing & Accessories,B002G9UDYG
108,AF6NQGLL3GDJKM2MM2BCYTMG7BAA,"February 24, 2020",Would recommend,"Good product. Love fluval anything tho so maybe I am biased. Too small of a box for what I need tho, I have a fluval 406 and there was only enough to fill 1 canister or 2 half way. next time I will buy the bigger box.",yes,0,5.0,https://www.amazon.ca/Fluval-Biomax-Bio-Rings-ounces/dp/B000HHSG5M/ref=cm_cr_srp_d_product_top?ie=UTF8,2020-09-18 22:08:34.043374,2020-09-18 22:08:41.319630,Kristina,Clothing & Accessories,B002G9UDYG
109,AF6NQGLL3GDJKM2MM2BCYTMG7BAA,"February 24, 2020",Would recommend,Bought for hubby to wear at work. He loves them. Ordered a size smaller than I should have but it still fit him and they stretched a little over time.,yes,0,5.0,https://www.amazon.ca/dp/B07PNYPKLG/ref=cm_cr_srp_d_product_top?ie=UTF8,2020-09-18 22:08:50.411896,2020-09-18 22:08:58.694223,Kristina,Clothing & Accessories,B002G9UDYG
110,AF6NQGLL3GDJKM2MM2BCYTMG7BAA,"February 24, 2020",Would recommend,As advertised. My son loves it!,yes,0,5.0,https://www.amazon.ca/Encore-Eminem/dp/B00065XJ52/ref=cm_cr_srp_d_product_top?ie=UTF8,2020-09-18 22:09:08.789580,2020-09-18 22:09:15.071870,Kristina,Clothing & Accessories,B002G9UDYG
111,AF6NQGLL3GDJKM2MM2BCYTMG7BAA,"February 24, 2020",Would recommend,As described. My son loves it.,yes,0,5.0,https://www.amazon.ca/Curtain-Call-Hits-Eminem/dp/B000BVD460/ref=cm_cr_srp_d_product_top?ie=UTF8,2020-09-18 22:09:23.166729,2020-09-18 22:09:29.439815,Kristina,Clothing & Accessories,B002G9UDYG
112,AF6NQGLL3GDJKM2MM2BCYTMG7BAA,"February 24, 2020",Would HIGHLY recommend,This journal is so beautiful. I plan to buy more for sure. Definitely has that mystic feel and look! I bought it to log my daily readings and intentions. Worth every penny. So pleased with this purchase.,yes,0,5.0,https://www.amazon.ca/Handmade-Embossed-personal-notebook-refillable/dp/B075VQ6HL7/ref=cm_cr_srp_d_product_top?ie=UTF8,2020-09-18 22:09:36.524738,2020-09-18 22:09:44.828623,Kristina,Clothing & Accessories,B002G9UDYG
113,AF6NQGLL3GDJKM2MM2BCYTMG7BAA,"February 24, 2020",I would recommend,Beautiful bracelet. Great quality and exactly as advertised,yes,0,5.0,https://www.amazon.ca/Massive-Beads-Adjustable-Bracelets-Carnelian/dp/B07DPHSFM1/ref=cm_cr_srp_d_product_top?ie=UTF8,2020-09-18 22:09:51.920491,2020-09-18 22:09:58.193859,Kristina,Clothing & Accessories,B002G9UDYG
114,AF6NQGLL3GDJKM2MM2BCYTMG7BAA,"February 24, 2020",Would recommend,Beautiful bracelet. Packaged nicely. Very happy with my order.,yes,One,5.0,https://www.amazon.ca/Natural-Angelite-Gemstone-Adjustable-Bracelets/dp/B07KF53R15/ref=cm_cr_srp_d_product_top?ie=UTF8,2020-09-18 22:10:05.292140,2020-09-18 22:10:12.647990,Kristina,Clothing & Accessories,B002G9UDYG
115,AF6NQGLL3GDJKM2MM2BCYTMG7BAA,"February 24, 2020",Would recommend,Love these hair ties for my daughter. Havent broken one yet!,yes,0,5.0,https://www.amazon.ca/Scunci-Effortless-No-damage-Elastics-30-Count/dp/B001T8S9OG/ref=cm_cr_srp_d_product_top?ie=UTF8,2020-09-18 22:10:19.743237,2020-09-18 22:10:26.071121,Kristina,Clothing & Accessories,B002G9UDYG
116,AF6NQGLL3GDJKM2MM2BCYTMG7BAA,"February 21, 2020",Would highly recommend,"I am so pleased with this purchase. Beautifully packaged, even included a beautiful extra gift! I would buy again in a heartbeat. Thank you!",yes,0,5.0,https://www.amazon.ca/Healing-Crystal-Amethyst-Obsidian-Meditation/dp/B074CZVBHT/ref=cm_cr_srp_d_product_top?ie=UTF8,2020-09-18 22:10:34.162907,2020-09-18 22:10:42.488364,Kristina,Clothing & Accessories,B002G9UDYG
117,AF6NQGLL3GDJKM2MM2BCYTMG7BAA,"January 23, 2020",Would not recommend,It works but takes much longer to charge than using a cord. Not overly impressed.,yes,0,2.0,https://www.amazon.ca/Hoisan-Wireless-Charger-Charging-Samsung/dp/B07VGG4527/ref=cm_cr_srp_d_product_top?ie=UTF8,2020-09-18 22:10:50.583366,2020-09-18 22:10:57.863261,Kristina,Clothing & Accessories,B002G9UDYG
118,AF6NQGLL3GDJKM2MM2BCYTMG7BAA,"January 23, 2020",Smaller than expected,It's a great backpack for carry on but it is smaller than it appears in the add. I dont know how well a laptop would fit. I used it for my ipad and chargers. Overall it lasted a trip to jamacia for the week. I packed it pretty heavy and the straps lasted.,yes,0,3.0,https://www.amazon.ca/Backpack-Waterproof-Customization-Headphone-OMOUBOI/dp/B07XNZWMY3/ref=cm_cr_srp_d_product_top?ie=UTF8,2020-09-18 22:11:06.957928,2020-09-18 22:11:13.272697,Kristina,Clothing & Accessories,B002G9UDYG
119,AF6NQGLL3GDJKM2MM2BCYTMG7BAA,"January 23, 2020",Would recommend,Works great. Keeps everything organized. Makes a great gift.,yes,0,5.0,https://www.amazon.ca/Sminiker-Professional-Waterproof-Rechargeable-Precision/dp/B07H92NQFP/ref=cm_cr_srp_d_product_top?ie=UTF8,2020-09-18 22:11:20.361421,2020-09-18 22:11:29.649761,Kristina,Clothing & Accessories,B002G9UDYG
120,AF6NQGLL3GDJKM2MM2BCYTMG7BAA,"January 22, 2020",Would recommend,My cats love these toys. They have provided hours of fun and entertainment. I would recommend for sure.,yes,0,5.0,https://www.amazon.ca/Catit-51397-Playground-Plastic-Springs/dp/B0035H3B56/ref=cm_cr_srp_d_product_top?ie=UTF8,2020-09-18 22:11:38.742318,2020-09-18 22:11:46.048864,Kristina,Clothing & Accessories,B002G9UDYG
121,AF6NQGLL3GDJKM2MM2BCYTMG7BAA,"January 22, 2020",Not great,Was bought to play a game on so there was a bigger screen than my phone. but it doesn't support it. So that sucks. It's a bit slow and cant be used for what I wanted. I wouldn't recommend. If you want something to just play netflix or Disney on than you wont be disappointed with this tablet.,yes,0,2.0,https://www.amazon.ca/Android-Tablet-Inch-WiFi-Tablets/dp/B07VWJ5R2G/ref=cm_cr_srp_d_product_top?ie=UTF8,2020-09-18 22:11:54.142129,2020-09-18 22:12:00.423673,Kristina,Clothing & Accessories,B002G9UDYG
122,AF6NQGLL3GDJKM2MM2BCYTMG7BAA,"January 22, 2020",Smaller than expected.,Nice candle set. But smaller than expected.,yes,0,4.0,https://www.amazon.ca/YINUO-LIGHT-Portable-Aromatherapy-Birthday/dp/B07H7K19LC/ref=cm_cr_srp_d_product_top?ie=UTF8,2020-09-18 22:12:09.514746,2020-09-18 22:12:18.788946,Kristina,Clothing & Accessories,B002G9UDYG
123,AF6NQGLL3GDJKM2MM2BCYTMG7BAA,"January 22, 2020",Would recommend,Very soft and a great size. Bought as gifts for christmas and everyone loved them.,yes,One,5.0,https://www.amazon.ca/American-Trends-Fashion-Winter-Blanket/dp/B07H3TTH6S/ref=cm_cr_srp_d_product_top?ie=UTF8,2020-09-18 22:12:25.880684,2020-09-18 22:12:33.156106,Kristina,Clothing & Accessories,B002G9UDYG
124,AF6NQGLL3GDJKM2MM2BCYTMG7BAA,"January 22, 2020",Would NOT recommend,Not happy with this phone case. Right out the package its scratched on the round stand part. Its very cheap. I would not recommend.,yes,0,1.0,https://www.amazon.ca/ISADENSER-Compatible-Samsung-Ultra-Slim-Glitter/dp/B07R4D7GW7/ref=cm_cr_srp_d_product_top?ie=UTF8,2020-09-18 22:12:43.251078,2020-09-18 22:12:50.549545,Kristina,Clothing & Accessories,B002G9UDYG
125,AF6NQGLL3GDJKM2MM2BCYTMG7BAA,"January 16, 2020",Would recommend,Fits tablet perfectly. Not bad quality. Overall happy with this purchase,yes,0,4.0,https://www.amazon.ca/Winnovo-Leather-Silicone-Resistant-Suitable/dp/B0816XJY63/ref=cm_cr_srp_d_product_top?ie=UTF8,2020-09-18 22:12:57.645386,2020-09-18 22:13:05.914466,Kristina,Clothing & Accessories,B002G9UDYG
126,AF6NQGLL3GDJKM2MM2BCYTMG7BAA,"January 16, 2020",Would recommend,My daughter loved this. Was bought as a christmas gift.,yes,0,5.0,https://www.amazon.ca/Crayola-Mess-Free-Colouring-Washable-Stocking/dp/B07K48PGZR/ref=cm_cr_srp_d_product_top?ie=UTF8,2020-09-18 22:13:14.006133,2020-09-18 22:13:21.369391,Kristina,Clothing & Accessories,B002G9UDYG
127,AF6NQGLL3GDJKM2MM2BCYTMG7BAA,"January 16, 2020",Would recommend,Fits perfect. Very warm. Really good quality.,yes,0,5.0,https://www.amazon.ca/Carhartt-Acrylic-Watch-Black-Size/dp/B002G9UDYG/ref=cm_cr_srp_d_product_top?ie=UTF8,2020-09-18 22:13:28.462618,2020-09-18 22:13:36.764251,Kristina,Clothing & Accessories,B002G9UDYG
128,AF6NQGLL3GDJKM2MM2BCYTMG7BAA,"January 4, 2020",Would recommend,Great product. Doesnt have much of a smell. Great for sensitive skin. I will buy again.,yes,0,5.0,https://www.amazon.ca/Cetaphil-Moisturizing-Lotion-500ml/dp/B00BMJTP54/ref=cm_cr_srp_d_product_top?ie=UTF8,2020-09-18 22:13:45.856376,2020-09-18 22:13:53.120712,Kristina,Clothing & Accessories,B002G9UDYG
129,AF6NQGLL3GDJKM2MM2BCYTMG7BAA,"January 4, 2020",Would recommend,"Great color. Dries quickly as well, and the price is right.",yes,0,5.0,https://www.amazon.ca/Sinful-Colors-roses-Polish-Milliliters/dp/B01HYUG1A6/ref=cm_cr_srp_d_product_top?ie=UTF8,2020-09-18 22:14:03.213885,2020-09-18 22:14:10.500956,Kristina,Clothing & Accessories,B002G9UDYG
130,AF6NQGLL3GDJKM2MM2BCYTMG7BAA,"January 4, 2020",Would recommend,Super cute and handy while traveling. Keeps all the important stuff safe.,yes,0,5.0,https://www.amazon.ca/WALNEW-Blocking-Passport-Holder-Travel/dp/B07KYC61MX/ref=cm_cr_srp_d_product_top?ie=UTF8,2020-09-18 22:14:19.596243,2020-09-18 22:14:26.845726,Kristina,Clothing & Accessories,B002G9UDYG
131,AF6NQGLL3GDJKM2MM2BCYTMG7BAA,"January 2, 2020",Would recommend,Love this shoe. Would buy again! Worth every penny for sure.,yes,0,5.0,https://www.amazon.ca/Skechers-Womens-3-0-Insiders-Sneakers-Regular/dp/B07H5N1P4Q/ref=cm_cr_srp_d_product_top?ie=UTF8,2020-09-18 22:14:35.940114,2020-09-18 22:14:43.313988,Kristina,Clothing & Accessories,B002G9UDYG
132,AF6NQGLL3GDJKM2MM2BCYTMG7BAA,"January 2, 2020",Would recommend,Exactly as advertised. Perfect for travel. Can easily fit clothes for a week trip with room to spare.,yes,0,5.0,https://www.amazon.ca/Asenlin-backpack-Approved-backpack-Men-Weekender/dp/B07V9V8TY5/ref=cm_cr_srp_d_product_top?ie=UTF8,2020-09-18 22:14:50.409563,2020-09-18 22:14:57.688596,Kristina,Clothing & Accessories,B002G9UDYG
133,AF6NQGLL3GDJKM2MM2BCYTMG7BAA,"January 2, 2020",Would recommend,As described. Perfect condition. Perfect for a gift.,yes,0,5.0,https://www.amazon.ca/Hasbro-E6717-Nerf-Fortnite-SP-L/dp/B07M6TG3KK/ref=cm_cr_srp_d_product_top?ie=UTF8,2020-09-18 22:15:05.778566,2020-09-18 22:15:14.084135,Kristina,Clothing & Accessories,B002G9UDYG
134,AF6NQGLL3GDJKM2MM2BCYTMG7BAA,"January 2, 2020",Would recommend,Super cute. My baby neice loved it.,yes,0,5.0,https://www.amazon.ca/RaZbaby-RaZ-Berry-Silicon-Teether-Pink/dp/B002FL06FG/ref=cm_cr_srp_d_product_top?ie=UTF8,2020-09-18 22:15:23.175294,2020-09-18 22:15:30.491652,Kristina,Clothing & Accessories,B002G9UDYG
135,AF6NQGLL3GDJKM2MM2BCYTMG7BAA,"January 2, 2020",Would recommend,These sandals are so nice. I would buy again.,yes,0,5.0,https://www.amazon.ca/Ranberone-Womens-Casual-Sandals-Slippers/dp/B07NT4TBJ5/ref=cm_cr_srp_d_product_top?ie=UTF8,2020-09-18 22:15:37.582571,2020-09-18 22:15:45.836986,Kristina,Clothing & Accessories,B002G9UDYG
136,AF6NQGLL3GDJKM2MM2BCYTMG7BAA,"December 31, 2019",Would recommend,Perfect condition. Exactly what I expected.,yes,0,5.0,https://www.amazon.ca/Crayola-Drawing-Bundled-Wrapped-Crayons/dp/B01MZ3XU6W/ref=cm_cr_srp_d_product_top?ie=UTF8,2020-09-18 22:15:53.932908,2020-09-18 22:16:00.259005,Kristina,Clothing & Accessories,B002G9UDYG
137,AF6NQGLL3GDJKM2MM2BCYTMG7BAA,"December 18, 2019",Would recommend,Nice shirt. Just wish the logo was alittle bigger on the shirt. Other than that I would recommend,yes,0,4.0,https://www.amazon.ca/Witty-Fashions-Dadman-Fathers-T-Shirt/dp/B07QDZZ6XY/ref=cm_cr_srp_d_product_top?ie=UTF8,2020-09-18 22:16:08.354493,2020-09-18 22:16:15.722344,Kristina,Clothing & Accessories,B002G9UDYG
138,AF6NQGLL3GDJKM2MM2BCYTMG7BAA,"December 18, 2019",Would recommend,My son loves this. Perfect for what he needs it for.,yes,0,5.0,https://www.amazon.ca/Arespark-Bicycle-Portable-Schrader-Mountain/dp/B07TL9S9PM/ref=cm_cr_srp_d_product_top?ie=UTF8,2020-09-18 22:16:22.815411,2020-09-18 22:16:32.104198,Kristina,Clothing & Accessories,B002G9UDYG
139,AF6NQGLL3GDJKM2MM2BCYTMG7BAA,"December 18, 2019",Would recommend,As advertised,yes,0,5.0,https://www.amazon.ca/Marshall-Mathers-Lp2-Eminem/dp/B00FZ4LMW6/ref=cm_cr_srp_d_product_top?ie=UTF8,2020-09-18 22:16:41.196523,2020-09-18 22:16:48.491960,Kristina,Clothing & Accessories,B002G9UDYG
140,AF6NQGLL3GDJKM2MM2BCYTMG7BAA,"December 18, 2019",Would recommend,Exactly as advertised. My 7 year old loves these so much.,yes,0,5.0,https://www.amazon.ca/Kitties-Singles-Collect-Randomly-assorted/dp/B07MM2HBR1/ref=cm_cr_srp_d_product_top?ie=UTF8,2020-09-18 22:16:58.584156,2020-09-18 22:17:06.873326,Kristina,Clothing & Accessories,B002G9UDYG
141,AF6NQGLL3GDJKM2MM2BCYTMG7BAA,"December 18, 2019",Would recommend,Exactly what I needed to reach the bottom of my 65 gallon tank.,yes,0,5.0,https://www.amazon.ca/Python-24PC-X-Large-Pro-Clean-Gravel/dp/B0002APRYW/ref=cm_cr_srp_d_product_top?ie=UTF8,2020-09-18 22:17:15.961327,2020-09-18 22:17:22.281090,Kristina,Clothing & Accessories,B002G9UDYG
142,AF6NQGLL3GDJKM2MM2BCYTMG7BAA,"December 16, 2019",Would recommend,Havent opened yet because it is a Christmas gift. Bought it on a lightning deal so I got a huge deal. It's very cute and the packaging was perfect condition. It's much bigger than i expected as well. Make sure to buy c batteries because they are not included.,yes,0,5.0,https://www.amazon.ca/Interactive-Brought-furReal-Motion-Combinations/dp/B07MC8TCGL/ref=cm_cr_srp_d_product_top?ie=UTF8,2020-09-18 22:17:29.374010,2020-09-18 22:17:38.620207,Kristina,Clothing & Accessories,B002G9UDYG
143,AF6NQGLL3GDJKM2MM2BCYTMG7BAA,"December 16, 2019",Would recommend,As advertised. Cant wait to give it to my brother who became a dad this year. Nice packaging. Very pleased.,yes,0,5.0,https://www.amazon.ca/Funny-Coffee-Mug-Inspirational-Quote/dp/B07P7PZDYM/ref=cm_cr_srp_d_product_top?ie=UTF8,2020-09-18 22:17:47.711515,2020-09-18 22:17:55.055473,Kristina,Clothing & Accessories,B002G9UDYG
144,AF6NQGLL3GDJKM2MM2BCYTMG7BAA,"December 16, 2019",Would NOT recommend,Not very happy with this product. Gave 2 stars because it arrived and its socks that say what they are supposed to. But they look dirty. And the white wording has black fuzz on it. Bought for stocking stuffers but not sure I want to add them in because of their overall appearance.,yes,One,2.0,https://www.amazon.ca/Do-Not-Disturb-Gaming-Christmas/dp/B07RZCCVVM/ref=cm_cr_srp_d_product_top?ie=UTF8,2020-09-18 22:18:02.141995,2020-09-18 22:18:10.402934,Kristina,Clothing & Accessories,B002G9UDYG
145,AF6NQGLL3GDJKM2MM2BCYTMG7BAA,"December 16, 2019",Would recommend,As advertised. I would recommend,yes,0,5.0,https://www.amazon.ca/Slim-Shady-LP-Eminem/dp/B00000I5JQ/ref=cm_cr_srp_d_product_top?ie=UTF8,2020-09-18 22:18:18.497789,2020-09-18 22:18:24.767413,Kristina,Clothing & Accessories,B002G9UDYG
146,AF6NQGLL3GDJKM2MM2BCYTMG7BAA,"December 11, 2019",Would recommend,Very good quality. A bit snug so order a size up. Unless you have skinny arms than you should be fine ordering your size.,yes,0,5.0,https://www.amazon.ca/Under-Armour-Fleece-Hoodie-X-Large/dp/B0785W7CXP/ref=cm_cr_srp_d_product_top?ie=UTF8,2020-09-18 22:18:34.861857,2020-09-18 22:18:42.144267,Kristina,Clothing & Accessories,B002G9UDYG
147,AF6NQGLL3GDJKM2MM2BCYTMG7BAA,"December 11, 2019",Would reccomend,Arrived in perfect condition. Looks as advertised. Very happy with this product,yes,0,5.0,https://www.amazon.ca/Hasbro-E6161-Fortnite-Official-Blasters/dp/B07S233XPB/ref=cm_cr_srp_d_product_top?ie=UTF8,2020-09-18 22:18:52.237523,2020-09-18 22:18:58.561443,Kristina,Clothing & Accessories,B002G9UDYG
148,AF6NQGLL3GDJKM2MM2BCYTMG7BAA,"December 11, 2019",Would recommend,Nice tie. Bought as a gift for my daughters principal. Would give 5 stars if it came in better packaging. Just comes in a plastic sleeve. Would be nice if it came in a gift box or sack. Still nice tie and looks as advertised.,yes,0,4.0,https://www.amazon.ca/MENDENG-Classic-Striped-Business-Neckties/dp/B07L2YRF58/ref=cm_cr_srp_d_product_top?ie=UTF8,2020-09-18 22:19:08.659596,2020-09-18 22:19:17.923786,Kristina,Clothing & Accessories,B002G9UDYG
149,AF6NQGLL3GDJKM2MM2BCYTMG7BAA,"December 11, 2019",Would recommend,Arrived in Perfect condition. Perfect christmas gift for my little girl who loves lost kitties. Cant wait to give it to her.,yes,0,5.0,https://www.amazon.ca/Lost-Kitties-Bonus-Exclusive-Figures/dp/B07KSV7VF7/ref=cm_cr_srp_d_product_top?ie=UTF8,2020-09-18 22:19:26.030100,2020-09-18 22:19:32.303874,Kristina,Clothing & Accessories,B002G9UDYG
150,AF6NQGLL3GDJKM2MM2BCYTMG7BAA,"December 11, 2019",Would recommend,Cute little gift for a new mommy in your life. Came in a pouch and looks as advertised.,yes,0,4.0,https://www.amazon.ca/Gzrlyf-Mommy-Bracelet-Jewelry-Pregnancy/dp/B07QK5NBLS/ref=cm_cr_srp_d_product_top?ie=UTF8,2020-09-18 22:19:39.398206,2020-09-18 22:19:47.669665,Kristina,Clothing & Accessories,B002G9UDYG
151,AF6NQGLL3GDJKM2MM2BCYTMG7BAA,"December 11, 2019",So far happy with my order,Bought as a Christmas gift. Came in perfect condition. Will update after my son opens it and sets it up. So far happy with my order,yes,0,4.0,https://www.amazon.ca/Innovative-Technology-Classic-Bluetooth-Headphone/dp/B071L1TXVS/ref=cm_cr_srp_d_product_top?ie=UTF8,2020-09-18 22:19:56.764992,2020-09-18 22:20:06.028402,Kristina,Clothing & Accessories,B002G9UDYG
152,AF6NQGLL3GDJKM2MM2BCYTMG7BAA,"December 11, 2019",Would recommend,"Beautiful necklace. My son bought this for his girlfriend and she adores it. Came in a beautiful box, ready to gift.",yes,0,5.0,https://www.amazon.ca/Angelady-Guardian-Necklace-Swarovski-Anniversary/dp/B075XGVFFM/ref=cm_cr_srp_d_product_top?ie=UTF8,2020-09-18 22:20:15.115907,2020-09-18 22:20:24.393907,Kristina,Clothing & Accessories,B002G9UDYG
153,AF6NQGLL3GDJKM2MM2BCYTMG7BAA,"December 11, 2019",Would recommend,"Works as advertised. Have had no issues with it yet, have had it running on and off in a 20 gallon for a few months now. Will buy a bigger size for my 65 gallon tank.",yes,0,5.0,https://www.amazon.ca/Aquafit-Aquatics-AAUV3W-UL-12V-Sterilizer/dp/B0051C62IQ/ref=cm_cr_srp_d_product_top?ie=UTF8,2020-09-18 22:20:31.488934,2020-09-18 22:20:39.844002,Kristina,Clothing & Accessories,B002G9UDYG
154,AF6NQGLL3GDJKM2MM2BCYTMG7BAA,"December 11, 2019",Would recommend,"My son loves this visor. Great quality, looks and fits as expected",yes,0,5.0,https://www.amazon.ca/Champion-Life-Twill-Visor-White/dp/B07P5TTG7X/ref=cm_cr_srp_d_product_top?ie=UTF8,2020-09-18 22:20:46.936483,2020-09-18 22:20:56.246292,Kristina,Clothing & Accessories,B002G9UDYG
155,AF6NQGLL3GDJKM2MM2BCYTMG7BAA,"December 11, 2019",Would recommend,My son loves this shirt. Fits perfect and looks as advertised.,yes,0,5.0,https://www.amazon.ca/Champion-Jersey-T-Shirt-Crimson-X-Large/dp/B00GYX5DRM/ref=cm_cr_srp_d_product_top?ie=UTF8,2020-09-18 22:21:05.341539,2020-09-18 22:21:14.650431,Kristina,Clothing & Accessories,B002G9UDYG
156,AF6NQGLL3GDJKM2MM2BCYTMG7BAA,"December 11, 2019",Would recommend,"My son bought these for his bike. He loves them and always says how happy he is with them. He uses the word ""perfect"" to describe them. Very happy with this product.",yes,0,5.0,https://www.amazon.ca/ODI-Flanges-Grips-150mm-black/dp/B00VMYL8WW/ref=cm_cr_srp_d_product_top?ie=UTF8,2020-09-18 22:21:22.745260,2020-09-18 22:21:32.016348,Kristina,Clothing & Accessories,B002G9UDYG
157,AF6NQGLL3GDJKM2MM2BCYTMG7BAA,"December 11, 2019",Would recommend,Bought this as a Christmas gift for my son. Arrived in perfect condition. Very happy with this purchase!,yes,0,5.0,https://www.amazon.ca/Fortnite-AR-L-Nerf-Elite-Blaster/dp/B07MBK23M2/ref=cm_cr_srp_d_product_top?ie=UTF8,2020-09-18 22:21:40.111396,2020-09-18 22:21:47.405822,Kristina,Clothing & Accessories,B002G9UDYG
158,AF6NQGLL3GDJKM2MM2BCYTMG7BAA,"December 4, 2019",Would recommend,So adorable. Can't wait to give it to my mom! Good size not small at all.,yes,0,5.0,https://www.amazon.ca/Our-Name-Mud-4026928-Onimd/dp/B007J4EVMS/ref=cm_cr_srp_d_product_top?ie=UTF8,2020-09-18 22:21:56.499741,2020-09-18 22:22:05.806693,Kristina,Clothing & Accessories,B002G9UDYG
159,AF6NQGLL3GDJKM2MM2BCYTMG7BAA,"November 25, 2019",Great gift for lego lovers,Great mug. It's much bigger than I expected. About the size of an adults mug! Bought as a Christmas gift. Cant wait to give it to my nephew.,yes,0,5.0,https://www.amazon.ca/KYONNE-Build-Building-Blocks-Christmas/dp/B076PCPTJC/ref=cm_cr_srp_d_product_top?ie=UTF8,2020-09-18 22:22:15.894624,2020-09-18 22:22:22.155552,Kristina,Clothing & Accessories,B002G9UDYG
160,AF6NQGLL3GDJKM2MM2BCYTMG7BAA,"November 25, 2019",Would recommend,Very nice. My son bought this for himself and his girlfriend. They love it. It's a bit heavier than expected and great quality. Would recommend,yes,0,5.0,https://www.amazon.ca/UEUC-Couple-Bracelet-Black-Howlite/dp/B01N74U5LT/ref=cm_cr_srp_d_product_top?ie=UTF8,2020-09-18 22:22:31.246454,2020-09-18 22:22:37.510940,Kristina,Clothing & Accessories,B002G9UDYG
161,AF6NQGLL3GDJKM2MM2BCYTMG7BAA,"November 25, 2019",Would recommend,Love this necklace. Bought 2 for my brothers for christmas. To remember our dad. The chain isnt the greatest but can be easily replaced. The heart is very small only the tiniest bit of ashes can fit. But that's not a big problem for me.,yes,0,4.0,https://www.amazon.ca/Necklace-Stainless-Cremation-Memorial-Silver-Dad/dp/B07FZJ6KCF/ref=cm_cr_srp_d_product_top?ie=UTF8,2020-09-18 22:22:47.605509,2020-09-18 22:22:56.914820,Kristina,Clothing & Accessories,B002G9UDYG
162,AF6NQGLL3GDJKM2MM2BCYTMG7BAA,"November 25, 2019",Would recommend,Super cute ornament. Would have gave 5 stars if it came in better packaging. It was just in a plastic bag. Would have been nice to be in a little sack or box. Still very nice gift for teachers.,yes,0,4.0,https://www.amazon.ca/CA-Gift-CO765-Occupation-Ornament/dp/B00TO7THZE/ref=cm_cr_srp_d_product_top?ie=UTF8,2020-09-18 22:23:04.999310,2020-09-18 22:23:13.278832,Kristina,Clothing & Accessories,B002G9UDYG
163,AF6NQGLL3GDJKM2MM2BCYTMG7BAA,"November 25, 2019",Would recommend,Cant wait to give this to my brother in law. Arrived in perfect condition. Very happy with this purchase.,yes,0,5.0,https://www.amazon.ca/Fucking-Humbug-Release-Your-Inner-Scrooge/dp/1539699544/ref=cm_cr_srp_d_product_top?ie=UTF8,2020-09-18 22:23:21.370140,2020-09-18 22:23:30.658554,Kristina,Clothing & Accessories,B002G9UDYG
164,AF6NQGLL3GDJKM2MM2BCYTMG7BAA,"November 25, 2019",Would recommend,Looks just like the picture. Cant wait to give it to my neice for Christmas.,yes,0,5.0,https://www.amazon.ca/i-Auto-Time-Newborn-Clothes-Aunties/dp/B07PMV3WSX/ref=cm_cr_srp_d_product_top?ie=UTF8,2020-09-18 22:23:37.745767,2020-09-18 22:23:47.023724,Kristina,Clothing & Accessories,B002G9UDYG
165,AF6NQGLL3GDJKM2MM2BCYTMG7BAA,"November 25, 2019",Would recommend,Beautiful pens. My daughter picked them out to give as gifts to her teachers at school. She is in love with hers. Only thing Is they only give 1 sleeve. Would be better if each pen had a sleeve.,yes,One,5.0,https://www.amazon.ca/DS-DISTINCTIVE-STYLE-Diamond-Ballpoint-Refills/dp/B07MV5D5NP/ref=cm_cr_srp_d_product_top?ie=UTF8,2020-09-18 22:23:56.119962,2020-09-18 22:24:02.412681,Kristina,Clothing & Accessories,B002G9UDYG
166,AF6NQGLL3GDJKM2MM2BCYTMG7BAA,"November 25, 2019",Would recommend,Exactly like picture. Super cute. My neice will love it.,yes,0,5.0,https://www.amazon.ca/Teether-Starfish-Extremely-Comfortable-Sensitivity/dp/B0771P9P83/ref=cm_cr_srp_d_product_top?ie=UTF8,2020-09-18 22:24:09.503096,2020-09-18 22:24:17.801687,Kristina,Clothing & Accessories,B002G9UDYG
167,AF6NQGLL3GDJKM2MM2BCYTMG7BAA,"November 25, 2019",Would recommend,Bought as a christmas gift. Looks very nice and the material is soft not scratchy.,yes,0,5.0,https://www.amazon.ca/Uncle-Myth-Legend-Awesome-XX-Large/dp/B011RO36EE/ref=cm_cr_srp_d_product_top?ie=UTF8,2020-09-18 22:24:24.886309,2020-09-18 22:24:34.140010,Kristina,Clothing & Accessories,B002G9UDYG
168,AF6NQGLL3GDJKM2MM2BCYTMG7BAA,"November 25, 2019",Would recommend,Looks just like the picture. Cant wait for my daughter to give this to her school bus driver for Christmas.,yes,0,5.0,https://www.amazon.ca/Lywjyb-Birdgot-Appreciation-Awesome-Thankful/dp/B07V5H43XS/ref=cm_cr_srp_d_product_top?ie=UTF8,2020-09-18 22:24:41.234441,2020-09-18 22:24:48.498113,Kristina,Clothing & Accessories,B002G9UDYG
169,AF6NQGLL3GDJKM2MM2BCYTMG7BAA,"November 25, 2019",Would recommend,Arrived in perfect condition. Will be a perfect gift for my daughters school secretary. Thank you!,yes,0,5.0,https://www.amazon.ca/Being-awesome-School-Secretary-Heart/dp/1709621370/ref=cm_cr_srp_d_product_top?ie=UTF8,2020-09-18 22:24:58.589302,2020-09-18 22:25:06.866615,Kristina,Clothing & Accessories,B002G9UDYG
170,AF6NQGLL3GDJKM2MM2BCYTMG7BAA,"November 25, 2019",Would recommend,Looks exactly as advertised. Fits my best friends personality perfectly. Cant wait to give it to her.,yes,0,5.0,https://www.amazon.ca/WUSUANED-Friendship-Keychain-Friends-Octopus/dp/B07NWCVM7N/ref=cm_cr_srp_d_product_top?ie=UTF8,2020-09-18 22:25:13.958648,2020-09-18 22:25:23.237797,Kristina,Clothing & Accessories,B002G9UDYG
171,AF6NQGLL3GDJKM2MM2BCYTMG7BAA,"November 25, 2019",Would recommend,Great quality. My son loved them,yes,0,5.0,https://www.amazon.ca/Champion-Jersey-Jogger-Black-Large/dp/B078LF46CS/ref=cm_cr_srp_d_product_top?ie=UTF8,2020-09-18 22:25:32.327361,2020-09-18 22:25:40.609375,Kristina,Clothing & Accessories,B002G9UDYG
172,AF6NQGLL3GDJKM2MM2BCYTMG7BAA,"November 25, 2019",Would recommend,My mollies love this food. I will buy more.,yes,0,5.0,https://www.amazon.ca/Tetra-77813-02-Tropical-Flakes-1-0-Ounce/dp/B002MW6CXS/ref=cm_cr_srp_d_product_top?ie=UTF8,2020-09-18 22:25:48.699968,2020-09-18 22:25:57.978192,Kristina,Clothing & Accessories,B002G9UDYG
173,AF6NQGLL3GDJKM2MM2BCYTMG7BAA,"November 25, 2019",Would recommend,Great quality. Much nicer than I expected. And larger too. I Would recommend,yes,0,5.0,https://www.amazon.ca/Ello-BPA-Free-Stemless-Silicone-Protection/dp/B079Y7Y3QX/ref=cm_cr_srp_d_product_top?ie=UTF8,2020-09-18 22:26:06.069474,2020-09-18 22:26:14.378989,Kristina,Clothing & Accessories,B002G9UDYG
174,AF6NQGLL3GDJKM2MM2BCYTMG7BAA,"November 19, 2019",Would recommend,Bought the husband necklace for my mother for christmas. She will love it! It's beautiful thank you.,yes,0,5.0,https://www.amazon.ca/Cremation-Jewelry-Memorial-Necklace-Keepsake/dp/B07C8KV1QS/ref=cm_cr_srp_d_product_top?ie=UTF8,2020-09-18 22:26:23.471342,2020-09-18 22:26:31.775180,Kristina,Clothing & Accessories,B002G9UDYG
175,AF6NQGLL3GDJKM2MM2BCYTMG7BAA,"November 6, 2019",Stocking stuffer approved,Very cute. Bought for my mom for Christmas. She will love it.,yes,0,5.0,https://www.amazon.ca/Double-Pendant-Between-Daughter-Forever/dp/B07DYMR1Z9/ref=cm_cr_srp_d_product_top?ie=UTF8,2020-09-18 22:26:38.869526,2020-09-18 22:26:45.160295,Kristina,Clothing & Accessories,B002G9UDYG
176,AF6NQGLL3GDJKM2MM2BCYTMG7BAA,"October 15, 2019",Would recommend,My son says its perfect. He is very happy with it.,yes,0,5.0,https://www.amazon.ca/Big-Roc-57CSS127WB-Sprocket-Alloy/dp/B00AN7LUZO/ref=cm_cr_srp_d_product_top?ie=UTF8,2020-09-18 22:26:55.252359,2020-09-18 22:27:02.546276,Kristina,Clothing & Accessories,B002G9UDYG
177,AF6NQGLL3GDJKM2MM2BCYTMG7BAA,"October 7, 2019",Recommend.,"My son loves this jacket. I would give 5 stars but it feels thin for a winter jacket. A sweater will easily fit underneath though, so that's a bonus.",no,0,4.0,https://www.amazon.ca/ADIDAS-WINTER-JACKET-X-LARGE-BLACK/dp/B079NTX4S2/ref=cm_cr_srp_d_product_top?ie=UTF8,2020-09-18 22:27:09.644622,2020-09-18 22:27:17.898279,Kristina,Clothing & Accessories,B002G9UDYG
178,AF6NQGLL3GDJKM2MM2BCYTMG7BAA,"October 1, 2019",Recommend,"My daughter is a size 8, I got the 9/10 and it's perfect. Just a tad big but will fit a jacket underneath for trick or treating. She loves it. I recommend",yes,One,5.0,https://www.amazon.ca/DSPLAY-Dinosaur-Costume-Stegosaurus-10-12Y/dp/B07PH5RRS3/ref=cm_cr_srp_d_product_top?ie=UTF8,2020-09-18 22:27:26.994655,2020-09-18 22:27:36.275261,Kristina,Clothing & Accessories,B002G9UDYG
179,AF6NQGLL3GDJKM2MM2BCYTMG7BAA,"September 29, 2019",Recommend,Super cute. Great add to any baby gift. Would recommend,yes,0,5.0,https://www.amazon.ca/VTech-Rattle-Puppy-English-Version/dp/B019ICFYNI/ref=cm_cr_srp_d_product_top?ie=UTF8,2020-09-18 22:27:45.362262,2020-09-18 22:27:53.647732,Kristina,Clothing & Accessories,B002G9UDYG
180,AF6NQGLL3GDJKM2MM2BCYTMG7BAA,"September 29, 2019",Short handle,Great net just shorter than expected.,yes,0,4.0,https://www.amazon.ca/Marina-Cool-Fish-7-6cm-3-Inch/dp/B00OQ1XJSE/ref=cm_cr_srp_d_product_top?ie=UTF8,2020-09-18 22:28:02.741949,2020-09-18 22:28:11.001850,Kristina,Clothing & Accessories,B002G9UDYG
181,AF6NQGLL3GDJKM2MM2BCYTMG7BAA,"September 29, 2019",Recommend!,Exactly as advertised. Would recommend for sure!,yes,0,5.0,https://www.amazon.ca/Summer-Infant-Portable-Booster-Pink/dp/B01N4TS9ZG/ref=cm_cr_srp_d_product_top?ie=UTF8,2020-09-18 22:28:19.104094,2020-09-18 22:28:25.413771,Kristina,Clothing & Accessories,B002G9UDYG
182,AF6NQGLL3GDJKM2MM2BCYTMG7BAA,"September 29, 2019",Recommend,Very happy with this purchase. Would buy again for sure. Booklet inside is so helpful to new aquarium owners. Would highly reccomend.,yes,0,5.0,https://www.amazon.ca/API-FRESHWATER-800-Test-Freshwater-Aquarium/dp/B000255NCI/ref=cm_cr_srp_d_product_top?ie=UTF8,2020-09-18 22:28:33.516108,2020-09-18 22:28:41.868375,Kristina,Clothing & Accessories,B002G9UDYG
183,AF6NQGLL3GDJKM2MM2BCYTMG7BAA,"September 29, 2019",Every aquarium needs one,Awesome product. Would reccomend,yes,0,5.0,https://www.amazon.ca/Magnetic-Aquarium-Scrubber-Cleaner-Floating/dp/B01N9ON379/ref=cm_cr_srp_d_product_top?ie=UTF8,2020-09-18 22:28:51.957155,2020-09-18 22:29:00.246783,Kristina,Clothing & Accessories,B002G9UDYG
184,AF6NQGLL3GDJKM2MM2BCYTMG7BAA,"September 29, 2019",Recommend,My mollies love these dried blood worms. Good amount for the price. Small container but jam packed. Will buy more.,yes,0,5.0,https://www.amazon.ca/Tetra-77815-03-Bloodworms-Freeze-0-28-Ounce/dp/B002MW9YUQ/ref=cm_cr_srp_d_product_top?ie=UTF8,2020-09-18 22:29:07.341930,2020-09-18 22:29:14.629359,Kristina,Clothing & Accessories,B002G9UDYG
185,AF6NQGLL3GDJKM2MM2BCYTMG7BAA,"September 29, 2019",Recommend,Good amount for the price. Pellets are big tho have to break them apart for my dwarf sucker. Even my mollies will eat it. Overall happy with this product.,yes,0,4.0,https://www.amazon.ca/dp/B007R52FEA/ref=cm_cr_srp_d_product_top?ie=UTF8,2020-09-18 22:29:23.725032,2020-09-18 22:29:32.020216,Kristina,Clothing & Accessories,B002G9UDYG
186,AF6NQGLL3GDJKM2MM2BCYTMG7BAA,"September 29, 2019",Get flakes instead.,My mollies loved this food at first. But I found it was making the tank water murky. It would sink too quickly and they wouldn't eat it at the bottom of the tank. I bought flakes from the same brand and it's much better. The fish love it and I havent had an issue with uneaten food.,yes,0,2.0,https://www.amazon.ca/OmegaSea-Food-51282-Color-Pellets/dp/B00DQR8M86/ref=cm_cr_srp_d_product_top?ie=UTF8,2020-09-18 22:29:42.119162,2020-09-18 22:29:49.417768,Kristina,Clothing & Accessories,B002G9UDYG
187,AF6NQGLL3GDJKM2MM2BCYTMG7BAA,"September 29, 2019",Recommend,My Mollies love this food but it breaks up into powder if you arent careful. Theres is alot for the price. Overall happy with this product.,yes,One,4.0,https://www.amazon.ca/OmegaSea-Food-50321-Brine-Shrimp-67/dp/B000BYJPKG/ref=cm_cr_srp_d_product_top?ie=UTF8,2020-09-18 22:29:58.537556,2020-09-18 22:30:06.831131,Kristina,Clothing & Accessories,B002G9UDYG
188,AF6NQGLL3GDJKM2MM2BCYTMG7BAA,"September 29, 2019",Recommend,Works great. Will buy again!,yes,0,5.0,https://www.amazon.ca/Aqueon-Filter-Cartridge-Large-Pack/dp/B000YDUAMQ/ref=cm_cr_srp_d_product_top?ie=UTF8,2020-09-18 22:30:15.923964,2020-09-18 22:30:23.195102,Kristina,Clothing & Accessories,B002G9UDYG
189,AF6NQGLL3GDJKM2MM2BCYTMG7BAA,"September 29, 2019",Recommend,Took a few days but it brought my fish tanks ammonia right down. Does exactly as it says it will. Would recommend!,yes,0,5.0,https://www.amazon.ca/Aqueon-Ammonia-Reducing-Specialty-Filter/dp/B01MDUIPNK/ref=cm_cr_srp_d_product_top?ie=UTF8,2020-09-18 22:30:31.290757,2020-09-18 22:30:39.561214,Kristina,Clothing & Accessories,B002G9UDYG
190,AF6NQGLL3GDJKM2MM2BCYTMG7BAA,"September 29, 2019",Recommend,Super cute. A great add to any baby gift.,yes,0,5.0,https://www.amazon.ca/Headbands-Knotted-Hairbands-Children-Accessories/dp/B07PG28L1H/ref=cm_cr_srp_d_product_top?ie=UTF8,2020-09-18 22:30:47.654166,2020-09-18 22:30:53.921277,Kristina,Clothing & Accessories,B002G9UDYG
191,AF6NQGLL3GDJKM2MM2BCYTMG7BAA,"September 29, 2019",Yessssss,As advertised. Would recommend,yes,0,5.0,https://www.amazon.ca/Marshall-Mathers-LP-Eminem/dp/B00004T9UF/ref=cm_cr_srp_d_product_top?ie=UTF8,2020-09-18 22:31:04.011466,2020-09-18 22:31:10.311370,Kristina,Clothing & Accessories,B002G9UDYG
192,AF6NQGLL3GDJKM2MM2BCYTMG7BAA,"September 29, 2019",Great!,As advertised. I would recommend,yes,0,5.0,https://www.amazon.ca/2001-Dr-Dre/dp/B000023VR6/ref=cm_cr_srp_d_product_top?ie=UTF8,2020-09-18 22:31:18.402768,2020-09-18 22:31:25.679537,Kristina,Clothing & Accessories,B002G9UDYG
193,AF6NQGLL3GDJKM2MM2BCYTMG7BAA,"September 29, 2019",Would recommend,Good product. As advertised. I have noticed a big difference in my hair in the mornings. Way less frizzy and out of control! Would recommend.,yes,0,5.0,https://www.amazon.ca/Bedsure-Satin-Pillowcase-Hair-2-Pack/dp/B07HL4LNS9/ref=cm_cr_srp_d_product_top?ie=UTF8,2020-09-18 22:31:33.770947,2020-09-18 22:31:41.060701,Kristina,Clothing & Accessories,B002G9UDYG
194,AF6NQGLL3GDJKM2MM2BCYTMG7BAA,"September 29, 2019",Recommended,Exactly as advertised. Would recommend,yes,0,5.0,https://www.amazon.ca/Recovery-Eminem/dp/B003KUSUG8/ref=cm_cr_srp_d_product_top?ie=UTF8,2020-09-18 22:31:49.153318,2020-09-18 22:31:55.427546,Kristina,Clothing & Accessories,B002G9UDYG
195,AF6NQGLL3GDJKM2MM2BCYTMG7BAA,"September 29, 2019",Nice product for tape in extensions,The shampoo and conditioner are a rather thin consistency. Bought them for my tape in extensions. I love how my hair feels after washing with these products. I would still recommend adding a deep conditioner into your hair routine though. This conditioner will not be enough.,yes,0,5.0,https://www.amazon.ca/dp/B00T3KWOM0/ref=cm_cr_srp_d_product_top?ie=UTF8,2020-09-18 22:32:02.520932,2020-09-18 22:32:09.769924,Kristina,Clothing & Accessories,B002G9UDYG
196,AF6NQGLL3GDJKM2MM2BCYTMG7BAA,"September 13, 2019",Good product,Very nice smell and works great. Its colored a dark brown. Only issue is it leaves a little bit of residue on your hands when applying. Not a terrible amount. I Will probably buy more,yes,0,4.0,https://www.amazon.ca/Batiste-Divine-Shampoo-Brown-200-ml/dp/B00TB00I0C/ref=cm_cr_srp_d_product_top?ie=UTF8,2020-09-18 22:32:17.858786,2020-09-18 22:32:26.123439,Kristina,Clothing & Accessories,B002G9UDYG
197,AF6NQGLL3GDJKM2MM2BCYTMG7BAA,"September 13, 2019",So cute!,Bought these as a baby shower gift and they were a big hit. They are adorable and look just like the picture. Would recommend,yes,0,5.0,https://www.amazon.ca/Headbands-Newborn-Hairbands-Accessories-Toddler/dp/B07MFXSGMF/ref=cm_cr_srp_d_product_top?ie=UTF8,2020-09-18 22:32:33.210957,2020-09-18 22:32:39.499769,Kristina,Clothing & Accessories,B002G9UDYG
198,AF6NQGLL3GDJKM2MM2BCYTMG7BAA,"September 13, 2019",Love love love,These are awesome and perfect for teething babies. I would highly recommend. Place frozen fruit inside and baby gets cooling sensation on gums as well as delicious fruit juice from the little holes in the nub. Love this product would definitely recommend,yes,One,5.0,https://www.amazon.ca/Feeder-Pacifiers-Grignoteuse-t%C3%AAtiness-Boys-Instructions/dp/B07Q1WPB48/ref=cm_cr_srp_d_product_top?ie=UTF8,2020-09-18 22:32:46.590967,2020-09-18 22:32:54.914817,Kristina,Clothing & Accessories,B002G9UDYG
199,AF6NQGLL3GDJKM2MM2BCYTMG7BAA,"September 13, 2019",Does the trick,Super cute. Does the trick. Only 4 stars because the hole doesnt match up perfectly with the home button. Still works and doesnt affect the overall performance.,yes,0,4.0,https://www.amazon.ca/Dailylux-Glitter-Leather-Protective-Function/dp/B07CPSQF5X/ref=cm_cr_srp_d_product_top?ie=UTF8,2020-09-18 22:33:04.008056,2020-09-18 22:33:10.263672,Kristina,Clothing & Accessories,B002G9UDYG
200,AF6NQGLL3GDJKM2MM2BCYTMG7BAA,"September 13, 2019",Great product. Perfect for my s10,Writing a new review after using the case for a while. The s10 has a side button for Bixby and this case pushes up against it constantly. It is super frustrating. Not the most well thought out design. Looking for a new phone case now. Wouldn't recommend.,yes,0,2.0,https://www.amazon.ca/Dailylux-Glitter-Shockproof-Protective-Samsung/dp/B07PFN94SG/ref=cm_cr_srp_d_product_top?ie=UTF8,2020-09-18 22:33:20.356898,2020-09-18 22:33:29.633818,Kristina,Clothing & Accessories,B002G9UDYG
201,AF6NQGLL3GDJKM2MM2BCYTMG7BAA,"September 2, 2019",Buy this product.,This product is exactly what I expected. Bought for my daughters long hair. Works like a dream. Got her hair brushed super fast without any tears. I Would definitely recommend to others!,yes,0,5.0,https://www.amazon.ca/Honest-Company-Conditioning-detangler-vanilla/dp/B01GIOCGVC/ref=cm_cr_srp_d_product_top?ie=UTF8,2020-09-18 22:33:36.727325,2020-09-18 22:33:44.067729,Kristina,Clothing & Accessories,B002G9UDYG
202,AF6NQGLL3GDJKM2MM2BCYTMG7BAA,"September 1, 2019",Great brush,Great brush. Larger than I expected but that's ok. Definitely worth the price.,yes,0,5.0,https://www.amazon.ca/Scalpmaster-Extension-Rectangular-Cushion-Paddle/dp/B001MP7HTE/ref=cm_cr_srp_d_product_top?ie=UTF8,2020-09-18 22:33:54.158834,2020-09-18 22:34:00.441834,Kristina,Clothing & Accessories,B002G9UDYG
203,AF6NQGLL3GDJKM2MM2BCYTMG7BAA,"September 1, 2019",Just ok.,Just ok. Not as long as I thought. Wouldn't recomend for longer hair types.,yes,0,3.0,https://www.amazon.ca/Sinland-Microfiber-Drying-Towels-Absorbent/dp/B0739KM6N7/ref=cm_cr_srp_d_product_top?ie=UTF8,2020-09-18 22:34:08.531414,2020-09-18 22:34:17.811751,Kristina,Clothing & Accessories,B002G9UDYG
204,AF6NQGLL3GDJKM2MM2BCYTMG7BAA,"September 1, 2019",Very happy,Awesome quality for the price. Greats for the kids. Would recommend!,no,0,5.0,https://www.amazon.ca/BENGOO-Headphones-Controller-Cancelling-Comfortable/dp/B07Q8SK17W/ref=cm_cr_srp_d_product_top?ie=UTF8,2020-09-18 22:34:26.898031,2020-09-18 22:34:35.147452,Kristina,Clothing & Accessories,B002G9UDYG
205,AF6NQGLL3GDJKM2MM2BCYTMG7BAA,"August 29, 2019",Just ok,Just ok.not very durable,yes,0,3.0,https://www.amazon.ca/Spigen-Rugged-Resilient-Absorption-Samsung/dp/B06XNNJ4KM/ref=cm_cr_srp_d_product_top?ie=UTF8,2020-09-18 22:34:45.237944,2020-09-18 22:34:54.572287,Kristina,Clothing & Accessories,B002G9UDYG
206,AF6NQGLL3GDJKM2MM2BCYTMG7BAA,"August 29, 2019",Works well,Works well. Seems durable so far,no,0,5.0,https://www.amazon.ca/AmazonBasics-Lighting-Cable-iPhone-iPad/dp/B07DC4PZC4/ref=cm_cr_srp_d_product_top?ie=UTF8,2020-09-18 22:35:02.662282,2020-09-18 22:35:10.929932,Kristina,Clothing & Accessories,B002G9UDYG
207,AF6NQGLL3GDJKM2MM2BCYTMG7BAA,"August 29, 2019",Cute and super sparkley,Cute case for the price. Alittle darker pink than I thought. Still nice.,yes,0,4.0,https://www.amazon.ca/WORLDMOM-Wristlet-Shockproof-Protective-Samsunmg/dp/B076Y81XPY/ref=cm_cr_srp_d_product_top?ie=UTF8,2020-09-18 22:35:19.020469,2020-09-18 22:35:27.309356,Kristina,Clothing & Accessories,B002G9UDYG
208,AF6NQGLL3GDJKM2MM2BCYTMG7BAA,"August 29, 2019",Do not bother...,Waste of money. Every one broke within a few days being on the phone. I would not recommend to anyone. Would give 0 stars if possible.,yes,0,1.0,https://www.amazon.ca/dp/B07PH8KMHX/ref=cm_cr_srp_d_product_top?ie=UTF8,2020-09-18 22:35:36.401378,2020-09-18 22:35:43.669507,Kristina,Clothing & Accessories,B002G9UDYG
