,author_id,date_review_posted,review_title,reviews,verified_purchase,people_find_helpful,ratings,product_url,start,end,reviewer_name,product_category,product_id
0,AFA2FNJU2BO6ACMFUDSPSA6BA4QA,"August 18, 2020",Good but not for me,The product was good but it wasn't for me me. Their customer service however was very good and they gave me a full refund when I explained I didn't like it.,yes,0,4.0,https://www.amazon.ca/Pomade-Men-Classic-Styling-Pompadour/dp/B01IA9VN4O/ref=cm_cr_srp_d_product_top?ie=UTF8,2020-09-19 01:29:57.991988,2020-09-19 01:30:05.277712,GuitarredNFeathered,Clothing & Accessories,B002G9UDYG
1,AFA2FNJU2BO6ACMFUDSPSA6BA4QA,"February 25, 2020",Fits small,"Order a size up for sure.
In my other Carhartts I'm a 32 and I had to order a 34 waist. Other than that they are great pants.",yes,One,4.0,https://www.amazon.ca/Carhartt-Mens-Rugged-Relaxed-Black/dp/B07RQW648J/ref=cm_cr_srp_d_product_top?ie=UTF8,2020-09-19 01:30:13.370770,2020-09-19 01:30:22.636948,GuitarredNFeathered,Clothing & Accessories,B002G9UDYG
2,AFA2FNJU2BO6ACMFUDSPSA6BA4QA,"February 21, 2020",Very tough,Will buy another one if my dogs ever destroy this thing. It's definitely their favourite toy to fight over.,yes,10,5.0,https://www.amazon.ca/M-C-works-Pineapple-Aggressive-Chewer-Indestructible/dp/B07SPZKGJV/ref=cm_cr_srp_d_product_top?ie=UTF8,2020-09-19 01:30:29.730639,2020-09-19 01:30:39.021542,GuitarredNFeathered,Clothing & Accessories,B002G9UDYG
3,AFA2FNJU2BO6ACMFUDSPSA6BA4QA,"February 5, 2020",Great pants. Small fit,Very comfortable and feel super durable however they fit small. I'm a 32 in Carhartt Ripstop pants and I had to order a 34 in these guys.,yes,0,4.0,https://www.amazon.ca/Carhartt-Rugged-Relaxed-Double-Front/dp/B07BNY399D/ref=cm_cr_srp_d_product_top?ie=UTF8,2020-09-19 01:30:49.114043,2020-09-19 01:30:57.388030,GuitarredNFeathered,Clothing & Accessories,B002G9UDYG
4,AFA2FNJU2BO6ACMFUDSPSA6BA4QA,"December 25, 2019",Softness,Super soft and feel very durable so far after a few washes.,yes,0,5.0,https://www.amazon.ca/Carhartt-FORCE-Performance-Quarter-3-Pack/dp/B00TR431U6/ref=cm_cr_srp_d_product_top?ie=UTF8,2020-09-19 01:31:05.480238,2020-09-19 01:31:11.746391,GuitarredNFeathered,Clothing & Accessories,B002G9UDYG
5,AFA2FNJU2BO6ACMFUDSPSA6BA4QA,"November 3, 2019",Nice,Like the classic Klein handle for a terminal driver. Same Klein quality.,yes,0,5.0,https://www.amazon.ca/Klein-Tools-612-4-Terminal-Screwdriver/dp/B0058I6VNE/ref=cm_cr_srp_d_product_top?ie=UTF8,2020-09-19 01:31:19.841986,2020-09-19 01:31:27.099800,GuitarredNFeathered,Clothing & Accessories,B002G9UDYG
6,AFA2FNJU2BO6ACMFUDSPSA6BA4QA,"November 3, 2019",Worth a shot if you're thinking about it,Only had these for a few weeks but man they're sweet. Already cut through things my old Kleins never could.,yes,0,5.0,https://www.amazon.ca/Knipex-74-21-200-Leverage/dp/B000K1LPPS/ref=cm_cr_srp_d_product_top?ie=UTF8,2020-09-19 01:31:36.192302,2020-09-19 01:31:43.500519,GuitarredNFeathered,Clothing & Accessories,B002G9UDYG
7,AFA2FNJU2BO6ACMFUDSPSA6BA4QA,"November 3, 2019",Great quality,Great quality. Fits a little snug though compared to my black Carhartt hat,yes,0,4.0,https://www.amazon.ca/Carhartt-Acrylic-Watch-Black-Size/dp/B002G9UDYG/ref=cm_cr_srp_d_product_top?ie=UTF8,2020-09-19 01:31:50.592137,2020-09-19 01:31:59.869480,GuitarredNFeathered,Clothing & Accessories,B002G9UDYG
8,AFA2FNJU2BO6ACMFUDSPSA6BA4QA,"October 5, 2019",Good buy,Fits nicely in my Ford Focus. Came sooner than expected.,yes,0,5.0,https://www.amazon.ca/MagiDeal-Retainer-Manual-Shifter-M12mmX1-25mm/dp/B01MDM718S/ref=cm_cr_srp_d_product_top?ie=UTF8,2020-09-19 01:32:08.968107,2020-09-19 01:32:17.240238,GuitarredNFeathered,Clothing & Accessories,B002G9UDYG
9,AFA2FNJU2BO6ACMFUDSPSA6BA4QA,"September 28, 2019",Good buy,"Exactly what I was looking for, however I needed to purchase a boot retainer for my Ford Focus.",yes,0,5.0,https://www.amazon.ca/Universal-Shift-Shifter-Lever-Carbon/dp/B01GCKWHY8/ref=cm_cr_srp_d_product_top?ie=UTF8,2020-09-19 01:32:26.330263,2020-09-19 01:32:32.564717,GuitarredNFeathered,Clothing & Accessories,B002G9UDYG
10,AFA2FNJU2BO6ACMFUDSPSA6BA4QA,"August 22, 2019",Value,I feel like these are better than the original Oral B bristle that came with my brush. And you get a lot for your money!,yes,One,5.0,https://www.amazon.ca/AGPtEK%C2%AE-Premium-Replacement-Toothbrush-Heads/dp/B01MQD23F5/ref=cm_cr_srp_d_product_top?ie=UTF8,2020-09-19 01:32:42.652161,2020-09-19 01:32:48.947680,GuitarredNFeathered,Clothing & Accessories,B002G9UDYG
11,AFA2FNJU2BO6ACMFUDSPSA6BA4QA,"August 22, 2019",Great,Great leashes for the money. They've held up well on my daily walks plus obedience training with two dogs.,yes,0,5.0,https://www.amazon.ca/Fairwin-Braided-Leather-Training-Leash/dp/B01B7LMUG2/ref=cm_cr_srp_d_product_top?ie=UTF8,2020-09-19 01:32:57.043050,2020-09-19 01:33:06.327544,GuitarredNFeathered,Clothing & Accessories,B002G9UDYG
12,AFA2FNJU2BO6ACMFUDSPSA6BA4QA,"August 22, 2019",Win-win,"Good glasses, they look dark from the outside but when you're wearing them it is actually quite comfortable if you're inside, and it blocks the sun if you're outside. Win-win",yes,0,5.0,https://www.amazon.ca/Pyramex-Spokane-CHB320D-Safety-Glasses/dp/B000R0240M/ref=cm_cr_srp_d_product_top?ie=UTF8,2020-09-19 01:33:13.415143,2020-09-19 01:33:22.666355,GuitarredNFeathered,Clothing & Accessories,B002G9UDYG
13,AFA2FNJU2BO6ACMFUDSPSA6BA4QA,"August 22, 2019",Good bags,"So far so good! I've been using then to store material in for work, like screws and such. Haven't had any holes or zipper issues.",yes,0,5.0,https://www.amazon.ca/Waterproof-Organizer-Repairmen-Woodworker-Multicolor/dp/B075YP2MZM/ref=cm_cr_srp_d_product_top?ie=UTF8,2020-09-19 01:33:29.757871,2020-09-19 01:33:36.041307,GuitarredNFeathered,Clothing & Accessories,B002G9UDYG
14,AFA2FNJU2BO6ACMFUDSPSA6BA4QA,"August 22, 2019",Does the job,Works like it should!,yes,0,5.0,https://www.amazon.ca/Wusthof-9920-5-Blade-Guard-8-Inch/dp/B001FXF0EW/ref=cm_cr_srp_d_product_top?ie=UTF8,2020-09-19 01:33:43.136388,2020-09-19 01:33:50.407012,GuitarredNFeathered,Clothing & Accessories,B002G9UDYG
15,AFA2FNJU2BO6ACMFUDSPSA6BA4QA,"August 22, 2019",Step up your game,"I really like these pants but God damn, they don't last very long compared to my other Carhartts. The crotch always seems to get a hole in it after around 6 months of use. And that's alternating between 2 pairs of these suckers during the week.",yes,0,4.0,https://www.amazon.ca/Carhartt-Mens-Cotton-Ripstop-Relaxed/dp/B0054SOMC0/ref=cm_cr_srp_d_product_top?ie=UTF8,2020-09-19 01:33:58.497961,2020-09-19 01:34:06.786007,GuitarredNFeathered,Clothing & Accessories,B002G9UDYG
16,AFA2FNJU2BO6ACMFUDSPSA6BA4QA,"August 22, 2019",They're okay,"They're good but I've noticed some holes forming and I've only had them for 6 months. My last set of work socks- fruit of the loom from Wal Mart- lasted almost 2 years and we're still intact. They're good work socks, just wish they were more durable.",yes,0,3.0,https://www.amazon.ca/Dickies-Multi-Pack-Dri-Tech-Moisture-Control/dp/B01JHV05AM/ref=cm_cr_srp_d_product_top?ie=UTF8,2020-09-19 01:34:13.879481,2020-09-19 01:34:23.162896,GuitarredNFeathered,Clothing & Accessories,B002G9UDYG
17,AFA2FNJU2BO6ACMFUDSPSA6BA4QA,"August 22, 2019",Shorts,"Fit great and are comfy for working out. The stitching is a little flimsy on the bottom of the seams, as mine tore a little bit after one week.",yes,0,3.0,https://www.amazon.ca/dp/B07SX1478N/ref=cm_cr_srp_d_product_top?ie=UTF8,2020-09-19 01:34:31.255043,2020-09-19 01:34:37.517010,GuitarredNFeathered,Clothing & Accessories,B002G9UDYG
18,AFA2FNJU2BO6ACMFUDSPSA6BA4QA,"August 22, 2019",Shirts,"Might be a little snug, but if you're wearing them to work out then that's some good motivation! Other than that they are great for the price.",yes,0,5.0,https://www.amazon.ca/TEKFIT-Active-Sport-Quick-T-Shirts/dp/B07C34FCNM/ref=cm_cr_srp_d_product_top?ie=UTF8,2020-09-19 01:34:47.608942,2020-09-19 01:34:56.905718,GuitarredNFeathered,Clothing & Accessories,B002G9UDYG
