,author_id,date_review_posted,review_title,reviews,verified_purchase,people_find_helpful,ratings,product_url,start,end,reviewer_name,product_category,product_id
0,AFD4CKSX5C3M3M5MFLUTR4PX6KJA,"February 16, 2020",4/5 Says the boyfriend. He would buy again.,"Boyfriend says, ""The ankle cuffs are non-ajustable. He would have perferred the ankle cuffs an inch tighter. He likes the color and the material. He does not like that they have too much fabric in the butt giving it a diaper feel. He says that if you have a big butt then it's no problem. He likes the waistline and it's ajustable.",yes,0,4.0,https://www.amazon.ca/WT02-Jogger-Colors-Stretch-Tobacco/dp/B07CD651FF/ref=cm_cr_srp_d_product_top?ie=UTF8,2020-09-18 23:39:13.282593,2020-09-18 23:39:21.563906,Esperanza,Clothing & Accessories,B002G9UDYG
1,AFD4CKSX5C3M3M5MFLUTR4PX6KJA,"February 3, 2020",My daughters LOVE them.,My kids LOVE their multivitamen gummies. They always want more! I may have to start buying them candy gummies so they can eat more haha. My girls are 2 and 1/2 and 5 years old. 😊,yes,0,5.0,https://www.amazon.ca/Jamieson-7878-Kids-Multivitamin-Gummies/dp/B01D1RM1FA/ref=cm_cr_srp_d_product_top?ie=UTF8,2020-09-18 23:39:28.655036,2020-09-18 23:39:34.948806,Esperanza,Clothing & Accessories,B002G9UDYG
2,AFD4CKSX5C3M3M5MFLUTR4PX6KJA,"February 3, 2020",The CHARACTERS from the 3 books are all INTERWINED! 5/5,It's so much more awesome than expected. Make sure to buy tge other 2 matches books because the characters are all INTERTWINED! As a mom it got to me in my feels and I cried a couple tears. Really helps kids to understand bullying from ALL perspectives. 5\5. I have one last book to buy to complete the 3.,yes,0,5.0,https://www.amazon.ca/Dare-Story-Standing-Bullying-Schools/dp/1575424398/ref=cm_cr_srp_d_product_top?ie=UTF8,2020-09-18 23:39:42.050029,2020-09-18 23:39:51.282025,Esperanza,Clothing & Accessories,B002G9UDYG
3,AFD4CKSX5C3M3M5MFLUTR4PX6KJA,"February 3, 2020",5/5 Boyfriend Loves it!,I bought this as a suprise for my boyfriend and he LOVES it! It has a nice weight to it and if you're wondering how much coffee it takes... I poured almost an entire coffee pot in it! That's a PLUS for my hoyfriend because he works construction outside all day with little to 0 breaks. It's worth the money for sure and seems to be leak proof. There's also a semi-hidden bottle opener on the bottom! Very impressed with this thermos! Looks like I'm getting lucky tonight 😏,yes,One,5.0,https://www.amazon.ca/Bubba-Brands-Mug-52-Black/dp/B00YG9SQM0/ref=cm_cr_srp_d_product_top?ie=UTF8,2020-09-18 23:40:00.374387,2020-09-18 23:40:07.695430,Esperanza,Clothing & Accessories,B002G9UDYG
4,AFD4CKSX5C3M3M5MFLUTR4PX6KJA,"January 29, 2020",5/5 super cute. Can't find a coloring book like this anywhere else!,Supet cute! This book is just as cute in person as it is as the picture online! My 2.5 year old loved it!!,yes,0,5.0,https://www.amazon.ca/Puppy-Bunny-Kitten-Coloring-Book/dp/1798955091/ref=cm_cr_srp_d_product_top?ie=UTF8,2020-09-18 23:40:14.784961,2020-09-18 23:40:22.050930,Esperanza,Clothing & Accessories,B002G9UDYG
5,AFD4CKSX5C3M3M5MFLUTR4PX6KJA,"January 14, 2020",Great if you order 2 sizes up.,"Very nice IF you order 2 sizes UP. I'm usually a size Medium. I'm 5'6"". Aftet reading thw reviews I made sure to order bigger and I'm glad I did. It's super cute and athletic looking. No cleavage in the front and a cute criss cross in the back. I would not have fit this top if I had ordered my size. Order 2 sizes up.",yes,3,4.0,https://www.amazon.ca/LOFHAS-Womens-Support-Workout-Running/dp/B07XMKPYS5/ref=cm_cr_srp_d_product_top?ie=UTF8,2020-09-18 23:40:32.143616,2020-09-18 23:40:40.453265,Esperanza,Clothing & Accessories,B002G9UDYG
6,AFD4CKSX5C3M3M5MFLUTR4PX6KJA,"January 14, 2020",Great quality. Great book 5/5,Very cute. My 2 year old loves it.,yes,0,5.0,https://www.amazon.ca/Home-Bunny-Margaret-Wise-Brown/dp/0307930092/ref=cm_cr_srp_d_product_top?ie=UTF8,2020-09-18 23:40:48.546796,2020-09-18 23:40:55.822272,Esperanza,Clothing & Accessories,B002G9UDYG
7,AFD4CKSX5C3M3M5MFLUTR4PX6KJA,"January 10, 2020",Dope!! I feel stronger already!,I love them! But you have to wear them with shoes or slippers or they might run on your foot bone. I wear these at work and I LOVE them. Plus they look really badass like you REALLY know what you're doing in the fitness industry even if you don't haha. I should start a Amazon blog review channel hahaha.,yes,0,5.0,https://www.amazon.ca/AmazonBasics-Adjustable-Ankle-Weights-5lb/dp/B075C7LHCM/ref=cm_cr_srp_d_product_top?ie=UTF8,2020-09-18 23:41:04.913502,2020-09-18 23:41:14.163324,Esperanza,Clothing & Accessories,B002G9UDYG
8,AFD4CKSX5C3M3M5MFLUTR4PX6KJA,"January 10, 2020",SO HAPPY-SOFT! STRECHY! I LOVE THEM!,"OH MY GOD! Game CHANGER! Theyare so smooth and comfy!! I usually wear a small but I bought a Medium (Because usually with online shopping you prder a size up just in case) but they fit SO GOOD. I'm literally going to buy a pair of these in every colour! Bonus: the pockets are on BOTH sides!!!! I LOVE THESE PANTS!!!! I'm going to wear them at home, at work and at the gym. Stoked!!!!!!! Thank you! If you are sitting on the fence to order these then don't. You will be happy with your purchase and make sure to buy your regular size or one size up if you want a little bit of move around space. I usually fit S but ordered a Medium and I'm really happy I did :)",yes,0,5.0,https://www.amazon.ca/ALONG-FIT-Leggings-Pockets-Control/dp/B07DDGPWSH/ref=cm_cr_srp_d_product_top?ie=UTF8,2020-09-18 23:41:23.253468,2020-09-18 23:41:29.532418,Esperanza,Clothing & Accessories,B002G9UDYG
9,AFD4CKSX5C3M3M5MFLUTR4PX6KJA,"January 7, 2020",Thinner like a shirt. Not as thick as It looks,"The good is very large and thick compared to the rest of the jacket. It is more lile a SHIRT and not very warm. It's very thin in material and I actually expected something THICKER... I was dissapointed. My boyfriend likes it as a T-shirt and it looks nice as a shirt. He wears it all the time. He is 5,9 and 140lbs. We like the length on it but the sleeves could be a bit longer.",yes,One,3.0,https://www.amazon.ca/Gioberti-Removable-Plaid-Flannel-Medium/dp/B074CKWVJW/ref=cm_cr_srp_d_product_top?ie=UTF8,2020-09-18 23:41:37.619007,2020-09-18 23:41:46.924575,Esperanza,Clothing & Accessories,B002G9UDYG
10,AFD4CKSX5C3M3M5MFLUTR4PX6KJA,"December 27, 2019",Nicer in person,My boyfriend loves it,yes,0,5.0,https://www.amazon.ca/Hanes-EcoSmart-Fleece-Sweatshirt-Large/dp/B0721C21QY/ref=cm_cr_srp_d_product_top?ie=UTF8,2020-09-18 23:41:54.012703,2020-09-18 23:42:03.321751,Esperanza,Clothing & Accessories,B002G9UDYG
11,AFD4CKSX5C3M3M5MFLUTR4PX6KJA,"December 27, 2019",For a childs room..,"Likes: Style and colors.
Dislike: The height.. It's more for a child or babies room. Smaller then I thought.",yes,0,4.0,https://www.amazon.ca/DlandHome-5-Drawer-Organizer-Non-Woven-DCAWK-106-Beige/dp/B07JB7J8PW/ref=cm_cr_srp_d_product_top?ie=UTF8,2020-09-18 23:42:12.417309,2020-09-18 23:42:20.708523,Esperanza,Clothing & Accessories,B002G9UDYG
12,AFD4CKSX5C3M3M5MFLUTR4PX6KJA,"December 17, 2019",But Herschel. It's more trendy.,I should have bought Herschel... He doesn't wear it. :(,yes,0,5.0,https://www.amazon.ca/Carhartt-Acrylic-Watch-Black-Size/dp/B002G9UDYG/ref=cm_cr_srp_d_product_top?ie=UTF8,2020-09-18 23:42:29.809855,2020-09-18 23:42:39.030193,Esperanza,Clothing & Accessories,B002G9UDYG
13,AFD4CKSX5C3M3M5MFLUTR4PX6KJA,"December 17, 2019",My kids like it but it's more medium size,It's a little smaller then what I pictured but my daughters will still use it :) It's more of a medium sized mat.,yes,0,4.0,https://www.amazon.ca/LEGO-Classic-Baseplate-Supplement-10-Inch/dp/B00NHQF65S/ref=cm_cr_srp_d_product_top?ie=UTF8,2020-09-18 23:42:47.127226,2020-09-18 23:42:54.406622,Esperanza,Clothing & Accessories,B002G9UDYG
14,AFD4CKSX5C3M3M5MFLUTR4PX6KJA,"December 17, 2019",Looks more expensive than a normal apple one.,"My boyfriend 'loves it' and says I didn't,""Cheap out"". :)",yes,0,5.0,https://www.amazon.ca/Aukey-12W-2-Port-Wall-Charger/dp/B013EARTQK/ref=cm_cr_srp_d_product_top?ie=UTF8,2020-09-18 23:43:03.500655,2020-09-18 23:43:12.760137,Esperanza,Clothing & Accessories,B002G9UDYG
15,AFD4CKSX5C3M3M5MFLUTR4PX6KJA,"December 17, 2019",As described abd fast shipping!,As described,yes,0,5.0,https://www.amazon.ca/Baby-Alive-Diaper-Refill-Doll/dp/B0722JPH4D/ref=cm_cr_srp_d_product_top?ie=UTF8,2020-09-18 23:43:20.853547,2020-09-18 23:43:28.121793,Esperanza,Clothing & Accessories,B002G9UDYG
16,AFD4CKSX5C3M3M5MFLUTR4PX6KJA,"December 17, 2019",As described! Fast shipping!,As described. Fast shipping!,yes,0,5.0,https://www.amazon.ca/LEGO-Classic-Windows-Creativity-Building/dp/B07PX3VGW6/ref=cm_cr_srp_d_product_top?ie=UTF8,2020-09-18 23:43:36.220574,2020-09-18 23:43:42.540160,Esperanza,Clothing & Accessories,B002G9UDYG
17,AFD4CKSX5C3M3M5MFLUTR4PX6KJA,"December 17, 2019",Order the right size! Mine was tiny!,4/5. I thought I was paying for the full size one but I got the tiny rug. I'm still happy for it and can still make use of it :) I might use it as a play rug for my daughter's bedroom.,yes,0,4.0,https://www.amazon.ca/ACTCUT-Livingroom-Sitting-room-Footcloth-Decorate/dp/B01KMS6JAY/ref=cm_cr_srp_d_product_top?ie=UTF8,2020-09-18 23:43:51.632569,2020-09-18 23:44:00.901896,Esperanza,Clothing & Accessories,B002G9UDYG
18,AFD4CKSX5C3M3M5MFLUTR4PX6KJA,"December 17, 2019",Fits as described but itchy 4/5,I loved this product but after awhile the that gets itchy. That's all. ❤ Fits fine. I knot it says mens hat but I wear it as a lady :),yes,0,5.0,https://www.amazon.ca/Herschel-Supply-Co-Heather-Charcoal/dp/B07BG7YQN5/ref=cm_cr_srp_d_product_top?ie=UTF8,2020-09-18 23:44:10.993043,2020-09-18 23:44:20.333491,Esperanza,Clothing & Accessories,B002G9UDYG
19,AFD4CKSX5C3M3M5MFLUTR4PX6KJA,"December 17, 2019",Even better in person! Very happy!,I bought this for a stocking stuffed for my boyfriend. He loves it! I didn't know I was getting 5 chords. We wete pleasantly surprised!,yes,0,5.0,https://www.amazon.ca/Charger-Braided-Charging-Syncing-Compatible/dp/B07T5KDJ6N/ref=cm_cr_srp_d_product_top?ie=UTF8,2020-09-18 23:44:29.432046,2020-09-18 23:44:38.695927,Esperanza,Clothing & Accessories,B002G9UDYG
20,AFD4CKSX5C3M3M5MFLUTR4PX6KJA,"November 8, 2019",Wish the Sleeves were longer but still nice 4/5,I wish the SLEEEVES were longer :( Other than that its pretty Nice and true to size./Comfy.,yes,5,4.0,https://www.amazon.ca/Womens-Lightweight-Sleeve-Tunics-Shirts/dp/B07YX9K1LC/ref=cm_cr_srp_d_product_top?ie=UTF8,2020-09-18 23:44:48.785929,2020-09-18 23:44:56.087156,Esperanza,Clothing & Accessories,B002G9UDYG
21,AFD4CKSX5C3M3M5MFLUTR4PX6KJA,"November 8, 2019",Good qaulity!,Perfect and works great thank you!,yes,0,5.0,https://www.amazon.ca/Battery-Toothbrush-Featuring-Princess-Characters/dp/B008FPN92I/ref=cm_cr_srp_d_product_top?ie=UTF8,2020-09-18 23:45:06.180260,2020-09-18 23:45:12.442935,Esperanza,Clothing & Accessories,B002G9UDYG
22,AFD4CKSX5C3M3M5MFLUTR4PX6KJA,"November 8, 2019",Just as beautiful as in the Pic!,ITS SO BEAUTIFUL. LITERALLY ALL MY FRIENDS WANT TO BUY IT NOW. THANK YOU!!!! EVEN MY BOYFRIEND LOVES IT! BRIGHTENS UP THE LIVING ROOM! TGIS IS A MUST BUY! YOU WON'T REGRET IT. I LOVE MINE!! 😍😍,yes,0,5.0,https://www.amazon.ca/Curtain-Lights-9-8-Feet-Twinkle-Controller/dp/B01E73MD50/ref=cm_cr_srp_d_product_top?ie=UTF8,2020-09-18 23:45:19.533584,2020-09-18 23:45:26.793496,Esperanza,Clothing & Accessories,B002G9UDYG
23,AFD4CKSX5C3M3M5MFLUTR4PX6KJA,"November 8, 2019",Fits True to size!!!!,I ordered a size up in fear that it would be too small but I usually fit a small abd I ordered a Medium. I shpuld have ordered a small because it fits true to size!! It's supet comfy and nice material and nice color! :),yes,One,5.0,https://www.amazon.ca/onlypuff-Womens-Shirts-Pockets-Batwing/dp/B07F2DMBZC/ref=cm_cr_srp_d_product_top?ie=UTF8,2020-09-18 23:45:34.885532,2020-09-18 23:45:43.148196,Esperanza,Clothing & Accessories,B002G9UDYG
