,author_id,date_review_posted,review_title,reviews,verified_purchase,people_find_helpful,ratings,product_url,start,end,reviewer_name,product_category,product_id
0,AFGWIQ3YERTTVFIOYT4S6GO3XLLQ,"August 18, 2020",Blue Snowball replacement. An inclusive package that offers all necessities and more,"My Blue Snowball failed and I had to scramble to get a new microphone. I landed on this one. The mic quality is comparable to that of a Blue Snowball. With the foam padding off and without the pop filter, you can pick up more of the bass in whatever you are recording, which is what I've opted to do. Setup is just plug and play. The stand seems very sturdy, much more so than a discrete one that I've bought for around $20-30. By far the best addition is the shock mount. When I used to use my Blue Snowball on the other mic arm, my every movement on my desk (keypresses, picking up and putting down a mug) would be translated into reverb and make it really annoying for anyone that I was in a call with. However, with this shock mount, this doesn't happen anymore. I don't hear anything besides my voice in the recordings. Overall, for the money (the whole package costs the same amount as the Blue Snowball alone), the value here is terrific. I really can't be more satisfied.",yes,0,5.0,https://www.amazon.ca/Recording-Microphone-PEYOU-Professional-Suspension/dp/B08DY7XBVC/ref=cm_cr_srp_d_product_top?ie=UTF8,2020-09-18 16:46:46.701852,2020-09-18 16:46:55.077795,Michael Wang,Clothing & Accessories,B002G9UDYG
1,AFGWIQ3YERTTVFIOYT4S6GO3XLLQ,"June 8, 2020",Looks good and feels good,"Works well, doesn't get overly hot to the touch like other adapter that I've used have. Use it to run a 144hz monitor along with many USBs. The build looks premium and feels premium. Metal construction is quite nice.",yes,0,5.0,https://www.amazon.ca/MacBook-Adapter-CHOETECH-Delivery-Reader/dp/B085VHS41R/ref=cm_cr_srp_d_product_top?ie=UTF8,2020-09-18 16:47:03.171267,2020-09-18 16:47:11.451091,Michael Wang,Clothing & Accessories,B002G9UDYG
2,AFGWIQ3YERTTVFIOYT4S6GO3XLLQ,"September 9, 2019",Battery is absolutely massive,"It takes around 2 hours to charge up fully using an iPad brick and the included cable. The construction is a matte plastic that surprisingly does not leave fingerprints or oil stains when you touch it. The pack itself feels sturdy. The 2.1 amp charging is quite fast, although not as fast as plugging directly into a fast charging brick in the wall, obviously. Good value.",yes,0,5.0,https://www.amazon.ca/Portable-%E3%80%9024800mAh%E3%80%91-Capacity-External-Smartphone/dp/B07TH2CBQ9/ref=cm_cr_srp_d_product_top?ie=UTF8,2020-09-18 16:47:18.544083,2020-09-18 16:47:26.838647,Michael Wang,Clothing & Accessories,B002G9UDYG
3,AFGWIQ3YERTTVFIOYT4S6GO3XLLQ,"June 9, 2019",Heavy duty,"This stand has a plastic coating over it, however is primarily made of metal. You can certainly feel how rigid and heavy the stand is. It seems very stable, holding my XPS 15 with ease. The bottom is coated with rubber, that allows it to stay in place no matter what bumps into it. The only thing is that it is a bit of a fingerprint magnet, but other than that, it has been great.",yes,0,5.0,https://www.amazon.ca/Vertical-CHOETECH-Desktop-Aluminum-Adjustable/dp/B07F9JJX98/ref=cm_cr_srp_d_product_top?ie=UTF8,2020-09-18 16:47:36.921978,2020-09-18 16:47:43.170783,Michael Wang,Clothing & Accessories,B002G9UDYG
4,AFGWIQ3YERTTVFIOYT4S6GO3XLLQ,"March 18, 2019",Really good value,"For 90 bucks, you get a microphone, a pop filter, a stand, and a regular layover filter. The microphone's sound quality is comparable to that of a Blue Snowball. The stand feels very sturdy and made of premium materials. The pop filter is alright, but I personally opt to use the layover filter instead. Great bang for the buck and would highly recommend.",yes,8,5.0,https://www.amazon.ca/Microphone-MAONO-Condenser-Professional-Recording/dp/B07M7BHYT1/ref=cm_cr_srp_d_product_top?ie=UTF8,2020-09-18 16:47:51.266589,2020-09-18 16:48:00.542236,Michael Wang,Clothing & Accessories,B002G9UDYG
5,AFGWIQ3YERTTVFIOYT4S6GO3XLLQ,"March 12, 2019",Works well with Blue Snowball,"The stand seems study enough. It comes with an adapter for the Blue Snowball and ample room to hang a pop filter off of. Only concern is the long term durability, but we will have to see. For the price I would recommend it.",yes,0,4.0,https://www.amazon.ca/Microphone-Suspension-Adjustable-Broadcasting-Voice-Over/dp/B07H2X4QQN/ref=cm_cr_srp_d_product_top?ie=UTF8,2020-09-18 16:48:09.639689,2020-09-18 16:48:18.878623,Michael Wang,Clothing & Accessories,B002G9UDYG
6,AFGWIQ3YERTTVFIOYT4S6GO3XLLQ,"March 12, 2019",Great value,"The value proposition here is great. The inclusion of 2 bulbs each with a remote is very impressive given the price. The only complaint I really have is that it seems like all these RGB products use the same channel for their remotes, meaning when I press something on the remote, something happens on a different product. Otherwise, the product is solid and does what it needs to do.",yes,7,4.0,https://www.amazon.ca/ProPOW-Changing-Remote-Control-Dimmable/dp/B07H6GC96V/ref=cm_cr_srp_d_product_top?ie=UTF8,2020-09-18 16:48:28.958087,2020-09-18 16:48:37.203998,Michael Wang,Clothing & Accessories,B002G9UDYG
7,AFGWIQ3YERTTVFIOYT4S6GO3XLLQ,"March 12, 2019",Vibrant and subtle,"The adhesive on the back of the strip makes it easy to mount anywhere. I chose to mount it on the small wooden underside of my bed frame, where it has yet to sag after a week now, appearing to be strong. The inclusion of two light strips is nice, but is only really useful if you want an extremely long singular strip. If you choose to use them separately, you must purchase another wall plug and transformer. Otherwise, the value proposition is alright and it does what it needs to well.",yes,15,4.0,https://www.amazon.ca/Waterproof-Lighting-Flexible-Changing-Controller/dp/B07L41LHDD/ref=cm_cr_srp_d_product_top?ie=UTF8,2020-09-18 16:48:47.298186,2020-09-18 16:48:56.554618,Michael Wang,Clothing & Accessories,B002G9UDYG
8,AFGWIQ3YERTTVFIOYT4S6GO3XLLQ,"March 2, 2019",Compact and affordable.,"It does what it needs to do at a very low cost. It's a great little device that doesn't protrude out of the device like some other alternatives do. The speed is pretty standard with what you would usually get with an adapter of this size. Nothing noteworthy, but this small thing sure does work and does it at a very compelling price.",yes,One,5.0,https://www.amazon.ca/Adapter-NETVIP-Wireless-Network-Compatible/dp/B07G74LQB3/ref=cm_cr_srp_d_product_top?ie=UTF8,2020-09-18 16:49:05.651142,2020-09-18 16:49:13.045958,Michael Wang,Clothing & Accessories,B002G9UDYG
9,AFGWIQ3YERTTVFIOYT4S6GO3XLLQ,"February 26, 2019",Really does insulate better than any mug that I've ever used.,"Originally, I got this mug because I felt like it added to the minimalism and monochrome color scheme that I follow for my office setup. I just needed a standard and aesthetically pleasing mug. However, I'm genuinely blown away with how good this mug is. The construction is truly impeccable. It seems durable, the glossy finish is a bit of a fingerprint magnet but isn't too bad, and the insulation is truly out of this world. Pouring boiling hot water right out of a kettle into this cup for my morning tea does not heat the exterior in the slightest. You cannot feel ANY change in temperature on the outside of the cup. I'm truly shocked with how good this thing performs, and I would highly recommend it for any daily hot beverage consumers.",yes,4,5.0,https://www.amazon.ca/ROCONTRIP-Stainless-Coffee-Insulated-Perfect/dp/B07H25TXTS/ref=cm_cr_srp_d_product_top?ie=UTF8,2020-09-18 16:49:21.137254,2020-09-18 16:49:27.435118,Michael Wang,Clothing & Accessories,B002G9UDYG
10,AFGWIQ3YERTTVFIOYT4S6GO3XLLQ,"February 26, 2019",Premium construction and functionality,"After using it a bunch, all ports seem to be working. The product works great with my XPS 15 9560, where I use the HDMI out, ethernet, and have the USB 3.0 port hooked up to another USB hub. This hub seems to be able to carry all the bandwidth to run all the ports simultaneously. The hub is made completely out of metal, which really adds to the premium feel compare to some other plastic competitors that I have experienced. Overall would highly recommend it. The price tag can be justified by the premium feel and very high functionality.",yes,0,5.0,https://www.amazon.ca/Maxelf-Multiport-Ethernet-Compatible-Thunderbolt/dp/B07KWV1MGD/ref=cm_cr_srp_d_product_top?ie=UTF8,2020-09-18 16:49:35.527830,2020-09-18 16:49:44.824262,Michael Wang,Clothing & Accessories,B002G9UDYG
11,AFGWIQ3YERTTVFIOYT4S6GO3XLLQ,"February 23, 2019","Quality is alright, does what it needs to do.","The construction is mostly plastic with an aluminum coating. It does what it needs to do fine. The charging pass through works fine without seeming to be any slower. At this price point, I would have liked to have seen a bit better of build quality (more metal), but the product itself works fine.",yes,3,4.0,https://www.amazon.ca/CHOETECH-Adapter-Charging-Compatible-Thunderbolt/dp/B072M9LVZD/ref=cm_cr_srp_d_product_top?ie=UTF8,2020-09-18 16:49:52.916786,2020-09-18 16:50:02.179489,Michael Wang,Clothing & Accessories,B002G9UDYG
12,AFGWIQ3YERTTVFIOYT4S6GO3XLLQ,"February 21, 2019","Decent quality, has a hard time laying flat","Like the title says, the product feels and smells like leather. The double sided different textures allows for more versatility. I thought it was going to be a fingerprint/grease magnet, however it isn't and seems quite easy to clean (wipe it down with a damp rag). My only complaint is that it has a hard time laying flat even after trying to remedy.",yes,13,4.0,https://www.amazon.ca/Moko-Computer-Desk-Mat-Waterproof/dp/B07GLQD8BP/ref=cm_cr_srp_d_product_top?ie=UTF8,2020-09-18 16:50:09.272709,2020-09-18 16:50:15.566243,Michael Wang,Clothing & Accessories,B002G9UDYG
13,AFGWIQ3YERTTVFIOYT4S6GO3XLLQ,"February 20, 2019",Quick and elegant.,"The charger's sleek and modern design allows it to fit into any kind of setup. I found the charging rates to be as good as what you would get from a fast charging cable, which is impressive given the convience provided by the wireless. It makes it easy to just pick up your phone and set it down frequently without having a cable in the way. The angle makes it much easier to see notifications while working at your desk, an inconvenience I had when I had a regular charging pad that sat flat on the table. The product itself is a bit of a fingerprint magnet, but it is otherwise a very recommendable product.",yes,7,5.0,https://www.amazon.ca/Wireless-CHOETECH-Qi-Certified-Charging-Qi-enabled/dp/B07CG5Z92H/ref=cm_cr_srp_d_product_top?ie=UTF8,2020-09-18 16:50:24.648544,2020-09-18 16:50:30.921155,Michael Wang,Clothing & Accessories,B002G9UDYG
14,AFGWIQ3YERTTVFIOYT4S6GO3XLLQ,"February 20, 2019",Really great for creating a clean and minimal desk setup,"This product really cleaned up my desk setup. It works perfectly in tandem with a long corded power bar, allowing your whole setup to only have one exposed power cord to the wall. Great for the price point.",yes,3,5.0,https://www.amazon.ca/IKEA-SIGNUM-management-horizontal-silver/dp/9178905931/ref=cm_cr_srp_d_product_top?ie=UTF8,2020-09-18 16:50:38.014512,2020-09-18 16:50:47.346872,Michael Wang,Clothing & Accessories,B002G9UDYG
15,AFGWIQ3YERTTVFIOYT4S6GO3XLLQ,"February 20, 2019","Small, compact, and minimal","Great value. For the 15 bucks you pay for it, you can't really go wrong. The carbon fibre seems to be quite durable and the straps have no signs of any fraying after use. My only complaint is that it is a fingerprint magnet, but that's inevitable on a glossy back wallet.",yes,0,5.0,https://www.amazon.ca/Carbon-Wallet-Minimalist-Blocking-Wallets/dp/B07L8MGN2R/ref=cm_cr_srp_d_product_top?ie=UTF8,2020-09-18 16:50:57.435825,2020-09-18 16:51:03.738022,Michael Wang,Clothing & Accessories,B002G9UDYG
16,AFGWIQ3YERTTVFIOYT4S6GO3XLLQ,"February 5, 2019",Convenient and effective.,"Using a steamer has really made my life much more convenient. Rather than taking the time to take out and do the necessary setup for using an iron, just hanging up my clothes and running them with the steamer has seem to have resulted in the same effect. The steamer also damages the threading on clothes less than the iron, which is a nice touch too. There is really no going wrong with this steamer at this pricepoint.",yes,3,5.0,https://www.amazon.ca/BIPOWER-Powerful-Handheld-Automatic-Protection/dp/B074KGPDTJ/ref=cm_cr_srp_d_product_top?ie=UTF8,2020-09-18 16:51:11.831106,2020-09-18 16:51:21.123381,Michael Wang,Clothing & Accessories,B002G9UDYG
17,AFGWIQ3YERTTVFIOYT4S6GO3XLLQ,"February 5, 2019",This was truly the best purchase ever.,"The value was truly amazing (12 pillowcases for 15 dollars). I now change my pillowcase every day, which helped a lot in stopping my breakouts. Would highly recommend to people who struggle with acne to give this a shot. A lot cheaper than buying smaller packs/singular pillow cases.",yes,7,5.0,https://www.amazon.ca/Pillowcases-Microfiber-Double-Stitched-Respiratory-Irritation/dp/B00XK9CXSA/ref=cm_cr_srp_d_product_top?ie=UTF8,2020-09-18 16:51:28.215357,2020-09-18 16:51:36.493328,Michael Wang,Clothing & Accessories,B002G9UDYG
18,AFGWIQ3YERTTVFIOYT4S6GO3XLLQ,"February 5, 2019",Sometimes ports have issues.,Sometimes the ports have issues where port 0 registers as port 3 or other combinations like that. But with a bit of tinkering you can always get it to work. It does what it needs to do at a pretty good price. Not really any complaints here.,yes,0,4.0,https://www.amazon.ca/Mayflash-GameCube-Controller-Adapter-Switch/dp/B00RSXRLUE/ref=cm_cr_srp_d_product_top?ie=UTF8,2020-09-18 16:51:46.584007,2020-09-18 16:51:54.865787,Michael Wang,Clothing & Accessories,B002G9UDYG
19,AFGWIQ3YERTTVFIOYT4S6GO3XLLQ,"February 5, 2019",Hands down the best wireless earbuds that I have ever used.,"The sound quality is amazing. Using the downloadable app, you can change any aspect of the equalizer you want to your tasting. The headphones have an astonishing level of bass to them if you set it that way. The battery life is alright (~8 hours).

The only reason why I'm giving these headphones a 4/5 is because of the proprietary charger that it requires. It uses a charging clip that connects via micro USB. This clip is so easy to lose and the only way of getting another one is through buying the accessory pack via Jaybird's website, where you get a bunch of stuff you didn't need (as you can't just buy the charging clip separately).",yes,0,4.0,https://www.amazon.ca/Jaybird-Sport-Bluetooth-Headphones-Blackout/dp/B01M7NCT5O/ref=cm_cr_srp_d_product_top?ie=UTF8,2020-09-18 16:52:01.950045,2020-09-18 16:52:09.237036,Michael Wang,Clothing & Accessories,B002G9UDYG
20,AFGWIQ3YERTTVFIOYT4S6GO3XLLQ,"February 5, 2019",Does what it needs to do at a good price.,"This was one of the cheapest gigabit ethernet adapters I could find, and it certainly delivers. After doing extensive speedtesting on my gigabit network, it hits those speeds. Would recommend for someone who is just trying to get a cheap and easy solution to a laptop which doesn't have an ethernet port on it (my case).",yes,3,5.0,https://www.amazon.ca/AmazonBasics-1000-Gigabit-Ethernet-Adapter/dp/B00M77HMU0/ref=cm_cr_srp_d_product_top?ie=UTF8,2020-09-18 16:52:17.325328,2020-09-18 16:52:23.585962,Michael Wang,Clothing & Accessories,B002G9UDYG
21,AFGWIQ3YERTTVFIOYT4S6GO3XLLQ,"February 5, 2019","Very fast, as promised.","After swapping to this SD card from some shoddy Lexar one from a couple years ago, I immediately noticed a huge increase in the video quality of my 60D. The speeds are as fast as promised after doing some testing. Would highly recommend.",yes,0,5.0,https://www.amazon.ca/SanDisk-Extreme-UHS-I-Memory-SDSDXXG-064G-GN4IN/dp/B01J5RHD58/ref=cm_cr_srp_d_product_top?ie=UTF8,2020-09-18 16:52:32.684300,2020-09-18 16:52:39.937468,Michael Wang,Clothing & Accessories,B002G9UDYG
22,AFGWIQ3YERTTVFIOYT4S6GO3XLLQ,"February 3, 2019","Durable case, but is a fingerprint magnet.",Case looks nice when kept extremely clean. Every fingerprint shows up on this thing. Scratches and scuffs don't appear much to my experience and it keeps the phone very protected. Has ridges on the front to prevent screen damage from drops.,yes,0,4.0,https://www.amazon.ca/Velocifire-Silicone-Absorption-Anti-Scratch-Protective/dp/B077P3QN3R/ref=cm_cr_srp_d_product_top?ie=UTF8,2020-09-18 16:52:48.035769,2020-09-18 16:52:54.316417,Michael Wang,Clothing & Accessories,B002G9UDYG
23,AFGWIQ3YERTTVFIOYT4S6GO3XLLQ,"February 3, 2019","Pricey, but worth it.","This is my go to product now. The feeling of hydration seems to last a lot longer compared to cheaper alternatives and seems to work more effectively under harsh weather conditions (Canadian winters). Would highly recommend splurging on this product rather than a cheaper one. I have been using mine for months now, so I can vouch for how long it lasts.",yes,0,4.0,https://www.amazon.ca/Burts-Bees-Holiday-Beeswax-Count/dp/B075LQYCR3/ref=cm_cr_srp_d_product_top?ie=UTF8,2020-09-18 16:53:02.407703,2020-09-18 16:53:11.661863,Michael Wang,Clothing & Accessories,B002G9UDYG
24,AFGWIQ3YERTTVFIOYT4S6GO3XLLQ,"February 3, 2019",Quite loud in small spaces.,"The humidifier is genuinely effective. It is perfect for college dorm rooms and other small areas where dehumidifying would add to comfort. Beware though, it is quite loud. I couldn't fall asleep with it on.",yes,0,3.0,https://www.amazon.ca/Pro-Breeze-Electric-Dehumidifier-Portable/dp/B01DC5PPWM/ref=cm_cr_srp_d_product_top?ie=UTF8,2020-09-18 16:53:20.753288,2020-09-18 16:53:30.038985,Michael Wang,Clothing & Accessories,B002G9UDYG
25,AFGWIQ3YERTTVFIOYT4S6GO3XLLQ,"February 3, 2019","For the price, you really cannot go wrong.","The hoodie is decently thick. It's like any other typical screen-printed hoodie minus the design. The quality is about what you would expect. If you are just looking for a plain black hoodie, you can't go wrong here.",yes,0,5.0,https://www.amazon.ca/Hanes-Pullover-Smart-Fleece-Hoodie/dp/B00JUM2VAQ/ref=cm_cr_srp_d_product_top?ie=UTF8,2020-09-18 16:53:37.128888,2020-09-18 16:53:44.392086,Michael Wang,Clothing & Accessories,B002G9UDYG
26,AFGWIQ3YERTTVFIOYT4S6GO3XLLQ,"February 1, 2019",Comfortable and stylish.,"These socks are prefect for low cut sneakers where you want to show a bit of your ankle. The padding inside provides a lot of comfort during wear. The socks themselves are quite thin, but given the seasons where you would usually wear these, that's not something to complain about. The material is very soft.",yes,3,5.0,https://www.amazon.ca/Fruit-Loom-Cushioned-Inivisble-Liner/dp/B01N8P2XBO/ref=cm_cr_srp_d_product_top?ie=UTF8,2020-09-18 16:53:52.482773,2020-09-18 16:54:01.768843,Michael Wang,Clothing & Accessories,B002G9UDYG
27,AFGWIQ3YERTTVFIOYT4S6GO3XLLQ,"February 1, 2019",Cheap and effective.,"Just a basic kettle. At this price, you can't really go wrong. Does what it needs to do pretty quickly.",yes,0,5.0,https://www.amazon.ca/Salton-JK1641B-Cordless-Kettle-Black/dp/B01MRRI6IA/ref=cm_cr_srp_d_product_top?ie=UTF8,2020-09-18 16:54:08.860365,2020-09-18 16:54:15.149274,Michael Wang,Clothing & Accessories,B002G9UDYG
28,AFGWIQ3YERTTVFIOYT4S6GO3XLLQ,"February 1, 2019",Cheap and effective.,"This lightbulb is one of the cheapest ways into RGB lighting. Some of the modes on the app are quite gimmicky and don't work that well (aka changing colours to the sound of music), but for just displaying solid colours and preset patterns, it works just fine. And for the money, you really can't complain.",yes,4,5.0,https://www.amazon.ca/MINGER-Control-Dimmable-Equivalent-Changing/dp/B07CL2RMR7/ref=cm_cr_srp_d_product_top?ie=UTF8,2020-09-18 16:54:25.239417,2020-09-18 16:54:33.542117,Michael Wang,Clothing & Accessories,B002G9UDYG
29,AFGWIQ3YERTTVFIOYT4S6GO3XLLQ,"February 1, 2019","For the money, there is no going wrong with these.",The sound quality is overall pretty good. Not as good as m50x but still pretty good. The bass is not as punchy as I would personally like. The headphones themselves are quite light and easy to wear for extended periods of time. Overall a great pair of headphones and very worth it.,yes,0,5.0,https://www.amazon.ca/Sennheiser-HD-598-Cs-Headphone/dp/B01JP436TS/ref=cm_cr_srp_d_product_top?ie=UTF8,2020-09-18 16:54:41.674238,2020-09-18 16:54:48.951544,Michael Wang,Clothing & Accessories,B002G9UDYG
30,AFGWIQ3YERTTVFIOYT4S6GO3XLLQ,"February 1, 2019",Mediocre hold.,"The product comes with a lot of quantity. However, I found that the hold was very weak, where even the slightest of wind could offset your whole styling. Cannot really recommend it.",yes,0,2.0,https://www.amazon.ca/Old-Spice-Forge-Molding-Putty/dp/B00FRDPNCU/ref=cm_cr_srp_d_product_top?ie=UTF8,2020-09-18 16:54:58.064590,2020-09-18 16:55:04.314269,Michael Wang,Clothing & Accessories,B002G9UDYG
31,AFGWIQ3YERTTVFIOYT4S6GO3XLLQ,"February 1, 2019",Great value.,"This is a great hoodie for someone who just wants many different coloured hoodies without spending a lot. The hoodie itself is quite thin, but there's no room to complain given the price point.",yes,3,5.0,https://www.amazon.ca/Hanes-Pullover-EcoSmart-Fleece-Sweatshirt/dp/B071WWYQNG/ref=cm_cr_srp_d_product_top?ie=UTF8,2020-09-18 16:55:14.407241,2020-09-18 16:55:21.755830,Michael Wang,Clothing & Accessories,B002G9UDYG
32,AFGWIQ3YERTTVFIOYT4S6GO3XLLQ,"February 1, 2019",A cool party trick.,Sticking this to the bottom of a bottle really makes it look quite flashy and cool. Many friends were amazed of how it looked. It makes to bottle look much more expensive than it really is.,yes,0,5.0,https://www.amazon.ca/Glowseen-Bottle-Glorifier-Sticker-Coaster/dp/B01333YQBO/ref=cm_cr_srp_d_product_top?ie=UTF8,2020-09-18 16:55:28.848537,2020-09-18 16:55:38.121189,Michael Wang,Clothing & Accessories,B002G9UDYG
33,AFGWIQ3YERTTVFIOYT4S6GO3XLLQ,"February 1, 2019",An absolute bargain.,"For the 40 bucks I paid, I am absolutely satisfied with what I got. Personally, I use my device as a permanent music streaming device connected to my speakers, and it works great for that. It is also very convenient for setting timers when cooking and acting as an alarm to wake you up. The product has truly made my life so much easier in many small ways. Could not recommend this any more.",yes,0,5.0,https://www.amazon.ca/Echo-Dot-2nd-Generation-speaker/dp/B07456NHZ7/ref=cm_cr_srp_d_product_top?ie=UTF8,2020-09-18 16:55:46.212719,2020-09-18 16:55:54.519733,Michael Wang,Clothing & Accessories,B002G9UDYG
34,AFGWIQ3YERTTVFIOYT4S6GO3XLLQ,"February 1, 2019",Helped keep my breakouts under control,"This cream is great to apply before sleep. It really helped me with my acne surprising fast (took 2-3 days for pimples to more of less disappear). The only complaint I have is the quantity is a bit low for how much you pay. Other than that, a great product.",yes,3,4.0,https://www.amazon.ca/dp/B00HHAF8SK/ref=cm_cr_srp_d_product_top?ie=UTF8,2020-09-18 16:56:04.609996,2020-09-18 16:56:13.901772,Michael Wang,Clothing & Accessories,B002G9UDYG
35,AFGWIQ3YERTTVFIOYT4S6GO3XLLQ,"February 1, 2019","Great product, but came with a a dead fly in the bag.","The product works as intended and is a great value at this price point. However I cannot vouch for the hygiene during the packaging of this product, as there was a dead fly inside of mine.",yes,0,3.0,https://www.amazon.ca/Quilted-Fitted-Mattress-Pad-Stretches/dp/B00NESCOY0/ref=cm_cr_srp_d_product_top?ie=UTF8,2020-09-18 16:56:23.994461,2020-09-18 16:56:32.316426,Michael Wang,Clothing & Accessories,B002G9UDYG
36,AFGWIQ3YERTTVFIOYT4S6GO3XLLQ,"February 1, 2019",Helps a lot with sleep.,I've started wearing these throughout the day and I feel as if I can even concentrate better with them on. Sleep quality has definitely improved. The yellow tint is strange at first but you quickly adapt to it and don't even notice it after a while.,yes,0,4.0,https://www.amazon.ca/CGID-Headaches-Rectangle-Unbreakable-Transparnet/dp/B01MXCS3YN/ref=cm_cr_srp_d_product_top?ie=UTF8,2020-09-18 16:56:40.409923,2020-09-18 16:56:47.804745,Michael Wang,Clothing & Accessories,B002G9UDYG
37,AFGWIQ3YERTTVFIOYT4S6GO3XLLQ,"February 1, 2019","Good quantity, subpar quality.","For the amount that was paid, a lot of clips were included. However, the quality of the individual clips was quite subpar. Specifically, the adhesive material did not create a strong bond with the targeted surface, causing the clips to detach after a few days. Unfortunately for that reason, I cannot recommend these clips.",yes,0,2.0,https://www.amazon.ca/GWHOLE-100Pcs-Adhesive-Organizer-Management/dp/B0711MPLW3/ref=cm_cr_srp_d_product_top?ie=UTF8,2020-09-18 16:56:57.898279,2020-09-18 16:57:06.181404,Michael Wang,Clothing & Accessories,B002G9UDYG
38,AFGWIQ3YERTTVFIOYT4S6GO3XLLQ,"February 1, 2019",Great hold and texture.,So far the best paste I've used it. It does not give much shine and has immense amounts of hold when you use it right out of the shower. Best used when hair is wet or damp.,yes,0,5.0,https://www.amazon.ca/Dove-Men-Care-Styling-Texturize/dp/B00BOUQTJG/ref=cm_cr_srp_d_product_top?ie=UTF8,2020-09-18 16:57:16.272043,2020-09-18 16:57:22.556812,Michael Wang,Clothing & Accessories,B002G9UDYG
39,AFGWIQ3YERTTVFIOYT4S6GO3XLLQ,"January 31, 2019","Has a very strong smell to it, but it does the job.","This shampoo has an extremely strong chemical smell to it that lingers after the shower. But it really does clean like no other shampoo. It got rid of my dandruff and made my scalp feel as clean as it has ever felt. The value is a bit low, as you don't get too much quantity for the amount you pay. The product is overall good, but personally the smell is a deal-breaker for me.",yes,4,3.0,https://www.amazon.ca/dp/B00ET04O54/ref=cm_cr_srp_d_product_top?ie=UTF8,2020-09-18 16:57:31.671478,2020-09-18 16:57:40.952547,Michael Wang,Clothing & Accessories,B002G9UDYG
40,AFGWIQ3YERTTVFIOYT4S6GO3XLLQ,"January 31, 2019","It's cheap, both in price and quality.","You get what you pay for. The controller works perfectly fine, but the quality just isn't there. The plastic body feels very cheap and the buttons have a cheap feel to them. But for 20 bucks, you can't really complain.",yes,0,4.0,https://www.amazon.ca/CirKa-Wired-Controller-GameCube-Black/dp/B005ZGZQRG/ref=cm_cr_srp_d_product_top?ie=UTF8,2020-09-18 16:57:48.054304,2020-09-18 16:57:57.314338,Michael Wang,Clothing & Accessories,B002G9UDYG
41,AFGWIQ3YERTTVFIOYT4S6GO3XLLQ,"January 31, 2019",Works but came with a strong plastic smell.,It came with a plastic smell as you would encounter with cheaper items from China. After airing it out for a couple of days it was fine and functional. Does what you would expect with a pretty good value.,yes,0,3.0,https://www.amazon.ca/EVELTEK-Universal-Waterproof-Nonslip-Machine-Washable/dp/B01N6P3ZPD/ref=cm_cr_srp_d_product_top?ie=UTF8,2020-09-18 16:58:07.407781,2020-09-18 16:58:13.680918,Michael Wang,Clothing & Accessories,B002G9UDYG
42,AFGWIQ3YERTTVFIOYT4S6GO3XLLQ,"January 31, 2019",Really cleans up your setup on the cheap.,"The monitor stand really cleans up my setup. Me being a student, I often run out of desk space when I have a bunch of papers placed all over. Having no monitor stand really opens up more of my desk, as I am now able to slide things underneath, opening up space that I never had before. The mount itself was very easy to install and feels very sturdy. No sagging when using the tilt function and all joints feel properly movable. Very great value.",yes,One,5.0,https://www.amazon.ca/VIVO-Monitor-Adjustable-Articulating-STAND-V001/dp/B00B21TLQU/ref=cm_cr_srp_d_product_top?ie=UTF8,2020-09-18 16:58:21.774494,2020-09-18 16:58:31.029444,Michael Wang,Clothing & Accessories,B002G9UDYG
43,AFGWIQ3YERTTVFIOYT4S6GO3XLLQ,"January 31, 2019",Great value.,Toner quantity is absolutely huge. Been using it for half a year and I'm still at an excess. The quality seems to be the same as the OEM one. Highly recommend it.,no,0,5.0,https://www.amazon.ca/Compatible-MLT-D111S-Cartridge-SL-M2020W-SL-M2070FW/dp/B00MO13CQ2/ref=cm_cr_srp_d_product_top?ie=UTF8,2020-09-18 16:58:40.121906,2020-09-18 16:58:48.391816,Michael Wang,Clothing & Accessories,B002G9UDYG
44,AFGWIQ3YERTTVFIOYT4S6GO3XLLQ,"January 31, 2019",Great value from this 30 dollar SSD.,"The SSD is nothing special, but it was $29.99. At this price point, it is an amazing value. Its great for reviving old computers that were chugging from their old mechanical hard drives. Personally, I threw it in an enclosure and used it as an external drive, using it to offload videos from my camera's SD card during vacations with the family. It works great for that.",yes,0,5.0,https://www.amazon.ca/Kingston-Digital-120GB-SA400S37-120G/dp/B01N6JQS8C/ref=cm_cr_srp_d_product_top?ie=UTF8,2020-09-18 16:58:56.481397,2020-09-18 16:59:05.784465,Michael Wang,Clothing & Accessories,B002G9UDYG
45,AFGWIQ3YERTTVFIOYT4S6GO3XLLQ,"January 31, 2019","Works, however would recommend the regular, non-charcoal over this.","I find that the regular version works better than this charcoal edition. However, both work well. The charcoal leaves some residue on your face after application, however it is easily rinsed off with a bit of water.",yes,3,4.0,https://www.amazon.ca/Bior%C3%A9%C2%AE-cleansing-Charcoal-Strip-14-Count/dp/B078HTDKL3/ref=cm_cr_srp_d_product_top?ie=UTF8,2020-09-18 16:59:12.867113,2020-09-18 16:59:21.141284,Michael Wang,Clothing & Accessories,B002G9UDYG
46,AFGWIQ3YERTTVFIOYT4S6GO3XLLQ,"January 31, 2019",The absolute best value wireless mouse ever.,"This mouse is simply amazing. Coming from a g303, this mouse is lighter and has equally as good of a sensor. The battery life is amazing (3 months in and logitech's software still says I have 5/5 battery left). The lack of RGB is understandable given the price point of this mouse, being the cheapest wireless one that logitech offers, but I'm okay with it, as the RGB would add additional weight to the device (and every bit of savings count). If you are looking for the best value oriented performance wireless mouse on the market, look no more.",yes,3,5.0,https://www.amazon.ca/Logitech-LIGHTSPEED-Wireless-Gaming-910-005280/dp/B07CMS5Q6P/ref=cm_cr_srp_d_product_top?ie=UTF8,2020-09-18 16:59:28.234341,2020-09-18 16:59:36.600365,Michael Wang,Clothing & Accessories,B002G9UDYG
47,AFGWIQ3YERTTVFIOYT4S6GO3XLLQ,"January 31, 2019",Inaccurate heart rate monitor readings.,"I got this band to keep track of my heart rate. However, the reading seems to be quite inaccurate. The band would report my resting heart rate to be 150, which is highly inaccurate. The band also does not send info to the app unless it is on, and it goes to sleep every couple of seconds, requiring you to continuously wake it up quite often. Overall, I cannot recommend this band, as there are many other alternatives at this price-point that may be more effective.",yes,0,2.0,https://www.amazon.ca/Aneken-Waterproof-Bracelet-Wristband-Pedometer/dp/B076PG54H1/ref=cm_cr_srp_d_product_top?ie=UTF8,2020-09-18 16:59:45.692836,2020-09-18 16:59:53.958557,Michael Wang,Clothing & Accessories,B002G9UDYG
48,AFGWIQ3YERTTVFIOYT4S6GO3XLLQ,"January 31, 2019",Great value.,"Installation was pretty simple, took about an hour. The included tool helps with measuring the spaces between the numbers, making accurate placings easy. Makes my setup look much more elite and minimal. Clock ticks a bit, but it's far from loud.",yes,3,4.0,https://www.amazon.ca/Vangold-Frameless-Stickers-Decorations-Warranty/dp/B075GG3QQ6/ref=cm_cr_srp_d_product_top?ie=UTF8,2020-09-18 17:00:02.051084,2020-09-18 17:00:10.312388,Michael Wang,Clothing & Accessories,B002G9UDYG
49,AFGWIQ3YERTTVFIOYT4S6GO3XLLQ,"January 31, 2019",The best daily clenser,This clenser single-handedly stopped me from breaking out. It's not too harsh but not too gentle. It's much better than the clinique ones that I used prior to this one. Cannot recommend this more.,yes,0,5.0,https://www.amazon.ca/Neutrogena-Foaming-Facial-Cleanser-Remover/dp/B00PQNVBU4/ref=cm_cr_srp_d_product_top?ie=UTF8,2020-09-18 17:00:20.401440,2020-09-18 17:00:28.704953,Michael Wang,Clothing & Accessories,B002G9UDYG
50,AFGWIQ3YERTTVFIOYT4S6GO3XLLQ,"January 31, 2019",Personally found it mediocre,"After reading many other reviews, I decided to give it a shot. Personally, I found the moisturizer to be somewhat weak and liquidy, requiring a lot for any noticeable effect. Caused me to break out a bit.",yes,4,2.0,https://www.amazon.ca/Cetaphil-Daily-Hydrating-Lotion-Hyaluronic/dp/B079FHH8K9/ref=cm_cr_srp_d_product_top?ie=UTF8,2020-09-18 17:00:35.796082,2020-09-18 17:00:45.098576,Michael Wang,Clothing & Accessories,B002G9UDYG
51,AFGWIQ3YERTTVFIOYT4S6GO3XLLQ,"January 31, 2019",Solid choice,"Hat seems to be very durable and woven with a decent amount of quality. At the price point, there is really nothing to complain about.",yes,0,5.0,https://www.amazon.ca/Carhartt-Acrylic-Watch-Black-Size/dp/B002G9UDYG/ref=cm_cr_srp_d_product_top?ie=UTF8,2020-09-18 17:00:52.191544,2020-09-18 17:01:00.497100,Michael Wang,Clothing & Accessories,B002G9UDYG
