,author_id,date_review_posted,review_title,reviews,verified_purchase,people_find_helpful,ratings,product_url,start,end,reviewer_name,product_category,product_id
0,AFGWN63QND3ERX343IGU24QJOPYQ,"April 12, 2020",Broke first use,"Just fell apart half way through string replacement, nothing snapped, just fell apart.",yes,0,1.0,https://www.amazon.ca/Dunlop-100-SL-BlackStringwinder-SI/dp/B000EEK4VM/ref=cm_cr_srp_d_product_top?ie=UTF8,2020-09-17 21:21:41.303723,2020-09-17 21:21:47.622779,X.Farrell,Clothing & Accessories,B002G9UDYG
1,AFGWN63QND3ERX343IGU24QJOPYQ,"March 4, 2020","Great wipe, no smear","Came with 2 microfiber clothes for drying and polishing, wipes work great, can not complain, I would recommend these to any one who wears glasses.",yes,0,5.0,https://www.amazon.ca/MOSSLIAN-Individually-Pre-Moistened-Touchscreen-Microfiber/dp/B074V4YVNX/ref=cm_cr_srp_d_product_top?ie=UTF8,2020-09-17 21:21:55.729903,2020-09-17 21:22:02.041038,X.Farrell,Clothing & Accessories,B002G9UDYG
2,AFGWN63QND3ERX343IGU24QJOPYQ,"February 12, 2020",Absolute trash,"This device was $20, advertised as an ""injection cleaning system"" figured that lens cleaner would come out from the pads, it doesn't. Doesn't come with any cleaner, and really the 2 stupid pads is the same as taking your two fingers and using a cloth. Not even a better clean, still smudges no matter how many times I tried.",yes,0,1.0,https://www.amazon.ca/dp/B07DFT36GH/ref=cm_cr_srp_d_product_top?ie=UTF8,2020-09-17 21:22:09.167716,2020-09-17 21:22:18.486304,X.Farrell,Clothing & Accessories,B002G9UDYG
3,AFGWN63QND3ERX343IGU24QJOPYQ,"December 12, 2019",No temps above 70 AAA games on ultra,"Keeps the system cool, it's huge, little trickier to install then other coolers, just because it's so big and has a unique mounting system.",yes,0,5.0,https://www.amazon.ca/dp/B07Y3CTQNT/ref=cm_cr_srp_d_product_top?ie=UTF8,2020-09-17 21:22:25.617480,2020-09-17 21:22:33.939623,X.Farrell,Clothing & Accessories,B002G9UDYG
4,AFGWN63QND3ERX343IGU24QJOPYQ,"December 12, 2019",Perfect,"Easy to install, works great, awesome.",yes,0,5.0,https://www.amazon.ca/TUF-Gaming-X570-Plus-Motherboard-Lighting/dp/B07SXF8GY3/ref=cm_cr_srp_d_product_top?ie=UTF8,2020-09-17 21:22:44.060962,2020-09-17 21:22:50.319123,X.Farrell,Clothing & Accessories,B002G9UDYG
5,AFGWN63QND3ERX343IGU24QJOPYQ,"December 12, 2019",Great for big heads,"Have a huge head, no hats fit right, except this one, plain, black hat, perfect.",yes,0,5.0,https://www.amazon.ca/Carhartt-Mens-Rugged-Professional-Black/dp/B075LJT4C6/ref=cm_cr_srp_d_product_top?ie=UTF8,2020-09-17 21:22:58.437632,2020-09-17 21:23:07.727039,X.Farrell,Clothing & Accessories,B002G9UDYG
6,AFGWN63QND3ERX343IGU24QJOPYQ,"December 12, 2019",Fits tight and sits weird,"Picture made it look like this one for on your head perfect, but this one leaves that awkward little extra bit of hat stick off the top of your head, I like the top of my head to hit the hat, it's like how some kids wear their hat above their ears so they have a bit sticking high up, it's just weird, fashionable I suppose.

It's also really tight, probably better if you're bald, if you have some hair, you'll get serious hat head.",yes,0,3.0,https://www.amazon.ca/Carhartt-Acrylic-Watch-Black-Size/dp/B002G9UDYG/ref=cm_cr_srp_d_product_top?ie=UTF8,2020-09-17 21:23:15.835760,2020-09-17 21:23:25.106090,X.Farrell,Clothing & Accessories,B002G9UDYG
7,AFGWN63QND3ERX343IGU24QJOPYQ,"December 12, 2019","Great case, inspect yours for damages","TL:DR;

Great case for $129.99 CAD, mine had a dent in the front panel and had to wait 2 weeks.

----------------------------------------------------------

This case is great, great quality and cable management, have nothing bad to say about it, the tempered glass panel can be a little finicky because the screws and threads are so short.

The only reason I am giving 2 stars is because mine came with a nice dent in the top of the front panel, I am aware I probably could have sent it back and had it replaced, but when I ordered it originally the case said in stock with prime delivery, then they emailed me and said that it was on back order, waited 2 weeks and it finally showed up and I did not feel like waiting to build my computer for another 2 weeks.",yes,0,2.0,https://www.amazon.ca/NZXT-Desktop-Computer-CA-H700B-B1-Black/dp/B07C3SKSFK/ref=cm_cr_srp_d_product_top?ie=UTF8,2020-09-17 21:23:32.199639,2020-09-17 21:23:41.478769,X.Farrell,Clothing & Accessories,B002G9UDYG
8,AFGWN63QND3ERX343IGU24QJOPYQ,"November 10, 2019",Does not work for Linux,"Works great for Windows, would not show up for Linux.",yes,0,5.0,https://www.amazon.ca/Cudy-WU1200-1200Mbps-External-Compatible/dp/B07Q9KY4NT/ref=cm_cr_srp_d_product_top?ie=UTF8,2020-09-17 21:23:50.604356,2020-09-17 21:23:59.887937,X.Farrell,Clothing & Accessories,B002G9UDYG
9,AFGWN63QND3ERX343IGU24QJOPYQ,"May 15, 2019","Does not work at all, do not buy","Screw fell out of the back immediately as soon as I opened up the little bag, the connector is loose, doesn't function at all what so ever, can not tell if it's a dud or just false advertising. Do not buy it.",yes,0,1.0,https://www.amazon.ca/Motion-Plus-Adapter-secsor-Controller/dp/B07KC7N272/ref=cm_cr_srp_d_product_top?ie=UTF8,2020-09-17 21:24:10.015512,2020-09-17 21:24:16.319303,X.Farrell,Clothing & Accessories,B002G9UDYG
10,AFGWN63QND3ERX343IGU24QJOPYQ,"May 15, 2019","Key not swappable as advertised, MUST be cut.","This key is not as advertised, in the description for this product, this is quoted

""Key case and uncut key blade only.Not electronic internals. Getblade cut by local locksmith/dealer or swap the blade with your original.""

You can NOT swap the blade with your original, it is molded into the plastic, you may not just use the new shell of your key did not snap,nyou have to get the new one cut.",yes,0,1.0,https://www.amazon.ca/Heart-Horse-Buttons-Replacement-Remote/dp/B07KHK7B3C/ref=cm_cr_srp_d_product_top?ie=UTF8,2020-09-17 21:24:25.446172,2020-09-17 21:24:34.752837,X.Farrell,Clothing & Accessories,B002G9UDYG
11,AFGWN63QND3ERX343IGU24QJOPYQ,"February 2, 2019",Fantastic!,"Fantastic, makes perfect spheres. Great for about 3 double cocktails before it melts. Only thing I would add to this is a tray/shelf so you can make more at a time! Because they must be on flat surface they take up a portion of my freezer.",yes,0,5.0,https://www.amazon.ca/Unique-Ball-Maker-Sphere-Mold/dp/B01N1MNG8K/ref=cm_cr_srp_d_product_top?ie=UTF8,2020-09-17 21:24:41.889724,2020-09-17 21:24:51.234511,X.Farrell,Clothing & Accessories,B002G9UDYG
12,AFGWN63QND3ERX343IGU24QJOPYQ,"January 23, 2019",Power supply fell apart 4 months into use.,"Worked great for the most part for a while, auto switch was great unless you were running 2 things at once, then it's better to manual switch.

Remote does not work, what so ever.

4 months into use, the end of the power supply fell apart while I was rearranging my desk, and then no longer powered the switch.

Was cheaper to buy a new one then replace the power cord unfortunately, went with another model as this one was kind of poorly made, was great while it worked though.",yes,One,2.0,https://www.amazon.ca/Switch%EF%BC%8CGANA-Intelligent-Switcher-Supports-HD1080p/dp/B071G4NXNH/ref=cm_cr_srp_d_product_top?ie=UTF8,2020-09-17 21:24:58.346285,2020-09-17 21:25:07.636891,X.Farrell,Clothing & Accessories,B002G9UDYG
13,AFGWN63QND3ERX343IGU24QJOPYQ,"January 16, 2019",Gets the job done.,"Feels cheap, but seems to get the job done just fine! Says it has 2 usb inputs, fails to mention that one of the two is your power source that is then plugged into your hosts usb. So effectively, it just gives you the 1 usb port you are losing.",yes,0,4.0,https://www.amazon.ca/Laptop-Cooling-Cooler-Adjustable-HV-F2068/dp/B0713PHFRW/ref=cm_cr_srp_d_product_top?ie=UTF8,2020-09-17 21:25:16.749204,2020-09-17 21:25:26.054381,X.Farrell,Clothing & Accessories,B002G9UDYG
14,AFGWN63QND3ERX343IGU24QJOPYQ,"December 21, 2017","easy install, just have ugly lifts on the sides","Edges no not adhere well, easy install, just have ugly lifts on the sides.",yes,0,2.0,https://www.amazon.ca/Protector-OMYFILM-Tempered-Sensitivity-Hardness/dp/B0776QHVYY/ref=cm_cr_srp_d_product_top?ie=UTF8,2020-09-17 21:25:34.159620,2020-09-17 21:25:41.430423,X.Farrell,Clothing & Accessories,B002G9UDYG
15,AFGWN63QND3ERX343IGU24QJOPYQ,"February 20, 2017",Five Stars,"Great price, great product.",yes,0,5.0,https://www.amazon.ca/S2-9-7-Protector-Scratch-Resistant-Tempered/dp/B01FJIID2E/ref=cm_cr_srp_d_product_top?ie=UTF8,2020-09-17 21:25:51.571269,2020-09-17 21:25:59.900270,X.Farrell,Clothing & Accessories,B002G9UDYG
