,author_id,date_review_posted,review_title,reviews,verified_purchase,people_find_helpful,ratings,product_url,start,end,reviewer_name,product_category,product_id
0,AFGXFQDX4MW72B2QOUET4CJZUMZA,"May 10, 2020",Perfect for rustic lovers,I bought two. Very happy with the quality. I have been doing renovations and they fit my decor perfectly. Love them.,yes,0,5.0,https://www.amazon.ca/SONGMICS-Foldable-Removable-Rectangular-Distressed/dp/B07BN5PT1G/ref=cm_cr_srp_d_product_top?ie=UTF8,2020-09-17 22:18:01.861004,2020-09-17 22:18:11.133763,Melissa,Clothing & Accessories,B002G9UDYG
1,AFGXFQDX4MW72B2QOUET4CJZUMZA,"January 1, 2020",Very informative,"Haven’t been able to put it to use yet as it was purchased as a Christmas gift, but we are looking forward to referring to it come the spring/summer when we start landscaping and gardening. We have 1/2 acre so I felt this book would be great for starting us off with a little garden!",yes,One,5.0,https://www.amazon.ca/Mini-Farming-Self-Sufficiency-Brett-Markham/dp/1602399840/ref=cm_cr_srp_d_product_top?ie=UTF8,2020-09-17 22:18:21.220951,2020-09-17 22:18:30.516658,Melissa,Clothing & Accessories,B002G9UDYG
2,AFGXFQDX4MW72B2QOUET4CJZUMZA,"January 1, 2020",It’s good,"Good information, but most of it is common sense.",yes,0,4.0,https://www.amazon.ca/Things-Every-Homeowner-Must-Know/dp/1621452204/ref=cm_cr_srp_d_product_top?ie=UTF8,2020-09-17 22:18:39.613498,2020-09-17 22:18:46.899622,Melissa,Clothing & Accessories,B002G9UDYG
3,AFGXFQDX4MW72B2QOUET4CJZUMZA,"January 1, 2020",Too “tall” for our liking.,"I bought this for my boyfriend for Christmas as he uses the Carhart brand quite a bit for workwear. It is too “tall”. We do not like the oversized look, I was expecting this hat to be a smaller, proper fit. I’m disappointed because he hasn’t worn this hat since I bought it for him, and most likely won’t wear it due to it being too big. It’s a shame because it looks like a really nice hat until it’s put on.",yes,0,2.0,https://www.amazon.ca/Carhartt-Acrylic-Watch-Black-Size/dp/B002G9UDYG/ref=cm_cr_srp_d_product_top?ie=UTF8,2020-09-17 22:18:55.990116,2020-09-17 22:19:02.270461,Melissa,Clothing & Accessories,B002G9UDYG
4,AFGXFQDX4MW72B2QOUET4CJZUMZA,"September 5, 2019",Perfect!,"I can’t really review it in use as I got it for my boyfriend to travel with. He was really happy with it when I gave it to him, and instantly started packing it up for his carry on.",yes,0,5.0,https://www.amazon.ca/Tzowla-Backpack-Anti-Theft-Charging-Lightweight/dp/B073PRP3W8/ref=cm_cr_srp_d_product_top?ie=UTF8,2020-09-17 22:19:12.364701,2020-09-17 22:19:20.631905,Melissa,Clothing & Accessories,B002G9UDYG
5,AFGXFQDX4MW72B2QOUET4CJZUMZA,"September 5, 2019","Great quality, fits perfect, he loves it!",I love it!! Bought it for my boyfriend as a going away gift for his first work trip! He’s an AME endorsed on Dash-800’s. He loves it as well.,yes,0,5.0,https://www.amazon.ca/Skilled-Aircraft-Mechanic-Sleeve-Unisex/dp/B07HWLM8W3/ref=cm_cr_srp_d_product_top?ie=UTF8,2020-09-17 22:19:28.724748,2020-09-17 22:19:35.997969,Melissa,Clothing & Accessories,B002G9UDYG
