,author_id,date_review_posted,review_title,reviews,verified_purchase,people_find_helpful,ratings,product_url,start,end,reviewer_name,product_category,product_id
0,AG6RS2WDSPHDOSYWIJIOYR6EPTAQ,"July 21, 2020",Works well,I use this cable to connect a midi mixer to a mac book. It works well without any issues,yes,0,5.0,https://www.amazon.ca/CableCreation-Printer-Scanner-Macbook-Printers/dp/B012V563B6/ref=cm_cr_srp_d_product_top?ie=UTF8,2020-09-17 21:44:15.379607,2020-09-17 21:44:23.649493,Sean,Clothing & Accessories,B002G9UDYG
1,AG6RS2WDSPHDOSYWIJIOYR6EPTAQ,"July 17, 2020",Works well,Worked well duplicating mac book screen on 1080p 50' smart tv,yes,0,5.0,https://www.amazon.ca/Adapter-CHOETECH-Thunderbolt-Compatible-Resolution/dp/B01M6C49X2/ref=cm_cr_srp_d_product_top?ie=UTF8,2020-09-17 21:44:30.741972,2020-09-17 21:44:39.018936,Sean,Clothing & Accessories,B002G9UDYG
2,AG6RS2WDSPHDOSYWIJIOYR6EPTAQ,"June 21, 2020",Good headset,I have used these for gaming on my PS4 and web meetings. Sound quality is good and mic is very clear for others listening,yes,0,5.0,https://www.amazon.ca/Beexcellent-Headphones-Cancelling-Microphone-Smartphone/dp/B0777KYQS7/ref=cm_cr_srp_d_product_top?ie=UTF8,2020-09-17 21:44:48.115396,2020-09-17 21:44:54.413818,Sean,Clothing & Accessories,B002G9UDYG
3,AG6RS2WDSPHDOSYWIJIOYR6EPTAQ,"June 2, 2020",Great for physical speed testing,Works great. I have an android phone and have run several speed tests on multiple internet service. Results are comparable to a speed test run on gigabit ethernet on a computer,yes,0,5.0,https://www.amazon.ca/Cable-Matters-Ethernet-Adapter-Gigabit/dp/B00X4S587K/ref=cm_cr_srp_d_product_top?ie=UTF8,2020-09-17 21:45:04.517451,2020-09-17 21:45:13.766795,Sean,Clothing & Accessories,B002G9UDYG
4,AG6RS2WDSPHDOSYWIJIOYR6EPTAQ,"June 2, 2020",Good hat,"I work outside during the winter and this hat is perfect. I have a big head and the hat is fairly big even for me. That being said it was exactly what I needed. Since I sweat a lot while working, I need to wash my hats more often. Most hats tend to shrink dramatically after numerous runs through the dryer which become unwearable for me. It's been one full winter and this hat seems like it will be useable for several more to come",yes,0,5.0,https://www.amazon.ca/Carhartt-Acrylic-Watch-Black-Size/dp/B002G9UDYG/ref=cm_cr_srp_d_product_top?ie=UTF8,2020-09-17 21:45:21.849877,2020-09-17 21:45:29.104887,Sean,Clothing & Accessories,B002G9UDYG
5,AG6RS2WDSPHDOSYWIJIOYR6EPTAQ,"June 2, 2020",Good value!,Easy to install. Fit my 43' tv perfectly. Strong durable parts,no,0,5.0,https://www.amazon.ca/Mounting-Dream-Articulating-400x400mm-MD2413-MX/dp/B00KXTZ3BE/ref=cm_cr_srp_d_product_top?ie=UTF8,2020-09-17 21:45:39.212654,2020-09-17 21:45:45.437800,Sean,Clothing & Accessories,B002G9UDYG
6,AG6RS2WDSPHDOSYWIJIOYR6EPTAQ,"September 11, 2019",Good buy,This code reader did exactly what I needed it to do. It gave me the code for the check engine light on my dash with a description of the code. Also cleared the code when fixed,yes,0,5.0,https://www.amazon.ca/LAUNCH-Reader-Automotive-Diagnostic-Functions/dp/B07N6H7VH9/ref=cm_cr_srp_d_product_top?ie=UTF8,2020-09-17 21:45:52.541325,2020-09-17 21:45:59.814455,Sean,Clothing & Accessories,B002G9UDYG
7,AG6RS2WDSPHDOSYWIJIOYR6EPTAQ,"March 31, 2019",Works well,"Works well. Like any properly fitting brace I have purchased, it was a little tight the first time I wore it but it did break in nicely after multiple uses. I use it to play basketball in a pick up league. It helps limit the motion on my shooting arm (elbow) which I fractured many years ago. I would buy this product again if needed in the future",yes,0,5.0,https://www.amazon.ca/Physix-Gear-Elbow-Compression-Sleeve/dp/B07C1222S8/ref=cm_cr_srp_d_product_top?ie=UTF8,2020-09-17 21:46:06.906569,2020-09-17 21:46:13.175293,Sean,Clothing & Accessories,B002G9UDYG
