,author_id,date_review_posted,review_title,reviews,verified_purchase,people_find_helpful,ratings,product_url,start,end,reviewer_name,product_category,product_id
0,AGF57SLJDRRX5N3U5YJV6MWBAEMA,"September 9, 2020",good brand,all right,yes,0,5.0,https://www.amazon.ca/Carhartt-Acrylic-Watch-Black-Size/dp/B002G9UDYG/ref=cm_cr_srp_d_product_top?ie=UTF8,2020-09-19 00:41:25.045986,2020-09-19 00:41:31.350564,Stan TroKon,Clothing & Accessories,B002G9UDYG
1,AGF57SLJDRRX5N3U5YJV6MWBAEMA,"September 9, 2020",good,works nice.price is right on Amazon,yes,0,5.0,https://www.amazon.ca/AirSense-AutoSet-HumidAir-Humidifier-climateline/dp/B07YCV1RP2/ref=cm_cr_srp_d_product_top?ie=UTF8,2020-09-19 00:41:38.436064,2020-09-19 00:41:47.703435,Stan TroKon,Clothing & Accessories,B002G9UDYG
2,AGF57SLJDRRX5N3U5YJV6MWBAEMA,"September 9, 2020",no complains.,I use it in my work boots.Feel better in combination with good working absorbing socks ☺,yes,0,5.0,https://www.amazon.ca/Dr-Scholls-Relief-Orthotics-Soles/dp/B01M4OZ9GZ/ref=cm_cr_srp_d_product_top?ie=UTF8,2020-09-19 00:41:56.795667,2020-09-19 00:42:06.066789,Stan TroKon,Clothing & Accessories,B002G9UDYG
3,AGF57SLJDRRX5N3U5YJV6MWBAEMA,"July 22, 2020",perfect for back sleepers,"well,4 stars cause it does not last for a while",yes,0,5.0,https://www.amazon.ca/AirTouch-F20-Medium/dp/B07CQN48TD/ref=cm_cr_srp_d_product_top?ie=UTF8,2020-09-19 00:42:15.152686,2020-09-19 00:42:24.435511,Stan TroKon,Clothing & Accessories,B002G9UDYG
4,AGF57SLJDRRX5N3U5YJV6MWBAEMA,"July 22, 2020","ok,but pricy",ok socks,yes,0,4.0,https://www.amazon.ca/Dickies-Multi-Pack-Dri-Tech-Moisture-Heel-Lock/dp/B07VFR49SW/ref=cm_cr_srp_d_product_top?ie=UTF8,2020-09-19 00:42:32.526957,2020-09-19 00:42:41.774650,Stan TroKon,Clothing & Accessories,B002G9UDYG
5,AGF57SLJDRRX5N3U5YJV6MWBAEMA,"July 22, 2020","wrong description,then right one...why?","78% Cotton, 19% Polyester, 2% Spandex, 1% Nylon
No Closure closure
Machine Wash
0.7"" high
14"" wide
55% Cotton, 42% Polyester, 2% Spandex, 1% Nylon
Imported

cotton percentage is a biggy",yes,One,1.0,https://www.amazon.ca/Dickies-Multi-Pack-Dri-Tech-Moisture-Charcoal/dp/B07N9H5HVG/ref=cm_cr_srp_d_product_top?ie=UTF8,2020-09-19 00:42:48.870244,2020-09-19 00:42:58.149578,Stan TroKon,Clothing & Accessories,B002G9UDYG
6,AGF57SLJDRRX5N3U5YJV6MWBAEMA,"June 12, 2020",Quite.big enough for traveling.It has switch-big deal,I bought it to cool my PC unit.I hope it will last....,yes,0,5.0,https://www.amazon.ca/OPOLAR-Rotating-Adjustment-Personal-Dorm-White/dp/B07B8NLLTN/ref=cm_cr_srp_d_product_top?ie=UTF8,2020-09-19 00:43:08.237432,2020-09-19 00:43:15.551583,Stan TroKon,Clothing & Accessories,B002G9UDYG
7,AGF57SLJDRRX5N3U5YJV6MWBAEMA,"June 7, 2020",Fast boiler and cute design.,"Well.I *m making some additions later
The only option I do not like is very soft switch...
But for the money paid it is ok.I will be carefull with switch.",yes,0,5.0,https://www.amazon.ca/Avan-Pacific-360%C2%B0Cordless-Thermostat-Automatically-Protection/dp/B0763R43W5/ref=cm_cr_srp_d_product_top?ie=UTF8,2020-09-19 00:43:23.645025,2020-09-19 00:43:30.897812,Stan TroKon,Clothing & Accessories,B002G9UDYG
8,AGF57SLJDRRX5N3U5YJV6MWBAEMA,"June 3, 2020",It is descent product for the price.Amazon's service is the best comparably.,"I knew it is not perfect,and I hope for very casual usage it is just ok
Nowadays customers can not rely on*NAMES*,,,,,All items are cheap and made for limited operation😏
So .to pay top?...no sence.",yes,0,4.0,https://www.amazon.ca/Premium-Hand-Blender-Removable-Blending/dp/B06Y1K9TCH/ref=cm_cr_srp_d_product_top?ie=UTF8,2020-09-19 00:43:40.990743,2020-09-19 00:43:49.282369,Stan TroKon,Clothing & Accessories,B002G9UDYG
9,AGF57SLJDRRX5N3U5YJV6MWBAEMA,"May 27, 2020","Size is right,accurate stitching","Basic...very basic,long non Amazon delivery...you know what it means ,and where to order it next time😏
It is not shorts,but long underpants...just ones which you can not shoke your neighbours with if they see you on a balcony or taking mail from your postbox in the lobby summertime🤣",yes,One,3.0,https://www.amazon.ca/JINSHI-Pajama-Bottoms-Shorts-Lounge/dp/B07FZT5CH6/ref=cm_cr_srp_d_product_top?ie=UTF8,2020-09-19 00:43:58.374537,2020-09-19 00:44:07.643830,Stan TroKon,Clothing & Accessories,B002G9UDYG
10,AGF57SLJDRRX5N3U5YJV6MWBAEMA,"May 26, 2020",Price is right.all looks like Samsung in sealed package,😊,yes,0,5.0,https://www.amazon.ca/Samsung-Plus-Class-Adapter-MB-MC64GA/dp/B07DKHPC32/ref=cm_cr_srp_d_product_top?ie=UTF8,2020-09-19 00:44:16.733746,2020-09-19 00:44:25.992366,Stan TroKon,Clothing & Accessories,B002G9UDYG
11,AGF57SLJDRRX5N3U5YJV6MWBAEMA,"May 17, 2020",good value,You have what you paid for.Amazon delivers you 2 dollars item fast for 5 dollars.Works for me,yes,0,4.0,https://www.amazon.ca/Woods-9-Feet-Extension-Power-Brown/dp/B001DPM626/ref=cm_cr_srp_d_product_top?ie=UTF8,2020-09-19 00:44:34.079011,2020-09-19 00:44:40.378631,Stan TroKon,Clothing & Accessories,B002G9UDYG
12,AGF57SLJDRRX5N3U5YJV6MWBAEMA,"May 14, 2020","Difficult to say how good it is.organic,yes","I would say fresh grass is better than powder or pressed pils,but something is better than none😉",yes,0,5.0,https://www.amazon.ca/Flora-Health-WheatGrass-Non-GMO-Organic/dp/B07GY22LDX/ref=cm_cr_srp_d_product_top?ie=UTF8,2020-09-19 00:44:49.471961,2020-09-19 00:44:56.796973,Stan TroKon,Clothing & Accessories,B002G9UDYG
13,AGF57SLJDRRX5N3U5YJV6MWBAEMA,"May 13, 2020",Except smell looks ok,"Well,I hope I can wear it for a while.",yes,0,5.0,https://www.amazon.ca/Leather-Bracelet-Normal-Replacement-CHIMAERA/dp/B07S9XGG9V/ref=cm_cr_srp_d_product_top?ie=UTF8,2020-09-19 00:45:05.889105,2020-09-19 00:45:14.127273,Stan TroKon,Clothing & Accessories,B002G9UDYG
14,AGF57SLJDRRX5N3U5YJV6MWBAEMA,"May 12, 2020","For what I paid for it,-it is a bargain After two monthes it is still good for one big person","Well,comparably with my 6 years old mattress ,I can not tell even any bad word about it
The only wierd news about it-the colour.It is snow white.I expected purplish...
What I was worry if it is too soft for me.I'm big 250 lb guy.
So far it is ok for one big person in case no one seat on the side for a while.
Warm and nice when sleeping on.No sealy spring sounds or big curve in the middle
Definetely can be used in guests bedrooms...Guys,I paid less that two hundreds.Finally,I can buy new matrtress every year in case something wrong with it right?regards.",yes,0,5.0,https://www.amazon.ca/Mattress-Vesgantti-Ergonomic-Breathable-100-Night/dp/B07NYPVCRV/ref=cm_cr_srp_d_product_top?ie=UTF8,2020-09-19 00:45:21.218643,2020-09-19 00:45:29.498419,Stan TroKon,Clothing & Accessories,B002G9UDYG
15,AGF57SLJDRRX5N3U5YJV6MWBAEMA,"March 22, 2020",Descent price,"Do not expect softness.Cotton feels rough...but price was nice,and set looks right coloured for me",yes,0,5.0,https://www.amazon.ca/dp/B07LF5Q2MR/ref=cm_cr_srp_d_product_top?ie=UTF8,2020-09-19 00:45:39.595664,2020-09-19 00:45:45.876973,Stan TroKon,Clothing & Accessories,B002G9UDYG
16,AGF57SLJDRRX5N3U5YJV6MWBAEMA,"February 19, 2020","buy Baletti,not a generic","Comparably it is not seating tight in Baletti 6 cups,but I tested it with water,and there was no leaks so far
Ok for money paid.",yes,0,2.0,https://www.amazon.ca/dp/B081QMSCVF/ref=cm_cr_srp_d_product_top?ie=UTF8,2020-09-19 00:45:53.973847,2020-09-19 00:46:02.225622,Stan TroKon,Clothing & Accessories,B002G9UDYG
17,AGF57SLJDRRX5N3U5YJV6MWBAEMA,"February 13, 2020",just ok,"ok,but not top.",yes,0,4.0,https://www.amazon.ca/Behringer-HPM1000-Multi-Purpose-Headphones/dp/B00062PN6I/ref=cm_cr_srp_d_product_top?ie=UTF8,2020-09-19 00:46:11.317818,2020-09-19 00:46:19.622048,Stan TroKon,Clothing & Accessories,B002G9UDYG
18,AGF57SLJDRRX5N3U5YJV6MWBAEMA,"February 13, 2020",Good price,"It should be tested for many years to be reviewed appropriately .but to be careful with it.no doping or hit,and all should be ok.I do not use it everyday.why to pay 5 times more for pro brands?",yes,0,5.0,https://www.amazon.ca/Spring-Steel-Impact-Electric-Communication-Puller/dp/B07Z1GTZRZ/ref=cm_cr_srp_d_product_top?ie=UTF8,2020-09-19 00:46:27.713366,2020-09-19 00:46:35.985696,Stan TroKon,Clothing & Accessories,B002G9UDYG
19,AGF57SLJDRRX5N3U5YJV6MWBAEMA,"February 11, 2020",good price,good chair,yes,0,5.0,https://www.amazon.ca/HOMCOM-Executive-Racing-Leather-Computer/dp/B013QR3CIU/ref=cm_cr_srp_d_product_top?ie=UTF8,2020-09-19 00:46:44.079374,2020-09-19 00:46:50.361504,Stan TroKon,Clothing & Accessories,B002G9UDYG
20,AGF57SLJDRRX5N3U5YJV6MWBAEMA,"February 11, 2020",Good model. but a little bigger than expected.,Why 4 stars? Small outside stewing mess on left sleeve,yes,One,4.0,https://www.amazon.ca/Carhartt-Delmont-Signature-Sweatshirt-3X-Large/dp/B07TKCZ891/ref=cm_cr_srp_d_product_top?ie=UTF8,2020-09-19 00:46:58.452964,2020-09-19 00:47:07.754459,Stan TroKon,Clothing & Accessories,B002G9UDYG
21,AGF57SLJDRRX5N3U5YJV6MWBAEMA,"February 9, 2020","Good,perfect fit,warm for not cold winters",Also it is nice to have American made product:),yes,0,5.0,https://www.amazon.ca/Carhartt-Mens-Acrylic-Watch-Dark/dp/B07BNCTJ6L/ref=cm_cr_srp_d_product_top?ie=UTF8,2020-09-19 00:47:14.844938,2020-09-19 00:47:23.121888,Stan TroKon,Clothing & Accessories,B002G9UDYG
22,AGF57SLJDRRX5N3U5YJV6MWBAEMA,"December 31, 2019","Yes,it is Dremel's one,but does not last.neither hold charge for a while.","And funny think that rotary mashine and grinding-polishing set costs almost same price😊
Funny,is it?😖",yes,0,3.0,https://www.amazon.ca/Dremel-5000755-01-4-4-Mini-Mite-Battery/dp/B000CNIL5Q/ref=cm_cr_srp_d_product_top?ie=UTF8,2020-09-19 00:47:31.214282,2020-09-19 00:47:39.531614,Stan TroKon,Clothing & Accessories,B002G9UDYG
23,AGF57SLJDRRX5N3U5YJV6MWBAEMA,"December 28, 2019","good one,not like my previous headlights","I bought few cheap ones in dollar store
Even now ,not using this flash headlight I can tell,it is better one...
All the rest I can write only after long time usage...
Four stars just because of plastic back base,which seems to be same like my cheap ones😊",yes,0,4.0,https://www.amazon.ca/trees-Flashlight-Rechargeable-ModesHelmet-Adjustable/dp/B06XKRP3KM/ref=cm_cr_srp_d_product_top?ie=UTF8,2020-09-19 00:47:49.632712,2020-09-19 00:47:57.975673,Stan TroKon,Clothing & Accessories,B002G9UDYG
24,AGF57SLJDRRX5N3U5YJV6MWBAEMA,"December 28, 2019",I like iy,"Well,it is ok ,but I did not use it,cause I use another case for my heavy duty construction work...",yes,0,5.0,https://www.amazon.ca/LeYi-Protector-Kickstand-Shockproof-Protective/dp/B07WVCGDWF/ref=cm_cr_srp_d_product_top?ie=UTF8,2020-09-19 00:48:08.071100,2020-09-19 00:48:14.353274,Stan TroKon,Clothing & Accessories,B002G9UDYG
25,AGF57SLJDRRX5N3U5YJV6MWBAEMA,"December 28, 2019",ok,"I have what I paid for
All complains about quality I can not support
I had much worth cheap covers with lousy stitching before,and I paid more fot them in store
So far these covers sittin fine on the seats😊",yes,0,4.0,https://www.amazon.ca/FH-Group-FB050GRAY102-Universal-FH-FB050102/dp/B00MWNSIWK/ref=cm_cr_srp_d_product_top?ie=UTF8,2020-09-19 00:48:22.446334,2020-09-19 00:48:30.789539,Stan TroKon,Clothing & Accessories,B002G9UDYG
26,AGF57SLJDRRX5N3U5YJV6MWBAEMA,"December 28, 2019","Good fit,but magnet for scratches and fingerprints.no wet protection","Well I had silicon case on my S7 before,but ithe idea to protect back and sides does not work on S9 because of screen curved shape.
This case idea works great,but I do not think it will last for 3 years like my old silicon case
Also,I did not dropp it yet,so,I can not tell anything about protection level
I clean the phone a lot.Front and back,so...4 stars for now after one month of use.",yes,0,3.0,https://www.amazon.ca/Samsung-i-Blason-Full-Body-Protector-Release/dp/B079BLHH67/ref=cm_cr_srp_d_product_top?ie=UTF8,2020-09-19 00:48:38.881464,2020-09-19 00:48:48.155878,Stan TroKon,Clothing & Accessories,B002G9UDYG
27,AGF57SLJDRRX5N3U5YJV6MWBAEMA,"December 22, 2019",what expected,"The camera is much better than my 6 years old HP all-in one computer
And this is enough for me.I can not tell anything about microphone,hope it is descent too.
But focus is slow.If Y are far from camera,it is glitching....",yes,0,3.0,https://www.amazon.ca/Logitech-Widescreen-Calling-Recording-960-000694/dp/B004FHO5Y6/ref=cm_cr_srp_d_product_top?ie=UTF8,2020-09-19 00:48:57.245732,2020-09-19 00:49:05.552332,Stan TroKon,Clothing & Accessories,B002G9UDYG
28,AGF57SLJDRRX5N3U5YJV6MWBAEMA,"December 17, 2019","well,for casual usage it is the best price","Again,five dollars tool,while it is CAD15 in the store....No matter how accurate it is,it is good for my needs.",yes,0,5.0,https://www.amazon.ca/Electronic-Digital-Measuring-Micrometer-Measurement/dp/B07Y25HBKD/ref=cm_cr_srp_d_product_top?ie=UTF8,2020-09-19 00:49:14.652719,2020-09-19 00:49:20.919182,Stan TroKon,Clothing & Accessories,B002G9UDYG
29,AGF57SLJDRRX5N3U5YJV6MWBAEMA,"December 17, 2019",I expected less.,"Good quality,low price,right size",yes,0,5.0,https://www.amazon.ca/Global-Glove-Frogwear-Lime-Safety/dp/B00TYSMVTM/ref=cm_cr_srp_d_product_top?ie=UTF8,2020-09-19 00:49:30.012273,2020-09-19 00:49:36.290995,Stan TroKon,Clothing & Accessories,B002G9UDYG
30,AGF57SLJDRRX5N3U5YJV6MWBAEMA,"December 17, 2019",Good brand,"Fair price,not for hot summer...",yes,0,5.0,https://www.amazon.ca/Pioneer-V1051170-3XL-Birdseye-Reflective-T-Shirt/dp/B01M0JHTVT/ref=cm_cr_srp_d_product_top?ie=UTF8,2020-09-19 00:49:46.384106,2020-09-19 00:49:54.653979,Stan TroKon,Clothing & Accessories,B002G9UDYG
31,AGF57SLJDRRX5N3U5YJV6MWBAEMA,"December 16, 2019",Even more pieces than I need,"I use the to secure my ladders on roof rack...well it works ok
I gave one to my friend.I want 6 keys instead 3😊,but it is too much to ask....",yes,0,5.0,https://www.amazon.ca/Master-Lock-8127TRI-Cable-3-Pack/dp/B000NMAAEQ/ref=cm_cr_srp_d_product_top?ie=UTF8,2020-09-19 00:50:02.749340,2020-09-19 00:50:12.037520,Stan TroKon,Clothing & Accessories,B002G9UDYG
32,AGF57SLJDRRX5N3U5YJV6MWBAEMA,"December 16, 2019","looks great,race great....","Let us see how sturdy it is.Of coarse it is like scratch magnet,but I really care if it is easy to break
If no,I'm happy having it.
I'm going to updae the review after few trips,then it can be 5 stars,or 3",yes,0,4.0,https://www.amazon.ca/Samsonite-Winfield-Fashions-Hardside-Anthracite/dp/B07SCQGL43/ref=cm_cr_srp_d_product_top?ie=UTF8,2020-09-19 00:50:19.129255,2020-09-19 00:50:27.391809,Stan TroKon,Clothing & Accessories,B002G9UDYG
33,AGF57SLJDRRX5N3U5YJV6MWBAEMA,"December 4, 2019","Great gear, A MUST TO BE PART OF QUICK CHARGER","I already mentioned,the meaning of ""Quick wireess charger"" means plug in power supply+electromagnetical coil(""plate""😊)...Why they sell them separatly I understand😒More money...But Why they do it???It does not make sense
And I read a lot of bad rewievs ""not working"",""not charging"",tosted"",etc.It happens cause not right power source used.This adapter is right gear for real and reliable wireless quick charger.
Overal three stars just for marketing trick to sell parts separately.regards",yes,0,3.0,https://www.amazon.ca/BELK-Charger-Portable-Adapter-Compatible/dp/B0792XGRL4/ref=cm_cr_srp_d_product_top?ie=UTF8,2020-09-19 00:50:34.480076,2020-09-19 00:50:41.799594,Stan TroKon,Clothing & Accessories,B002G9UDYG
34,AGF57SLJDRRX5N3U5YJV6MWBAEMA,"December 3, 2019","So far works good,I ordered second one😊 After half-year usage no problems","I add comment about S9 later,and so far...it works even with S7.Looks great,I bougt power plug as well.Let us see how it will perform....
Why 3stars for price?I do not like the trick when they sell a plate with no power plug😒I understand ,that no quick charge is achieved whithout plug,then what is a point to sell these parts separated????I think it is slight marketing trick,nothing else
I received second base,now one works by PC,another one powered by plug in is located in the bedroom😊",yes,0,5.0,https://www.amazon.ca/Wireless-NANAMI-Charging-Compatible-Qi-Enabled/dp/B07MB9H9GW/ref=cm_cr_srp_d_product_top?ie=UTF8,2020-09-19 00:50:51.891979,2020-09-19 00:50:59.136668,Stan TroKon,Clothing & Accessories,B002G9UDYG
35,AGF57SLJDRRX5N3U5YJV6MWBAEMA,"December 3, 2019",SLOW SLOW SLOW,"EXTREME???? GIVE ME A BREAK.
I WILL BE HAPPY IF IT WORKS,REAL SIZE AFTER FORMATING IS 119😖
My 6 years old lexar seems to be quicker.What I do? I copy some HD video to watch it on tablet
45GB of data is loading about 2 hours.Guys is it 2020 or 2000 today???The price is not big...,well I wonder how $10-$12 cheap Asian cards work.I'm sure same.",yes,One,3.0,https://www.amazon.ca/SanDisk-128GB-Extreme-microSD-Adapter/dp/B07FCMKK5X/ref=cm_cr_srp_d_product_top?ie=UTF8,2020-09-19 00:51:06.230114,2020-09-19 00:51:15.483069,Stan TroKon,Clothing & Accessories,B002G9UDYG
36,AGF57SLJDRRX5N3U5YJV6MWBAEMA,"November 29, 2019","Sensible price,descent quality.after half-year it is still good","looking good,and it is very quite motor😊😊😊",yes,0,5.0,https://www.amazon.ca/Perfuw-Automatic-Rotating-Storage-Display/dp/B07VCP8ZGZ/ref=cm_cr_srp_d_product_top?ie=UTF8,2020-09-19 00:51:24.575327,2020-09-19 00:51:33.869049,Stan TroKon,Clothing & Accessories,B002G9UDYG
37,AGF57SLJDRRX5N3U5YJV6MWBAEMA,"November 26, 2019",Good pro stuff,"I bought tese two just as spare ones.My frst one is ok,I did about 30 holes in heavy steel doors
Yes,I want them to be cheaper,but buyin cheaper ones means wasted money.😊😊😊",yes,0,5.0,https://www.amazon.ca/EZARC-Carbide-Cutter-Heavy-Stainless/dp/B01I416TR4/ref=cm_cr_srp_d_product_top?ie=UTF8,2020-09-19 00:51:41.961029,2020-09-19 00:51:51.226728,Stan TroKon,Clothing & Accessories,B002G9UDYG
38,AGF57SLJDRRX5N3U5YJV6MWBAEMA,"November 26, 2019","Size is right,a little tough,just because it s new","Perfect fellings.Looks not cheap,but top level sport gear😊",yes,0,5.0,https://www.amazon.ca/Speedo-Lycra-Solid-Brief-Swimsuit/dp/B000YT5WDC/ref=cm_cr_srp_d_product_top?ie=UTF8,2020-09-19 00:52:00.326452,2020-09-19 00:52:07.591456,Stan TroKon,Clothing & Accessories,B002G9UDYG
39,AGF57SLJDRRX5N3U5YJV6MWBAEMA,"November 24, 2019","Size is real,US one😊😉","Yes,all right,what is expeced size wise
Stitched nice,syntetics....ok, holes will work.Yes,satisfied
Yes,there is a lace on waist😁😁😁",yes,One,4.0,https://www.amazon.ca/Champion-Mens-Short-Pockets-XX-Large/dp/B000J9YQYS/ref=cm_cr_srp_d_product_top?ie=UTF8,2020-09-19 00:52:17.681176,2020-09-19 00:52:25.006147,Stan TroKon,Clothing & Accessories,B002G9UDYG
40,AGF57SLJDRRX5N3U5YJV6MWBAEMA,"November 14, 2019","Sensible price,full kit,good quality,expected cheaper plastic","This gift from seller invitaion when they would like to know your Amazon credentials....hmm,no it does not look good,but the set is just fun to use,not more...If pro photos needed,-buy real cameras and lenses set.",yes,One,1.0,https://www.amazon.ca/Phone-Camera-Lens-Kit-Compatible/dp/B07X3WFG92/ref=cm_cr_srp_d_product_top?ie=UTF8,2020-09-19 00:52:32.099187,2020-09-19 00:52:38.373849,Stan TroKon,Clothing & Accessories,B002G9UDYG
41,AGF57SLJDRRX5N3U5YJV6MWBAEMA,"November 12, 2019",Do not expect panerai look on this one😡,"Guys,the trick with this watch is a picture.Fr those who want Panerai homage-forget it.
Yes,dial and hands are looking paneraish,but...the glass is absolutely flat.Yes,it has no even close to any PAM
Plus,sandwich dial has no lume,only hands
I bought this watch because of movement,and I intend to kill the watch on everyday heavy duty constraction site,so flat glass for me is cool.Also, I do not think it is saphire,and I think the dial is about 44-45 mm ,anyway,I paid CAD 103.00 ,so it is cool toy for the money,and tool look works for me
But Panerai,-no, not even close.I have one, I know what I'm saying",no,0,2.0,https://www.amazon.ca/Parnis-Sandwich-Luminous-Sapphire-Movement/dp/B07KVX3S4W/ref=cm_cr_srp_d_product_top?ie=UTF8,2020-09-19 00:52:46.465936,2020-09-19 00:52:52.721706,Stan TroKon,Clothing & Accessories,B002G9UDYG
42,AGF57SLJDRRX5N3U5YJV6MWBAEMA,"August 16, 2019","BE FRANK WITH COLOUR,the quality is descent","Guys,this is good product.No doubts
And I saved buying ""RED"".HOWEVER IT IS Classical PINK.
I'm senior guy,and it is not a big deal for me personally.But it is weird surprise for yang fellows who are working on construction sites😖😖😖Joks after jokes...I mean,is it so diffiult to show real colour on picture(in tech specifications say ""pink"",but who cares,right?It looks fraudy just in term of marketing....Two stars,do not play games with the customers.",yes,2,4.0,https://www.amazon.ca/Motorola-T107-Talkabout-Radio-2-Pack/dp/B01DM7AEKI/ref=cm_cr_srp_d_product_top?ie=UTF8,2020-09-19 00:53:02.812634,2020-09-19 00:53:09.107437,Stan TroKon,Clothing & Accessories,B002G9UDYG
43,AGF57SLJDRRX5N3U5YJV6MWBAEMA,"June 10, 2019",perfect battery life,"5 stars for attery life.
About sound quality,it depends.I listen to audiobooks and cinema sound.So it is good
It feels well build ,silicon cables are fine too.Ear assembleys can be better,I think.But They packed all size ones...
I'm going to update my review after half a year.",yes,0,5.0,https://www.amazon.ca/SoundPEATS-Bluetooth-Headphones-Wireless-Cancelling/dp/B07K6NDMW2/ref=cm_cr_srp_d_product_top?ie=UTF8,2020-09-19 00:53:16.201788,2020-09-19 00:53:22.480842,Stan TroKon,Clothing & Accessories,B002G9UDYG
44,AGF57SLJDRRX5N3U5YJV6MWBAEMA,"June 10, 2019","60 cm head,it is smaller than expected","Well,the price is good
The hat is worm,not for summer
The colour is not like on picture, it is black and all small trash particles are visible.
I would rather get size info in cm,than ""LXL""It is smaller than expected
4 stars just for the price, in fact,objectively it worth 3 stars only.",yes,2,4.0,https://www.amazon.ca/Beechfield-Classic-Herringbone-Newsboy-Black/dp/B00XM860CE/ref=cm_cr_srp_d_product_top?ie=UTF8,2020-09-19 00:53:31.575900,2020-09-19 00:53:40.867990,Stan TroKon,Clothing & Accessories,B002G9UDYG
45,AGF57SLJDRRX5N3U5YJV6MWBAEMA,"May 24, 2019",bargain,"Well,I was smart enough to purchase model with blue hands for perfect visibility.
Ironically it is most accurate Seiko I have.But it is just a luck for such budget movement
It is Positive,nice looking watch.But the bracelet clasp is part of non expensive watch.The bracelet style is right I think.I tried another ones,-no they are worse.It is looking good with a straps,and it is good purchase for vintage watches lovers.",yes,2,4.0,https://www.amazon.ca/Seiko-Presage-Automatic-Cocktail-White/dp/B074KKQ6L4/ref=cm_cr_srp_d_product_top?ie=UTF8,2020-09-19 00:53:48.960567,2020-09-19 00:53:56.301277,Stan TroKon,Clothing & Accessories,B002G9UDYG
46,AGF57SLJDRRX5N3U5YJV6MWBAEMA,"May 24, 2019",A little rough,"Nice quality,I think,but a little rough",yes,0,4.0,https://www.amazon.ca/Vented-Genuine-Leather-Stainless-Buckle/dp/B01BB37IRC/ref=cm_cr_srp_d_product_top?ie=UTF8,2020-09-19 00:54:05.392654,2020-09-19 00:54:13.659514,Stan TroKon,Clothing & Accessories,B002G9UDYG
47,AGF57SLJDRRX5N3U5YJV6MWBAEMA,"May 24, 2019","well,it is too stretchy","I'm not sure about 99% of cotton,and I assume that I can sweat a little,but on other hand,it is not as thick as regular cotton jeans and for summer and sunny days it can be better.If,of coarse, it is not as synthetic as it feels.Anyway,so far 4 stars.There are a lot of famous brand features in stitching and desighn.I do not regret of purchase so far😊",yes,0,4.0,https://www.amazon.ca/Lee-Modern-Relaxed-Bootcut-42Wx30L/dp/B01DXQEAPI/ref=cm_cr_srp_d_product_top?ie=UTF8,2020-09-19 00:54:23.753998,2020-09-19 00:54:30.981399,Stan TroKon,Clothing & Accessories,B002G9UDYG
48,AGF57SLJDRRX5N3U5YJV6MWBAEMA,"May 24, 2019",about not easy to install.,Many guys complain about not easy installation.Just check which side can scwish between leads and case.I install it upside down.I guess it does not matter for air filtering😖😖😖,no,One,5.0,https://www.amazon.ca/POTAUTO-MAP-1018C-Replacement-compatible/dp/B00UZYHQ8A/ref=cm_cr_srp_d_product_top?ie=UTF8,2020-09-19 00:54:40.069643,2020-09-19 00:54:48.319796,Stan TroKon,Clothing & Accessories,B002G9UDYG
49,AGF57SLJDRRX5N3U5YJV6MWBAEMA,"May 24, 2019","Tucson 2006,2.7V fits","Good and cheap,I did not expect such set with pleasantly done box,manual and sticker for milage😁😁😁",yes,One,5.0,https://www.amazon.ca/Activated-Replacement-compatible-Veloster-Sportage/dp/B01C5GZ76I/ref=cm_cr_srp_d_product_top?ie=UTF8,2020-09-19 00:54:56.414040,2020-09-19 00:55:03.687759,Stan TroKon,Clothing & Accessories,B002G9UDYG
50,AGF57SLJDRRX5N3U5YJV6MWBAEMA,"May 24, 2019",All classical philips expected quality,"I replace aftermarket HID with classical bulbs cause I newer drive at night
It is a releif for car battery😊😊😊",yes,0,5.0,https://www.amazon.ca/Philips-Standard-Halogen-Replacement-Headlight/dp/B00Y9VPK4W/ref=cm_cr_srp_d_product_top?ie=UTF8,2020-09-19 00:55:11.782470,2020-09-19 00:55:18.101579,Stan TroKon,Clothing & Accessories,B002G9UDYG
51,AGF57SLJDRRX5N3U5YJV6MWBAEMA,"May 24, 2019","waist 42 strait,not 44","All ok, 100% cotton,but 4 stars for 3 colours in package,2 colours are duplicated.Not a big deal,but...",no,0,4.0,https://www.amazon.ca/BVD-Mens-Tartan-Boxer-Pack/dp/B00OBGNWNQ/ref=cm_cr_srp_d_product_top?ie=UTF8,2020-09-19 00:55:25.195025,2020-09-19 00:55:34.459529,Stan TroKon,Clothing & Accessories,B002G9UDYG
52,AGF57SLJDRRX5N3U5YJV6MWBAEMA,"May 24, 2019",it is difficult to buy in store,"I install Security Systems and I know,this model is quite pro-item.Plus it is not easy to buy in my city",yes,0,5.0,https://www.amazon.ca/Baoblaze-Nortel-Moudle-Network-Terminal/dp/B07Q49B56G/ref=cm_cr_srp_d_product_top?ie=UTF8,2020-09-19 00:55:43.550389,2020-09-19 00:55:51.831044,Stan TroKon,Clothing & Accessories,B002G9UDYG
53,AGF57SLJDRRX5N3U5YJV6MWBAEMA,"May 24, 2019",no complaints,"I read bad reviews.My refills are good.I think some cheap fake stuff shows up from time to time on Amazon amount descent items,but customer reaction always improves the situation,that is why I make my reviews every time for every item purchased on Amazon😊",yes,0,5.0,https://www.amazon.ca/Montblanc-Ballpoint-Refills-116189-Cartridges/dp/B071XNP1WF/ref=cm_cr_srp_d_product_top?ie=UTF8,2020-09-19 00:56:01.923623,2020-09-19 00:56:10.191913,Stan TroKon,Clothing & Accessories,B002G9UDYG
54,AGF57SLJDRRX5N3U5YJV6MWBAEMA,"May 23, 2019","CAD 10 bargain ,model without microphone","Even basic Panasonic is still Panasonic.Yes,it is not durable,but will last if used with care.It is light,easy to use,buds are seating tight in an ear.Sound is good,no clicking or strange noise.And it was CAD 10.00 Yes, it is best product than others in this price category",yes,0,5.0,https://www.amazon.ca/Panasonic-RPHJE120K-In-Ear-Headphone-Black/dp/B003EM8008/ref=cm_cr_srp_d_product_top?ie=UTF8,2020-09-19 00:56:18.281690,2020-09-19 00:56:27.577080,Stan TroKon,Clothing & Accessories,B002G9UDYG
55,AGF57SLJDRRX5N3U5YJV6MWBAEMA,"May 19, 2019","Sumer type,stadion type,synthetic","Well,it is looking great,and quality is fine,also it will last and look for a while,but it is synthetic one and just a protector from sun ,and just somethng on a head.for this price it is good I think",yes,0,4.0,https://www.amazon.ca/GADIEMENSS-Lightweight-Breathable-Outdoor-Running/dp/B072XHM145/ref=cm_cr_srp_d_product_top?ie=UTF8,2020-09-19 00:56:34.669971,2020-09-19 00:56:43.916700,Stan TroKon,Clothing & Accessories,B002G9UDYG
56,AGF57SLJDRRX5N3U5YJV6MWBAEMA,"May 19, 2019","Thicker than original,but it fits","Welll,paper is paper, when I replaced the original,I saw the metal wiring material.But I got what I paid for",yes,0,4.0,https://www.amazon.ca/Fram-CA10086-Extra-Guard-Filter/dp/B0010DXYHC/ref=cm_cr_srp_d_product_top?ie=UTF8,2020-09-19 00:56:53.007254,2020-09-19 00:57:00.289583,Stan TroKon,Clothing & Accessories,B002G9UDYG
57,AGF57SLJDRRX5N3U5YJV6MWBAEMA,"May 19, 2019","Do not trust Ytube, it is not fast harddrive even on USB 3.0","I bought it for CAD 115.00 ,size and quality are great ,and easy to use,but it is not fast to upload HD video,NO,NO,NO😁",yes,0,4.0,https://www.amazon.ca/Toshiba-Advance-Portable-External-HDTC940XR3CA/dp/B07KQWSD55/ref=cm_cr_srp_d_product_top?ie=UTF8,2020-09-19 00:57:07.381174,2020-09-19 00:57:16.636947,Stan TroKon,Clothing & Accessories,B002G9UDYG
58,AGF57SLJDRRX5N3U5YJV6MWBAEMA,"May 19, 2019","Be aware, US size is not European or Asian size!! It is bigger.","Quality is ok,like basic Wallmart Wrangler jeans product.I do not like how sleeves done.Stitching on cuffs are lousy and not trade""s standarts ,and not accurately done like usually on all Wrangler products.But,I paid attention on size choice warning ,and the trucker fits nice. Four stars is for cuffs stitching.",yes,0,4.0,https://www.amazon.ca/Wrangler-Rugged-Unlined-Jacket-Antique/dp/B000A3I3OM/ref=cm_cr_srp_d_product_top?ie=UTF8,2020-09-19 00:57:24.729247,2020-09-19 00:57:33.011646,Stan TroKon,Clothing & Accessories,B002G9UDYG
59,AGF57SLJDRRX5N3U5YJV6MWBAEMA,"May 19, 2019",smaller than expected,"When they say 6 cups, they mean espresso cups size
But Mocca is not espresso I think.Anyway,You will like the mokamaker if You like strong cowboy coffee
And please,watch video on Ytube about some secrets to use the pot",yes,0,4.0,https://www.amazon.ca/Bialetti-6-Cup-Stovetop-Espresso-Silver/dp/B000CNY6UK/ref=cm_cr_srp_d_product_top?ie=UTF8,2020-09-19 00:57:43.102359,2020-09-19 00:57:52.407154,Stan TroKon,Clothing & Accessories,B002G9UDYG
60,AGF57SLJDRRX5N3U5YJV6MWBAEMA,"May 19, 2019","big enough,as expected","Descent one,summer type hat only,a little expensive I think",yes,0,5.0,https://www.amazon.ca/Sterkowski-Light-Breathable-Summer-Vintage/dp/B00ZPSYSBY/ref=cm_cr_srp_d_product_top?ie=UTF8,2020-09-19 00:58:01.501582,2020-09-19 00:58:10.760208,Stan TroKon,Clothing & Accessories,B002G9UDYG
61,AGF57SLJDRRX5N3U5YJV6MWBAEMA,"May 19, 2019","Clasp is cheap, scratched inside","It looks better than it is ,I think.I would recommend to buy Mesh or normal bug links solid bracelet.The clasp is cheap ,Chinese product as it is,no more.Overpriced I think.",yes,One,3.0,https://www.amazon.ca/Watch-Silver-Ladies-Bracelet-Stainless/dp/B07KC6PXPY/ref=cm_cr_srp_d_product_top?ie=UTF8,2020-09-19 00:58:18.852448,2020-09-19 00:58:25.136272,Stan TroKon,Clothing & Accessories,B002G9UDYG
62,AGF57SLJDRRX5N3U5YJV6MWBAEMA,"May 19, 2019",buy blue one,"Descent quality,but very beatiful watch,especially for vintage watch lovers.I would say,it is more interesting model than Aqua Terra .But it is just budget Seiko,no more.If You would use lens and check it carefully,You can see what I mean,but the dial is interesting,and dark blue Cocktail is very nice on sunny day.Positive feeling and good mood You,guys, have if wearing it",yes,0,5.0,https://www.amazon.ca/SEIKO-PRESAGE-Reserve-Cocktail-SSA347J1/dp/B0742DS9JV/ref=cm_cr_srp_d_product_top?ie=UTF8,2020-09-19 00:58:34.227430,2020-09-19 00:58:41.509550,Stan TroKon,Clothing & Accessories,B002G9UDYG
63,AGF57SLJDRRX5N3U5YJV6MWBAEMA,"May 19, 2019",Descent product for the price,"Not FLUKE and not Greenlite,but ok and plastic is fine.I would say, it is bottom line product You can be satisfied with.I purchased cheaper toner before,and I could not tone anything behind one layer of drywall.But this one is ok.",yes,One,4.0,https://www.amazon.ca/Extech-TG20-Wire-Tracer-Generator/dp/B00APD16D2/ref=cm_cr_srp_d_product_top?ie=UTF8,2020-09-19 00:58:50.599978,2020-09-19 00:58:56.847709,Stan TroKon,Clothing & Accessories,B002G9UDYG
64,AGF57SLJDRRX5N3U5YJV6MWBAEMA,"May 19, 2019","just meure your iron board,they are all different","Material is non stick and feels like lasts long time.Put it on old original cover,and it is new board😊",yes,One,5.0,https://www.amazon.ca/Brabantia-136702-18-Inch-Size-C-Ironing-Board/dp/B0002EXY1G/ref=cm_cr_srp_d_product_top?ie=UTF8,2020-09-19 00:59:06.935369,2020-09-19 00:59:13.234394,Stan TroKon,Clothing & Accessories,B002G9UDYG
65,AGF57SLJDRRX5N3U5YJV6MWBAEMA,"May 19, 2019",expected more for this price,"I'm 50 years old,and I have a nostalgy from 70-80 for "" W ""on pockets and pocket lable,But...
All I like about this jeans is indigo denim type.Not thick,but durable.Each copper pin iis scratched,back label is messy painted with indigo paint,yes it is just a farm uniform,no more,then why is it so expensive?(I paid around CAD 50,.00 or $40.00😞)ForCAD 25.00 I buy basic relax fit jeans,always nice choice from Wallmart.",yes,0,4.0,https://www.amazon.ca/Wrangler-Cowboy-Relaxed-Prewashed-Indigo/dp/B001AE9EM0/ref=cm_cr_srp_d_product_top?ie=UTF8,2020-09-19 00:59:23.326786,2020-09-19 00:59:31.670928,Stan TroKon,Clothing & Accessories,B002G9UDYG
66,AGF57SLJDRRX5N3U5YJV6MWBAEMA,"May 19, 2019",buy longer one,"I bought it to hook it up to all in one PC and listen to news and other broadcasts
I ordered 16 ft one,and my headphones work just awsome.I do recommend this one for permanent headphones location
But if You move from time to time,buy more durable cord I think.Anyway,connectors and cord feel like pro one.",yes,0,5.0,https://www.amazon.ca/UGREEN-Extension-Auxiliary-Headphone-Smartphones/dp/B00LM4OMW0/ref=cm_cr_srp_d_product_top?ie=UTF8,2020-09-19 00:59:39.765336,2020-09-19 00:59:49.029079,Stan TroKon,Clothing & Accessories,B002G9UDYG
