,author_id,date_review_posted,review_title,reviews,verified_purchase,people_find_helpful,ratings,product_url,start,end,reviewer_name,product_category,product_id
0,AGHGPVHAOJBG6JEWG7III3WEWQOQ,"April 27, 2020",Quality product. Very simple - select ear buds from bluetooth list and you are set.,These are quality ear buds with rich sound and a nice storage/charging case. I am a Luddite and the set up takes 10 seconds. Just select from list of bluetooth devices and you are set. You do have to disconnect before switching to another device. Very pleased.,yes,0,5.0,https://www.amazon.ca/Wireless-Boltune-Bluetooth-Waterproof-Headphones/dp/B07XRM43QF/ref=cm_cr_srp_d_product_top?ie=UTF8,2020-09-18 12:24:00.947490,2020-09-18 12:24:09.252892,GL,Clothing & Accessories,B002G9UDYG
1,AGHGPVHAOJBG6JEWG7III3WEWQOQ,"December 4, 2019",Excellent quality,This is a well made hat. Looks good.,yes,0,5.0,https://www.amazon.ca/Sterkowski-Blend-Petersham-League-Charcoal/dp/B00O4IUXGA/ref=cm_cr_srp_d_product_top?ie=UTF8,2020-09-18 12:24:17.363232,2020-09-18 12:24:24.641522,GL,Clothing & Accessories,B002G9UDYG
2,AGHGPVHAOJBG6JEWG7III3WEWQOQ,"December 4, 2019",Well made excellent quality.,This is a proper fitted hat. Very pleased.,yes,0,5.0,https://www.amazon.ca/Sterkowski-Mens-Beanie-Docker-Black/dp/B00J4NMRLO/ref=cm_cr_srp_d_product_top?ie=UTF8,2020-09-18 12:24:31.729520,2020-09-18 12:24:41.001902,GL,Clothing & Accessories,B002G9UDYG
3,AGHGPVHAOJBG6JEWG7III3WEWQOQ,"December 4, 2019",Poor reception,"These would be a great bargain if they worked. They don't. We had the basic indoor RCA flat panel that worked well enough. It picked up 12 channels in our location - sometimes more. This one picked up just one local channel but not well, even though that transmitter is only about 8 km away with only Lake Ontario between.",yes,0,1.0,https://www.amazon.ca/Strongest-Amplified-Freeview-Amplifier-Television-10ft/dp/B07VFP5J7J/ref=cm_cr_srp_d_product_top?ie=UTF8,2020-09-18 12:24:48.119661,2020-09-18 12:24:55.349868,GL,Clothing & Accessories,B002G9UDYG
4,AGHGPVHAOJBG6JEWG7III3WEWQOQ,"December 8, 2018",Just okay,"Based on prior reviews I was expecting better quality and weight. They are just okay. They feel light and not particularly well made for a medium priced set of knives. The magnetic ""block"" was decent quality but not of any use if you don't want to display your knives on the counter.",yes,0,3.0,https://www.amazon.ca/Aicok-Kitchen-Magnetic-Stainless-Knives/dp/B01N333AMD/ref=cm_cr_srp_d_product_top?ie=UTF8,2020-09-18 12:25:02.449753,2020-09-18 12:25:11.673567,GL,Clothing & Accessories,B002G9UDYG
5,AGHGPVHAOJBG6JEWG7III3WEWQOQ,"December 8, 2018",Very pleased,"We bought four ""bed in a box"" mattresses for a small summer home in Newfoundland. We could not fit regular box spring type mattresses up the stairs. Free shipping to the very rural door was a big bonus. We are pleased with them all but these two are the most comfortable (medium firm), and had the best quality cover. In my experience, they are every bit as good quality and comfortable as mattresses from major brand names costing three times as much. No off-gassing issues. A great bargain.",yes,5,5.0,https://www.amazon.ca/Zinus-Memory-Premium-Cloud-like-Mattress/dp/B012H0K3CK/ref=cm_cr_srp_d_product_top?ie=UTF8,2020-09-18 12:25:18.793377,2020-09-18 12:25:26.082805,GL,Clothing & Accessories,B002G9UDYG
6,AGHGPVHAOJBG6JEWG7III3WEWQOQ,"December 8, 2018",Amazing Knife,"You will be amazed at how sharp this knife is and how easily and cleanly it cuts bread, cake and tomatoes. It is the America Test Kitchen winner and you will understand why.",yes,0,5.0,https://www.amazon.ca/Mercer-Culinary-Millennia-Bread-Knife/dp/B01HZ0YT2C/ref=cm_cr_srp_d_product_top?ie=UTF8,2020-09-18 12:25:33.175766,2020-09-18 12:25:39.458456,GL,Clothing & Accessories,B002G9UDYG
7,AGHGPVHAOJBG6JEWG7III3WEWQOQ,"December 8, 2018",Great - very sharp,Great quality and very sharp. Good value for the money.,yes,0,5.0,https://www.amazon.ca/Victorinox-Swiss-Piece-Utility-Knife/dp/B007JTO6UA/ref=cm_cr_srp_d_product_top?ie=UTF8,2020-09-18 12:25:46.578958,2020-09-18 12:25:53.852253,GL,Clothing & Accessories,B002G9UDYG
8,AGHGPVHAOJBG6JEWG7III3WEWQOQ,"December 8, 2018",Fantastic quality for the price,"These are fantastic quality lenses for the price. A dramatic improvement over what I had. Wide field of view. For me, these are about as powerful as can be hand held without mounting them on a tripod. Great for spotting whales, other wildlife, boats and shoreline.",yes,One,5.0,https://www.amazon.ca/Olympus-Trooper-10x50-Binocular-Black/dp/B0000AKGX3/ref=cm_cr_srp_d_product_top?ie=UTF8,2020-09-18 12:26:02.947662,2020-09-18 12:26:11.207120,GL,Clothing & Accessories,B002G9UDYG
9,AGHGPVHAOJBG6JEWG7III3WEWQOQ,"December 8, 2018",Smaller than it appears in the photos. Wrong mount.,This unit is much smaller and lighter than I was expecting. The mounting bracket makes it unsuitable for use in a normal sized shower stall as it does not permit enough adjustment to direct the spray down rather that horizontally. The most downward adjustment still has the water spraying directly at the shower door. I tried it in three shower stalls and had to remove it each time due to the adjustment problem. I delayed installing it and the return window expired.,yes,One,3.0,https://www.amazon.ca/SUS304-Stainless-Handheld-Brushed-DP151-2/dp/B00Y4FC1BS/ref=cm_cr_srp_d_product_top?ie=UTF8,2020-09-18 12:26:19.310236,2020-09-18 12:26:28.633538,GL,Clothing & Accessories,B002G9UDYG
10,AGHGPVHAOJBG6JEWG7III3WEWQOQ,"December 8, 2018",Smaller and heavier than you may think,"I bought these for children to play dress-up. They use them, but it is a delicate exercise to keep them on their head. It is very heavy and smaller in circumference than you may be thinking. This one sits on top of the head, not around it like a hat. It requires bobby pins to hold it on and it falls off easily. i think it is intended for fancy hairdos more suitable for a bride at a wedding. Even then, it is so heavy, that it would come flying off with any sudden movement. Decent quality for the price. They seem unnecessarily chunky and heavy. This one was the lightest and most attractive of the three I bought and could be adjusted somewhat.",yes,0,4.0,https://www.amazon.ca/Remedios-Gorgeous-Rhinestone-Princess-Headpiece/dp/B01EUH471G/ref=cm_cr_srp_d_product_top?ie=UTF8,2020-09-18 12:26:37.719956,2020-09-18 12:26:44.058648,GL,Clothing & Accessories,B002G9UDYG
11,AGHGPVHAOJBG6JEWG7III3WEWQOQ,"December 8, 2018",Smaller and heavier than ou may think,"I bought these for children to play dress-up. They use them, but it is a delicate exercise to keep them on their head. It is very heavy and smaller in circumference than you may be thinking. This one sits on top of the head, not around it like a hat. It requires bobby pins to hold it on and it falls off easily. i think it is intended for fancy hairdos more suitable for a bride at a wedding. Even then, it is so heavy, that it would come flying off with any sudden movement. Decent quality for the price, but more play quality that quality costume jeweller quality. They seem unnecessarily chunky and heavy. This one was the least attractive of the three I bought.",yes,0,3.0,https://www.amazon.ca/Remedios-Rhinestone-Headband-Princess-Headpiece/dp/B01EUH4XL0/ref=cm_cr_srp_d_product_top?ie=UTF8,2020-09-18 12:26:54.180862,2020-09-18 12:27:02.460174,GL,Clothing & Accessories,B002G9UDYG
12,AGHGPVHAOJBG6JEWG7III3WEWQOQ,"December 8, 2018",Smaller and heavier than you may imagine,"I bought these for children to play dress-up. They use them, but it is a delicate exercise to keep them on their head. It is very heavy and smaller in circumference than you may be thinking. This one sits on top of the head, not around it like a hat. It requires bobby pins to hold it on and it falls off easily. i think it is intended for fancy hairdos more suitable for a bride at a wedding. Even then, it is so heavy, that it would come flying off with any sudden movement. Decent quality for the price, but more play quality that quality costume jeweller quality. They seem unnecessarily chunky and heavy.",yes,0,3.0,https://www.amazon.ca/dp/B07BGSYNK1/ref=cm_cr_srp_d_product_top?ie=UTF8,2020-09-18 12:27:12.579749,2020-09-18 12:27:18.875347,GL,Clothing & Accessories,B002G9UDYG
13,AGHGPVHAOJBG6JEWG7III3WEWQOQ,"December 8, 2018",Works well - but not on Champagne bottles,These work well on wine bottles but do not fit on Champagne bottles. Good quality.,yes,One,4.0,https://www.amazon.ca/IDIO-Stainless-Beverage-Bottle-Stoppers/dp/B015K9D8P4/ref=cm_cr_srp_d_product_top?ie=UTF8,2020-09-18 12:27:25.955617,2020-09-18 12:27:32.198294,GL,Clothing & Accessories,B002G9UDYG
14,AGHGPVHAOJBG6JEWG7III3WEWQOQ,"December 8, 2018","compact, plug and play","This is the second bluetooth transmitter I got for a second TV. This one was much more compact and genuinely was plug and play. It paired right away without having to read directions. There is not perceptible delay in the audio. It is probably just a setting on the TV and the fact that I am using the earphone jack, but plugging this one in causes the TV speakers to mute. It has an annoying flashing light that activates when the tv and headphones are turned off. That is annoying when using it in a dark bedroom and you want to sleep. The flashing light does stop after a few minutes.",yes,6,5.0,https://www.amazon.ca/Bluetooth-Transmitter-Mpow-Wireless-Dual-Link/dp/B07G3TV32S/ref=cm_cr_srp_d_product_top?ie=UTF8,2020-09-18 12:27:41.308808,2020-09-18 12:27:49.625648,GL,Clothing & Accessories,B002G9UDYG
15,AGHGPVHAOJBG6JEWG7III3WEWQOQ,"December 8, 2018",Good toque but smallish fit,"Decent quality and weight, but smallish for my largish head. I bought 4 different toques at the same time and this one is not as soft or stretchy as the similar Carhart brand I got. It is made in the USA which is nice.",yes,0,4.0,https://www.amazon.ca/Wigwam-Mens-Acrylic-Watch-Black/dp/B002JV819U/ref=cm_cr_srp_d_product_top?ie=UTF8,2020-09-18 12:27:56.734996,2020-09-18 12:28:06.044103,GL,Clothing & Accessories,B002G9UDYG
16,AGHGPVHAOJBG6JEWG7III3WEWQOQ,"December 8, 2018",The best of the four I bought,"I bought four toques at the same time, adding to several I already had. I like this one the best. It is the softest and has a gentle stretch so it never feels tight. It fits well. It is warm without becoming too hot. The black one I got is made in Canada and is the best quality of them all.",yes,0,5.0,https://www.amazon.ca/Carhartt-Acrylic-Watch-Black-Size/dp/B002G9UDYG/ref=cm_cr_srp_d_product_top?ie=UTF8,2020-09-18 12:28:15.157911,2020-09-18 12:28:23.429293,GL,Clothing & Accessories,B002G9UDYG
17,AGHGPVHAOJBG6JEWG7III3WEWQOQ,"December 8, 2018",Good quality and durable,"We use these for cafe latte made directly into them on a super automatic espresso maker. We first steam the milk directly into the cup, then add two shots of espresso directly into the same cup. I get a bit of joy every time watching the physics of two unlike fluids mixing and settling. We have had them for a couple of months and put them in the dishwasher without issue. Just be careful not to place other items that can move in contact with them. The only drawback is that I usually gauge the milk temperature but feeling the warmth coming through the cup. That does not work on these insulated cups so now I have to time the steaming of the milk.",yes,2,5.0,https://www.amazon.ca/Bodum-Bistro-2-Piece-Double-10-Ounce/dp/B00E2RU5TS/ref=cm_cr_srp_d_product_top?ie=UTF8,2020-09-18 12:28:31.541898,2020-09-18 12:28:39.822345,GL,Clothing & Accessories,B002G9UDYG
18,AGHGPVHAOJBG6JEWG7III3WEWQOQ,"December 8, 2018",Consistent quality for mild/meduim roast coffee,We have had a super automatic espresso machine for about 10 years now and have tried several brands and roasts of coffee. We are making large cappuccinos or small cafe lattes. This makes a full bodied but mild cup of coffee. It never bridges in the coffee hopper. It compares well with local high end fresh roasted coffee.,yes,2,5.0,https://www.amazon.ca/Lavazza-Italian-Super-Crema-Espresso/dp/B000BYALJK/ref=cm_cr_srp_d_product_top?ie=UTF8,2020-09-18 12:28:48.928464,2020-09-18 12:28:57.248400,GL,Clothing & Accessories,B002G9UDYG
19,AGHGPVHAOJBG6JEWG7III3WEWQOQ,"December 8, 2018",Good quality,"Fits well and good quality. The drain hole is about 1/2 inch off for our sink but that is not an issue other than minor estetic. Make sure you measure where your drain is. If you want a close fit, measure your sink 1 inch up from the bottom as this drain rests on feet that are 1 inch high",yes,2,5.0,https://www.amazon.ca/Franke-Evolution-Universal-Protection-FGD75/dp/B00CH3BDAE/ref=cm_cr_srp_d_product_top?ie=UTF8,2020-09-18 12:29:04.352995,2020-09-18 12:29:11.637523,GL,Clothing & Accessories,B002G9UDYG
20,AGHGPVHAOJBG6JEWG7III3WEWQOQ,"December 8, 2018",Too Short,"This cover is of good heavy duty quality and fits well except it is six inches too short, leaving the base and bottom four inches of the cabinet exposed. This is a brand name Charbroil cover on a Charbroil two burner bbq - the same bbq as shown on the package the cover came in. As many have already mentioned, the velcro fasteners are only two inch tabs that are totally useless - but the cover fits well and is heavy gauge enough that they are not really necessary anyway.",yes,0,3.0,https://www.amazon.ca/charbroil-8348728-Burner-Rip-Stop-Cover/dp/B01BVVGMA8/ref=cm_cr_srp_d_product_top?ie=UTF8,2020-09-18 12:29:18.736988,2020-09-18 12:29:28.017178,GL,Clothing & Accessories,B002G9UDYG
