,author_id,date_review_posted,review_title,reviews,verified_purchase,people_find_helpful,ratings,product_url,start,end,reviewer_name,product_category,product_id
0,AGJLTVLDESLWFB6NXPDJSFYCKM3Q,"July 2, 2020",Just as good as other brands,"I have a few of these now from different brands, and this one is just as good, not much complication in a plastic jug that holds water, it does its job and holds water, what more can you ask for?",yes,One,5.0,https://www.amazon.ca/GSI-Outdoors-Collapsible-Water-20-Liter/dp/B01FKJXEQM/ref=cm_cr_srp_d_product_top?ie=UTF8,2020-09-18 17:18:39.387256,2020-09-18 17:18:47.651975,Zoe,Clothing & Accessories,B002G9UDYG
1,AGJLTVLDESLWFB6NXPDJSFYCKM3Q,"June 19, 2020",I love this brand,"3rd time I have bought this brand for 3 different phones, good quality at a good price, can't beat that!",yes,0,5.0,https://www.amazon.ca/Spigen-Liquid-Works-Samsung-Galaxy/dp/B07ZWJ9XXF/ref=cm_cr_srp_d_product_top?ie=UTF8,2020-09-18 17:18:57.744955,2020-09-18 17:19:06.005927,Zoe,Clothing & Accessories,B002G9UDYG
2,AGJLTVLDESLWFB6NXPDJSFYCKM3Q,"June 7, 2020",It worked for 2 months.,"I really liked this heater at first but 2 months in use now and it doesn't work correctly anymore, save your money and buy a different one. I would return it if I could.

Problems with this heater:

- It is not accurate, or consistent, may as not even have a temperature knob as it doesn't work.
- 2 months of use and water is leaking into the inside glass which makes this heater no long useful in anyway

This is the first time I have used this brand of heater and will be the last. I decided to give it a try as I have liked other Hydor products in the past but this heater is no good, I would not recommend it to anyone.",yes,0,2.0,https://www.amazon.ca/Hydor-300W-Submersible-Aquarium-Heater/dp/B00061UQG6/ref=cm_cr_srp_d_product_top?ie=UTF8,2020-09-18 17:19:14.099020,2020-09-18 17:19:23.384388,Zoe,Clothing & Accessories,B002G9UDYG
3,AGJLTVLDESLWFB6NXPDJSFYCKM3Q,"June 3, 2020",Works perfectly.,Perfect way to test for chlorine to see when its time to replace carbon block in my ro system for my aquarium. Quick and easy to read strips.,yes,0,5.0,https://www.amazon.ca/LaMotte-Insta-Test-2964-G-Chlorine-0-10ppm/dp/B00EA99G2K/ref=cm_cr_srp_d_product_top?ie=UTF8,2020-09-18 17:19:33.478363,2020-09-18 17:19:41.785826,Zoe,Clothing & Accessories,B002G9UDYG
4,AGJLTVLDESLWFB6NXPDJSFYCKM3Q,"May 25, 2020",I love these,"One sachet is perfect in a glass of water, easy to take on the go, adds just enough flavor to water, no too much not too little, its perfect solution to adding a bit of lemon taste to your water.",yes,0,5.0,https://www.amazon.ca/LEMON-True-Beverage-Powder-32-Count/dp/B00CZ988P8/ref=cm_cr_srp_d_product_top?ie=UTF8,2020-09-18 17:19:51.876171,2020-09-18 17:19:59.156420,Zoe,Clothing & Accessories,B002G9UDYG
5,AGJLTVLDESLWFB6NXPDJSFYCKM3Q,"May 25, 2020",Bearded Dragon loves them,"My bearded dragon loves these, its by far his favorite food item. If you have a younger bearded dragon or smaller lizard these might be too big, they are on the large side so suitable for adult bearded dragons and larger lizards but not so much for smaller lizards or young bearded dragons.",yes,0,5.0,https://www.amazon.ca/Zoo-Med-Laboratories-Grasshoppers-1-2-Ounce/dp/B00ALNUBX2/ref=cm_cr_srp_d_product_top?ie=UTF8,2020-09-18 17:20:09.253167,2020-09-18 17:20:18.542521,Zoe,Clothing & Accessories,B002G9UDYG
6,AGJLTVLDESLWFB6NXPDJSFYCKM3Q,"May 25, 2020",Works for both chelated and non-chelated iron,"Unlike some test kits for iron this one works with both chelated and non-chelated iron which makes it more useful. It's easy to use and only takes 1 minute to get results for non-chelated iron, but does take 30 minutes to get the result for chelated iron, so depending on what iron supplement your using you need to make sure you know if it contained chelated or non-chelated iron so you know how long to wait for the final result. Also there is a little plastic spoon included that is easily lost when opening the package so keep an eye out for it as you need it for the powder reagent.

Overall its an excellent test and great value and accurate, makes dosing iron in a planted tank much easier.",yes,One,5.0,https://www.amazon.ca/Nutrafin-A7835-Fresh-Saltwater-50-Tests/dp/B00025YV3K/ref=cm_cr_srp_d_product_top?ie=UTF8,2020-09-18 17:20:28.634502,2020-09-18 17:20:37.907123,Zoe,Clothing & Accessories,B002G9UDYG
7,AGJLTVLDESLWFB6NXPDJSFYCKM3Q,"May 14, 2020",Not impressed after 3 months of use,"I have been using this light for 3 months and not impressed with it. I ended up getting a known brand in the end.

The price for this light is okay, but if looking for long term and quality, better to just buy a known brand first time around.

The light gets extremely hot as does the power box, the remote is a pain to use as you have to be close to the power box and its still finicky, and because the sensor is in the power box, need to always have it accessible and can't hide it since the only way the remote will work is if your literally pointing it at the power box.

The color isn't as good at a known brand, and the shimmer effect while not bad, isn't good either.

Overall if you want a light for a nano reef, I would go with Kessil or another known brand, in the end you will save money.

If the return window was still open, I would return this light.",yes,0,2.0,https://www.amazon.ca/Aquarium-Lighting-Channels-Dimmable-Saltwater/dp/B07F815LFX/ref=cm_cr_srp_d_product_top?ie=UTF8,2020-09-18 17:20:45.004686,2020-09-18 17:20:54.326565,Zoe,Clothing & Accessories,B002G9UDYG
8,AGJLTVLDESLWFB6NXPDJSFYCKM3Q,"May 9, 2020",Good airstone,"These work great in air driven protein skimmers. I have a reef glass skimmer and some of the other brands don't fit and its hard to get the reef glass air stones, but these fit, and leave enough room for expansion to not damage the skimmer, and they work just as good if not better than the reef glass air stone. No complaints and good value for 2.",yes,0,5.0,https://www.amazon.ca/Lees-Wooden-Air-Diffuser-Pack/dp/B0002APUP8/ref=cm_cr_srp_d_product_top?ie=UTF8,2020-09-18 17:21:04.417516,2020-09-18 17:21:10.710514,Zoe,Clothing & Accessories,B002G9UDYG
9,AGJLTVLDESLWFB6NXPDJSFYCKM3Q,"May 9, 2020",Dog loves them,"Dog loves them, only one ingredient and no fillers.",yes,0,5.0,https://www.amazon.ca/Crumps-Naturals-Trainers-Freeze-Dried/dp/B01M1VAH9F/ref=cm_cr_srp_d_product_top?ie=UTF8,2020-09-18 17:21:17.801928,2020-09-18 17:21:25.074771,Zoe,Clothing & Accessories,B002G9UDYG
10,AGJLTVLDESLWFB6NXPDJSFYCKM3Q,"May 2, 2020",Quiet pump,"I have replaced all my air pumps with various sizes of Tetra pumps and have found these pumps to work well, are quieter than many other brands and strong. I've never had any issues with this brand of air pump over the years, and they are a great price typically which is even better.",yes,0,4.0,https://www.amazon.ca/Tetra-77851-Whisper-Pump-10-Gallon/dp/B0009YJ4N6/ref=cm_cr_srp_d_product_top?ie=UTF8,2020-09-18 17:21:34.166827,2020-09-18 17:21:40.462768,Zoe,Clothing & Accessories,B002G9UDYG
11,AGJLTVLDESLWFB6NXPDJSFYCKM3Q,"April 26, 2020",I love them,"I really like these, they work well, don't lose connection, battery lasts me the day, comfortable to wear and good noise cancelling with excellent sound quality. No complaints about these at all, they are excellent quality at a good price.",yes,0,4.0,https://www.amazon.ca/Sennheiser-HD-4-50-Bluetooth-Cancellation/dp/B01MSZSL4I/ref=cm_cr_srp_d_product_top?ie=UTF8,2020-09-18 17:21:50.554592,2020-09-18 17:21:59.825513,Zoe,Clothing & Accessories,B002G9UDYG
12,AGJLTVLDESLWFB6NXPDJSFYCKM3Q,"April 12, 2020",Not impressed.,"I have had this for a couple months now, and it simply doesn't work correctly, guess the old saying you get what you pay for it correct. I would spend the extra on a better quality known brand, you will save money in the long run.",yes,0,2.0,https://www.amazon.ca/Refractometer-Mariculture-Measurement-Tools-Hanstronik/dp/B06Y6GLQVH/ref=cm_cr_srp_d_product_top?ie=UTF8,2020-09-18 17:22:06.918444,2020-09-18 17:22:16.217702,Zoe,Clothing & Accessories,B002G9UDYG
13,AGJLTVLDESLWFB6NXPDJSFYCKM3Q,"April 7, 2020",Didn't even last 2 months,"It was easy to read and was accurate but the one I received only last about 2 months, wouldn't recommend.",yes,0,2.0,https://www.amazon.ca/TAYLOR-TAP1710-Indoor-Outdoor-Thermometer/dp/B01924UGZI/ref=cm_cr_srp_d_product_top?ie=UTF8,2020-09-18 17:22:25.309626,2020-09-18 17:22:33.574057,Zoe,Clothing & Accessories,B002G9UDYG
14,AGJLTVLDESLWFB6NXPDJSFYCKM3Q,"April 7, 2020","Not a powder, doesn't stick to insects well.","This product smells like rabbit food, but anyhow I am sure its a good product, but its not very fine and doesn't stick to insects well, does okay when sprinkled over my dragons salad but pretty useless for insects so I ended up buying another brand, if you need it to dust insects this may not be the best choice.",yes,0,3.0,https://www.amazon.ca/JurassiPet-JurassiVite-Supplement-100-3-5/dp/B0002DRJ18/ref=cm_cr_srp_d_product_top?ie=UTF8,2020-09-18 17:22:40.668351,2020-09-18 17:22:48.974014,Zoe,Clothing & Accessories,B002G9UDYG
15,AGJLTVLDESLWFB6NXPDJSFYCKM3Q,"April 7, 2020","Nice size media back, zipper.","I prefer media bags with a zipper over the usual ones, this is a perfect media bags, hold a lot of media of your choice, and the zipper securely closes it, the zipper is plastic so no worries about metal or rust. Perfect solution if you prefer buying media in bulk over pre-packaged.",yes,0,4.0,https://www.amazon.ca/Seachem-1504-Fine-Filter-Zipper/dp/B07119WJ9K/ref=cm_cr_srp_d_product_top?ie=UTF8,2020-09-18 17:22:59.060265,2020-09-18 17:23:05.352467,Zoe,Clothing & Accessories,B002G9UDYG
16,AGJLTVLDESLWFB6NXPDJSFYCKM3Q,"April 7, 2020",Small but gets hot,"I was looking for a secondary heat source for my bearded dragon as I found the usual heat lamps didn't quite get his hot side warm enough, this little light was the perfect solution, takes up little space, includes spring hooks to secure it to the top of an enclosure, seems like its well built.

Only been using it a few days, but it gets hot, and test will be to see how long the bulb lasts. Also keep in mine the bulbs are sold separately as they have different options, I got the daylight white bulb.

I'll update when the bulb burns out or in 6 months whichever occurs first.",yes,0,4.0,https://www.amazon.ca/Zilla-Reptile-Habitat-Lighting-Terrarium/dp/B009GHI32K/ref=cm_cr_srp_d_product_top?ie=UTF8,2020-09-18 17:23:15.445579,2020-09-18 17:23:21.766949,Zoe,Clothing & Accessories,B002G9UDYG
17,AGJLTVLDESLWFB6NXPDJSFYCKM3Q,"February 23, 2020",Perfect for my needs.,"Perfect cut to fit sponge for my filter, comes with both fine and course sponges and works perfect for my need.",yes,0,4.0,https://www.amazon.ca/Powkoo-Sponges-Aquarium-Canister-Filters/dp/B07QG1YHLN/ref=cm_cr_srp_d_product_top?ie=UTF8,2020-09-18 17:23:30.860883,2020-09-18 17:23:38.149744,Zoe,Clothing & Accessories,B002G9UDYG
18,AGJLTVLDESLWFB6NXPDJSFYCKM3Q,"January 27, 2020",I am happy with it,"I needed a T5 fixture for my reptile UVB but didn't want to spend the 70+ reptile marketed one's sell for, this one actually works better, nice and sleek and good quality. I am very happy with this product.",yes,3,4.0,https://www.amazon.ca/SunBlaster-0900302-Nanotech-Reflector-Medium/dp/B0748CH4B9/ref=cm_cr_srp_d_product_top?ie=UTF8,2020-09-18 17:23:47.245981,2020-09-18 17:23:54.556244,Zoe,Clothing & Accessories,B002G9UDYG
19,AGJLTVLDESLWFB6NXPDJSFYCKM3Q,"December 20, 2019",Nice little heater,"Perfect little desk top heater, have been using it for a couple weeks now and produces a nice amount of heat, it is small and compact and perfect if looking for a heater that will sit on a desk or other small area.",yes,0,4.0,https://www.amazon.ca/Honeywell-HCE100RCD1-Personal-Ceramic-Heater/dp/B00LXB1FWW/ref=cm_cr_srp_d_product_top?ie=UTF8,2020-09-18 17:24:03.648956,2020-09-18 17:24:11.966979,Zoe,Clothing & Accessories,B002G9UDYG
20,AGJLTVLDESLWFB6NXPDJSFYCKM3Q,"December 20, 2019","Produces a good amount of air, pretty quiet.","I am happy with the amount of air this pump produces, and overall it's pretty quiet, it sits in my stand under the tank and I can't hear the pump itself, happy with this pump.",yes,0,5.0,https://www.amazon.ca/Tetra-77849-Whisper-Pump-60-Gallon/dp/B004PB8SNQ/ref=cm_cr_srp_d_product_top?ie=UTF8,2020-09-18 17:24:20.050904,2020-09-18 17:24:26.308310,Zoe,Clothing & Accessories,B002G9UDYG
21,AGJLTVLDESLWFB6NXPDJSFYCKM3Q,"December 20, 2019","Very little dust, easy to rinse and use","Very little dust which makes rinsing super easy and simple, well made, and porous and perfect fit for what I needed, better than other brands on the market.",yes,One,5.0,https://www.amazon.ca/Brightwater-Biological-Filtration-Media-B-Series/dp/B07FST744X/ref=cm_cr_srp_d_product_top?ie=UTF8,2020-09-18 17:24:34.396540,2020-09-18 17:24:41.687410,Zoe,Clothing & Accessories,B002G9UDYG
22,AGJLTVLDESLWFB6NXPDJSFYCKM3Q,"December 20, 2019",Not standard size,"Despite saying its standard size on the packaging its not, I tried to use it with 2 different name brand air pumps and it doesn't fit either, and the check valves I have also do not fit this tubing, its smaller diameter than standard size so buy with caution as it may not fit your air pump/airstone/devices.",yes,0,1.0,https://www.amazon.ca/Penn-Plax-Standard-Airline-Accessories-25-Feet/dp/B0002563MW/ref=cm_cr_srp_d_product_top?ie=UTF8,2020-09-18 17:24:51.781101,2020-09-18 17:24:59.091480,Zoe,Clothing & Accessories,B002G9UDYG
23,AGJLTVLDESLWFB6NXPDJSFYCKM3Q,"December 13, 2019",Not bad,"For the price I got these for, they are worth it, nice color, keeps enough light out so I can sleep and looks good, they do come a little wrinkled but no biggie.",yes,0,4.0,https://www.amazon.ca/Deconovo-Thermal-Insulated-Blackout-Curtains/dp/B00N70FNPM/ref=cm_cr_srp_d_product_top?ie=UTF8,2020-09-18 17:25:08.179380,2020-09-18 17:25:16.454180,Zoe,Clothing & Accessories,B002G9UDYG
24,AGJLTVLDESLWFB6NXPDJSFYCKM3Q,"December 13, 2019",Fish love this food,"My fish love this food, good wholesome ingredients and not filled with fillers like cheaper foods are, highly recommend.",yes,0,5.0,https://www.amazon.ca/North-Fin-Veggie-Formula-Fish/dp/B00M4PZIMO/ref=cm_cr_srp_d_product_top?ie=UTF8,2020-09-18 17:25:23.545754,2020-09-18 17:25:32.832317,Zoe,Clothing & Accessories,B002G9UDYG
25,AGJLTVLDESLWFB6NXPDJSFYCKM3Q,"December 8, 2019",Easy to use timer-Review updated,"This is an easy to use timer, easy to set. Impressed so far with this timer and might be a couple more as its much easier to set compared to some of the other digital timers I have used.

Update: April 11, 2020

So after 5 months of use, the timer stopped working. It was certainly easy to set and worked well for 5 months but just stopped working today, still shows the time, but no longer turns lights on and off, so seems this timer could be short lived, maybe I got a dud, I don't know, but a timer should last longer than 5 months. It was used indoors so not exposed to any weather or extreme temps or anything.",yes,0,2.0,https://www.amazon.ca/myTouchSmart-SunSmart-Appliances-Electronics-33860/dp/B01N2WIR3H/ref=cm_cr_srp_d_product_top?ie=UTF8,2020-09-18 17:25:42.926341,2020-09-18 17:25:52.197405,Zoe,Clothing & Accessories,B002G9UDYG
26,AGJLTVLDESLWFB6NXPDJSFYCKM3Q,"December 8, 2019",First impression is its good.,"I needed a couple of these for my aquarium and was having trouble finding some that would work, these work for my needs and overall so far happy with them, they seem well made, they arrived well packaged in a box, and good value in my view.

The clip that holds it to the aquarium is on the larger side but its not of concern to me, does the job its supposed and works with a framed aquarium where other brands only work on rimless so that is a plus.

I will update in 6 months of use.",yes,0,5.0,https://www.amazon.ca/Adjustable-Lighting-Holder-Socket-Gooseneck/dp/B015RK6FNI/ref=cm_cr_srp_d_product_top?ie=UTF8,2020-09-18 17:26:00.288869,2020-09-18 17:26:06.614399,Zoe,Clothing & Accessories,B002G9UDYG
27,AGJLTVLDESLWFB6NXPDJSFYCKM3Q,"December 5, 2019",Easy to set up and use.,"I have not been using this item long term so cant speak to long term use, but so far I am happy with it. It was easy to set up, and has been working well so far. I will update in a few months if any issues arise.",yes,0,4.0,https://www.amazon.ca/Inkbird-Temperature-Controller-Thermostat-Greenhouse/dp/B07KF31BRT/ref=cm_cr_srp_d_product_top?ie=UTF8,2020-09-18 17:26:15.706974,2020-09-18 17:26:23.008634,Zoe,Clothing & Accessories,B002G9UDYG
28,AGJLTVLDESLWFB6NXPDJSFYCKM3Q,"December 1, 2019",Strong suction.,"These work really well. I love them, perfect for the bathroom to hold small items, perfect solution, easy to use and strong suction power.",yes,0,5.0,https://www.amazon.ca/HASKO-accessories-Powerful-Organizer-Stainless/dp/B01JMXKX5M/ref=cm_cr_srp_d_product_top?ie=UTF8,2020-09-18 17:26:32.100027,2020-09-18 17:26:38.389320,Zoe,Clothing & Accessories,B002G9UDYG
29,AGJLTVLDESLWFB6NXPDJSFYCKM3Q,"November 25, 2019",Good quality and value,Good size and quality. Was perfect for my needs in setting up a riparium.,yes,0,5.0,https://www.amazon.ca/Laguna-PT968-Plastic-Contour-Planting/dp/B000256E6C/ref=cm_cr_srp_d_product_top?ie=UTF8,2020-09-18 17:26:48.482792,2020-09-18 17:26:56.770376,Zoe,Clothing & Accessories,B002G9UDYG
30,AGJLTVLDESLWFB6NXPDJSFYCKM3Q,"November 22, 2019",I love it.,"I had been using sea chem line but wasn't getting the results I wanted, been using this product now since July 2019 and quite impressed with it, will be buying again. One of the best fertilizers you can buy.",yes,0,5.0,https://www.amazon.ca/NilocG-Aquatics-ThriveC-Fertilizer-Designed/dp/B07DXB8W4J/ref=cm_cr_srp_d_product_top?ie=UTF8,2020-09-18 17:27:03.865799,2020-09-18 17:27:11.157543,Zoe,Clothing & Accessories,B002G9UDYG
31,AGJLTVLDESLWFB6NXPDJSFYCKM3Q,"November 18, 2019",It's a decent filter.,"Its a good filter, I have used this brand and style of filter before with good results. I bought the 40i model and it was perfect for my needs, only down side is they only include 1 suction cup but 2 is needed if you dont want to use the provided hook, otherwise I have no complaints, just know that you will need to call Tetra or have suction cups already when buying this item, if your going to use the hook no issue though.

Update: Only a few days of using and its now incredibly loud. I have used these filters before and never had one this noisy, so maybe its defective, I checked the pump and everything is secured, but it way too loud for my needs.",no,0,1.0,https://www.amazon.ca/Tetra-25818-Whisper-BioScrubber-40-Gallon/dp/B0002DHYH2/ref=cm_cr_srp_d_product_top?ie=UTF8,2020-09-18 17:27:20.234019,2020-09-18 17:27:26.464749,Zoe,Clothing & Accessories,B002G9UDYG
32,AGJLTVLDESLWFB6NXPDJSFYCKM3Q,"November 18, 2019","Good quality, but missing suction cup.","I gave 4 stars as the item itself is good quality and I like the product, but Amazon is sending them out with 1 suction cup missing, Amazon did send a replacement but it also only had 1 suction cup but as they didn't require the original to be sent back, it worked out in the end, but both I received had 1 suction cup missing, and it requires 2 to function correctly, so keep that in mind. Hopefully amazon will notice this and stop sending them out with missing suctions cups.",yes,0,4.0,https://www.amazon.ca/InterDesign-Suction-Bathroom-Shampoo-Conditioner/dp/B000KKN0TS/ref=cm_cr_srp_d_product_top?ie=UTF8,2020-09-18 17:27:33.557677,2020-09-18 17:27:41.821382,Zoe,Clothing & Accessories,B002G9UDYG
33,AGJLTVLDESLWFB6NXPDJSFYCKM3Q,"November 16, 2019",Happy so far,"Seems well made, so far happy with it.",yes,0,4.0,https://www.amazon.ca/WOVTE-Bear-Black-Telescopic-Scratcher/dp/B018EBNSBO/ref=cm_cr_srp_d_product_top?ie=UTF8,2020-09-18 17:27:48.913270,2020-09-18 17:27:56.196409,Zoe,Clothing & Accessories,B002G9UDYG
34,AGJLTVLDESLWFB6NXPDJSFYCKM3Q,"November 16, 2019","Nice scent, cleans well.","Works well, cleaned the dishwasher well and has a pleasent scent. Will use again.",yes,0,4.0,https://www.amazon.ca/Finish-Dishwasher-Cleaner-Action-Formula/dp/B00HIYSNGY/ref=cm_cr_srp_d_product_top?ie=UTF8,2020-09-18 17:28:06.288497,2020-09-18 17:28:12.577213,Zoe,Clothing & Accessories,B002G9UDYG
35,AGJLTVLDESLWFB6NXPDJSFYCKM3Q,"November 16, 2019",Good,"Can't really go wrong with clay balls, these work and do what they are made for,",yes,0,5.0,https://www.amazon.ca/Zoo-Med-HydroBalls-Lightweight-Terrarium/dp/B00167TXY0/ref=cm_cr_srp_d_product_top?ie=UTF8,2020-09-18 17:28:22.668929,2020-09-18 17:28:29.970385,Zoe,Clothing & Accessories,B002G9UDYG
36,AGJLTVLDESLWFB6NXPDJSFYCKM3Q,"November 7, 2019",Revised updated review.,"I have found this scale good so far, I tested it with a 10 pound weight and it was spot on so seems accurate, easy clear read out, good scale for the price, and takes a normal AA battery instead of the little button battery some brands use.

Edit Nov 25, 2019 After a few weeks the scale stopped being accurate, and calibrating it would not solve the problem, used a known 5 pound weight and got anywhere from 5 pounds to 8 pounds, when I weighed myself got anything from 190 to 240 when trying it several times in a row. Returned it to Amazon as there was no way to fix it, and well after only a couple weeks for it to already be acting up, not worth keeping.",yes,15,2.0,https://www.amazon.ca/BalanceFrom-Accuracy-Premium-Bathroom-Backlight/dp/B00FX0S4DC/ref=cm_cr_srp_d_product_top?ie=UTF8,2020-09-18 17:28:37.080087,2020-09-18 17:28:46.348004,Zoe,Clothing & Accessories,B002G9UDYG
37,AGJLTVLDESLWFB6NXPDJSFYCKM3Q,"November 7, 2019",Good little heater,"I am happy with this heater, works and keeps the temp at an accurate temp, so far so good.",yes,One,4.0,https://www.amazon.ca/Lifegard-Aquatics-Pre-Set-50w/dp/B01JHY5W2A/ref=cm_cr_srp_d_product_top?ie=UTF8,2020-09-18 17:28:54.437360,2020-09-18 17:29:00.729609,Zoe,Clothing & Accessories,B002G9UDYG
38,AGJLTVLDESLWFB6NXPDJSFYCKM3Q,"November 7, 2019",Comfortable mouse,"Good mouse, comfortable to use. Battery seems to have decent life.",yes,0,4.0,https://www.amazon.ca/Microsoft-Wireless-Mobile-Mouse-1850/dp/B00KLTEBNC/ref=cm_cr_srp_d_product_top?ie=UTF8,2020-09-18 17:29:10.811389,2020-09-18 17:29:19.077412,Zoe,Clothing & Accessories,B002G9UDYG
39,AGJLTVLDESLWFB6NXPDJSFYCKM3Q,"November 7, 2019",Nice scent,"Nice soap for the kitchen or bathroom, gentle on my skin and has a nice scent, quite happy with this soap and will buy again.",yes,0,5.0,https://www.amazon.ca/365-Everyday-Value-Liquid-Meyer/dp/B074XZQVSQ/ref=cm_cr_srp_d_product_top?ie=UTF8,2020-09-18 17:29:27.157431,2020-09-18 17:29:35.428092,Zoe,Clothing & Accessories,B002G9UDYG
40,AGJLTVLDESLWFB6NXPDJSFYCKM3Q,"October 30, 2019",Good sock,"It's a nice well made sock, comfortable to wear.",yes,0,5.0,https://www.amazon.ca/Carhartt-All-Season-Cotton-3-Pack-Xlarge/dp/B0051U18NW/ref=cm_cr_srp_d_product_top?ie=UTF8,2020-09-18 17:29:42.521081,2020-09-18 17:29:48.799768,Zoe,Clothing & Accessories,B002G9UDYG
41,AGJLTVLDESLWFB6NXPDJSFYCKM3Q,"October 30, 2019",Good little pump,"This pump is quiet with good flow, perfect for my 4 gallon aquarium, I wouldn't use it on anything much larger than 5 gallons though, its got good flow and can be adjusted easily. Quiet, I can't hear it running.

I like this pump so much I bought another, its a great little pump.",yes,0,5.0,https://www.amazon.ca/Aquatop-NP-80-Aquarium-Submersible-Pump/dp/B00798FYR0/ref=cm_cr_srp_d_product_top?ie=UTF8,2020-09-18 17:29:56.890709,2020-09-18 17:30:06.152146,Zoe,Clothing & Accessories,B002G9UDYG
42,AGJLTVLDESLWFB6NXPDJSFYCKM3Q,"October 9, 2019",Sinks fast but otherwise good.,"My fish like this food, and eagerly eat it, good size for a betta. Only downside is it sinks really fast and the fish are not always able to get it because it sinks so fast.",yes,One,4.0,https://www.amazon.ca/North-Fin-Betta-Bits-Fish/dp/B00M4Q5DQ4/ref=cm_cr_srp_d_product_top?ie=UTF8,2020-09-18 17:30:15.244599,2020-09-18 17:30:24.519257,Zoe,Clothing & Accessories,B002G9UDYG
43,AGJLTVLDESLWFB6NXPDJSFYCKM3Q,"October 9, 2019",Nice little light,"I have only been using this light short term but will update in a few months, but so far its a nice little light. Fits a small tank perfectly, pretty bright for its size and a nice natural looking light. Pretty impressed for the price point.",yes,One,4.0,https://www.amazon.ca/NICREW-Light-Clamp-Aquarium-White/dp/B07QQ9K3R9/ref=cm_cr_srp_d_product_top?ie=UTF8,2020-09-18 17:30:31.611743,2020-09-18 17:30:37.899093,Zoe,Clothing & Accessories,B002G9UDYG
44,AGJLTVLDESLWFB6NXPDJSFYCKM3Q,"October 3, 2019",So far so good,"I needed a heater for a small all in one aquarium with limited space, this was one of the only ones I could find. So far so good, this review is based on short term use, I will update later on once I have some long term use from it, but so far I am happy with this heater, its keeping the tank in the 77-78F range which is exactly the range I wanted, downside is there is no temp control and it's pre-set but all the small heaters seem to made that way.",yes,0,5.0,https://www.amazon.ca/dp/B00Q78MMT6/ref=cm_cr_srp_d_product_top?ie=UTF8,2020-09-18 17:30:46.992482,2020-09-18 17:30:55.294798,Zoe,Clothing & Accessories,B002G9UDYG
45,AGJLTVLDESLWFB6NXPDJSFYCKM3Q,"October 3, 2019",It's Good,"It's not a bad siphon, good for very small tanks, but the suction is pretty weak so wouldn't use it for anything more then 1 or 2 gallons in size, I think even 5 gallons would be pushing it. Its well made and good quality, just too small for good suction.",yes,0,5.0,https://www.amazon.ca/Python-6PC-Pro-Clean-Gravel-Washer/dp/B0002APRT2/ref=cm_cr_srp_d_product_top?ie=UTF8,2020-09-18 17:31:02.388190,2020-09-18 17:31:11.685717,Zoe,Clothing & Accessories,B002G9UDYG
46,AGJLTVLDESLWFB6NXPDJSFYCKM3Q,"September 20, 2019",Good bulb,"Good price and a good bulb, gives a nice natural light.",yes,0,4.0,https://www.amazon.ca/PHILIPS-463869-PAR20-Daylight-Single/dp/B079RM76N6/ref=cm_cr_srp_d_product_top?ie=UTF8,2020-09-18 17:31:19.776181,2020-09-18 17:31:26.996757,Zoe,Clothing & Accessories,B002G9UDYG
47,AGJLTVLDESLWFB6NXPDJSFYCKM3Q,"September 14, 2019",I like it,"I bought this item for work as I work outside, seems well made, fits well. No complaints.",yes,0,5.0,https://www.amazon.ca/Carhartt-Acrylic-Watch-Black-Size/dp/B002G9UDYG/ref=cm_cr_srp_d_product_top?ie=UTF8,2020-09-18 17:31:36.094002,2020-09-18 17:31:42.419843,Zoe,Clothing & Accessories,B002G9UDYG
48,AGJLTVLDESLWFB6NXPDJSFYCKM3Q,"September 8, 2019",I like these ear plugs,"I work on the ramp around aircraft and I always found this brand and type of ear plugs to be the most comfortable while also working well, great for noise reduction when working in a noisy environment, very comfortable to wear.",yes,0,5.0,https://www.amazon.ca/Howard-Leight-LiteUncorded-Earplugs-Yellow/dp/B0007XJOLG/ref=cm_cr_srp_d_product_top?ie=UTF8,2020-09-18 17:31:49.509706,2020-09-18 17:31:56.752554,Zoe,Clothing & Accessories,B002G9UDYG
49,AGJLTVLDESLWFB6NXPDJSFYCKM3Q,"September 8, 2019",Seems like a good case,"Seems like a good well built case, so far happy with it. Have to see how it works long term, but so far so good.",yes,0,4.0,https://www.amazon.ca/Spigen-Rugged-Armor-Samsung-Galaxy/dp/B07QKGR1DG/ref=cm_cr_srp_d_product_top?ie=UTF8,2020-09-18 17:32:04.866838,2020-09-18 17:32:12.137487,Zoe,Clothing & Accessories,B002G9UDYG
50,AGJLTVLDESLWFB6NXPDJSFYCKM3Q,"September 5, 2019",Not bad for the price.,"Not a bad cover for the price, its a flexible soft material, and likely wouldn't provide a ton of protection from a serious drop, but will provide protection from everyday normal use, not bad for the price.",yes,One,3.0,https://www.amazon.ca/Androgate-Transparent-Shock-Absorption-Tempered-Protectors/dp/B07TY8PZD4/ref=cm_cr_srp_d_product_top?ie=UTF8,2020-09-18 17:32:19.229725,2020-09-18 17:32:28.553397,Zoe,Clothing & Accessories,B002G9UDYG
51,AGJLTVLDESLWFB6NXPDJSFYCKM3Q,"September 5, 2019",Nice Ramp,"We have a miniature dachshund and this ramp is perfect for her so she can get on/off a queen bed of normal height. Built well and is sturdy and perfect for small-medium sized dogs, the carpeting material is a soft plastic mesh type material and out dog has no issues with it, its nicely padded and provides enough grip so she can easily go up and down the ramp.

The ramp comes ready to use, no building necessary, just unfold, lock and ready to go. Literally took maybe 2 minutes to open, and set up. Very easy to use.",yes,3,5.0,https://www.amazon.ca/Pet-Gear-Standing-200-Pound-Chocolate/dp/B008HRKQWA/ref=cm_cr_srp_d_product_top?ie=UTF8,2020-09-18 17:32:37.642594,2020-09-18 17:32:44.944165,Zoe,Clothing & Accessories,B002G9UDYG
52,AGJLTVLDESLWFB6NXPDJSFYCKM3Q,"August 26, 2019",I love it.,I really like Taylor Swift music and not disappointed.,yes,2,5.0,https://www.amazon.ca/Lover-Taylor-Swift/dp/B07SRF26YQ/ref=cm_cr_srp_d_product_top?ie=UTF8,2020-09-18 17:32:52.036246,2020-09-18 17:33:00.316112,Zoe,Clothing & Accessories,B002G9UDYG
53,AGJLTVLDESLWFB6NXPDJSFYCKM3Q,"August 24, 2019",It works but use caution,"This product does work but use some caution, don't just blinding follow the directions just use it as a guide. Luckily I was testing the product first before using it in my aquariums, but if I had followed the directions as they are on the label it would not have been good. It's a good product but best to smart small and see how much you actually need to use to get the parameters your looking to get.

I ended up only needing about 30% of the stated amount in the directions to get to where I needed.",yes,0,4.0,https://www.amazon.ca/Seachem-Alkaline-Buffer-300g-10-6-Ounce/dp/B0002A5VYI/ref=cm_cr_srp_d_product_top?ie=UTF8,2020-09-18 17:33:07.409103,2020-09-18 17:33:16.663488,Zoe,Clothing & Accessories,B002G9UDYG
54,AGJLTVLDESLWFB6NXPDJSFYCKM3Q,"August 20, 2019",It's an okay filter,"It's not a great filter, but its an okay filter. Wish I had gone with a different one. It works, but the suction cups suck and the filter keeps falling off, and the plastic clips that hold the filter on instead of the suction cups broke within the first couple of days. If you can try a different filter.",yes,0,2.0,https://www.amazon.ca/Aqueon-Quietflow-Internal-Filter-Gallon/dp/B06XW7MNM8/ref=cm_cr_srp_d_product_top?ie=UTF8,2020-09-18 17:33:26.750183,2020-09-18 17:33:36.036117,Zoe,Clothing & Accessories,B002G9UDYG
55,AGJLTVLDESLWFB6NXPDJSFYCKM3Q,"August 16, 2019",Good value,"I am not a professional and just needed a simple inexpensive tripod and this ones hit all the marks, its sturdier and better built then I was expecting. Excellent value for the price. May not work for the pros but for my needs its just what I needed at a good price.",yes,0,5.0,https://www.amazon.ca/AmazonBasics-60-Inch-Lightweight-Tripod-Bag/dp/B005KP473Q/ref=cm_cr_srp_d_product_top?ie=UTF8,2020-09-18 17:33:43.126275,2020-09-18 17:33:49.433349,Zoe,Clothing & Accessories,B002G9UDYG
56,AGJLTVLDESLWFB6NXPDJSFYCKM3Q,"August 16, 2019",I love it.,"The design has changed a bit but the ice tea maker reminds me of my grandma who had a Mr. Coffee iced tea maker in the 80's or maybe early 90's, but anyhow I bought it mostly for nostalgia along with sometimes wanting to make ice tea quickly in the winter when its too cold out to use the sun. I have used it a couple times now and it works great, the water is very hot, brews quickly. No complaints at all.",yes,0,4.0,https://www.amazon.ca/Mr-Coffee-TM1-2-Quart-Bagged/dp/B00005OTXI/ref=cm_cr_srp_d_product_top?ie=UTF8,2020-09-18 17:33:59.523896,2020-09-18 17:34:06.800281,Zoe,Clothing & Accessories,B002G9UDYG
57,AGJLTVLDESLWFB6NXPDJSFYCKM3Q,"August 6, 2019",Not that powerful and noisy,"I was hoping this pump would be more powerful then the one I currently use but it wasn't this one despite it being more powerful according to the specs on the box pumped less air, and it was far more noisy as well, overall was not happy with it.",yes,0,2.0,https://www.amazon.ca/Supreme-Danner-ASP06404-Aquarium-3-5-watt/dp/B00AQK5B80/ref=cm_cr_srp_d_product_top?ie=UTF8,2020-09-18 17:34:15.896302,2020-09-18 17:34:22.174229,Zoe,Clothing & Accessories,B002G9UDYG
58,AGJLTVLDESLWFB6NXPDJSFYCKM3Q,"August 3, 2019",Old school is sometimes the best.,"This might be an old school filter but sometimes old school is the best way. It's simple yet effective, perfect for when all you need is something basic and easy to use.",yes,0,5.0,https://www.amazon.ca/Lees-Triple-Flow-Corner-Filter-Large/dp/B0002APX0U/ref=cm_cr_srp_d_product_top?ie=UTF8,2020-09-18 17:34:31.266104,2020-09-18 17:34:38.554125,Zoe,Clothing & Accessories,B002G9UDYG
59,AGJLTVLDESLWFB6NXPDJSFYCKM3Q,"July 29, 2019",I did not find that it worked.,Didn't work for me.,yes,0,2.0,https://www.amazon.ca/ATM-Aquarium-Products-Nitrifying-Bacteria/dp/B00YW5SQPA/ref=cm_cr_srp_d_product_top?ie=UTF8,2020-09-18 17:34:45.650564,2020-09-18 17:34:53.970729,Zoe,Clothing & Accessories,B002G9UDYG
60,AGJLTVLDESLWFB6NXPDJSFYCKM3Q,"July 27, 2019",It works,"Check valves are pretty basic, this one works and that's all that really matters.",yes,0,5.0,https://www.amazon.ca/JW-Pet-Company-Aquarium-Accessory/dp/B001B4H5NY/ref=cm_cr_srp_d_product_top?ie=UTF8,2020-09-18 17:35:04.066674,2020-09-18 17:35:13.328551,Zoe,Clothing & Accessories,B002G9UDYG
61,AGJLTVLDESLWFB6NXPDJSFYCKM3Q,"July 27, 2019",I love this sand.,"I use this sand in several tanks, I really like the look, texture and size, its not messy and doesn't cloud the water too badly, rinses quickly. Great product. I know some say it requires a lot of rinsing but this isn't what I found, I did a quick rinse in a 5 gallon bucket for about 3 minutes and put into tank, very little cloudiness and cleared within the hour.",yes,One,5.0,https://www.amazon.ca/Caribsea-Naturals-Aquarium-20-Pound-Torpedo/dp/B0002APML0/ref=cm_cr_srp_d_product_top?ie=UTF8,2020-09-18 17:35:22.421067,2020-09-18 17:35:30.707520,Zoe,Clothing & Accessories,B002G9UDYG
62,AGJLTVLDESLWFB6NXPDJSFYCKM3Q,"July 24, 2019",Worked for my needs,"I needed this to make some holes in plastic for a DIY aquarium filter, I can't say how it works for its actual intended purpose but for my needs it worked and I had no issues.",yes,0,4.0,https://www.amazon.ca/Allied-Tools-Straight-Handle-Soldering/dp/B00G6M6Q5Y/ref=cm_cr_srp_d_product_top?ie=UTF8,2020-09-18 17:35:39.799662,2020-09-18 17:35:49.114698,Zoe,Clothing & Accessories,B002G9UDYG
63,AGJLTVLDESLWFB6NXPDJSFYCKM3Q,"July 24, 2019",Decent air tubing,"I have used this brand for several years, its a good tubing for the money, stays soft and doesn't harden like other types can. Always been happy with this product.",yes,0,5.0,https://www.amazon.ca/Marina-Silicone-Airline-Aquarium-10-Feet/dp/B0002AQI9A/ref=cm_cr_srp_d_product_top?ie=UTF8,2020-09-18 17:35:58.207436,2020-09-18 17:36:06.510014,Zoe,Clothing & Accessories,B002G9UDYG
64,AGJLTVLDESLWFB6NXPDJSFYCKM3Q,"July 24, 2019",Dog loves it!,"Our little dog loves these small king squeak toys, I don't know what it is about them but they are by far her favorite toys. We have a few that are a couple years old and still holding up well, our dog isn't a destroyer of toys though. We have always been happy with the kong squeak toys as is our dog.",yes,0,5.0,https://www.amazon.ca/Kong-Beaver-Dog-Toy-Small/dp/B0002CSKLM/ref=cm_cr_srp_d_product_top?ie=UTF8,2020-09-18 17:36:13.601772,2020-09-18 17:36:19.928827,Zoe,Clothing & Accessories,B002G9UDYG
65,AGJLTVLDESLWFB6NXPDJSFYCKM3Q,"July 23, 2019",Just what I was looking for,Excellent product and just what I was looking for to build a fluidized bed filter.,yes,One,5.0,https://www.amazon.ca/Aquaponics-Aquaculture-Hydroponics-Garden-Supply/dp/B01AAYOO34/ref=cm_cr_srp_d_product_top?ie=UTF8,2020-09-18 17:36:29.019436,2020-09-18 17:36:37.290407,Zoe,Clothing & Accessories,B002G9UDYG
66,AGJLTVLDESLWFB6NXPDJSFYCKM3Q,"July 15, 2019",Have bought a few of these now,"I have bought 4 of these over the last couple of years and the oldest one is still working without issue, the cord is nice and long and for the price is pretty good build quality. The best feature is the long cord.",yes,0,5.0,https://www.amazon.ca/SCHNEIDER-ELECTRIC-Protector-Essential-PE76/dp/B01M7SPNM1/ref=cm_cr_srp_d_product_top?ie=UTF8,2020-09-18 17:36:47.381293,2020-09-18 17:36:53.658426,Zoe,Clothing & Accessories,B002G9UDYG
67,AGJLTVLDESLWFB6NXPDJSFYCKM3Q,"July 11, 2019",Seems like a good product so far,"I have not been using this product long term yet, so this review is based on short term use, so far happy with this item, it made well for the price point, the fan is quiet, I cannot tell its even on its so quiet, seems to be doing a decent job keeping my laptop cooler.",yes,0,4.0,https://www.amazon.ca/Thermaltake-Technoloy-17-Inches-Notebook-Cl-N004-PL20BL/dp/B00IGSATZY/ref=cm_cr_srp_d_product_top?ie=UTF8,2020-09-18 17:37:02.764030,2020-09-18 17:37:09.037189,Zoe,Clothing & Accessories,B002G9UDYG
68,AGJLTVLDESLWFB6NXPDJSFYCKM3Q,"July 10, 2019",Awesome little speakers.,"I use a laptop and always frustrated with the built in speakers but didn't want to pay a fortune for speakers, found these and decided to give them a try and they work awesome and excellent value for the price, they look good, and seem to be well made. If your looking for a basic speaker, these are them.",yes,2,5.0,https://www.amazon.ca/AmazonBasics-USB-Powered-Computer-Speakers-Dynamic/dp/B07DDGBL5T/ref=cm_cr_srp_d_product_top?ie=UTF8,2020-09-18 17:37:16.128903,2020-09-18 17:37:25.433168,Zoe,Clothing & Accessories,B002G9UDYG
69,AGJLTVLDESLWFB6NXPDJSFYCKM3Q,"July 10, 2019",Good wireless keyboard,"I like this keyboard, and so far working flawlessly. Recommend.",yes,0,4.0,https://www.amazon.ca/Logitech-Wireless-Keyboard-English-920-004088/dp/B007PJ4PN2/ref=cm_cr_srp_d_product_top?ie=UTF8,2020-09-18 17:37:34.522496,2020-09-18 17:37:43.838723,Zoe,Clothing & Accessories,B002G9UDYG
70,AGJLTVLDESLWFB6NXPDJSFYCKM3Q,"July 8, 2019",Not a bad little light,"For being a small light its a very bright light. I have had this light in my 15 gallon for a few months now, the suction cups at first worked fine and the light stayed in place for months, but now maybe week before the light is in the water, so suction cups like many don't seem to have a long life, but the light itself is still working great and grows low light plants well.",yes,0,4.0,https://www.amazon.ca/NICREW-Submersible-Aquarium-Hidden-13-8-inch/dp/B07L3R2L4F/ref=cm_cr_srp_d_product_top?ie=UTF8,2020-09-18 17:37:50.929904,2020-09-18 17:37:57.252386,Zoe,Clothing & Accessories,B002G9UDYG
71,AGJLTVLDESLWFB6NXPDJSFYCKM3Q,"March 7, 2019",Good Product,"I love these badges, they are a good quick way to see if there is an ammonia problem, they work well and easy to use.",yes,0,4.0,https://www.amazon.ca/Seachem-001001-Ammonia-Alert/dp/B000255R5G/ref=cm_cr_srp_d_product_top?ie=UTF8,2020-09-18 17:38:07.344866,2020-09-18 17:38:16.640091,Zoe,Clothing & Accessories,B002G9UDYG
72,AGJLTVLDESLWFB6NXPDJSFYCKM3Q,"March 7, 2019",One of the best aquarium products,"One of the best media for an aquarium, keeps water crystal clear, lasts a good amount of time and of course can be recharged several times so the price is really good considering you will get multiple uses from it. I run purigen in all my aquariums both freshwater and marine.",yes,0,5.0,https://www.amazon.ca/Seachem-116016506-Purigen-100ml/dp/B0002A5VK2/ref=cm_cr_srp_d_product_top?ie=UTF8,2020-09-18 17:38:26.734277,2020-09-18 17:38:35.038111,Zoe,Clothing & Accessories,B002G9UDYG
73,AGJLTVLDESLWFB6NXPDJSFYCKM3Q,"March 7, 2019",Love matrix,"I really love this product, works well, light weight, easy to use. Quality product.",yes,0,4.0,https://www.amazon.ca/Seachem-Capacity-Biofiltration-Aquatic-Substrate/dp/B005XOVNKO/ref=cm_cr_srp_d_product_top?ie=UTF8,2020-09-18 17:38:43.124463,2020-09-18 17:38:51.429621,Zoe,Clothing & Accessories,B002G9UDYG
74,AGJLTVLDESLWFB6NXPDJSFYCKM3Q,"December 24, 2018",I really like this camera,"I am really liking this camera, not being a professional I find it an easy to use camera, with good instructions on how to use it, its not complicated at all and so far I really like it. I will update in a few months time once I have used it more and see if anything pops up that changes my mind.",yes,5,5.0,https://www.amazon.ca/D3500-AF-P-DX-18-55mm-Kit/dp/B07H1533Z5/ref=cm_cr_srp_d_product_top?ie=UTF8,2020-09-18 17:38:58.520902,2020-09-18 17:39:04.810958,Zoe,Clothing & Accessories,B002G9UDYG
75,AGJLTVLDESLWFB6NXPDJSFYCKM3Q,"October 17, 2018",Good deal,Nice selection of colors. Decent quality for the price. Fits well.,yes,0,4.0,https://www.amazon.ca/Gildan-Assorted-standard-T-shirts-X-Large/dp/B077ZL67P1/ref=cm_cr_srp_d_product_top?ie=UTF8,2020-09-18 17:39:14.905375,2020-09-18 17:39:21.175695,Zoe,Clothing & Accessories,B002G9UDYG
76,AGJLTVLDESLWFB6NXPDJSFYCKM3Q,"October 3, 2018",It works,"The bottle does work, just doesn't keep liquids cold all that often, and is made of fairly thin plastic, basic and does work but not the best out there.",yes,0,3.0,https://www.amazon.ca/CamelBak-Podium-Insulated-Bottle-Carbon/dp/B015DJDMTS/ref=cm_cr_srp_d_product_top?ie=UTF8,2020-09-18 17:39:28.280928,2020-09-18 17:39:37.544358,Zoe,Clothing & Accessories,B002G9UDYG
77,AGJLTVLDESLWFB6NXPDJSFYCKM3Q,"October 3, 2018",Comfortable to wear,"Working in a loud environment and having to wear hearing protection for hours a day, comfortable is important and these meet the task. I found this easy to put in and comfortable to wear and they provide a good amount of protection against loud noises. One of the better ear plug brands I have found.",yes,0,5.0,https://www.amazon.ca/Stanley-RST-63008-Pressure-Earplugs-80-Pack/dp/B001ULCHEA/ref=cm_cr_srp_d_product_top?ie=UTF8,2020-09-18 17:39:44.636404,2020-09-18 17:39:50.907022,Zoe,Clothing & Accessories,B002G9UDYG
78,AGJLTVLDESLWFB6NXPDJSFYCKM3Q,"October 3, 2018",I like this watch,"Nice watch for the price, comfortable to wear, no issues whatsoever with this watch. Would recommend.",yes,0,4.0,https://www.amazon.ca/Casio-AE1300WH-8AV-Sport-Watch-Referee/dp/B00IYUYAFY/ref=cm_cr_srp_d_product_top?ie=UTF8,2020-09-18 17:39:57.996953,2020-09-18 17:40:07.253176,Zoe,Clothing & Accessories,B002G9UDYG
79,AGJLTVLDESLWFB6NXPDJSFYCKM3Q,"October 3, 2018",Good hat,"I wore this hat all summer at work, nice hat did its job.",yes,0,4.0,https://www.amazon.ca/Propper-100-Percent-Cotton-Boonie-Black/dp/B001EJA6H8/ref=cm_cr_srp_d_product_top?ie=UTF8,2020-09-18 17:40:17.343793,2020-09-18 17:40:25.635683,Zoe,Clothing & Accessories,B002G9UDYG
80,AGJLTVLDESLWFB6NXPDJSFYCKM3Q,"October 3, 2018",Seems good so far.,"This is a short term review and I will update once the toner cartridge has been in use for a bit.

The cartridges seem well made, they fit perfectly into my Dell printer without any issues. The print quality thus far is good and just as good as the original Dell cartridge that came with the printer.

There was no issues installing the cartridge.

I have only printed 20 or pages with it since receiving so longer term will be interesting to see how it works, but for now I am happy with this cartridge and its priced nicely as well.

Updated: Dec 24, 2018

The toner is still going strong after almost 3 months of use, keep in mind this is household use not commercial use, so I have only maybe done 200-250 pages, but still working good.",yes,2,4.0,https://www.amazon.ca/Inkfirst%C2%AE-Cartridge-593-BBKD-Compatible-Remanufactured/dp/B01EO37A2E/ref=cm_cr_srp_d_product_top?ie=UTF8,2020-09-18 17:40:33.727559,2020-09-18 17:40:42.975638,Zoe,Clothing & Accessories,B002G9UDYG
81,AGJLTVLDESLWFB6NXPDJSFYCKM3Q,"August 7, 2018","its good,",Does the job.,yes,0,4.0,https://www.amazon.ca/Rechargeable-Massager-Pressure-adjustable-Vibration/dp/B076Y6339P/ref=cm_cr_srp_d_product_top?ie=UTF8,2020-09-18 17:40:50.068662,2020-09-18 17:40:59.312297,Zoe,Clothing & Accessories,B002G9UDYG
82,AGJLTVLDESLWFB6NXPDJSFYCKM3Q,"March 28, 2018",It's okay for the price.,"If you need basic storage and not worried about overall looks and don't need high quality this will work well.

Pro's:

Easy to build.
Decent price.
Looks nice enough for basic storage.
Only tools needed is the one it comes with and a screw driver.

Con's:

Not the highest quality.
Plastic handles.
Holes not drilled for some of the hardware.",yes,2,3.0,https://www.amazon.ca/Hodedah-Shelves-Enclosed-Storage-Cabinet/dp/B00DQQPGKO/ref=cm_cr_srp_d_product_top?ie=UTF8,2020-09-18 17:41:07.402845,2020-09-18 17:41:13.741935,Zoe,Clothing & Accessories,B002G9UDYG
83,AGJLTVLDESLWFB6NXPDJSFYCKM3Q,"February 12, 2018",Good Value,"Good surge protector for the price, works well.",yes,0,4.0,https://www.amazon.ca/AmazonBasics-6-Outlet-Surge-Protector-Power/dp/B00TP1C51M/ref=cm_cr_srp_d_product_top?ie=UTF8,2020-09-18 17:41:23.833951,2020-09-18 17:41:30.131267,Zoe,Clothing & Accessories,B002G9UDYG
84,AGJLTVLDESLWFB6NXPDJSFYCKM3Q,"February 12, 2018",Did what I needed it to do.,"I have an aquarium light that could not connect to the home wifi network, and moving the router wasn't an option, so figured I would give this a try. I have been using it for a week so far and it's worked fine, provides the boot to the signal that I need, was easy to set up as well, took just a few minutes to set it up and get it working. I can't vouch for long term as it's been just a week, but so far I am happy with this purchase and the product is working as described.

I'll update in the future after I have used this item for a few months.",yes,9,4.0,https://www.amazon.ca/NETGEAR-N300-WiFi-Range-Extender/dp/B00L0YLRUW/ref=cm_cr_srp_d_product_top?ie=UTF8,2020-09-18 17:41:38.225954,2020-09-18 17:41:47.506667,Zoe,Clothing & Accessories,B002G9UDYG
85,AGJLTVLDESLWFB6NXPDJSFYCKM3Q,"February 5, 2018","Good frame, not difficult to assemble.","Not difficult to put together, but does take a bit of time, but overall easier then most boxed furniture. Just go slow and be patient and it's not too difficult. I like how it sits high, allows for plastic storage containers to be placed underneath it. Fits our Endy queen mattress perfectly. Seems well made, and is quiet. No squeaking sounds and doesn't move around on the hardwood floors like some frames tend to do. Decent price. Just a basic bed frame if your not needing anything fancy, I would recommend giving this one a try.",yes,One,4.0,https://www.amazon.ca/Classic-Brands-Platform-Mattress-Foundation/dp/B00R465FZS/ref=cm_cr_srp_d_product_top?ie=UTF8,2020-09-18 17:41:55.599640,2020-09-18 17:42:01.904837,Zoe,Clothing & Accessories,B002G9UDYG
86,AGJLTVLDESLWFB6NXPDJSFYCKM3Q,"February 5, 2018","Price is okay, but they keep me a little too warm.","These sheets are okay, but do keep you on the warm side when sleeping. They are comfortable enough for the price, but if I were to decide again, I would go with a 100% cotton sheet.",yes,0,3.0,https://www.amazon.ca/AmazonBasics-Microfiber-Sheet-Set-Queen/dp/B00Q7OARO2/ref=cm_cr_srp_d_product_top?ie=UTF8,2020-09-18 17:42:10.999964,2020-09-18 17:42:20.288048,Zoe,Clothing & Accessories,B002G9UDYG
87,AGJLTVLDESLWFB6NXPDJSFYCKM3Q,"February 5, 2018",Tide is my favorite.,It's tide. I am sure just about anyone has heard of tide and knows how well it cleans.,yes,0,5.0,https://www.amazon.ca/Tide-Laundry-Detergent-Spring-Meadow/dp/B01BUNHFQM/ref=cm_cr_srp_d_product_top?ie=UTF8,2020-09-18 17:42:29.370819,2020-09-18 17:42:36.676751,Zoe,Clothing & Accessories,B002G9UDYG
88,AGJLTVLDESLWFB6NXPDJSFYCKM3Q,"February 5, 2018",I am happy with it.,"I have been using this device for several weeks now, seems to work well, seems accurate and is easy to use and set up. I was deciding between this one and the more expensive ones, and in the end I am happy with this one. Why pay more if you don't need to?",yes,0,4.0,https://www.amazon.ca/RioRand-Power-Electricity-Display-Monitor/dp/B06XKJWPPQ/ref=cm_cr_srp_d_product_top?ie=UTF8,2020-09-18 17:42:45.771359,2020-09-18 17:42:55.093100,Zoe,Clothing & Accessories,B002G9UDYG
89,AGJLTVLDESLWFB6NXPDJSFYCKM3Q,"February 5, 2018",Good wiper.,"Good wipers. I am pretty impressed with these wipers. They do an excellent job, one of the better wipers I have used.",yes,0,4.0,https://www.amazon.ca/Bosch-Clear-Advantage-13CA-Wiper/dp/B019FPIIUE/ref=cm_cr_srp_d_product_top?ie=UTF8,2020-09-18 17:43:05.185895,2020-09-18 17:43:13.469936,Zoe,Clothing & Accessories,B002G9UDYG
90,AGJLTVLDESLWFB6NXPDJSFYCKM3Q,"January 7, 2018",Nice but fits on the small side.,"I like it, and quality seems decent, but the sizing is a bit off, seems to fit on the small side.",yes,0,3.0,https://www.amazon.ca/KSKshape-Trainer-Shaper-Cincher-XX-Large/dp/B01LWX6L4U/ref=cm_cr_srp_d_product_top?ie=UTF8,2020-09-18 17:43:23.561579,2020-09-18 17:43:32.849676,Zoe,Clothing & Accessories,B002G9UDYG
91,AGJLTVLDESLWFB6NXPDJSFYCKM3Q,"January 7, 2018",Good.,"Good quality for the price, good shredder for the home, also cuts credit cards which is nice.",yes,0,4.0,https://www.amazon.ca/AmazonBasics-6-Sheet-Cross-Cut-Credit-Shredder/dp/B00HFJWKWK/ref=cm_cr_srp_d_product_top?ie=UTF8,2020-09-18 17:43:39.940995,2020-09-18 17:43:46.243897,Zoe,Clothing & Accessories,B002G9UDYG
92,AGJLTVLDESLWFB6NXPDJSFYCKM3Q,"December 26, 2017",Best to look for another phone.,"Have had this phone for about 6 months now, it works but has some issues that are annoying like not connecting to the line when there is nothing wrong with the line and the other phone works fine, it can do this for hours sometimes, very annoying. Suppose for the price it's fine, but not an item I would recommend.",yes,0,3.0,https://www.amazon.ca/VTech-Handset-Cordless-Backlit-Speakerphone/dp/B010S7D30I/ref=cm_cr_srp_d_product_top?ie=UTF8,2020-09-18 17:43:56.339623,2020-09-18 17:44:03.614240,Zoe,Clothing & Accessories,B002G9UDYG
93,AGJLTVLDESLWFB6NXPDJSFYCKM3Q,"December 24, 2017","I see it works for some, but I didn't notice any benefit to using this product.","I think there are too many variables in the storage and shipping process for this product to consistently work. Seems some have no issues with this product and others like myself find that it did not do anything, certainly didn't speed the process up, and I would never add life to the aquarium relying on this product to do the job they claim it does. I was doing a fish-less cycle, followed the directions exactly as the manufacturer states on their website, and never saw any indication this product was working. On the Dr Tim's website they state one and only will last 6 months at room temperature's 65 to 85°F and 1 year at cooler temps 50F, however the expiry date on the bottle I received is 8 months from now, and certainly doubt Amazon is keeping this product at 50F, so seems to be you may end up with nothing but overpriced water and bacteria if you receive an older batch, and of course we have no idea what temps the product has been exposed to in shipping, it wasn't below freezing at the destination, but who knows in route as it took 4 days to arrive, so maybe it was frozen in shipping?

If there was a store who sold it locally and I could get a new batch, I would give it a go again, but with shipping there simply seems to be too many variables that can end up killing the bacteria and thus the product not working.

I ended up just getting some established live rock rubble from another hobbyist with an established tank, this all around method seems to be the best way to seed a tank.",yes,0,1.0,https://www.amazon.ca/DrTims-Aquatics-201-Nitrifying-Bacteria/dp/B001LUMZ4C/ref=cm_cr_srp_d_product_top?ie=UTF8,2020-09-18 17:44:11.709269,2020-09-18 17:44:20.991961,Zoe,Clothing & Accessories,B002G9UDYG
94,AGJLTVLDESLWFB6NXPDJSFYCKM3Q,"December 16, 2017",Love it.,"Loving it.,",yes,One,5.0,https://www.amazon.ca/reputation-Taylor-Swift/dp/B0754BBDF1/ref=cm_cr_srp_d_product_top?ie=UTF8,2020-09-18 17:44:31.085718,2020-09-18 17:44:39.317055,Zoe,Clothing & Accessories,B002G9UDYG
95,AGJLTVLDESLWFB6NXPDJSFYCKM3Q,"December 16, 2017",It works.,It works as it should to increase ammonia in an aquarium for the cycling process.,yes,0,4.0,https://www.amazon.ca/DrTims-Aquatics-830-Ammonium-chloride/dp/B006MP4QG6/ref=cm_cr_srp_d_product_top?ie=UTF8,2020-09-18 17:44:48.410873,2020-09-18 17:44:56.672137,Zoe,Clothing & Accessories,B002G9UDYG
96,AGJLTVLDESLWFB6NXPDJSFYCKM3Q,"December 16, 2017",I like it.,"It works, it's accurate and easy to use.",no,0,4.0,https://www.amazon.ca/HM-Digital-TDS-EZ-Measurement-Resolution/dp/B002C0A7ZY/ref=cm_cr_srp_d_product_top?ie=UTF8,2020-09-18 17:45:06.758618,2020-09-18 17:45:13.036589,Zoe,Clothing & Accessories,B002G9UDYG
97,AGJLTVLDESLWFB6NXPDJSFYCKM3Q,"November 16, 2017","Good value, keeps me dry.","I find this rain suit of decent quality for the price, I wear it several times a week riding a scooter and I arrive dry. No issue so over the last couple of months, for the price I am happy, and as it keeps me dry, I cannot complain.",yes,0,4.0,https://www.amazon.ca/Nelson-Rigg-Stormrider-Black-Visibility-Yellow/dp/B0068ERNNE/ref=cm_cr_srp_d_product_top?ie=UTF8,2020-09-18 17:45:21.128743,2020-09-18 17:45:30.413427,Zoe,Clothing & Accessories,B002G9UDYG
98,AGJLTVLDESLWFB6NXPDJSFYCKM3Q,"November 16, 2017",Not worth it.,"Not as described, very poor item, I do not recommend.",yes,0,1.0,https://www.amazon.ca/Cultured-Freshwater-Oyster-Plenty-Pearls/dp/B074N5J782/ref=cm_cr_srp_d_product_top?ie=UTF8,2020-09-18 17:45:38.501787,2020-09-18 17:45:45.772897,Zoe,Clothing & Accessories,B002G9UDYG
99,AGJLTVLDESLWFB6NXPDJSFYCKM3Q,"November 13, 2017",Good basic tool kit.,Good basic tool kit.,yes,One,4.0,https://www.amazon.ca/AmazonBasics-65-Piece-Repair-Office-Apartment/dp/B01GUDO4Z2/ref=cm_cr_srp_d_product_top?ie=UTF8,2020-09-18 17:45:55.869490,2020-09-18 17:46:04.173161,Zoe,Clothing & Accessories,B002G9UDYG
100,AGJLTVLDESLWFB6NXPDJSFYCKM3Q,"October 2, 2017",Perfect fit.,"Nice light. I was having issues finding replacement for the track lighting in my condo as the ones in the stores locally did not work, thought I would give them one a try and it fits and works perfectly, much nicer then the originals as well, and I like how the fixture is for normal light bulbs and not some fancy expensiveness type like some of these fixtures require.",yes,One,4.0,https://www.amazon.ca/Liteline-Corporation-UNI1190-WH-Universal-Fixture/dp/B00GGL9NBY/ref=cm_cr_srp_d_product_top?ie=UTF8,2020-09-18 17:46:11.265154,2020-09-18 17:46:18.571585,Zoe,Clothing & Accessories,B002G9UDYG
101,AGJLTVLDESLWFB6NXPDJSFYCKM3Q,"September 4, 2017","Easy to apply, nice shine.","Wax was easy to use, and brought a nice shine to the car. Would recommend this product.",yes,0,4.0,https://www.amazon.ca/Mothers-35701-California-Brazilian-Carnauba/dp/B00KA7SPTG/ref=cm_cr_srp_d_product_top?ie=UTF8,2020-09-18 17:46:28.663108,2020-09-18 17:46:38.009300,Zoe,Clothing & Accessories,B002G9UDYG
102,AGJLTVLDESLWFB6NXPDJSFYCKM3Q,"September 4, 2017",Good.,Good.,yes,0,4.0,https://www.amazon.ca/Cottonelle-FreshCare-Flushable-Unscented-Alcohol/dp/B00FZGZHO8/ref=cm_cr_srp_d_product_top?ie=UTF8,2020-09-18 17:46:47.101448,2020-09-18 17:46:55.448310,Zoe,Clothing & Accessories,B002G9UDYG
103,AGJLTVLDESLWFB6NXPDJSFYCKM3Q,"September 4, 2017",I like it.,"Been using this mouthwash for several years. I have found it's one the best on the market, doesn't have alcohol and doesn't dry my mouth out. Does what it's supposed to and no complaints from me.",yes,0,4.0,https://www.amazon.ca/Crest-Pro-Health-Multi-Protection-Mouthwash-packaging/dp/B00BR1V24E/ref=cm_cr_srp_d_product_top?ie=UTF8,2020-09-18 17:47:05.539626,2020-09-18 17:47:13.864715,Zoe,Clothing & Accessories,B002G9UDYG
104,AGJLTVLDESLWFB6NXPDJSFYCKM3Q,"September 4, 2017","First impression, good item and worth trying.","First impressions based on a few days use. The cover seems well made, it is clear for those who might want to know, its not white. So far so good, but only time will tell, so will update the review after a few months use. For the price, at the moment I would give this item a thumbs up.

The screen cover seems good as well, it was easy to put on, cut correctly and fits the phone perfectly. Again will update after a few months.

Update 11/13/17

The screen cover is starting to come off, lasted about 2 months.",yes,0,2.0,https://www.amazon.ca/MYLB-Acer-Liquid-Zest-5-0-inch-Protective-Acer-Liquid-Zest-Smartphone/dp/B01KI4RHKS/ref=cm_cr_srp_d_product_top?ie=UTF8,2020-09-18 17:47:22.957523,2020-09-18 17:47:30.258283,Zoe,Clothing & Accessories,B002G9UDYG
105,AGJLTVLDESLWFB6NXPDJSFYCKM3Q,"August 30, 2017",Seems like a well made decent jacket so far.,Nice jacket. Seems well made.,yes,One,4.0,https://www.amazon.ca/Pilot-Motosport-Slate-Jacket-X-Large/dp/B00VD3ZJWC/ref=cm_cr_srp_d_product_top?ie=UTF8,2020-09-18 17:47:37.335349,2020-09-18 17:47:45.648712,Zoe,Clothing & Accessories,B002G9UDYG
106,AGJLTVLDESLWFB6NXPDJSFYCKM3Q,"August 20, 2017",Heavy duty.,"Seems like a solid well built lock and chain. Very heavy as well, the lock + chain runs a little over 10 pounds, so may not be the ideal choice if riding a bike, but I am using it with a scooter so can keep it in the scooters storage and it's not so bad. I guess there is no real way to know how strong the chain and lock is until someone tries to break in, but at first appearance and reputation of the company, seems like a very well made and secure product.",yes,One,4.0,https://www.amazon.ca/Kryptonite-999546-Black-Orange-Evolution/dp/B001JPQ0HC/ref=cm_cr_srp_d_product_top?ie=UTF8,2020-09-18 17:47:55.754409,2020-09-18 17:48:02.059213,Zoe,Clothing & Accessories,B002G9UDYG
107,AGJLTVLDESLWFB6NXPDJSFYCKM3Q,"July 30, 2017",So far so good.,"Have been using these for a couple weeks now, so far so good. Comfortable, and they stay put when using them. Will update after a few months use.",yes,0,4.0,https://www.amazon.ca/Custom-Leathercraft-DG5204-Professional-Kneepads/dp/B001P30BQE/ref=cm_cr_srp_d_product_top?ie=UTF8,2020-09-18 17:48:09.133816,2020-09-18 17:48:15.409335,Zoe,Clothing & Accessories,B002G9UDYG
108,AGJLTVLDESLWFB6NXPDJSFYCKM3Q,"July 26, 2017",Nice colors.,I really like the colors and easy to apply.,yes,0,4.0,https://www.amazon.ca/COVERGIRL-Eyeshadow-Quads-Packaging-Vary/dp/B00ON1GUC4/ref=cm_cr_srp_d_product_top?ie=UTF8,2020-09-18 17:48:24.494976,2020-09-18 17:48:30.712085,Zoe,Clothing & Accessories,B002G9UDYG
109,AGJLTVLDESLWFB6NXPDJSFYCKM3Q,"June 19, 2017",Love it,Excellent coffee.,yes,0,5.0,https://www.amazon.ca/Salt-Spring-Coffee-Decaf-Gram/dp/B01H89BRIO/ref=cm_cr_srp_d_product_top?ie=UTF8,2020-09-18 17:48:40.805782,2020-09-18 17:48:47.114491,Zoe,Clothing & Accessories,B002G9UDYG
110,AGJLTVLDESLWFB6NXPDJSFYCKM3Q,"May 2, 2017",Good.,Good item.,yes,0,5.0,https://www.amazon.ca/Zoo-Med-Laboratories-SZMNTM12-Terrarium/dp/B00167XQKC/ref=cm_cr_srp_d_product_top?ie=UTF8,2020-09-18 17:48:56.204977,2020-09-18 17:49:05.450140,Zoe,Clothing & Accessories,B002G9UDYG
111,AGJLTVLDESLWFB6NXPDJSFYCKM3Q,"May 2, 2017",Perfect.,Works perfect. No issues.,yes,0,4.0,https://www.amazon.ca/Keurig-Classic-Reusable-Coffee-Filter/dp/B01CU9WU10/ref=cm_cr_srp_d_product_top?ie=UTF8,2020-09-18 17:49:13.542496,2020-09-18 17:49:21.806672,Zoe,Clothing & Accessories,B002G9UDYG
112,AGJLTVLDESLWFB6NXPDJSFYCKM3Q,"April 21, 2017",Updated review after 3 months use.,"Updated July 19, 2017. These knee pads start out well, but they don't hold up well with daily use and wear out quickly, and the velcro straps are also falling apart, better to spend a bit more upfront if you need a daily knee pad for work, these would probably work well for occasional use such as working around the house.

I work at an airport loading planes and use these when in the belly of aircraft and they work well. Comfortable to wear and no more sore knees.

Good product at a good price.",yes,One,2.0,https://www.amazon.ca/Task-Tools-T77705-All-Terrain-Nitrofoam/dp/B00A479KNM/ref=cm_cr_srp_d_product_top?ie=UTF8,2020-09-18 17:49:28.899657,2020-09-18 17:49:35.163056,Zoe,Clothing & Accessories,B002G9UDYG
113,AGJLTVLDESLWFB6NXPDJSFYCKM3Q,"April 21, 2017",Works well.,Works as intended. Good product and washes off easily with a bit of soap and water. No skin irritations from using it.,yes,0,5.0,https://www.amazon.ca/Bell-Horn-Stays-Roll-Body-Adhesive/dp/B001CUU9KI/ref=cm_cr_srp_d_product_top?ie=UTF8,2020-09-18 17:49:44.258050,2020-09-18 17:49:52.528786,Zoe,Clothing & Accessories,B002G9UDYG
114,AGJLTVLDESLWFB6NXPDJSFYCKM3Q,"January 10, 2017",I really love this mascara,"I really love this mascara. It doesn't clump on my lashes, and make my lashes look fuller and longer and goes on nicely. I will certainly be buying this mascara again.",yes,0,5.0,https://www.amazon.ca/Maybelline-New-York-Sensational-Blackest/dp/B00PFCT2R0/ref=cm_cr_srp_d_product_top?ie=UTF8,2020-09-18 17:49:59.619354,2020-09-18 17:50:06.895785,Zoe,Clothing & Accessories,B002G9UDYG
115,AGJLTVLDESLWFB6NXPDJSFYCKM3Q,"January 5, 2017",I like it.,"Good product, works well so far, seems well built.

Will update review after a few months use.",yes,0,4.0,https://www.amazon.ca/Electric-Coffee-Grinder-Stainless-3-Ounce/dp/B00004SPEU/ref=cm_cr_srp_d_product_top?ie=UTF8,2020-09-18 17:50:16.986863,2020-09-18 17:50:23.272619,Zoe,Clothing & Accessories,B002G9UDYG
116,AGJLTVLDESLWFB6NXPDJSFYCKM3Q,"January 5, 2017",Good book,"I really liked this book, easy, fun read.",yes,0,4.0,https://www.amazon.ca/Scrappy-Little-Nobody-Anna-Kendrick/dp/1501117203/ref=cm_cr_srp_d_product_top?ie=UTF8,2020-09-18 17:50:30.357370,2020-09-18 17:50:38.653233,Zoe,Clothing & Accessories,B002G9UDYG
117,AGJLTVLDESLWFB6NXPDJSFYCKM3Q,"December 23, 2016",Good,"I like this coffee, nice flavor.",no,0,4.0,https://www.amazon.ca/Jumping-Bean-Fairtrade-Organic-Compostable/dp/B014CIU6ZO/ref=cm_cr_srp_d_product_top?ie=UTF8,2020-09-18 17:50:46.748002,2020-09-18 17:50:56.003513,Zoe,Clothing & Accessories,B002G9UDYG
118,AGJLTVLDESLWFB6NXPDJSFYCKM3Q,"December 23, 2016",Excellent,A very nice coffee. I will buy again.,no,0,5.0,https://www.amazon.ca/Kauai-Pali-Coast-Coffee-Count/dp/B00H29LR9K/ref=cm_cr_srp_d_product_top?ie=UTF8,2020-09-18 17:51:03.095039,2020-09-18 17:51:09.378327,Zoe,Clothing & Accessories,B002G9UDYG
119,AGJLTVLDESLWFB6NXPDJSFYCKM3Q,"December 19, 2016",Excellent product.,"I've always been a fan of Tide and these pods are excellent at getting clothes clean just like regular tide in the bottle is. No complaints from me, excellent product.",yes,0,5.0,https://www.amazon.ca/Tide-Original-Liquid-Detergent-packaging/dp/B010W1Q97E/ref=cm_cr_srp_d_product_top?ie=UTF8,2020-09-18 17:51:19.472139,2020-09-18 17:51:27.748157,Zoe,Clothing & Accessories,B002G9UDYG
120,AGJLTVLDESLWFB6NXPDJSFYCKM3Q,"December 2, 2016",I like them.,"Used cascade for years, really like these pods. Gets dishes clean.",yes,0,4.0,https://www.amazon.ca/Cascade-ActionPacs-Dishwasher-Detergent-Packaging/dp/B00BTSZXS6/ref=cm_cr_srp_d_product_top?ie=UTF8,2020-09-18 17:51:34.842212,2020-09-18 17:51:41.131090,Zoe,Clothing & Accessories,B002G9UDYG
121,AGJLTVLDESLWFB6NXPDJSFYCKM3Q,"December 2, 2016",Good bubble wall.,So far so good. Produces a nice wall of bubbles. Seems well made and a good price. I will update in a few months.,yes,0,4.0,https://www.amazon.ca/Uxcell-Shaped-Aquarium-Airstone-10-Inch/dp/B017BR57Y8/ref=cm_cr_srp_d_product_top?ie=UTF8,2020-09-18 17:51:51.229667,2020-09-18 17:51:59.540448,Zoe,Clothing & Accessories,B002G9UDYG
122,AGJLTVLDESLWFB6NXPDJSFYCKM3Q,"October 12, 2016",Excellent quality.,Item is of good quality and well made. Perfect for an aquarium RO unit.,yes,0,5.0,https://www.amazon.ca/Aquatic-Life-Tubing-Polyethylene-Aquarium/dp/B00204G8XC/ref=cm_cr_srp_d_product_top?ie=UTF8,2020-09-18 17:52:07.630174,2020-09-18 17:52:13.895054,Zoe,Clothing & Accessories,B002G9UDYG
123,AGJLTVLDESLWFB6NXPDJSFYCKM3Q,"October 8, 2016",Great product.,"We loved this peanut butter, excellent taste and quality made.",yes,0,5.0,https://www.amazon.ca/New-World-Foods-Unsalted-Organic/dp/B00TCNNQ16/ref=cm_cr_srp_d_product_top?ie=UTF8,2020-09-18 17:52:22.984871,2020-09-18 17:52:32.208559,Zoe,Clothing & Accessories,B002G9UDYG
124,AGJLTVLDESLWFB6NXPDJSFYCKM3Q,"October 8, 2016",Nice product.,I use matrix in all my freshwater aquariums and find this to be an excellent product and provides good service area for the biological filter without needing a large amount. I run 2 containers in my canister filter. Very nice product.,yes,3,5.0,https://www.amazon.ca/Seachem-67101130-Matrix-500ml-7-1-Ounce/dp/B004PBD4J4/ref=cm_cr_srp_d_product_top?ie=UTF8,2020-09-18 17:52:39.323897,2020-09-18 17:52:47.589285,Zoe,Clothing & Accessories,B002G9UDYG
125,AGJLTVLDESLWFB6NXPDJSFYCKM3Q,"October 8, 2016",Great batteries,"I had ordered the wrong size and requested a return but amazon told me to keep these, so I did, and I have used them in the one and only device I have that takes AAA batteries, the batteries seem well made and of just as good quality as any of the name brand ones but of course at a more cost effective price point. They work well, however I am not using them in a high drain device so I can't comment on how they would work in such a device, but I don't see any flaws in these batteries, and they by no means feel cheap, or made cheaply, they very much seem very well made, and they worked perfectly right out of the package.",yes,One,5.0,https://www.amazon.ca/AmazonBasics-Rechargeable-Batteries-4-Pack-Pre-charged/dp/B00CWNMW1S/ref=cm_cr_srp_d_product_top?ie=UTF8,2020-09-18 17:52:56.673417,2020-09-18 17:53:02.984062,Zoe,Clothing & Accessories,B002G9UDYG
126,AGJLTVLDESLWFB6NXPDJSFYCKM3Q,"September 30, 2016",Good Product,"Excellent product in my view, have been using this product for several years without any issues.",yes,0,5.0,https://www.amazon.ca/Zoo-Med-Reptivite-Vitamin-2-Ounce/dp/B0002AQB6A/ref=cm_cr_srp_d_product_top?ie=UTF8,2020-09-18 17:53:10.071874,2020-09-18 17:53:18.318359,Zoe,Clothing & Accessories,B002G9UDYG
127,AGJLTVLDESLWFB6NXPDJSFYCKM3Q,"September 14, 2016",Good filter.,"Its a sediment filter, it does its job and keeps the system from clogging up with sediment. These are well made and work well. I use it in a RO/DI system for a reef tank, and these work well and at a better price point then most aquarium stores that sell them.",yes,One,5.0,https://www.amazon.ca/Pentek-P1-Polypropylene-Filter-Cartridge/dp/B0014C5CMY/ref=cm_cr_srp_d_product_top?ie=UTF8,2020-09-18 17:53:26.412580,2020-09-18 17:53:33.694963,Zoe,Clothing & Accessories,B002G9UDYG
128,AGJLTVLDESLWFB6NXPDJSFYCKM3Q,"September 13, 2016",Good value item.,"Item works have have been using it for months now and its holding up well, for the price, I have no complaints.",yes,0,4.0,https://www.amazon.ca/Classic-Brands-Defend-Waterproof-Mattress/dp/B00MWTKF16/ref=cm_cr_srp_d_product_top?ie=UTF8,2020-09-18 17:53:43.791783,2020-09-18 17:53:53.063218,Zoe,Clothing & Accessories,B002G9UDYG
129,AGJLTVLDESLWFB6NXPDJSFYCKM3Q,"September 13, 2016",Okay at first but found after several days its not consistent.,"I got this for the noise & vibration mode and it works, seems of good quality and came as described. I wont use the shock option but did try it on my arm, and man does it ever shock, wouldn't personally want my dog to experience the shock mode, but the vibration mode is noticeable and gets the dogs attention.

Update: After a few days of using, I have found the product to be inconsistent, I'll press the button to make the noise of vibrate and the dog is just a few feet away and it doesn't activate, or it will activate 20-25 seconds after I press the button.",yes,3,2.0,https://www.amazon.ca/Petist-Training-Electric-Collars-Vibration/dp/B01F7382RM/ref=cm_cr_srp_d_product_top?ie=UTF8,2020-09-18 17:54:02.147134,2020-09-18 17:54:11.478461,Zoe,Clothing & Accessories,B002G9UDYG
130,AGJLTVLDESLWFB6NXPDJSFYCKM3Q,"September 3, 2016",Great power bar.,"It's a power bar. It works, nice long cord. For the posts about it not being lit, this is true there is no light but per the manufacturers website this model is not supposed to have one so it's not a flaw, its simply not supposed to have a light.

Update: By far one of the best power bars for the price, it works well, feels well made, and the cord length is awesome, allowing the bar to be hidden if desired behind furniture or like in my case allowing the TV to be in a better location where there was no outlet 2-3 feet away.",yes,5,5.0,https://www.amazon.ca/CyberPower-CSB6012-Essential-Protector-Outlets/dp/B00FLTTHF4/ref=cm_cr_srp_d_product_top?ie=UTF8,2020-09-18 17:54:20.572423,2020-09-18 17:54:29.812977,Zoe,Clothing & Accessories,B002G9UDYG
131,AGJLTVLDESLWFB6NXPDJSFYCKM3Q,"August 3, 2016",Seems to do as it's supposed to.,"Easy to use for the most part, only issue I have found is the color can be a little hard to read but overall a good test kit.",yes,0,4.0,https://www.amazon.ca/Salifert-8714079130361-Phosphate-Test-Kit/dp/B001EJ1GAE/ref=cm_cr_srp_d_product_top?ie=UTF8,2020-09-18 17:54:38.904155,2020-09-18 17:54:45.210393,Zoe,Clothing & Accessories,B002G9UDYG
132,AGJLTVLDESLWFB6NXPDJSFYCKM3Q,"August 2, 2016",I really like this salt.,"I really like this salt thus far. I've used it a couple times so far, and when I have tested the freshly mixed water, the calcium, ph, alkalinity are all spot on what Red Sea says they should be. Mixes really well and quickly. I was using reef crystals prior to this and found it didn't mix well and left a fair amount of residue, where this salt leaves no residue and mixes super fast. So far so good, and I am glad I spent a bit more to give it a try.

Ill update the review as time goes on and I have more long term experience with it, but so far so good.

Update: October 7, 2016- I have now used the entire first bucket and the tank is doing great and better then it did with instant ocean, and this salt is so much quicker to mix. I have now bought a 2nd bucket, first bucket lasted me about 2 months. 14 gallon nano.",yes,2,5.0,https://www.amazon.ca/Red-Sea-Aquarium-55-Gallon-Bucket/dp/B000YIYTIC/ref=cm_cr_srp_d_product_top?ie=UTF8,2020-09-18 17:54:52.302617,2020-09-18 17:54:58.613019,Zoe,Clothing & Accessories,B002G9UDYG
133,AGJLTVLDESLWFB6NXPDJSFYCKM3Q,"July 25, 2016",Excellent pump for nano tanks.,"I've had this pump before and they are top notch. Works perfectly in my 10 gallon cube, and is so much easier to hide smaller then the Fluval Sea stock circulation pump which is a lot bigger and more difficult to hide, I will be buying another to replace the Fluval one as 2 pumps work better then 1 at keeping up good flow on the display side.

For the price point this is the best circulation pump you will find in my opinion.It's also not made in China like a lot of aquarium items are, but made in Italy which seems to provide a better quality product overall.

I don't find the 240 bad for a 10 gallon cube when used in conjunction with another pump, not sure I would use just 1 240 in a 10 gallon and up though, but I always use 2 smaller pumps vs 1 larger one so I can get more random flow and for my purpose this size is perfect.

Amazon's price was a bit higher, but with being a Prime member it still came out cheaper then another online store who was 3 dollars cheaper but would have charged 9 in shipping so despite the higher price on Amazon, it was cheaper in the end.",yes,2,5.0,https://www.amazon.ca/Hydor-Koralia-Nano-Aquarium-Circulation/dp/B0036S4YZ0/ref=cm_cr_srp_d_product_top?ie=UTF8,2020-09-18 17:55:07.710121,2020-09-18 17:55:16.005093,Zoe,Clothing & Accessories,B002G9UDYG
134,AGJLTVLDESLWFB6NXPDJSFYCKM3Q,"July 6, 2016",Used for quarantine as preventive,"It's a medication, I can't really review it accurately as I used it as a preventive in a quarantine tank for new arrivals, they never got sick, but can't say if the medication had anything to do with that though.",yes,0,3.0,https://www.amazon.ca/dp/B001D6SKDO/ref=cm_cr_srp_d_product_top?ie=UTF8,2020-09-18 17:55:24.089253,2020-09-18 17:55:30.349674,Zoe,Clothing & Accessories,B002G9UDYG
135,AGJLTVLDESLWFB6NXPDJSFYCKM3Q,"July 6, 2016","Good Products, works perfect for my needs.","I have not put it in use yet but did test them, no leaks so so far so good. I bought this product at it was better price then buying 2 stand alone canisters. The metal part on top is easily removable and the 2 canisters can be detached from one another to become 2 separate canisters.

I am using one for the sediment filter, then the 2 on the original RO unit will have a carbon block each, and then the 2nd one from this unit will have the DI resin, and finally water into the bucket.

I see no difference between this item and more expensive ones.

Only downside is it only comes with two 1/4"" quick release and for what I am doing I need 4, but no big deal, just ordered the size I needed on Amazon.com. The unit comes with a few different size connections of 2 each, but would be nice if they let you choose the size you need and how many, would cut down on waste as I don't need the other sizes for anything so likely will end up in the trash.

Good item for adding on to an existing RO unit, or if you just need a sediment and carbon block but no RO membrane.

No complaints, and I consider this a good product.

Update: I have had this unit a couple months now and still going strong, no issues at all.",yes,0,5.0,https://www.amazon.ca/Aquatic-Canister-System-Aquariums-10-Inch/dp/B00JZIDHZS/ref=cm_cr_srp_d_product_top?ie=UTF8,2020-09-18 17:55:39.446945,2020-09-18 17:55:45.693441,Zoe,Clothing & Accessories,B002G9UDYG
136,AGJLTVLDESLWFB6NXPDJSFYCKM3Q,"July 6, 2016","Good, dog uses it, they don't leak.","For the price they are good, and the price point is good. Compared to the pet stores ultra high prices, these are a perfect compromise. Dog uses them, they don't leak all over the place, and they are an affordable price, will be buying again.",yes,0,4.0,https://www.amazon.ca/American-Kennel-Club-Training-25-Pack/dp/B00BBTTIAW/ref=cm_cr_srp_d_product_top?ie=UTF8,2020-09-18 17:55:54.787030,2020-09-18 17:56:04.111154,Zoe,Clothing & Accessories,B002G9UDYG
137,AGJLTVLDESLWFB6NXPDJSFYCKM3Q,"July 4, 2016",Good maker.,"Still working almost 3 years later, works well, no issues.",yes,One,4.0,https://www.amazon.ca/Hamilton-Beach-Stay-Thermal-Coffeemaker/dp/B000R8E7UO/ref=cm_cr_srp_d_product_top?ie=UTF8,2020-09-18 17:56:13.201485,2020-09-18 17:56:21.453829,Zoe,Clothing & Accessories,B002G9UDYG
138,AGJLTVLDESLWFB6NXPDJSFYCKM3Q,"July 4, 2016",A+,Nice oil. Good quality.,yes,0,5.0,https://www.amazon.ca/Alpha-Organic-Virgin-Pressed-Coconut/dp/B00KM9UHDY/ref=cm_cr_srp_d_product_top?ie=UTF8,2020-09-18 17:56:29.546370,2020-09-18 17:56:38.769752,Zoe,Clothing & Accessories,B002G9UDYG
139,AGJLTVLDESLWFB6NXPDJSFYCKM3Q,"July 4, 2016","Save time and money, don't buy this.","Was no good, poorly made, did not work. Ended up returning it.",yes,0,1.0,https://www.amazon.ca/Docooler%C2%AE-Universal-Bluetooth-Intelligent-Pedometer/dp/B00UJ1PWR6/ref=cm_cr_srp_d_product_top?ie=UTF8,2020-09-18 17:56:48.865723,2020-09-18 17:56:57.245312,Zoe,Clothing & Accessories,B002G9UDYG
140,AGJLTVLDESLWFB6NXPDJSFYCKM3Q,"July 4, 2016",Poptarts,"They are pop tarts, they taste like pop tarts, same as the store but better price.",yes,0,4.0,https://www.amazon.ca/Kelloggs-PopTarts-Jumbo-24-Count-1-2kg/dp/B00NIG6ZZ2/ref=cm_cr_srp_d_product_top?ie=UTF8,2020-09-18 17:57:07.337560,2020-09-18 17:57:16.607453,Zoe,Clothing & Accessories,B002G9UDYG
141,AGJLTVLDESLWFB6NXPDJSFYCKM3Q,"July 4, 2016",Awesome!,"I bought this light as I read decent things about it on various forums, and the photos of tanks with it, looked awesome. So when I saw it on sale on amazon I decided to give it a go since the stock light on the Fluval M40 is no good.

This light is awesome, provides plenty of options, makes the colors of the fish and corals pop, fairly easy to use and set up through either the website or phone app.

The only down side is the fact the company who makes it does not include anyway to mount the light, so you have to pay another $40 or so for the mount. But the light is nice, looks well made, feels well made, and so far so good.

I will update this review in a couple months once the light has been running.",no,2,5.0,https://www.amazon.ca/AquaIllumination-Prime-LED-Light-White/dp/B00ON2GKMS/ref=cm_cr_srp_d_product_top?ie=UTF8,2020-09-18 17:57:25.709683,2020-09-18 17:57:33.971125,Zoe,Clothing & Accessories,B002G9UDYG
142,AGJLTVLDESLWFB6NXPDJSFYCKM3Q,"June 22, 2016",Works well.,"Update: Sept 3, 2016

As time has passed this item becomes less and less accurate and the screw to calibrate it also has become near impossible to turn.

Overall, I would say long term this item is not consistent nor accurate. Works great at first then starts to go wonky with time.

So far so good. Seems to work just as good as the pricey ""pet store"" branded ones. Honestly I think these may all be made in the same place, but who knows. I do know this works, and is easy to use and calibrate. I am glad I opted for this one rather then spending 65 dollars at the local fish store, this one looks identical to the one they are selling, I cannot tell any difference between the 2.

I know another review said it had no instructions included in English, however mine came with detailed instructions in English on how to use and calibrate the device. If you don't see instructions check under the foam in the storage case as that is where mine was, kind of hard to see but they should be there under the foam, but even without instructions google how and it will be more or less the same, simple turn of a screw and some distilled water,.",yes,0,2.0,https://www.amazon.ca/Salinity-Saltwater-Refractometer-Aquarium-Hydrometer/dp/B00LAXXYLI/ref=cm_cr_srp_d_product_top?ie=UTF8,2020-09-18 17:57:41.066208,2020-09-18 17:57:48.333231,Zoe,Clothing & Accessories,B002G9UDYG
143,AGJLTVLDESLWFB6NXPDJSFYCKM3Q,"June 22, 2016",It works.,It works as advertised.,yes,0,4.0,https://www.amazon.ca/Seachem-Carbonate-250ml-8-5-Fluid-Ounce/dp/B0002DGM6G/ref=cm_cr_srp_d_product_top?ie=UTF8,2020-09-18 17:57:58.427297,2020-09-18 17:58:06.710041,Zoe,Clothing & Accessories,B002G9UDYG
144,AGJLTVLDESLWFB6NXPDJSFYCKM3Q,"June 22, 2016",Not worth it. Get a Tunze or another well known brand with a long history in making skimmers.,"After trying to get this thing to work, it's either defective or just junk. I expect some micro bubbles, but not at the rate this thing makes them, never had a skimmer produce so many bubbles before. It also doesn't have a good seal around the collection cup, so bubbles and water leak out there, and it skims pretty poorly.",yes,0,1.0,https://www.amazon.ca/Aquatic-Internal-Protein-Skimmer-30-Gallon/dp/B0028BPRMA/ref=cm_cr_srp_d_product_top?ie=UTF8,2020-09-18 17:58:13.805849,2020-09-18 17:58:21.079841,Zoe,Clothing & Accessories,B002G9UDYG
145,AGJLTVLDESLWFB6NXPDJSFYCKM3Q,"June 20, 2016","Plants are health and growing well, good product.","Plants have never been healthier, I add 1/2 the dose once a week and so far after a couple months of use, good plant growth and color and no issues with algae.",yes,0,5.0,https://www.amazon.ca/Seachem-Flourish-Trace-Elements-250ml/dp/B0002APJL8/ref=cm_cr_srp_d_product_top?ie=UTF8,2020-09-18 17:58:29.171983,2020-09-18 17:58:37.453245,Zoe,Clothing & Accessories,B002G9UDYG
146,AGJLTVLDESLWFB6NXPDJSFYCKM3Q,"June 20, 2016",Better then the originals that came with unit.,"They work, they fit, very basic item so not much to review.",yes,0,5.0,https://www.amazon.ca/Aquatic-Buddie-Fit-Press-4-Inch-Thread/dp/B00EPV4AWY/ref=cm_cr_srp_d_product_top?ie=UTF8,2020-09-18 17:58:47.538432,2020-09-18 17:58:54.803498,Zoe,Clothing & Accessories,B002G9UDYG
147,AGJLTVLDESLWFB6NXPDJSFYCKM3Q,"June 20, 2016","Seems to work, no issues.","I realized with some searching online you don't need the entire kit that is sold for a higher price if your like me and already have more test tubes then you will ever need, so bought the replacement instead and simply found the instructions online, far more cost effective way to get some of these tests when all you need is the reagent.",yes,2,5.0,https://www.amazon.ca/NutraFin-Carbonate-Hardness-Reagent-Aquarium/dp/B004PBAWXU/ref=cm_cr_srp_d_product_top?ie=UTF8,2020-09-18 17:59:03.895766,2020-09-18 17:59:11.152680,Zoe,Clothing & Accessories,B002G9UDYG
148,AGJLTVLDESLWFB6NXPDJSFYCKM3Q,"June 20, 2016","It's a battery, it works.","It's a battery, it works, so what more can you ask for.",yes,0,5.0,https://www.amazon.ca/Energizer-ECT1620BP-ECR1620BPElectronic-Lithium-3V/dp/B00004YK0V/ref=cm_cr_srp_d_product_top?ie=UTF8,2020-09-18 17:59:21.239870,2020-09-18 17:59:29.508039,Zoe,Clothing & Accessories,B002G9UDYG
149,AGJLTVLDESLWFB6NXPDJSFYCKM3Q,"June 16, 2016",Good Quality,Does the job. Quality is better then the original elbows that came with the unit I have. (unit not made by this company) so no complaints.,yes,0,4.0,https://www.amazon.ca/Aquatic-Buddie-500253-4-Inch-Tube-Fitting/dp/B00EPV45WY/ref=cm_cr_srp_d_product_top?ie=UTF8,2020-09-18 17:59:39.602020,2020-09-18 17:59:47.894093,Zoe,Clothing & Accessories,B002G9UDYG
150,AGJLTVLDESLWFB6NXPDJSFYCKM3Q,"June 4, 2016",Would not buy again.,"Not the easiest kit to use and read the results, also found the directions to not be all that clear.",yes,0,2.0,https://www.amazon.ca/Salifert-KH-Alkalinity-Test-Kit/dp/B001EJ3DOG/ref=cm_cr_srp_d_product_top?ie=UTF8,2020-09-18 17:59:56.986038,2020-09-18 18:00:04.239094,Zoe,Clothing & Accessories,B002G9UDYG
151,AGJLTVLDESLWFB6NXPDJSFYCKM3Q,"June 1, 2016",Does the job.,Does the job. Good value. No complaints.,yes,0,5.0,https://www.amazon.ca/JW-Pet-Company-Insight-Cuttlebone/dp/B000CMKHSQ/ref=cm_cr_srp_d_product_top?ie=UTF8,2020-09-18 18:00:11.334236,2020-09-18 18:00:20.606201,Zoe,Clothing & Accessories,B002G9UDYG
152,AGJLTVLDESLWFB6NXPDJSFYCKM3Q,"June 1, 2016","Works well, consistent readings.","Works well, good value. The reading it gives is consistent with what the monthly city water reports so seems to be working perfectly. I've used pricier models in the past and this one seems just as good as those. So far no complaints at all.",yes,0,5.0,https://www.amazon.ca/dp/B00X735CZ0/ref=cm_cr_srp_d_product_top?ie=UTF8,2020-09-18 18:00:30.695698,2020-09-18 18:00:39.950644,Zoe,Clothing & Accessories,B002G9UDYG
153,AGJLTVLDESLWFB6NXPDJSFYCKM3Q,"March 29, 2016",Good for thr price,So far so good. Seems to work well so far. Quality seems good. Only been running a few days but will update if anything goes wrong. Seems to be better quality then name brand ones like Fluval.,yes,0,4.0,https://www.amazon.ca/Rhinox-Plastic-Bubble-Counter-Aquarium/dp/B00XRPIX9A/ref=cm_cr_srp_d_product_top?ie=UTF8,2020-09-18 18:00:48.047409,2020-09-18 18:00:55.357299,Zoe,Clothing & Accessories,B002G9UDYG
154,AGJLTVLDESLWFB6NXPDJSFYCKM3Q,"April 24, 2015",Dog loves it.,Dog actually doesn't mind this product and will finally let me brush her teeth.,yes,0,5.0,https://www.amazon.ca/Burts-Bees-Multicare-Dental-4-Ounce/dp/B00CEY5C1C/ref=cm_cr_srp_d_product_top?ie=UTF8,2020-09-18 18:01:05.452142,2020-09-18 18:01:11.747074,Zoe,Clothing & Accessories,B002G9UDYG
