,author_id,date_review_posted,review_title,reviews,verified_purchase,people_find_helpful,ratings,product_url,start,end,reviewer_name,product_category,product_id
0,AGQC6XKGHJWNNB7QIHR7OGPUWOPQ,"September 14, 2020",will be buying again,nothing to hate bout this,yes,0,5.0,https://www.amazon.ca/NIVEA-Revitalizing-Body-Lotion-Normal/dp/B00FSBBBPO/ref=cm_cr_srp_d_product_top?ie=UTF8,2020-09-18 22:51:54.713310,2020-09-18 22:52:03.977203,Bryon,Clothing & Accessories,B002G9UDYG
1,AGQC6XKGHJWNNB7QIHR7OGPUWOPQ,"September 14, 2020",its ok,nothing to hate bout this,yes,0,5.0,https://www.amazon.ca/Zeking-Anti-Scratch-Protective-Compatible-Transparent/dp/B07P7HX6WF/ref=cm_cr_srp_d_product_top?ie=UTF8,2020-09-18 22:52:11.072721,2020-09-18 22:52:18.348229,Bryon,Clothing & Accessories,B002G9UDYG
2,AGQC6XKGHJWNNB7QIHR7OGPUWOPQ,"September 14, 2020",You can find better if not for the same price,"Front cover does scratch kinda easy, other con is the rubber that goes into usb c after your dont charging you phone it won't go in side and stay, about three long press it will eventually stay in for the most part..",yes,0,5.0,https://www.amazon.ca/Samsung-i-Blason-Full-Body-Protector-Blue/dp/B079BR6MPH/ref=cm_cr_srp_d_product_top?ie=UTF8,2020-09-18 22:52:25.439804,2020-09-18 22:52:33.700392,Bryon,Clothing & Accessories,B002G9UDYG
3,AGQC6XKGHJWNNB7QIHR7OGPUWOPQ,"September 10, 2020",Best for any situation,"Omg best thing ever to bring camping... strong enough it won't rip on you... bum feels very happy after each use... Ppl you have to buy this, you'll be thanking me later...",yes,0,5.0,https://www.amazon.ca/Wipes-Flushable-Single-Moist-Count/dp/B008LXBZF2/ref=cm_cr_srp_d_product_top?ie=UTF8,2020-09-18 22:52:40.793715,2020-09-18 22:52:49.085417,Bryon,Clothing & Accessories,B002G9UDYG
4,AGQC6XKGHJWNNB7QIHR7OGPUWOPQ,"September 10, 2020",Best inflatable pillow I've tried,"Love this pillow, only con I could find was I wish the hole for your ear was in the middle, doesn't make any sense to have two ear holes one the far ends of the pillow, had to defeat alot so my head could get comfortable in middle...",yes,0,5.0,https://www.amazon.ca/Klymit-Pillow-Luxurious-Cover-X-Large/dp/B01LTEDRVE/ref=cm_cr_srp_d_product_top?ie=UTF8,2020-09-18 22:52:58.182633,2020-09-18 22:53:07.473397,Bryon,Clothing & Accessories,B002G9UDYG
5,AGQC6XKGHJWNNB7QIHR7OGPUWOPQ,"September 7, 2020",waste of money..,"ya doesn't work, don't waste your money on this..",yes,0,1.0,https://www.amazon.ca/BLUEXIN-3-5mm-Audio-Female-Converter/dp/B07Z2FHV39/ref=cm_cr_srp_d_product_top?ie=UTF8,2020-09-18 22:53:15.565818,2020-09-18 22:53:24.856474,Bryon,Clothing & Accessories,B002G9UDYG
6,AGQC6XKGHJWNNB7QIHR7OGPUWOPQ,"September 7, 2020",Powerbank needed for high volumes,"☆☆
Not too happy, end up buying 3 of these to find out battery life sucks, went camping sept long weekend to find out i basically had to plug these into my power bank the whole time I was there... 12hrs of battery life.... ah no, more like 4hrs.. I understand volume on full blast can eat a bunch of the battery but.... but..... the sound quality and bass is very impressive, should've saved up for the soundcore 2, I hear such good things bout that one...

Update☆☆☆☆
5 stars for Customer service... Anker has reached out to me and gave me an upgrad for my trouble, so the soundcore 2 I must say has an amazing battery life but the sound quality is nothing like the icon... At the end of the day I'd rather have the soundcore 2 its super solid and battery life is what I'm looking for, and with ok sound..
First time I had anything negative to say about anker products and they made it right, nice to see a company that stands behind there products and want to make the customer happy...",yes,0,4.0,https://www.amazon.ca/Soundcore-Waterproof-Adventures-Wilderness-Resistance/dp/B07NN4JH1R/ref=cm_cr_srp_d_product_top?ie=UTF8,2020-09-18 22:53:33.945180,2020-09-18 22:53:40.194682,Bryon,Clothing & Accessories,B002G9UDYG
7,AGQC6XKGHJWNNB7QIHR7OGPUWOPQ,"August 26, 2020",better then other brands,Works great I highly recommend,yes,0,5.0,https://www.amazon.ca/BigBlue-Charger-Digital-Waterproof-Foldable/dp/B075FR89CX/ref=cm_cr_srp_d_product_top?ie=UTF8,2020-09-18 22:53:49.292029,2020-09-18 22:53:56.671250,Bryon,Clothing & Accessories,B002G9UDYG
8,AGQC6XKGHJWNNB7QIHR7OGPUWOPQ,"August 17, 2020",Does the job,not the best quality but it works,yes,0,5.0,https://www.amazon.ca/TEKTON-Wrench-Metric-13-Piece-25242/dp/B00I5TGZVG/ref=cm_cr_srp_d_product_top?ie=UTF8,2020-09-18 22:54:05.765373,2020-09-18 22:54:12.078287,Bryon,Clothing & Accessories,B002G9UDYG
9,AGQC6XKGHJWNNB7QIHR7OGPUWOPQ,"August 17, 2020",not bad,Entertaining,yes,0,5.0,https://www.amazon.ca/gp/video/ssoredirect/?ru=https://app.primevideo.com/detail%3Fgti%3Damzn1.dv.gti.20b35151-b48a-523d-5ff3-b8f1cc8e91e4%26ref_%3Ddvm_src_ret_ca_xx_s&page-type-id=B089CLJJYN/ref=cm_cr_srp_d_product_top?ie=UTF8,2020-09-18 22:54:22.168748,2020-09-18 22:54:28.468220,Bryon,Clothing & Accessories,B002G9UDYG
10,AGQC6XKGHJWNNB7QIHR7OGPUWOPQ,"August 17, 2020",don't waste your money on this one...,"Water filter didn't even last 30days... water taste exactly the same as my tap water.. easy to install, and better tap water flow rate.. really wanted to like this...",yes,0,1.0,https://www.amazon.ca/FM2500V-Classic-Faucet-Mount-Filter/dp/B07MLSVLZH/ref=cm_cr_srp_d_product_top?ie=UTF8,2020-09-18 22:54:37.564247,2020-09-18 22:54:43.840217,Bryon,Clothing & Accessories,B002G9UDYG
11,AGQC6XKGHJWNNB7QIHR7OGPUWOPQ,"August 14, 2020",Its a name you can trust on,Wear this brand only cause its built to last..,yes,0,5.0,https://www.amazon.ca/Carhartt-Workwear-T-Shirt-Original-4X-Large/dp/B000G77J6K/ref=cm_cr_srp_d_product_top?ie=UTF8,2020-09-18 22:54:51.934728,2020-09-18 22:54:58.216170,Bryon,Clothing & Accessories,B002G9UDYG
12,AGQC6XKGHJWNNB7QIHR7OGPUWOPQ,"August 14, 2020",Would never buy these again,"First off its pretty much a hand wipe but an upgrade to cloth of some kind..
Does clean pretty well, doesn't fold into itself when cleaning your face or arms, if that makes sense...
My only Con is the smell, apparently I have 4 more months left to expiration date.. So this smell to me is somewhere between baby Diarrhea and or that smell when you leave your wet clothes in a washer machine for couple of days... After you wash your face your kinda like guessing where you have smelled this before...
I'll be staying with dude wipes, they cost more but atleast you feel clean afterwards with no smell...",yes,One,2.0,https://www.amazon.ca/Combat-Wipes-Camouflage-Biodegradable-Backpacking/dp/B0763KD8QP/ref=cm_cr_srp_d_product_top?ie=UTF8,2020-09-18 22:55:08.303285,2020-09-18 22:55:16.639352,Bryon,Clothing & Accessories,B002G9UDYG
13,AGQC6XKGHJWNNB7QIHR7OGPUWOPQ,"August 10, 2020",Hikers dream,"After a year of use not one problem... easy to clean, fast flow rate..",yes,0,5.0,https://www.amazon.ca/Katadyn-Transparent-Lightweight-Backpacking-Preparedness/dp/B075TTTX2R/ref=cm_cr_srp_d_product_top?ie=UTF8,2020-09-18 22:55:25.729650,2020-09-18 22:55:32.994759,Bryon,Clothing & Accessories,B002G9UDYG
14,AGQC6XKGHJWNNB7QIHR7OGPUWOPQ,"August 4, 2020",Its ok,"Not a bad bell, works good.. It's kinda big for not that big sound..
Only con and most bells this style have the same issue is the part that actually hits the bell sometimes it moves outta place and you have to adjust it before it works, simple superglue fixed that problem...",yes,One,4.0,https://www.amazon.ca/Cycling-Lightweight-22-2-31mm-Handlebar-Aluminum/dp/B08BQJ3ZNJ/ref=cm_cr_srp_d_product_top?ie=UTF8,2020-09-18 22:55:43.090019,2020-09-18 22:55:52.380603,Bryon,Clothing & Accessories,B002G9UDYG
15,AGQC6XKGHJWNNB7QIHR7OGPUWOPQ,"August 3, 2020",Thumbs up,"Kinda expensive I think, works good, had them for a few months now and still going strong..",yes,0,5.0,https://www.amazon.ca/Expo-Low-Odor-8-Piece-Assorted-80078/dp/B00006IFIL/ref=cm_cr_srp_d_product_top?ie=UTF8,2020-09-18 22:56:01.465830,2020-09-18 22:56:08.767770,Bryon,Clothing & Accessories,B002G9UDYG
16,AGQC6XKGHJWNNB7QIHR7OGPUWOPQ,"August 3, 2020",6 stars,"Wow factor...
Was using flat bars on my norco charger and was having shoulder and wrist pain, decided to get a raised bar and big difference.. This bar is what I needed. I highly recommend buying this..",yes,0,5.0,https://www.amazon.ca/Wake-Aluminium-Mountain-Handlebar-Bicycle/dp/B07G8T17VV/ref=cm_cr_srp_d_product_top?ie=UTF8,2020-09-18 22:56:16.862677,2020-09-18 22:56:25.133094,Bryon,Clothing & Accessories,B002G9UDYG
17,AGQC6XKGHJWNNB7QIHR7OGPUWOPQ,"August 2, 2020",Backpackers dream,Like these so much I got these for all 4 of my tents.. super strong and lightweight..,yes,0,5.0,https://www.amazon.ca/Geertop-Aluminum-Lightweight-Tent-Reflective/dp/B07D89YM4J/ref=cm_cr_srp_d_product_top?ie=UTF8,2020-09-18 22:56:32.220451,2020-09-18 22:56:41.471552,Bryon,Clothing & Accessories,B002G9UDYG
18,AGQC6XKGHJWNNB7QIHR7OGPUWOPQ,"August 2, 2020",Nice touch for the sink,"Looks nice in the sink, also can take off the metal hanger if needed.. no rust, easy to clean..",yes,0,5.0,https://www.amazon.ca/simplehuman-Caddy-Brushed-Stainless-Steel/dp/B003VWL6TI/ref=cm_cr_srp_d_product_top?ie=UTF8,2020-09-18 22:56:50.559848,2020-09-18 22:57:00.073691,Bryon,Clothing & Accessories,B002G9UDYG
19,AGQC6XKGHJWNNB7QIHR7OGPUWOPQ,"August 2, 2020",Will buy more if needed,Nothing wrong with these,yes,0,5.0,https://www.amazon.ca/Fruit-Loom-Briefs-Assorted-Colors/dp/B07PLCZQH9/ref=cm_cr_srp_d_product_top?ie=UTF8,2020-09-18 22:57:07.240838,2020-09-18 22:57:14.501392,Bryon,Clothing & Accessories,B002G9UDYG
20,AGQC6XKGHJWNNB7QIHR7OGPUWOPQ,"August 2, 2020",No complaints,"These are the perfect socks, my other pair have lasted me over 8months with no issues..",yes,0,5.0,https://www.amazon.ca/Hanes-X-Temp-Comfort-Socks-Black/dp/B013C6J8GK/ref=cm_cr_srp_d_product_top?ie=UTF8,2020-09-18 22:57:23.608785,2020-09-18 22:57:32.006491,Bryon,Clothing & Accessories,B002G9UDYG
21,AGQC6XKGHJWNNB7QIHR7OGPUWOPQ,"August 2, 2020",Dollar store toy,"Would work better if clear tube was a bit longer, my son ends up cutting off the water cause he has his arms straight..",yes,0,4.0,https://www.amazon.ca/Little-Kids-838-Patrol-Rescue/dp/B00U2RWHEI/ref=cm_cr_srp_d_product_top?ie=UTF8,2020-09-18 22:57:39.103296,2020-09-18 22:57:45.426267,Bryon,Clothing & Accessories,B002G9UDYG
22,AGQC6XKGHJWNNB7QIHR7OGPUWOPQ,"August 2, 2020",Great for food and clothes,"Love this bag, super strong and looks great.. p.s camo works little to good in the bush, took me over an hour to find my bear bag, now using bright 550 cord lol..",yes,0,5.0,https://www.amazon.ca/Aqua-Quest-Rogue-Dry-Bags/dp/B005FH1PJI/ref=cm_cr_srp_d_product_top?ie=UTF8,2020-09-18 22:57:54.512927,2020-09-18 22:58:02.844042,Bryon,Clothing & Accessories,B002G9UDYG
23,AGQC6XKGHJWNNB7QIHR7OGPUWOPQ,"July 21, 2020",Get your son a better watch,"Was good for a whole 1hr, my 4 year old never wore it again..
Hard to get it up and going, and once we got it all good a day later we couldn't set it up again..
Maybe we got a lemon..",yes,0,2.0,https://www.amazon.ca/VTech-Catboy-Learning-English-Version/dp/B0765ZFGDK/ref=cm_cr_srp_d_product_top?ie=UTF8,2020-09-18 22:58:09.940843,2020-09-18 22:58:16.200839,Bryon,Clothing & Accessories,B002G9UDYG
24,AGQC6XKGHJWNNB7QIHR7OGPUWOPQ,"July 21, 2020",Must have for edc,"Awsm little flashlight, pretty bright, good battery life, if this ever broke I would definitely have to buy another one..",yes,0,5.0,https://www.amazon.ca/Olight-I3T-Dual-Output-Flashlight-Powered/dp/B07DQKV38W/ref=cm_cr_srp_d_product_top?ie=UTF8,2020-09-18 22:58:23.300874,2020-09-18 22:58:29.610493,Bryon,Clothing & Accessories,B002G9UDYG
25,AGQC6XKGHJWNNB7QIHR7OGPUWOPQ,"July 21, 2020",Stick to the 101 book,"The 101 book I find really interesting, so got this book thinking there was going to be a wow factor, but after 2mins of going through the book I've yet to pick it up again.",yes,One,3.0,https://www.amazon.ca/Bushcraft-Illustrated-Visual-Dave-Canterbury/dp/1507209029/ref=cm_cr_srp_d_product_top?ie=UTF8,2020-09-18 22:58:39.709513,2020-09-18 22:58:49.016130,Bryon,Clothing & Accessories,B002G9UDYG
26,AGQC6XKGHJWNNB7QIHR7OGPUWOPQ,"July 21, 2020",Need some improvements,Got a 4xl and kinda snug in some places.. if you take the tags off good luck finding the front of the shirt until you try it on..,yes,0,4.0,https://www.amazon.ca/Hanes-Short-Sleeve-Beefy-T-4X-Large/dp/B00JUM8WEU/ref=cm_cr_srp_d_product_top?ie=UTF8,2020-09-18 22:58:57.109290,2020-09-18 22:59:03.406497,Bryon,Clothing & Accessories,B002G9UDYG
27,AGQC6XKGHJWNNB7QIHR7OGPUWOPQ,"July 21, 2020",Does a hell of a good job,"Got this for my norco charger 9.3 and fits fine, doesn't slide around.. My bottom is not sore anymore thanks to this",yes,0,5.0,https://www.amazon.ca/AutoWT-Comfortable-Exercise-Mountain-Resistant/dp/B07MV2YFM2/ref=cm_cr_srp_d_product_top?ie=UTF8,2020-09-18 22:59:12.497925,2020-09-18 22:59:18.782095,Bryon,Clothing & Accessories,B002G9UDYG
28,AGQC6XKGHJWNNB7QIHR7OGPUWOPQ,"July 20, 2020",Not 32g,Was not 32g... was 28.8 or something but does work..,yes,0,4.0,https://www.amazon.ca/Sandisk-SDSQUAR-032G-GN6MA-Ultra-Micro-Adapter/dp/B073JWXGNT/ref=cm_cr_srp_d_product_top?ie=UTF8,2020-09-18 22:59:25.877921,2020-09-18 22:59:34.145400,Bryon,Clothing & Accessories,B002G9UDYG
29,AGQC6XKGHJWNNB7QIHR7OGPUWOPQ,"July 20, 2020",Not bad,Little weird to sleep on at first.. no smell..,yes,0,5.0,https://www.amazon.ca/St-teil-Natural-Breathable-Thailand-UltraSlim/dp/B07MFG3CD5/ref=cm_cr_srp_d_product_top?ie=UTF8,2020-09-18 22:59:44.233843,2020-09-18 22:59:50.542108,Bryon,Clothing & Accessories,B002G9UDYG
30,AGQC6XKGHJWNNB7QIHR7OGPUWOPQ,"July 20, 2020",Great product,"Works great, found out my floor was not done correctly, make sure before you stick it that it will glide smoothly or wont work, had to add super glue only cause my floor is uneven..",yes,0,5.0,https://www.amazon.ca/Stopper-Interior-Blocker-Soundproof-Stripping/dp/B07PHDD596/ref=cm_cr_srp_d_product_top?ie=UTF8,2020-09-18 22:59:59.636672,2020-09-18 23:00:07.940619,Bryon,Clothing & Accessories,B002G9UDYG
31,AGQC6XKGHJWNNB7QIHR7OGPUWOPQ,"July 20, 2020",Must have for little kids,Son loves this.. very sturdy and grippy...,yes,0,5.0,https://www.amazon.ca/Nickelodeon-Patrol-2-Tier-Step-Stool/dp/B01BGU714K/ref=cm_cr_srp_d_product_top?ie=UTF8,2020-09-18 23:00:15.038660,2020-09-18 23:00:22.333526,Bryon,Clothing & Accessories,B002G9UDYG
32,AGQC6XKGHJWNNB7QIHR7OGPUWOPQ,"July 20, 2020",Very happy with this...,"Nothing wrong with this, works great, a must buy",yes,0,5.0,https://www.amazon.ca/Kingsdun-Screwdriver-Precision-Pentalobe-Eyeglasses/dp/B07D6GVN9C/ref=cm_cr_srp_d_product_top?ie=UTF8,2020-09-18 23:00:32.427841,2020-09-18 23:00:40.716995,Bryon,Clothing & Accessories,B002G9UDYG
33,AGQC6XKGHJWNNB7QIHR7OGPUWOPQ,"July 20, 2020",Has to be the rite grill,"This is a great brush, but not made for my grill.. Going back to the old school brush..",yes,0,3.0,https://www.amazon.ca/Grill-Brush-100-Safe-Bristle/dp/B07C5WZ5XG/ref=cm_cr_srp_d_product_top?ie=UTF8,2020-09-18 23:00:50.812606,2020-09-18 23:00:59.111824,Bryon,Clothing & Accessories,B002G9UDYG
34,AGQC6XKGHJWNNB7QIHR7OGPUWOPQ,"July 20, 2020",Pretty decent rotors,"They look pretty good on my norco charger 9.3... took some nail polish remover to them just to be safe and make them clean and yes they do a decent job, happy with the purchase..",yes,One,5.0,https://www.amazon.ca/BNVB-Rotors%EF%BC%8C2Pcs-Stainless-Bicycle-Mountain/dp/B0828D4MYC/ref=cm_cr_srp_d_product_top?ie=UTF8,2020-09-18 23:01:08.212140,2020-09-18 23:01:16.510080,Bryon,Clothing & Accessories,B002G9UDYG
35,AGQC6XKGHJWNNB7QIHR7OGPUWOPQ,"July 6, 2020",Last backpack you'll ever need,"Best backpack I've had to date, has some interesting features will buy again but this is built like a tank..",yes,0,5.0,https://www.amazon.ca/SOG-Opord-Tactical-39-1-Liter-Storage/dp/B01346K5FQ/ref=cm_cr_srp_d_product_top?ie=UTF8,2020-09-18 23:01:26.608047,2020-09-18 23:01:33.896070,Bryon,Clothing & Accessories,B002G9UDYG
36,AGQC6XKGHJWNNB7QIHR7OGPUWOPQ,"July 6, 2020",Good for young kids,My kids 4 and loves this thing and our tablet hasn't broke yet lol,yes,0,5.0,https://www.amazon.ca/BMOUO-Samsung-SM-T387-Shockproof-Protective/dp/B07HSVBFPB/ref=cm_cr_srp_d_product_top?ie=UTF8,2020-09-18 23:01:40.996384,2020-09-18 23:01:49.272088,Bryon,Clothing & Accessories,B002G9UDYG
37,AGQC6XKGHJWNNB7QIHR7OGPUWOPQ,"July 6, 2020",Crooked seat,It's very nice but doesnt sit straight,yes,0,4.0,https://www.amazon.ca/Mayfair-Easy-Clean-Elongated-144ECA-000/dp/B00004T15F/ref=cm_cr_srp_d_product_top?ie=UTF8,2020-09-18 23:01:58.366605,2020-09-18 23:02:06.632386,Bryon,Clothing & Accessories,B002G9UDYG
38,AGQC6XKGHJWNNB7QIHR7OGPUWOPQ,"July 6, 2020",It's a pillow case,Very nice.,yes,0,5.0,https://www.amazon.ca/uxcell%C2%AE-Pillow-Microfiber-Pillowcases-Pillows/dp/B07L31NJ5F/ref=cm_cr_srp_d_product_top?ie=UTF8,2020-09-18 23:02:15.714567,2020-09-18 23:02:22.000889,Bryon,Clothing & Accessories,B002G9UDYG
39,AGQC6XKGHJWNNB7QIHR7OGPUWOPQ,"July 6, 2020",Does the job,Can't compare it to anything so I'm sure it works pretty good cause i keep buying it..,yes,0,5.0,https://www.amazon.ca/Whirlpool-Affresh-Washer-Cleaner-3-Tablets/dp/B00132Q9M2/ref=cm_cr_srp_d_product_top?ie=UTF8,2020-09-18 23:02:32.099163,2020-09-18 23:02:38.403718,Bryon,Clothing & Accessories,B002G9UDYG
40,AGQC6XKGHJWNNB7QIHR7OGPUWOPQ,"July 6, 2020",Love it,"It's the only hair gel I use, does a very good job holding my thick hair down and in place even on a hot day..",yes,0,5.0,https://www.amazon.ca/got2b-Invincible-Styling-Milliliter-1986310/dp/B0036RFMCA/ref=cm_cr_srp_d_product_top?ie=UTF8,2020-09-18 23:02:48.498375,2020-09-18 23:02:54.811500,Bryon,Clothing & Accessories,B002G9UDYG
41,AGQC6XKGHJWNNB7QIHR7OGPUWOPQ,"July 6, 2020",Very good tire gauge,"Can't find anything bad to say, which is a good thing.. maybe when the battery dies mite be an issue since I dont think you can change it out unless you take apart...",yes,0,5.0,https://www.amazon.ca/SAFELIFE-Digital-Pressure-Settings-Non-Slip/dp/B07DLLHDXY/ref=cm_cr_srp_d_product_top?ie=UTF8,2020-09-18 23:03:01.896507,2020-09-18 23:03:11.147105,Bryon,Clothing & Accessories,B002G9UDYG
42,AGQC6XKGHJWNNB7QIHR7OGPUWOPQ,"July 6, 2020",Very light brown when dry..,Does what its supposed to do...,yes,0,5.0,https://www.amazon.ca/LePage-Tinted-Filler-Mahogany-393938/dp/B019GIS486/ref=cm_cr_srp_d_product_top?ie=UTF8,2020-09-18 23:03:18.238451,2020-09-18 23:03:24.507912,Bryon,Clothing & Accessories,B002G9UDYG
43,AGQC6XKGHJWNNB7QIHR7OGPUWOPQ,"July 6, 2020",Worth it...,"Perfect in ever way...
Even baking banana bread which needs a 9in pan, my bread still turns out really well, very happy and super easy to clean..",yes,0,5.0,https://www.amazon.ca/Norpro-3952-Nonstick-Bread-12-Inch/dp/B000SSS4CA/ref=cm_cr_srp_d_product_top?ie=UTF8,2020-09-18 23:03:33.599001,2020-09-18 23:03:40.921465,Bryon,Clothing & Accessories,B002G9UDYG
44,AGQC6XKGHJWNNB7QIHR7OGPUWOPQ,"July 6, 2020",Pockets could be bigger..,"So pockets are super tiny, huge shorts but tiny pockets, left pocket stitching was messed up and end up ripping pocket, but I do like the shorts itself..",yes,0,3.0,https://www.amazon.ca/Southpole-Basic-Basketball-Shorts-Black/dp/B06XJFR392/ref=cm_cr_srp_d_product_top?ie=UTF8,2020-09-18 23:03:51.019372,2020-09-18 23:04:00.297755,Bryon,Clothing & Accessories,B002G9UDYG
45,AGQC6XKGHJWNNB7QIHR7OGPUWOPQ,"July 6, 2020",Oh Ya Buddy!,After viewing videos on these grips I'm so glad I got this for my norco mtb... dont even need gloves. Has a very good feel and grip the hand good...,yes,0,5.0,https://www.amazon.ca/Odi-Elite-Lockgrips-135mm-Black/dp/B01C5CRKQC/ref=cm_cr_srp_d_product_top?ie=UTF8,2020-09-18 23:04:09.387348,2020-09-18 23:04:16.647882,Bryon,Clothing & Accessories,B002G9UDYG
46,AGQC6XKGHJWNNB7QIHR7OGPUWOPQ,"July 6, 2020",Not the best..,"Minus one star only cause I think the back should be long just like the front, got a few bites on neck...
Easy to breathe, works better with a cap..",yes,0,4.0,https://www.amazon.ca/Bens-InvisiNet-Mosquito-Insect-Repellent/dp/B018ONPYBY/ref=cm_cr_srp_d_product_top?ie=UTF8,2020-09-18 23:04:23.741089,2020-09-18 23:04:32.026742,Bryon,Clothing & Accessories,B002G9UDYG
47,AGQC6XKGHJWNNB7QIHR7OGPUWOPQ,"July 6, 2020",Great shot glass,"It's a shot glass.
Dropped this a few times and not even a chip..",yes,0,5.0,https://www.amazon.ca/True-Fabrications-Shot-Glass-Clear/dp/B01COTOWGW/ref=cm_cr_srp_d_product_top?ie=UTF8,2020-09-18 23:04:39.116485,2020-09-18 23:04:45.415322,Bryon,Clothing & Accessories,B002G9UDYG
48,AGQC6XKGHJWNNB7QIHR7OGPUWOPQ,"July 6, 2020",Good cover,"Works great for 2 bikes, I can even fit my kids bike aswell.. going to buy more.",yes,0,5.0,https://www.amazon.ca/EUGO-Outdoor-Waterproof-Mountain-Electric/dp/B07C2S8188/ref=cm_cr_srp_d_product_top?ie=UTF8,2020-09-18 23:04:54.504508,2020-09-18 23:05:02.776008,Bryon,Clothing & Accessories,B002G9UDYG
49,AGQC6XKGHJWNNB7QIHR7OGPUWOPQ,"July 6, 2020",Must buy,"These things last for 24hrs, it's not so bright the next night but I'd say after 12 or 14hrs starts to get dim.. I always buy this yellow or the green.. best glow sticks on the market",yes,0,5.0,https://www.amazon.ca/Cyalume-SnapLight-Yellow-Light-Sticks/dp/B010S58BZM/ref=cm_cr_srp_d_product_top?ie=UTF8,2020-09-18 23:05:10.872614,2020-09-18 23:05:18.159556,Bryon,Clothing & Accessories,B002G9UDYG
50,AGQC6XKGHJWNNB7QIHR7OGPUWOPQ,"July 6, 2020",Dont waste your money,"Broke after two months, not happy... dont recommend this",yes,0,3.0,https://www.amazon.ca/Xpand-Release-Round-Lacing-Shoelaces-Elastic/dp/B07GBGVKWY/ref=cm_cr_srp_d_product_top?ie=UTF8,2020-09-18 23:05:25.252978,2020-09-18 23:05:32.563145,Bryon,Clothing & Accessories,B002G9UDYG
51,AGQC6XKGHJWNNB7QIHR7OGPUWOPQ,"July 6, 2020",Not bad,"Good box of fatwood, I would say 70% is good wood other 30% is not the best.. but all in all I would buy again if the price is right..",yes,0,4.0,https://www.amazon.ca/Fatwood-Color-Box-Pounds-Part/dp/B000OWF1E4/ref=cm_cr_srp_d_product_top?ie=UTF8,2020-09-18 23:05:40.655430,2020-09-18 23:05:48.939104,Bryon,Clothing & Accessories,B002G9UDYG
52,AGQC6XKGHJWNNB7QIHR7OGPUWOPQ,"July 6, 2020",Great sound bar for the price,"Very nice sound bar, good enough bass.. would buy again if I needed too...",yes,0,5.0,https://www.amazon.ca/Soundbar-BOMAKER-Subwoofer-Surround-Bluetooth/dp/B07RH13PLQ/ref=cm_cr_srp_d_product_top?ie=UTF8,2020-09-18 23:05:59.038686,2020-09-18 23:06:08.359550,Bryon,Clothing & Accessories,B002G9UDYG
53,AGQC6XKGHJWNNB7QIHR7OGPUWOPQ,"July 6, 2020",Good to have for everyday use...,"Yes this is a game changer... but only get maybe 7000mah from this, charges my s9 x2.5..",yes,0,5.0,https://www.amazon.ca/Anker-PowerCore-10000mAh-Portable-Delivery/dp/B07PXMF52C/ref=cm_cr_srp_d_product_top?ie=UTF8,2020-09-18 23:06:16.453381,2020-09-18 23:06:25.739185,Bryon,Clothing & Accessories,B002G9UDYG
54,AGQC6XKGHJWNNB7QIHR7OGPUWOPQ,"July 6, 2020",If no one will steal your doorbell then get this..,"So all in all this works great, best door bell ever...
One Con, the push button outside your house someone can easily steal this.. it just slides into place.. the previous one was actually stuck to your window, the thing would never come off..
Only reason I gave it 3 stars..",yes,0,3.0,https://www.amazon.ca/Wireless-Alierkin-Waterproof-Transmitter-Operating/dp/B01M9K1JBC/ref=cm_cr_srp_d_product_top?ie=UTF8,2020-09-18 23:06:33.830799,2020-09-18 23:06:40.116016,Bryon,Clothing & Accessories,B002G9UDYG
55,AGQC6XKGHJWNNB7QIHR7OGPUWOPQ,"July 6, 2020",Theres always light when you need it the most..,"Works good. Motion sensor comes and goes somtimes on the distance here and there, but theres always light to see..",yes,0,5.0,https://www.amazon.ca/Mr-Beams-MB310-Spotlight-Photocell/dp/B00LNGW92W/ref=cm_cr_srp_d_product_top?ie=UTF8,2020-09-18 23:06:48.211806,2020-09-18 23:06:54.471492,Bryon,Clothing & Accessories,B002G9UDYG
56,AGQC6XKGHJWNNB7QIHR7OGPUWOPQ,"July 6, 2020",Good brand,3in is super small but works fantastic..,yes,0,5.0,https://www.amazon.ca/%C3%9Cberleben-Starter-Bushcraft-Survival-Multi-Tool/dp/B07VXWDFLD/ref=cm_cr_srp_d_product_top?ie=UTF8,2020-09-18 23:07:04.564662,2020-09-18 23:07:10.841222,Bryon,Clothing & Accessories,B002G9UDYG
57,AGQC6XKGHJWNNB7QIHR7OGPUWOPQ,"July 6, 2020",Must have for bug out bag or camping,These are amazing sticks to feather off and get your fire going... they burn hot and last for a min or so depending on how much you take off.. Couple sparks from ferro rod and good to go.. I wish they would sell there other products on Amazon cause there just the best fire starters I've used..,yes,0,5.0,https://www.amazon.ca/Procamptek-Fire-Starter-Wood-StickTM/dp/B07QCCYQPZ/ref=cm_cr_srp_d_product_top?ie=UTF8,2020-09-18 23:07:18.934862,2020-09-18 23:07:27.241381,Bryon,Clothing & Accessories,B002G9UDYG
58,AGQC6XKGHJWNNB7QIHR7OGPUWOPQ,"July 6, 2020",Dream shoe laces,I got one of these maybe two years ago and it lasted on my work boots for 1.5 years maybe more if my boots didnt fall apart.. Really happy with this..,yes,0,5.0,https://www.amazon.ca/LACES-Elastic-Shoelaces-Black-48-Inch/dp/B007DLVLDY/ref=cm_cr_srp_d_product_top?ie=UTF8,2020-09-18 23:07:37.336947,2020-09-18 23:07:45.641225,Bryon,Clothing & Accessories,B002G9UDYG
59,AGQC6XKGHJWNNB7QIHR7OGPUWOPQ,"July 6, 2020",It's very good with ok battery life,"I love anker products alot, the only con I'd say is maybe battery life is 6 to 8hrs... maybe I got a lemon... but the upside is that my music sounds so much better using this, and no delay if your watching YouTube videos..",yes,One,4.0,https://www.amazon.ca/Anker-AK-A3352011-Speaker-Case/dp/B07H5C2BQX/ref=cm_cr_srp_d_product_top?ie=UTF8,2020-09-18 23:07:53.729358,2020-09-18 23:08:02.988516,Bryon,Clothing & Accessories,B002G9UDYG
60,AGQC6XKGHJWNNB7QIHR7OGPUWOPQ,"July 6, 2020",Disappointed,After one month it broke.. worked really good until I went to add more and once I put it back together it broke...,yes,0,1.0,https://www.amazon.ca/Cuisipro-83758004-13-2-Ounce-Clear-Green/dp/B007JT27CY/ref=cm_cr_srp_d_product_top?ie=UTF8,2020-09-18 23:08:11.083675,2020-09-18 23:08:17.364421,Bryon,Clothing & Accessories,B002G9UDYG
61,AGQC6XKGHJWNNB7QIHR7OGPUWOPQ,"July 6, 2020",Can't go wrong with this,"I use this for my teton xl sleeping bag and it takes up every inch of room for this, ya, this it a great bag, not one problem.. Alps makes good stuff..",yes,0,5.0,https://www.amazon.ca/ALPS-Mountaineering-Compression-Stuff-Medium/dp/B000Y14JUC/ref=cm_cr_srp_d_product_top?ie=UTF8,2020-09-18 23:08:27.457138,2020-09-18 23:08:35.722034,Bryon,Clothing & Accessories,B002G9UDYG
62,AGQC6XKGHJWNNB7QIHR7OGPUWOPQ,"July 6, 2020",Omg I love this head band,"These are amazing, being from Alberta and not sweating as much when backpacking, here in Ontario I sweat like you wouldn't believe, not one drop of sweat in my eye, can't say enough good things about this band...",yes,21,5.0,https://www.amazon.ca/Sports-Headband-Headbands-Sweatband-Sweatbands/dp/B07F7NGWCC/ref=cm_cr_srp_d_product_top?ie=UTF8,2020-09-18 23:08:45.812947,2020-09-18 23:08:54.147191,Bryon,Clothing & Accessories,B002G9UDYG
63,AGQC6XKGHJWNNB7QIHR7OGPUWOPQ,"July 6, 2020",Nice to have,Worked so well I got two...,yes,0,5.0,https://www.amazon.ca/Bestten-Outlet-Protector-Charging-Holders/dp/B017KOZUUS/ref=cm_cr_srp_d_product_top?ie=UTF8,2020-09-18 23:09:01.240947,2020-09-18 23:09:09.537049,Bryon,Clothing & Accessories,B002G9UDYG
64,AGQC6XKGHJWNNB7QIHR7OGPUWOPQ,"July 6, 2020",Very nice looking salt and pepper shaker,"Had to upgrade from our expensive ones that broke, these do a way better job... 3 months going strong",yes,0,5.0,https://www.amazon.ca/Silicone-Stainless-Grinders-Adjustable-Coarseness/dp/B07R39H46Q/ref=cm_cr_srp_d_product_top?ie=UTF8,2020-09-18 23:09:18.626327,2020-09-18 23:09:26.891659,Bryon,Clothing & Accessories,B002G9UDYG
65,AGQC6XKGHJWNNB7QIHR7OGPUWOPQ,"July 6, 2020",Works good..,"I buy this all the time, works good.",yes,0,5.0,https://www.amazon.ca/Scrubbing-Bubbles-Toilet-Cleaning-Dispenser/dp/B0725P9ZGC/ref=cm_cr_srp_d_product_top?ie=UTF8,2020-09-18 23:09:35.984458,2020-09-18 23:09:45.366235,Bryon,Clothing & Accessories,B002G9UDYG
66,AGQC6XKGHJWNNB7QIHR7OGPUWOPQ,"July 6, 2020",Must buy,"I absolutely love this, knife is sharp enough, great for backpacking meals.. I always had a xl spork now I use this and haven't looked back..",yes,0,5.0,https://www.amazon.ca/UCO-2-Piece-Integrated-Camping-Utensil/dp/B07M8TPX62/ref=cm_cr_srp_d_product_top?ie=UTF8,2020-09-18 23:09:52.460906,2020-09-18 23:10:01.754024,Bryon,Clothing & Accessories,B002G9UDYG
67,AGQC6XKGHJWNNB7QIHR7OGPUWOPQ,"July 6, 2020",Must buy,"My son loves this book, even I learned something..",yes,0,5.0,https://www.amazon.ca/Oh-Things-They-Invented-Inventors/dp/0449814971/ref=cm_cr_srp_d_product_top?ie=UTF8,2020-09-18 23:10:08.841498,2020-09-18 23:10:17.120563,Bryon,Clothing & Accessories,B002G9UDYG
68,AGQC6XKGHJWNNB7QIHR7OGPUWOPQ,"July 6, 2020",My goto Salt,It has a good taste with no bad smell... will keep buying from this company..,yes,0,5.0,https://www.amazon.ca/Yogti-Canadian-Company-Himalayan-Pink/dp/B0777JQTDM/ref=cm_cr_srp_d_product_top?ie=UTF8,2020-09-18 23:10:25.209307,2020-09-18 23:10:34.527944,Bryon,Clothing & Accessories,B002G9UDYG
69,AGQC6XKGHJWNNB7QIHR7OGPUWOPQ,"July 6, 2020",Love this brand.,So I find with this soap it depends on what soap dispenser you use to make it work really well.. All in all I will buy this again and again..,yes,0,5.0,https://www.amazon.ca/Method-Foaming-Refill-Waterfall-Ounce/dp/B01408AKQG/ref=cm_cr_srp_d_product_top?ie=UTF8,2020-09-18 23:10:43.624624,2020-09-18 23:10:50.912029,Bryon,Clothing & Accessories,B002G9UDYG
70,AGQC6XKGHJWNNB7QIHR7OGPUWOPQ,"July 6, 2020",Amazing,"This chocolate pudding is amazing, after a long hike on the trail this hits the spot.. I buy atleast 3 every backpacking trip..",yes,0,5.0,https://www.amazon.ca/Alpine-Aire-60909C-Chocolate-Mudslide/dp/B00PCT0248/ref=cm_cr_srp_d_product_top?ie=UTF8,2020-09-18 23:11:00.011854,2020-09-18 23:11:06.290942,Bryon,Clothing & Accessories,B002G9UDYG
71,AGQC6XKGHJWNNB7QIHR7OGPUWOPQ,"July 6, 2020","Tall, narrow bag...","With these dry bags compared to the other aqua quest, these blue ones are more narrow.. Got these for my clothes but end up using them for my food bag.. 10L...",yes,0,5.0,https://www.amazon.ca/AquaQuest-Sea-View-Transparent-Dry/dp/B07VCBCJ3W/ref=cm_cr_srp_d_product_top?ie=UTF8,2020-09-18 23:11:16.381738,2020-09-18 23:11:23.652502,Bryon,Clothing & Accessories,B002G9UDYG
72,AGQC6XKGHJWNNB7QIHR7OGPUWOPQ,"July 6, 2020","Time, Time, omg it takes forever...","I wanted to like this alot, the cooking time was almost 20mins, then had to let it sit for another 10mins, but the taste was really good.. I'm not sure if I was buy this over MHouse..",yes,0,3.0,https://www.amazon.ca/Happy-Yak-Braised-White-Mushroom/dp/B07PFFTFLY/ref=cm_cr_srp_d_product_top?ie=UTF8,2020-09-18 23:11:33.747965,2020-09-18 23:11:42.045726,Bryon,Clothing & Accessories,B002G9UDYG
73,AGQC6XKGHJWNNB7QIHR7OGPUWOPQ,"July 6, 2020",It's cheap and it does a good enough job,"I'm actually kinda happy I got this, had to replace old shower head which had more power.. This shower head does a good enough job..",yes,0,5.0,https://www.amazon.ca/AmazonBasics-High-Pressure-Shower-Head-3-Inch/dp/B07F2F65WW/ref=cm_cr_srp_d_product_top?ie=UTF8,2020-09-18 23:11:50.136112,2020-09-18 23:11:56.421358,Bryon,Clothing & Accessories,B002G9UDYG
74,AGQC6XKGHJWNNB7QIHR7OGPUWOPQ,"April 10, 2018",Four Stars,Son loves this thing but doesn't come with a dad figure.. only mom and son..,yes,0,4.0,https://www.amazon.ca/Fisher-Price-Little-People-Sounds-English/dp/B019RP6NSQ/ref=cm_cr_srp_d_product_top?ie=UTF8,2020-09-18 23:12:03.513696,2020-09-18 23:12:11.857571,Bryon,Clothing & Accessories,B002G9UDYG
75,AGQC6XKGHJWNNB7QIHR7OGPUWOPQ,"April 10, 2018",Five Stars,Son loves this thing. Very happy,yes,One,5.0,https://www.amazon.ca/Fisher-Price-Little-People-Amusement-Exclusive/dp/B0089W1IGQ/ref=cm_cr_srp_d_product_top?ie=UTF8,2020-09-18 23:12:18.951296,2020-09-18 23:12:26.286332,Bryon,Clothing & Accessories,B002G9UDYG
76,AGQC6XKGHJWNNB7QIHR7OGPUWOPQ,"April 5, 2018",Five Stars,Cant go wrong with these..,yes,0,5.0,https://www.amazon.ca/AmazonBasics-Performance-Alkaline-Batteries-Count/dp/B00MNV8E0C/ref=cm_cr_srp_d_product_top?ie=UTF8,2020-09-18 23:12:34.378991,2020-09-18 23:12:43.649781,Bryon,Clothing & Accessories,B002G9UDYG
77,AGQC6XKGHJWNNB7QIHR7OGPUWOPQ,"April 5, 2018",But i find the cheap ones are a better,Little small.. But i find the cheap ones are a better deal,yes,0,4.0,https://www.amazon.ca/Etymotic-High-Fidelity-Earplugs-Standard-Polybag/dp/B00RM6Q9XW/ref=cm_cr_srp_d_product_top?ie=UTF8,2020-09-18 23:12:50.745705,2020-09-18 23:12:59.987528,Bryon,Clothing & Accessories,B002G9UDYG
78,AGQC6XKGHJWNNB7QIHR7OGPUWOPQ,"April 5, 2018",Good for scaning the trail ahead,Im inpressed of how well this works for $20... Good for scaning the trail ahead.. Its also bigger then i thought..,yes,0,5.0,https://www.amazon.ca/Monocular-Telescope-Vortex-Monocular-Watching-Travelling/dp/B074239D1Y/ref=cm_cr_srp_d_product_top?ie=UTF8,2020-09-18 23:13:07.076097,2020-09-18 23:13:14.369550,Bryon,Clothing & Accessories,B002G9UDYG
79,AGQC6XKGHJWNNB7QIHR7OGPUWOPQ,"March 25, 2018",Ultra light..,"You can see cord a Bit better far away with flashlight.. Of course... Stakes work well, they seem good enough and can get the job done.. Nice carrying pouch.. With all the stakes in my hand, feelz under a pound you don't notice them at all..",yes,0,5.0,https://www.amazon.ca/dp/B01MA1XERJ/ref=cm_cr_srp_d_product_top?ie=UTF8,2020-09-18 23:13:24.465246,2020-09-18 23:13:32.723605,Bryon,Clothing & Accessories,B002G9UDYG
80,AGQC6XKGHJWNNB7QIHR7OGPUWOPQ,"March 23, 2018",Five Stars,Its is what it is lol,yes,0,5.0,https://www.amazon.ca/IDEA-FACTORY-Invented-Potty-White/dp/B004X8NE30/ref=cm_cr_srp_d_product_top?ie=UTF8,2020-09-18 23:13:41.812858,2020-09-18 23:13:48.078979,Bryon,Clothing & Accessories,B002G9UDYG
81,AGQC6XKGHJWNNB7QIHR7OGPUWOPQ,"March 23, 2018",Best of the Best,Need a small roll for the car or to bring when camping.. You never know...,yes,0,5.0,https://www.amazon.ca/dp/B00K2N507S/ref=cm_cr_srp_d_product_top?ie=UTF8,2020-09-18 23:13:56.171540,2020-09-18 23:14:05.446889,Bryon,Clothing & Accessories,B002G9UDYG
82,AGQC6XKGHJWNNB7QIHR7OGPUWOPQ,"March 14, 2018",Love anker,Works just fine.. Has a little blue light but doesnt bug you while driving..,yes,0,5.0,https://www.amazon.ca/Anker-PowerDrive-Charger-Bluetooth-Headsets/dp/B00VH88CJ0/ref=cm_cr_srp_d_product_top?ie=UTF8,2020-09-18 23:14:14.539690,2020-09-18 23:14:22.833158,Bryon,Clothing & Accessories,B002G9UDYG
83,AGQC6XKGHJWNNB7QIHR7OGPUWOPQ,"March 14, 2018",Good buy,Works just fine.. Cable is long enough..,yes,0,5.0,https://www.amazon.ca/Anker-Premium-Auxiliary-Headphones-iPhones/dp/B00R124LAK/ref=cm_cr_srp_d_product_top?ie=UTF8,2020-09-18 23:14:32.921426,2020-09-18 23:14:42.161383,Bryon,Clothing & Accessories,B002G9UDYG
84,AGQC6XKGHJWNNB7QIHR7OGPUWOPQ,"March 14, 2018",Small and strong...,"Very small.. Feels strong enough to get the job done.. Got this for backpacking and shovel for winter time driving... I'm 6ft4in, it looks kinda funny when I'm holding such a small shovel.. But it does work.. Very happy with this",yes,0,5.0,https://www.amazon.ca/SOG-Entrenching-Tool-F08-N-Folding/dp/B0038A05X6/ref=cm_cr_srp_d_product_top?ie=UTF8,2020-09-18 23:14:51.254420,2020-09-18 23:14:58.563776,Bryon,Clothing & Accessories,B002G9UDYG
85,AGQC6XKGHJWNNB7QIHR7OGPUWOPQ,"March 14, 2018",Very happy,"First off for all the ppl that says its too small yes it is.. 26inchs means 2ft 2in lol.. If only they read first lol.. I'm 6ft4.. And drive a car, works for me cause I'm tall enough I don't need a big brush to to the same job.. And ice scrapper works just fine...",yes,0,5.0,https://www.amazon.ca/Hopkins-532-Mallory-Brush-Colors/dp/B000BPLNXC/ref=cm_cr_srp_d_product_top?ie=UTF8,2020-09-18 23:15:07.655233,2020-09-18 23:15:13.982807,Bryon,Clothing & Accessories,B002G9UDYG
86,AGQC6XKGHJWNNB7QIHR7OGPUWOPQ,"March 12, 2018",Very nice,Very nice.. Good buy,yes,0,5.0,https://www.amazon.ca/Vangoddy-PT_NBKLEA872_HP-Microsuede-15-6-Inch-Chromebook/dp/B00E6ERNBU/ref=cm_cr_srp_d_product_top?ie=UTF8,2020-09-18 23:15:24.073326,2020-09-18 23:15:32.354368,Bryon,Clothing & Accessories,B002G9UDYG
87,AGQC6XKGHJWNNB7QIHR7OGPUWOPQ,"March 12, 2018",Good and solid...,"Nice and good mirrors..
Only con for me is I should've check to see if my mirrors were straight on the bottom.. But since mine are not like the picture had to place these in the middle... Hope that makes sense.. But they work very good..",yes,0,5.0,https://www.amazon.ca/Meirun-Rotate-Mirror-Adjustabe-Convex/dp/B06ZZJ168P/ref=cm_cr_srp_d_product_top?ie=UTF8,2020-09-18 23:15:40.444463,2020-09-18 23:15:47.726690,Bryon,Clothing & Accessories,B002G9UDYG
88,AGQC6XKGHJWNNB7QIHR7OGPUWOPQ,"March 10, 2018",Love this pouch,"So this fits my 38 oz with no problem.. Other pocket fits my camping mirror, fire steel, tinder, lighters, water purification tabs.. So when I camp I don't have to worry bout my bottle leaving my bag dirty or what not.. Very happy with this.. Oh doesn't feel cheap my any means..",yes,0,5.0,https://www.amazon.ca/OneTigris-Shoulder-Carrier-Nalgene-Nylon-Black/dp/B017LXWW1S/ref=cm_cr_srp_d_product_top?ie=UTF8,2020-09-18 23:15:55.824877,2020-09-18 23:16:03.076211,Bryon,Clothing & Accessories,B002G9UDYG
89,AGQC6XKGHJWNNB7QIHR7OGPUWOPQ,"March 10, 2018",Good cheap mirror,"You get what you pay for...
Cheap and does the job...",yes,0,5.0,https://www.amazon.ca/Ultimate-Survival-Technologies-Find-Me-Lanyard/dp/B00C5XBP6I/ref=cm_cr_srp_d_product_top?ie=UTF8,2020-09-18 23:16:10.157393,2020-09-18 23:16:16.430171,Bryon,Clothing & Accessories,B002G9UDYG
90,AGQC6XKGHJWNNB7QIHR7OGPUWOPQ,"March 10, 2018",Good buy,Long and strong... Feels good in the hand.. Perfect for eating my mountain house..,yes,0,5.0,https://www.amazon.ca/Length-Titanium-Polished-Waterproof-Standard/dp/B073R41XLX/ref=cm_cr_srp_d_product_top?ie=UTF8,2020-09-18 23:16:25.522240,2020-09-18 23:16:32.840797,Bryon,Clothing & Accessories,B002G9UDYG
91,AGQC6XKGHJWNNB7QIHR7OGPUWOPQ,"March 10, 2018",Summer mats,"So there very thin, not like you pay for the ones at Canadian tire that feel heavy duty..
But these do work very well in my car.. I would say these are summer mats.. When winter comes I would get thicker cause don't want water soaking into the carpet..",yes,0,5.0,https://www.amazon.ca/FH-Group-F11305GRAY-Weather-Trimmable/dp/B01H4QP94E/ref=cm_cr_srp_d_product_top?ie=UTF8,2020-09-18 23:16:39.934078,2020-09-18 23:16:48.240270,Bryon,Clothing & Accessories,B002G9UDYG
92,AGQC6XKGHJWNNB7QIHR7OGPUWOPQ,"March 2, 2018",Good brand,Omg tiny and supper lite.. Does the job,yes,0,5.0,https://www.amazon.ca/Seagate-Backup-Portable-External-STDR2000100/dp/B00FRHTSK4/ref=cm_cr_srp_d_product_top?ie=UTF8,2020-09-18 23:16:58.331171,2020-09-18 23:17:04.580553,Bryon,Clothing & Accessories,B002G9UDYG
93,AGQC6XKGHJWNNB7QIHR7OGPUWOPQ,"March 2, 2018",Good buy,Can fit two memory banks with cords.. Solid..,yes,0,5.0,https://www.amazon.ca/AmazonBasics-External-Hard-Drive-Case/dp/B00F5CKWBA/ref=cm_cr_srp_d_product_top?ie=UTF8,2020-09-18 23:17:12.663916,2020-09-18 23:17:19.920807,Bryon,Clothing & Accessories,B002G9UDYG
94,AGQC6XKGHJWNNB7QIHR7OGPUWOPQ,"March 2, 2018",Good solid brand,"Nice bag, u it for my fire starter kit.. Holds everything from my fat rope sticks my fatwood, firesteels, lighters, and still have lots of extra room.. Beefy bag lol",yes,0,5.0,https://www.amazon.ca/Maxpedition-MX266B-BRK-MX0266B-Pocket-Organizer/dp/B00AQ6E5XQ/ref=cm_cr_srp_d_product_top?ie=UTF8,2020-09-18 23:17:30.010867,2020-09-18 23:17:38.290729,Bryon,Clothing & Accessories,B002G9UDYG
95,AGQC6XKGHJWNNB7QIHR7OGPUWOPQ,"March 2, 2018",Cant go wrong,Good solid pair.. Doesn't slip off your face nor hurt behind your ears.. Got lots of pair of these..,yes,0,5.0,https://www.amazon.ca/Pyramex-Intruder-S4110S-Safety-Glasses/dp/B002CN92L6/ref=cm_cr_srp_d_product_top?ie=UTF8,2020-09-18 23:17:45.395881,2020-09-18 23:17:52.659442,Bryon,Clothing & Accessories,B002G9UDYG
96,AGQC6XKGHJWNNB7QIHR7OGPUWOPQ,"February 5, 2018",Very happy,"First off all fan have noise.. Even your summer fan has noise... This product has noise but not enough too keep you up all night.. This thing actually heated up my basement in under an hour.. And I can say that this does work, temp setting works too, so you don't have to be afraid of leaving it on all night...",yes,0,5.0,https://www.amazon.ca/754200C-Ceramic-Heater-Adustable-Thermostat/dp/B01JTOX4CS/ref=cm_cr_srp_d_product_top?ie=UTF8,2020-09-18 23:18:02.754822,2020-09-18 23:18:09.059875,Bryon,Clothing & Accessories,B002G9UDYG
97,AGQC6XKGHJWNNB7QIHR7OGPUWOPQ,"February 5, 2018",Slim,"Very slim design, can fit the cord under my door with no issues.. Kinda the reason we wanted this type..",yes,0,5.0,https://www.amazon.ca/SlimLine-2254-8-Foot-3-Wire-Extension/dp/B000GAQG0C/ref=cm_cr_srp_d_product_top?ie=UTF8,2020-09-18 23:18:16.144919,2020-09-18 23:18:24.444811,Bryon,Clothing & Accessories,B002G9UDYG
98,AGQC6XKGHJWNNB7QIHR7OGPUWOPQ,"February 5, 2018",Good buy,Offers a lot of features.. But should've got a bar with usb charging cause that's the new.. Other than that happy with my buy,yes,0,5.0,https://www.amazon.ca/Power-BESTEK-6-Outlet-Protector-6-Foot/dp/B0191DFC3Q/ref=cm_cr_srp_d_product_top?ie=UTF8,2020-09-18 23:18:32.535308,2020-09-18 23:18:39.782317,Bryon,Clothing & Accessories,B002G9UDYG
99,AGQC6XKGHJWNNB7QIHR7OGPUWOPQ,"February 5, 2018",The Real Deal,All I can say is that this is the real deal.. Each piece is true fatwood... I got others in the past where yes it's fatwood but you can see actual wood mixed in with fatwood.. Where this product you see nothing but fatwood..,yes,0,5.0,https://www.amazon.ca/Wood-Products-Internatl-9904-Fatwood/dp/B001CS4ALO/ref=cm_cr_srp_d_product_top?ie=UTF8,2020-09-18 23:18:47.867031,2020-09-18 23:18:56.111199,Bryon,Clothing & Accessories,B002G9UDYG
100,AGQC6XKGHJWNNB7QIHR7OGPUWOPQ,"February 1, 2018",Must have,Works as expected.. Big enough to fit water bottle and hotdogs or one hamburger.. Love this grill..,yes,0,5.0,https://www.amazon.ca/Blaze-Bushcraft-Grill-Stainless-Expedition/dp/B06XTZ6MXD/ref=cm_cr_srp_d_product_top?ie=UTF8,2020-09-18 23:19:06.212758,2020-09-18 23:19:12.561662,Bryon,Clothing & Accessories,B002G9UDYG
101,AGQC6XKGHJWNNB7QIHR7OGPUWOPQ,"February 1, 2018",Five Stars,Good buy,yes,0,5.0,https://www.amazon.ca/Sylvester-Stallone-Favorites-Demolition-Specialist/dp/B000U1ZV62/ref=cm_cr_srp_d_product_top?ie=UTF8,2020-09-18 23:19:22.637102,2020-09-18 23:19:29.976346,Bryon,Clothing & Accessories,B002G9UDYG
102,AGQC6XKGHJWNNB7QIHR7OGPUWOPQ,"February 1, 2018",Five Stars,3 movies for $5 my son loves them all..,yes,0,5.0,https://www.amazon.ca/Family-Favorite-Treasures-Bilingual-Myers/dp/B000RGX0F4/ref=cm_cr_srp_d_product_top?ie=UTF8,2020-09-18 23:19:37.061099,2020-09-18 23:19:45.332985,Bryon,Clothing & Accessories,B002G9UDYG
103,AGQC6XKGHJWNNB7QIHR7OGPUWOPQ,"January 30, 2018",Five Stars,D@m good movie... Worth getting...,no,0,5.0,https://www.amazon.ca/Transformers-The-Last-Knight/dp/B072K3PL51/ref=cm_cr_srp_d_product_top?ie=UTF8,2020-09-18 23:19:55.445456,2020-09-18 23:20:02.719857,Bryon,Clothing & Accessories,B002G9UDYG
104,AGQC6XKGHJWNNB7QIHR7OGPUWOPQ,"January 30, 2018",But still looks good..,Not the same as the original band.. This is more of a matte finish... And no pins for $65... But still looks good...,yes,0,4.0,https://www.amazon.ca/Casio-16-25mm-Black-Resin/dp/B002WJPO26/ref=cm_cr_srp_d_product_top?ie=UTF8,2020-09-18 23:20:09.816958,2020-09-18 23:20:18.124861,Bryon,Clothing & Accessories,B002G9UDYG
105,AGQC6XKGHJWNNB7QIHR7OGPUWOPQ,"January 30, 2018",Five Stars,Its Batman... What more can I say...,yes,0,5.0,https://www.amazon.ca/Batman-Returns-Feature-Programme-Bilingual/dp/B0051ED9DU/ref=cm_cr_srp_d_product_top?ie=UTF8,2020-09-18 23:20:26.230331,2020-09-18 23:20:33.551196,Bryon,Clothing & Accessories,B002G9UDYG
106,AGQC6XKGHJWNNB7QIHR7OGPUWOPQ,"January 30, 2018",For $65 not like the one that came with the watch,For $65 not like the one that came with the watch.. This is like a matte finish.. And no replacement pins...,yes,0,4.0,https://www.amazon.ca/Casio-10262751-Genuine-Factory-Replacement/dp/B004LGLBHA/ref=cm_cr_srp_d_product_top?ie=UTF8,2020-09-18 23:20:43.660246,2020-09-18 23:20:49.985798,Bryon,Clothing & Accessories,B002G9UDYG
107,AGQC6XKGHJWNNB7QIHR7OGPUWOPQ,"January 17, 2018",Good strong work gear,Good quality shirt...,yes,0,5.0,https://www.amazon.ca/Carhartt-Workwear-Sleeve-T-Shirt-XXX-Large/dp/B002GHC378/ref=cm_cr_srp_d_product_top?ie=UTF8,2020-09-18 23:20:57.083045,2020-09-18 23:21:06.373387,Bryon,Clothing & Accessories,B002G9UDYG
108,AGQC6XKGHJWNNB7QIHR7OGPUWOPQ,"January 13, 2018",Awsm,Nice red finish.. Not a finger print magnet.. Tiny and not true 10000mah.. Its more like 7500 or 8000 may... But does the job,yes,0,5.0,https://www.amazon.ca/Anker-PowerCore-Ultra-Compact-High-Speed-Technology/dp/B074W6384W/ref=cm_cr_srp_d_product_top?ie=UTF8,2020-09-18 23:21:14.471094,2020-09-18 23:21:23.756725,Bryon,Clothing & Accessories,B002G9UDYG
109,AGQC6XKGHJWNNB7QIHR7OGPUWOPQ,"January 13, 2018",Good buy,Tiny and true 6700 nah..,yes,0,5.0,https://www.amazon.ca/Upgraded-Anker-Candy-Bar-High-Speed-Technology/dp/B06XS9RMWS/ref=cm_cr_srp_d_product_top?ie=UTF8,2020-09-18 23:21:31.849905,2020-09-18 23:21:40.146045,Bryon,Clothing & Accessories,B002G9UDYG
110,AGQC6XKGHJWNNB7QIHR7OGPUWOPQ,"January 13, 2018",Great buy,Worth getting... Applied to axe handle and looks much better.. Accents the hickory very well...,yes,0,5.0,https://www.amazon.ca/SUNNYSIDE-CORPORATION-87216-Boiled-Linseed/dp/B000C027NG/ref=cm_cr_srp_d_product_top?ie=UTF8,2020-09-18 23:21:50.245035,2020-09-18 23:21:56.553431,Bryon,Clothing & Accessories,B002G9UDYG
111,AGQC6XKGHJWNNB7QIHR7OGPUWOPQ,"January 12, 2018",Four Stars,Looks good but little small.. Giving to a friend..,yes,0,4.0,https://www.amazon.ca/Carhartt-Mens-Acrylic-Knit-Black/dp/B003E7GUZU/ref=cm_cr_srp_d_product_top?ie=UTF8,2020-09-18 23:22:04.649366,2020-09-18 23:22:11.946640,Bryon,Clothing & Accessories,B002G9UDYG
112,AGQC6XKGHJWNNB7QIHR7OGPUWOPQ,"January 12, 2018",Nice socks,Very warm... Will be buying more if ever needed,yes,0,5.0,https://www.amazon.ca/Carhartt-Artic-Heavyweight-Heather-Xlarge/dp/B0051U195O/ref=cm_cr_srp_d_product_top?ie=UTF8,2020-09-18 23:22:19.048175,2020-09-18 23:22:27.338987,Bryon,Clothing & Accessories,B002G9UDYG
113,AGQC6XKGHJWNNB7QIHR7OGPUWOPQ,"January 12, 2018",Ya no....,Ya I was hoping more detail of a story line.. Seems each scene is like 2 mins and on to the next.. But nice to watch on a cold day lol,no,0,2.0,https://www.amazon.ca/6-Below-Miracle-Mountain/dp/B075CVZDSW/ref=cm_cr_srp_d_product_top?ie=UTF8,2020-09-18 23:22:34.433689,2020-09-18 23:22:43.693555,Bryon,Clothing & Accessories,B002G9UDYG
114,AGQC6XKGHJWNNB7QIHR7OGPUWOPQ,"January 12, 2018",Amazing,"Wow first off this is super tiny, the sound quality is amazing.. I'm a big fan of anker products.. I have a jbl flip 2 and I rather listen to my mini.. I'd recommend this to anyone..",yes,One,5.0,https://www.amazon.ca/Anker-SoundCore-Super-Portable-Noise-Cancelling-Microphone/dp/B01HTH3C8S/ref=cm_cr_srp_d_product_top?ie=UTF8,2020-09-18 23:22:50.789749,2020-09-18 23:22:58.100181,Bryon,Clothing & Accessories,B002G9UDYG
115,AGQC6XKGHJWNNB7QIHR7OGPUWOPQ,"December 26, 2017",Will buy again,Good smooth feels.. Does keep my legs warm,yes,0,5.0,https://www.amazon.ca/Hanes-Label-Thermal-Black-XX-Large/dp/B01M1MZPOE/ref=cm_cr_srp_d_product_top?ie=UTF8,2020-09-18 23:23:08.188337,2020-09-18 23:23:14.481814,Bryon,Clothing & Accessories,B002G9UDYG
116,AGQC6XKGHJWNNB7QIHR7OGPUWOPQ,"December 26, 2017",Good book,"Its a little hard to read, the background is blended into the words so its a bit hard to read under med light.. I even used my head lamp in various light modes and still hard to read some pages.. Other than that was a very good read.. I'd say this book is for a advanced beginner..",yes,0,5.0,https://www.amazon.ca/Ultimate-Bushcraft-Survival-Manual/dp/1681882388/ref=cm_cr_srp_d_product_top?ie=UTF8,2020-09-18 23:23:23.576848,2020-09-18 23:23:30.860019,Bryon,Clothing & Accessories,B002G9UDYG
117,AGQC6XKGHJWNNB7QIHR7OGPUWOPQ,"December 26, 2017",Great gloves for bbq or just oven use..,These are Awsm oven/bbq mitts.. They fit well with good finger control.. Highly recommend,yes,0,5.0,https://www.amazon.ca/GEEKHOM-Resistant-Waterproof-Potholder-Protection/dp/B01KZBY806/ref=cm_cr_srp_d_product_top?ie=UTF8,2020-09-18 23:23:39.958354,2020-09-18 23:23:48.242336,Bryon,Clothing & Accessories,B002G9UDYG
118,AGQC6XKGHJWNNB7QIHR7OGPUWOPQ,"December 26, 2017",Good buy,Got my lamp 2 weeks earlier and lamp works great no issues what so ever.. Found out its my t.v not working... Calgary to Ontario in winter I guess my t.v didn't like the trip...,yes,0,5.0,https://www.amazon.ca/Replacement-SONY-Lamp-KF-50E200A-HMHLamps/dp/B006LW7YOQ/ref=cm_cr_srp_d_product_top?ie=UTF8,2020-09-18 23:23:58.344240,2020-09-18 23:24:04.639694,Bryon,Clothing & Accessories,B002G9UDYG
119,AGQC6XKGHJWNNB7QIHR7OGPUWOPQ,"December 16, 2017",Five Stars,8 Awsm movies for $20..,yes,0,5.0,https://www.amazon.ca/Alien-Predator-Total-Destruction-Collection-Bilingual/dp/B001DHE99W/ref=cm_cr_srp_d_product_top?ie=UTF8,2020-09-18 23:24:11.746672,2020-09-18 23:24:18.005288,Bryon,Clothing & Accessories,B002G9UDYG
120,AGQC6XKGHJWNNB7QIHR7OGPUWOPQ,"December 7, 2017",good hold.,Cord is very short.. Charged a 18650 hanging in the air for 8 hrs . good hold.. True 750mah charging,yes,0,5.0,https://www.amazon.ca/Olight%C2%AE-Universal-Magnetic-Rechargeable-Batteries/dp/B01LZUT0YG/ref=cm_cr_srp_d_product_top?ie=UTF8,2020-09-18 23:24:27.087366,2020-09-18 23:24:36.466914,Bryon,Clothing & Accessories,B002G9UDYG
121,AGQC6XKGHJWNNB7QIHR7OGPUWOPQ,"December 7, 2017",Five Stars,3 good movies for $5,yes,0,5.0,https://www.amazon.ca/Trilogy-trilogie-frissons-Frissons-Bilingual/dp/B004WBZUTE/ref=cm_cr_srp_d_product_top?ie=UTF8,2020-09-18 23:24:45.560734,2020-09-18 23:24:54.843137,Bryon,Clothing & Accessories,B002G9UDYG
122,AGQC6XKGHJWNNB7QIHR7OGPUWOPQ,"December 7, 2017",Five Stars,Works good..,yes,0,5.0,https://www.amazon.ca/DROK-Digital-Multimeter-Voltmeter-Capacitance/dp/B00J3JSEG6/ref=cm_cr_srp_d_product_top?ie=UTF8,2020-09-18 23:25:02.934509,2020-09-18 23:25:10.242871,Bryon,Clothing & Accessories,B002G9UDYG
123,AGQC6XKGHJWNNB7QIHR7OGPUWOPQ,"November 23, 2017",Five Stars,Good,yes,0,5.0,https://www.amazon.ca/Lucky-Charms-Treats-Bars-5-Count/dp/B010B8EIU8/ref=cm_cr_srp_d_product_top?ie=UTF8,2020-09-18 23:25:19.338901,2020-09-18 23:25:26.618019,Bryon,Clothing & Accessories,B002G9UDYG
124,AGQC6XKGHJWNNB7QIHR7OGPUWOPQ,"November 23, 2017",Good for the days u need long cable,Love Anker products.. This does come in handy.. I have no cell service in my basement so with the 6ft cable I'm able to plug in the wall and have my phone near my window and get atleast one bar service lol..,yes,0,5.0,https://www.amazon.ca/Anker-PowerLine-Micro-USB-6ft/dp/B013DOCZAC/ref=cm_cr_srp_d_product_top?ie=UTF8,2020-09-18 23:25:34.714513,2020-09-18 23:25:43.998938,Bryon,Clothing & Accessories,B002G9UDYG
125,AGQC6XKGHJWNNB7QIHR7OGPUWOPQ,"November 23, 2017",True Canadian winter gear...,"Best neck warmer I've had.. I had the helly Hanson one and this one here beats it hands down.. I'd recommend this to anyone that wants a good warm and yes this is warm, holds the heat in very well..",yes,One,5.0,https://www.amazon.ca/Lupa-Canadian-Made-Fleece-Warmer-Gaiter/dp/B01MYXZO30/ref=cm_cr_srp_d_product_top?ie=UTF8,2020-09-18 23:25:51.083852,2020-09-18 23:25:57.378743,Bryon,Clothing & Accessories,B002G9UDYG
126,AGQC6XKGHJWNNB7QIHR7OGPUWOPQ,"November 21, 2017",Good buy,"Really good bag..
The only con is the straps are very slippery when straps are all the way loose.. But if you tighten them to fit your profile its a nice fit..
As for the bottom pocket for shoes, it doesn't fit my size 14 lol.. But I use it for gloves or clothes..
Very happy with this bag.. Buddy of mine is getting one..",yes,0,5.0,https://www.amazon.ca/Under-Armour-Hustle-Backpack-Black/dp/B01KLV3CFW/ref=cm_cr_srp_d_product_top?ie=UTF8,2020-09-18 23:26:05.471908,2020-09-18 23:26:12.754664,Bryon,Clothing & Accessories,B002G9UDYG
127,AGQC6XKGHJWNNB7QIHR7OGPUWOPQ,"November 19, 2017",Classic,4 movies for $20,yes,0,5.0,https://www.amazon.ca/Alien-Quadrilogy-Bilingual-Sigourney-Weaver/dp/B00O9Y1B8I/ref=cm_cr_srp_d_product_top?ie=UTF8,2020-09-18 23:26:21.846816,2020-09-18 23:26:31.140458,Bryon,Clothing & Accessories,B002G9UDYG
128,AGQC6XKGHJWNNB7QIHR7OGPUWOPQ,"November 19, 2017",Good deal..,Very happy with these pants.. Looks good and feels great... Does stretch a bit so another thumbs up.. Will be buying more if needed...,yes,One,5.0,https://www.amazon.ca/Wrangler-Authentics-Premium-Relaxed-Stretch/dp/B00XKY4W48/ref=cm_cr_srp_d_product_top?ie=UTF8,2020-09-18 23:26:41.231526,2020-09-18 23:26:50.512051,Bryon,Clothing & Accessories,B002G9UDYG
129,AGQC6XKGHJWNNB7QIHR7OGPUWOPQ,"November 19, 2017",Good buy,"I'm only giving this 5 stars now cause with these boots coming in at 2days free shipping.. The wear in period only took maybe 30 mins of walking.. This boot looks very decent and very lightweight.. Very Comfortable rite outta the box..
I will update in 3 months...",yes,One,5.0,https://www.amazon.ca/Timberland-Mens-Flume-Waterproof-Black/dp/B0057J5EH8/ref=cm_cr_srp_d_product_top?ie=UTF8,2020-09-18 23:26:57.603856,2020-09-18 23:27:05.909647,Bryon,Clothing & Accessories,B002G9UDYG
130,AGQC6XKGHJWNNB7QIHR7OGPUWOPQ,"November 7, 2017",Best shirt ever...,"Best working man's shirt rite here.. My last shirt I got lasted me almost 5 years and I kid you not.. Working outside in alberta, framing houses.. Beat this shirt up everyday, I put this to the test.. I kinda wish I had a picture to show you of 5 years.. Trust me you won't be disappointed",yes,0,5.0,https://www.amazon.ca/Carhartt-Signature-Sleeve-Shirt-XXX-Large/dp/B002G9UCG0/ref=cm_cr_srp_d_product_top?ie=UTF8,2020-09-18 23:27:15.005684,2020-09-18 23:27:21.282619,Bryon,Clothing & Accessories,B002G9UDYG
131,AGQC6XKGHJWNNB7QIHR7OGPUWOPQ,"November 7, 2017",Not sure about this buy...,I got 3xl size.. Feels more like a kinda small 2xl.. Not the best quality.. Does keep me somewhat warm..,yes,0,3.0,https://www.amazon.ca/Fruit-Loom-Classics-Midweight-3X-Large/dp/B00ODGFWY6/ref=cm_cr_srp_d_product_top?ie=UTF8,2020-09-18 23:27:28.374930,2020-09-18 23:27:36.642384,Bryon,Clothing & Accessories,B002G9UDYG
132,AGQC6XKGHJWNNB7QIHR7OGPUWOPQ,"November 7, 2017",Good buy..,Im 6ft4in and dam... These are knee socks for me lol.. They do a good job.. And good quality..,yes,0,5.0,https://www.amazon.ca/Carhartt-Performance-Charcoal-Heather-X-Large/dp/B01GUZRO5W/ref=cm_cr_srp_d_product_top?ie=UTF8,2020-09-18 23:27:46.738017,2020-09-18 23:27:54.029161,Bryon,Clothing & Accessories,B002G9UDYG
133,AGQC6XKGHJWNNB7QIHR7OGPUWOPQ,"November 7, 2017",Get 4 sizes up lol.. Tight.........,Don't get me wrong I love this brand for work gear.. I'm 36w34L and I got 38w36L I like very lose fitting clothes.. This was tight on me.. I would suggest getting 4 sizes up.. I'm 6ft4in 235lbs and i would say a 40w38L would fit be better..,yes,0,4.0,https://www.amazon.ca/Carhartt-Mens-Overall-Unlined-Black/dp/B000JHCYU8/ref=cm_cr_srp_d_product_top?ie=UTF8,2020-09-18 23:28:02.121496,2020-09-18 23:28:11.384189,Bryon,Clothing & Accessories,B002G9UDYG
134,AGQC6XKGHJWNNB7QIHR7OGPUWOPQ,"November 7, 2017",Good buy,"Fits just rite.. This is a mid weight hoodie.. So i use this as a winter jacket with my thermal layers underneath. Ppl always think im cold in -20 but it blocks the wind very well and it does shed water good too even after 30 or so washes.. My only con i had was the cuff started to rip apart, not sure if i did it or just got a bad one..
Great shipping. Got in in 3days.",yes,0,4.0,https://www.amazon.ca/Carhartt-Defender-Heavyweight-Sweatshirt-XXX-Large/dp/B00FXPSAOU/ref=cm_cr_srp_d_product_top?ie=UTF8,2020-09-18 23:28:18.480920,2020-09-18 23:28:27.775442,Bryon,Clothing & Accessories,B002G9UDYG
135,AGQC6XKGHJWNNB7QIHR7OGPUWOPQ,"October 26, 2017",Love this movie,"When they made this movie with only $300,000 they never thought it was going to be a hit.. Almost 40years later and still fav movie around the world.. Love this movie.",yes,0,5.0,https://www.amazon.ca/Halloween-Donald-Pleasence/dp/B000RIWAVW/ref=cm_cr_srp_d_product_top?ie=UTF8,2020-09-18 23:28:36.872435,2020-09-18 23:28:44.166596,Bryon,Clothing & Accessories,B002G9UDYG
136,AGQC6XKGHJWNNB7QIHR7OGPUWOPQ,"October 26, 2017",Good buy,"This hoodie is just a light weight... Its not mid weight by any means.. This is good for spring and fall. Any temp under 5°c or windy you will feel..
But this is a great work clothes..",yes,2,5.0,https://www.amazon.ca/Carhartt-Midweight-Sweatshirt-Pullover-XXX-Large/dp/B000FXSY32/ref=cm_cr_srp_d_product_top?ie=UTF8,2020-09-18 23:28:53.261398,2020-09-18 23:28:59.542806,Bryon,Clothing & Accessories,B002G9UDYG
137,AGQC6XKGHJWNNB7QIHR7OGPUWOPQ,"October 26, 2017",Good buy,I had my last hat for almost 3 years.. There built to last.. I do machine wash first time.. Then hand wash once amonth if that.. Good winter hat..,yes,0,5.0,https://www.amazon.ca/Carhartt-Acrylic-Watch-Black-Size/dp/B002G9UDYG/ref=cm_cr_srp_d_product_top?ie=UTF8,2020-09-18 23:29:06.628199,2020-09-18 23:29:15.865784,Bryon,Clothing & Accessories,B002G9UDYG
138,AGQC6XKGHJWNNB7QIHR7OGPUWOPQ,"October 26, 2017",Really nice shirt..,I got a size up on this so ya it just a pinch big which is what i want.. Theres a big difference when you buy the $40 vs $70. $40 still good for casual wear but if you want a good shirt that will last through 4 canadian years working outside and every condition then go $70.,yes,One,5.0,https://www.amazon.ca/Carhartt-Big-Tall-Signature-Original-3X-Large/dp/B01BZ7KY7A/ref=cm_cr_srp_d_product_top?ie=UTF8,2020-09-18 23:29:24.959334,2020-09-18 23:29:34.233911,Bryon,Clothing & Accessories,B002G9UDYG
139,AGQC6XKGHJWNNB7QIHR7OGPUWOPQ,"October 17, 2017",Five Stars,Classic,yes,0,5.0,https://www.amazon.ca/Stephen-Kings-John-Ritter/dp/B00006FDCD/ref=cm_cr_srp_d_product_top?ie=UTF8,2020-09-18 23:29:43.327169,2020-09-18 23:29:52.604002,Bryon,Clothing & Accessories,B002G9UDYG
140,AGQC6XKGHJWNNB7QIHR7OGPUWOPQ,"October 17, 2017",$22 for 8 movies..,Good buy.. Wish it came with the picture of title for each movie.. Forget which is which lol,yes,0,5.0,https://www.amazon.ca/Friday-13th-Ultimate-Collection/dp/B06XX7GBWH/ref=cm_cr_srp_d_product_top?ie=UTF8,2020-09-18 23:30:02.695136,2020-09-18 23:30:11.953439,Bryon,Clothing & Accessories,B002G9UDYG
141,AGQC6XKGHJWNNB7QIHR7OGPUWOPQ,"October 17, 2017",Five Stars,These are tasty..,yes,0,5.0,https://www.amazon.ca/Golden-Grahams-Chocolate-Marshmallow-Flavour/dp/B00F431H0A/ref=cm_cr_srp_d_product_top?ie=UTF8,2020-09-18 23:30:22.047799,2020-09-18 23:30:30.320280,Bryon,Clothing & Accessories,B002G9UDYG
142,AGQC6XKGHJWNNB7QIHR7OGPUWOPQ,"October 15, 2017",Small and compact..,So this is tiny.. Picture makes it look bigger... Nice and sleak..,yes,One,5.0,https://www.amazon.ca/Sony-DVPSR510H-DVD-Player-Upscaling/dp/B007F9XHAY/ref=cm_cr_srp_d_product_top?ie=UTF8,2020-09-18 23:30:38.405847,2020-09-18 23:30:44.673862,Bryon,Clothing & Accessories,B002G9UDYG
143,AGQC6XKGHJWNNB7QIHR7OGPUWOPQ,"October 15, 2017",This is a good product.,This is a good product.. The stripes and not a thick as i wouldve wanted and not as big either.. But gets the job done..,yes,0,4.0,https://www.amazon.ca/Lightweight-Reflective-Adjustable-Running-Motorcycle/dp/B00YXTRJSK/ref=cm_cr_srp_d_product_top?ie=UTF8,2020-09-18 23:30:54.764864,2020-09-18 23:31:02.036550,Bryon,Clothing & Accessories,B002G9UDYG
144,AGQC6XKGHJWNNB7QIHR7OGPUWOPQ,"October 1, 2017",Four Stars,Love reading this too my son... Was weird at first read but after got better and better...,yes,One,4.0,https://www.amazon.ca/Oh-Places-Youll-Dr-Seuss/dp/0679805273/ref=cm_cr_srp_d_product_top?ie=UTF8,2020-09-18 23:31:10.123699,2020-09-18 23:31:17.428329,Bryon,Clothing & Accessories,B002G9UDYG
145,AGQC6XKGHJWNNB7QIHR7OGPUWOPQ,"October 1, 2017",Five Stars,Does its job,yes,0,5.0,https://www.amazon.ca/SE-SS6-6-Inch-Combination-Sharpening/dp/B009NYSD26/ref=cm_cr_srp_d_product_top?ie=UTF8,2020-09-18 23:31:25.524504,2020-09-18 23:31:32.855495,Bryon,Clothing & Accessories,B002G9UDYG
146,AGQC6XKGHJWNNB7QIHR7OGPUWOPQ,"September 29, 2017",Good buy,Good read.. Did learn a few things.. Better books out there..,no,0,4.0,https://www.amazon.ca/Bushcraft-101-Field-Wilderness-Survival/dp/1440579776/ref=cm_cr_srp_d_product_top?ie=UTF8,2020-09-18 23:31:40.950761,2020-09-18 23:31:50.168836,Bryon,Clothing & Accessories,B002G9UDYG
147,AGQC6XKGHJWNNB7QIHR7OGPUWOPQ,"September 28, 2017",Best of the Best,You know your getting the best with Anker..,yes,0,5.0,https://www.amazon.ca/Anker-PowerLine-Pull-up-Resistor-Samsung/dp/B01A6F8IUM/ref=cm_cr_srp_d_product_top?ie=UTF8,2020-09-18 23:32:00.261661,2020-09-18 23:32:09.521803,Bryon,Clothing & Accessories,B002G9UDYG
148,AGQC6XKGHJWNNB7QIHR7OGPUWOPQ,"September 28, 2017",Not Fast Charge..,"So I only got this too see if it will charge my LG G6 cause I'm having that usb moisture problem so I can't use my usb-c at all...
Well happy to say my phone does charge now.. I dont think this is fast charge.. Its good for over night charge.. Charging phone will always be better through cord.. And yes it comes with an extra usb-c cord 3ft... The blue glow its bright at night, i dont mind.. But can also be switched off aswell..",yes,0,4.0,https://www.amazon.ca/Anker-Wireless-Charger-PowerTouch-Optimus/dp/B01N06CHQ0/ref=cm_cr_srp_d_product_top?ie=UTF8,2020-09-18 23:32:17.613991,2020-09-18 23:32:23.882744,Bryon,Clothing & Accessories,B002G9UDYG
149,AGQC6XKGHJWNNB7QIHR7OGPUWOPQ,"September 28, 2017",Once you buy Anker you'll never go back to standard items..,Very nice to have.. Fast charge works better then standard wall phone charger.. And use the other iq charge for my vape or wife's cell.. Love Anker products.. And also i have the normal 2 port anker wall plug.. I use both wall plugs everyday.,yes,One,5.0,https://www.amazon.ca/Anker-PowerPort-Charger-Charge-PowerIQ/dp/B01AHX1ABW/ref=cm_cr_srp_d_product_top?ie=UTF8,2020-09-18 23:32:31.980813,2020-09-18 23:32:40.276638,Bryon,Clothing & Accessories,B002G9UDYG
150,AGQC6XKGHJWNNB7QIHR7OGPUWOPQ,"September 26, 2017",Must buy,This is only for camping use only.. Boils water good. My fish spreader with no lead in it worked real well... Very good quality...,yes,0,5.0,https://www.amazon.ca/Nalgene-Stainless-Steel-Standard-38-Ounce/dp/B001GSOHMC/ref=cm_cr_srp_d_product_top?ie=UTF8,2020-09-18 23:32:50.370526,2020-09-18 23:32:56.679237,Bryon,Clothing & Accessories,B002G9UDYG
151,AGQC6XKGHJWNNB7QIHR7OGPUWOPQ,"September 26, 2017",Good buy,No problems took on a 3 day backpacking trip.. It held up good..,yes,0,5.0,https://www.amazon.ca/Foldable-Flexible-Collapsible-Adventures-Traveling/dp/B01NA7KJYS/ref=cm_cr_srp_d_product_top?ie=UTF8,2020-09-18 23:33:05.774702,2020-09-18 23:33:15.059815,Bryon,Clothing & Accessories,B002G9UDYG
152,AGQC6XKGHJWNNB7QIHR7OGPUWOPQ,"September 26, 2017",Decent,"This is very nice looking case.. Rugged, maybe.. Wireless charge does not work with case on.... I would recommend this case..",yes,0,4.0,https://www.amazon.ca/Poetic-Revolution-Rugged-Protection-Protector/dp/B01N6NKXLW/ref=cm_cr_srp_d_product_top?ie=UTF8,2020-09-18 23:33:25.146652,2020-09-18 23:33:31.410914,Bryon,Clothing & Accessories,B002G9UDYG
153,AGQC6XKGHJWNNB7QIHR7OGPUWOPQ,"August 19, 2017",Must buy...,I'll be buying more... This is a good quality cord... The color was bang on...,yes,0,5.0,https://www.amazon.ca/Atwood-Rope-550-Pound-Paracord-100-Feet/dp/B0098PDI98/ref=cm_cr_srp_d_product_top?ie=UTF8,2020-09-18 23:33:39.501448,2020-09-18 23:33:45.799880,Bryon,Clothing & Accessories,B002G9UDYG
154,AGQC6XKGHJWNNB7QIHR7OGPUWOPQ,"August 19, 2017",Best of the Best...,You are paying for the brand here.. But to be honest I do find this does work better Then any other I've had in the past... I will buy the bigger one next time... This is worth the buy... Germans make good stuff lol...,yes,0,5.0,https://www.amazon.ca/%C3%9Cberleben-Bushcraft-Handcrafted-Traditional-Survival/dp/B01C7YACQ8/ref=cm_cr_srp_d_product_top?ie=UTF8,2020-09-18 23:33:53.891550,2020-09-18 23:34:00.162805,Bryon,Clothing & Accessories,B002G9UDYG
155,AGQC6XKGHJWNNB7QIHR7OGPUWOPQ,"August 16, 2017",Awsm for backpacking,Great ultralight tent.. Small enough to fit in any bag or outside like it's tiny lol.. Good air ventalation.. If any taller then 6ft4in like me don't buy.. I'm maxed for space... They say 7ft10in I don't think so... And this is not a camo tent... I bet ppl can see your tent km's away it's like a glowing bright orange.. But really happy with alps tents they last long time.. I have 4person tent and I've had it for almost 4years and Windows are still good no rips nothing... Alps is a good cheap brand... I can set this tent up in the dark in under 5 mins first time.. Now its like 2... 3 mins tops...,yes,0,5.0,https://www.amazon.ca/ALPS-Mountaineering-Mystique-1-Person-Tent/dp/B00BI30F4E/ref=cm_cr_srp_d_product_top?ie=UTF8,2020-09-18 23:34:08.259481,2020-09-18 23:34:14.527150,Bryon,Clothing & Accessories,B002G9UDYG
156,AGQC6XKGHJWNNB7QIHR7OGPUWOPQ,"August 5, 2017",Must buy,Umm ya best usb charging cable on the planet.. It actually does charge a bit faster.. Feels like it's going to last 10 plus years..,yes,0,5.0,https://www.amazon.ca/Anker-PowerLine-Reinforced-Motorola-Smartphones/dp/B019Q3T7YG/ref=cm_cr_srp_d_product_top?ie=UTF8,2020-09-18 23:34:22.621934,2020-09-18 23:34:29.926747,Bryon,Clothing & Accessories,B002G9UDYG
157,AGQC6XKGHJWNNB7QIHR7OGPUWOPQ,"August 5, 2017",Nice warm bag,"Nice warm bag.. When I'm in the bag and Sun hits it you have some spots where you can see less padding.. I'm 6ft4 and it's perfect size.. If taller your shoulders mite show.. This is ok for backpacking, just has to be outside of pack.. Almost a year now, handful of times taken out and works great and gets the job done..
4 stars cause padding is not constant throughout the bag.. But still works..",yes,0,4.0,https://www.amazon.ca/Sports-Celsius-Sleeping-Weather-Lightweight/dp/B00DDP38CG/ref=cm_cr_srp_d_product_top?ie=UTF8,2020-09-18 23:34:38.021604,2020-09-18 23:34:46.338666,Bryon,Clothing & Accessories,B002G9UDYG
158,AGQC6XKGHJWNNB7QIHR7OGPUWOPQ,"August 5, 2017",All around 2 thumbs up,Dam... So nice going to buy second pair.. I got the size that fits me and fits perfectly fine..,yes,0,5.0,https://www.amazon.ca/Columbia-Silver-Ridge-Convertible-36x34/dp/B0058YV8DQ/ref=cm_cr_srp_d_product_top?ie=UTF8,2020-09-18 23:34:55.435245,2020-09-18 23:35:02.704968,Bryon,Clothing & Accessories,B002G9UDYG
159,AGQC6XKGHJWNNB7QIHR7OGPUWOPQ,"July 22, 2017",Best bang for you buck...,"If your camp or weekend get away this is what you need.. Or even in your EDC works too..

So i Bring it to work to charge my vape.. Went 3day camping and last the whole time with my vape. Cell. Flashlight. Bluetooth speaker.. So was a really good buy.. Going to buy more for family members.. And also i charged this power bank with normal wall charger and takes long time, not sure how long maybe 14hrs... But i got anker wall plug and dam a good 9 or 10hrs 0/100%...",yes,One,5.0,https://www.amazon.ca/Portable-Charger-Anker-PowerCore-20100mAh/dp/B00X5RV14Y/ref=cm_cr_srp_d_product_top?ie=UTF8,2020-09-18 23:35:12.797053,2020-09-18 23:35:20.109189,Bryon,Clothing & Accessories,B002G9UDYG
160,AGQC6XKGHJWNNB7QIHR7OGPUWOPQ,"July 18, 2017",This was a good buy.,"Does speed up charging a bit faster then normal wall charger you get from your phone or other things.. Does get a bit warm after charging anker 20100 power bank.. This was a good buy..
New note.. Months after now.. Still works very well.. I had to buy another one with quick charge feature... And still finding myself using both.. Once you go with Anker you'll never go back to standard",yes,0,5.0,https://www.amazon.ca/Extra-Premium-Android-Samsung-Black-6ft/dp/B01LCDT7FC/ref=cm_cr_srp_d_product_top?ie=UTF8,2020-09-18 23:35:28.204567,2020-09-18 23:35:34.515895,Bryon,Clothing & Accessories,B002G9UDYG
161,AGQC6XKGHJWNNB7QIHR7OGPUWOPQ,"July 18, 2017",Works good with wood camping stoves,"Will buy more.. Works good with wood camping stoves.. Cut a stick in half and use half to make feather stick put that in middle then put other twigs in. Light it up and good to go...pay way too much for only 6 twigs... ""Wood Products Internatl"" is better fatwood product.. $20 you get 15 cases if not more fatwood at better quality..",yes,2,2.0,https://www.amazon.ca/Light-My-Fire-TinderSticks-180g-220g/dp/B000CS44ZW/ref=cm_cr_srp_d_product_top?ie=UTF8,2020-09-18 23:35:42.612083,2020-09-18 23:35:51.935219,Bryon,Clothing & Accessories,B002G9UDYG
162,AGQC6XKGHJWNNB7QIHR7OGPUWOPQ,"July 18, 2017",Five Stars,Very good case for anker 20100 seems good quality.. Also fits two 3ft cables fine..,yes,0,5.0,https://www.amazon.ca/PowerCore-20100mAh-Portable-Charger-PowerCore/dp/B01J21HAPK/ref=cm_cr_srp_d_product_top?ie=UTF8,2020-09-18 23:35:59.036039,2020-09-18 23:36:05.313714,Bryon,Clothing & Accessories,B002G9UDYG
163,AGQC6XKGHJWNNB7QIHR7OGPUWOPQ,"July 18, 2017",Works good starting fire in toaks small stove and the fire ...,Works good starting fire in toaks small stove and the fire wheel works good too.. One bag last me 6days of camping.. Will buy more...,yes,0,5.0,https://www.amazon.ca/Survive-Outdoors-Longer-Fire-Lite/dp/B0091DVNLM/ref=cm_cr_srp_d_product_top?ie=UTF8,2020-09-18 23:36:13.408387,2020-09-18 23:36:22.700773,Bryon,Clothing & Accessories,B002G9UDYG
164,AGQC6XKGHJWNNB7QIHR7OGPUWOPQ,"July 18, 2017",This would be good for back sleepers I'm a side kinda guy and ...,This would be good for back sleepers I'm a side kinda guy and was a Little weird.. I'm sure having a few drinks will help with getting to sleep faster but ultra light and tiny..,yes,2,5.0,https://www.amazon.ca/Klymit-Lightweight-Inflatable-Pillow-X-Large/dp/B01GRW6HOM/ref=cm_cr_srp_d_product_top?ie=UTF8,2020-09-18 23:36:31.793150,2020-09-18 23:36:40.099829,Bryon,Clothing & Accessories,B002G9UDYG
165,AGQC6XKGHJWNNB7QIHR7OGPUWOPQ,"July 18, 2017",Bell is not overly loud but good loud.,Is what it is... Silencer works.. Bell is not overly loud but good loud..,yes,0,5.0,https://www.amazon.ca/Coghlans-Bear-Bell-Magnetic-Silencer/dp/B000IZDZZY/ref=cm_cr_srp_d_product_top?ie=UTF8,2020-09-18 23:36:50.193855,2020-09-18 23:36:57.495011,Bryon,Clothing & Accessories,B002G9UDYG
166,AGQC6XKGHJWNNB7QIHR7OGPUWOPQ,"July 8, 2017",Ultralight camping pot,"This is a nice match with my toaks small wood stove. Small stove fits nice inside with carry case with it. You also can fit some small tube size spices and I also put oil in there too for cooking.
Packaging is a nice strong cardboard box with nice not cheap looking orange mesh fabric that surrounds the 750ml pot. Oh has markings going up too 500ml which is a big bonus.",yes,0,5.0,https://www.amazon.ca/TOAKS-Titanium-750ml-Bail-Handle/dp/B00EZIKUJY/ref=cm_cr_srp_d_product_top?ie=UTF8,2020-09-18 23:37:05.593518,2020-09-18 23:37:14.881524,Bryon,Clothing & Accessories,B002G9UDYG
167,AGQC6XKGHJWNNB7QIHR7OGPUWOPQ,"July 4, 2017",Well looks like you can fit it on your key chain lol,Ok from YouTube videos this product looks fair size... When you see it.. Well looks like you can fit it on your key chain lol... Haven't tested it yet but looks like ultralight camp stove which I want..,yes,One,5.0,https://www.amazon.ca/Titanium-Backpacking-Burning-Outdoor-Cooking/dp/B01AC7I8KO/ref=cm_cr_srp_d_product_top?ie=UTF8,2020-09-18 23:37:21.976353,2020-09-18 23:37:28.267501,Bryon,Clothing & Accessories,B002G9UDYG
168,AGQC6XKGHJWNNB7QIHR7OGPUWOPQ,"May 16, 2017",Nice tent...,"I see this as a big 3 person tent.. 4 ppl be a tight squeeze... I'm 6'4 230lbs nice fit still have lots of space around feet area... Wife and the baby fits just fine.. 2 doors very nice to have..

Pros..
Windows on both sides
Two vestibules
Looks like alps makes a good tent..
Easy set up, took me under 5mins
Zippers are smooth
2 Air vents on rain fly

Now these are just my cons
Most tents have storage pockets like middle of tent.. Where these are on floor level...
And looks like a bird took a crap on by bottom side of tent door... Minus one star... 🌟",yes,4,4.0,https://www.amazon.ca/ALPS-Mountaineering-Taurus-4-Person-Fiber/dp/B00AU6JUXM/ref=cm_cr_srp_d_product_top?ie=UTF8,2020-09-18 23:37:38.358554,2020-09-18 23:37:45.636875,Bryon,Clothing & Accessories,B002G9UDYG
169,AGQC6XKGHJWNNB7QIHR7OGPUWOPQ,"May 9, 2017",Wow.. Better sleep here lol,"Wow I'm impressed... Very comfortable even sleeping on my side.. Im 6'4 and 230lbs.. Was a little weird first night sleeping on this but after that god love this thing.. No problems with losing air.. Maxed out on length but very wide.. This is a must buy.. 20 to 25 breaths very easy to use.. Folds down into i say 4in x 6in.. Tiny thing.. Ive tried others in the past, just didnt have a good sleep.. This is amazing sleep once you get use to the v shape...",yes,One,5.0,https://www.amazon.ca/Klymit-Static-Luxe-Sleeping-Pad/dp/B00J972O8Q/ref=cm_cr_srp_d_product_top?ie=UTF8,2020-09-18 23:37:53.733101,2020-09-18 23:38:00.048778,Bryon,Clothing & Accessories,B002G9UDYG
170,AGQC6XKGHJWNNB7QIHR7OGPUWOPQ,"May 9, 2017",Better safe then sorry....,This a good buy.. So tiny.. But only see a couple uses outta it but I could be wrong.. Hope I never have to use it..,yes,0,5.0,https://www.amazon.ca/SE-EB122OR-X36-Inch-Emergency-Sleeping/dp/B0090AAY6Q/ref=cm_cr_srp_d_product_top?ie=UTF8,2020-09-18 23:38:10.159751,2020-09-18 23:38:16.434318,Bryon,Clothing & Accessories,B002G9UDYG
171,AGQC6XKGHJWNNB7QIHR7OGPUWOPQ,"May 9, 2017",You get what u pay for...,"Looks ok.. Amazon has one size which is bigger.. And on the blanket it has smaller size...
But you get what you pay for...
This is just going to be a camping blanket that's all.. And not warm at all must use it over sleeping bag... You can wash it but air dry it. Other wise your lit trap will just a mess",yes,0,3.0,https://www.amazon.ca/Fox-Outdoor-Products-French-Blanket/dp/B004XJA93M/ref=cm_cr_srp_d_product_top?ie=UTF8,2020-09-18 23:38:25.526295,2020-09-18 23:38:31.764554,Bryon,Clothing & Accessories,B002G9UDYG
172,AGQC6XKGHJWNNB7QIHR7OGPUWOPQ,"May 7, 2017",Tiny,Ok so thought they be big normal size books... Turns out there tiny little baby books lol.. One book kinda has a story and the rest are words here and there.. 3 stars..,yes,2,3.0,https://www.amazon.ca/Little-Bright-Early-Board-Books/dp/030797586X/ref=cm_cr_srp_d_product_top?ie=UTF8,2020-09-18 23:38:40.851144,2020-09-18 23:38:50.115193,Bryon,Clothing & Accessories,B002G9UDYG
