,author_id,date_review_posted,review_title,reviews,verified_purchase,people_find_helpful,ratings,product_url,start,end,reviewer_name,product_category,product_id
0,AGR557ZB5HIFTHTNUMTAFZVQ6PWA,"December 13, 2019",Its Carhartt!,Quality Carhartt as usual. Keeps you nice and warm,yes,0,5.0,https://www.amazon.ca/Carhartt-Mens-Acrylic-Knit-Black/dp/B003E7GUZU/ref=cm_cr_srp_d_product_top?ie=UTF8,2020-09-19 02:22:45.834132,2020-09-19 02:22:54.101628,Amazon Customer,Clothing & Accessories,B002G9UDYG
1,AGR557ZB5HIFTHTNUMTAFZVQ6PWA,"December 13, 2019","Worth trying, very solid.","Nothing fancy, does the job well, the scent the combs gives is a little off",yes,0,3.0,https://www.amazon.ca/One-Handsome-Man-Ultimate-Beard/dp/B01BH4OWLK/ref=cm_cr_srp_d_product_top?ie=UTF8,2020-09-19 02:23:02.195119,2020-09-19 02:23:09.445389,Amazon Customer,Clothing & Accessories,B002G9UDYG
2,AGR557ZB5HIFTHTNUMTAFZVQ6PWA,"November 18, 2019",Good,"Not bad but not great, you can get a headlamp for a few pennies more which I found to be way brighter.",yes,0,3.0,https://www.amazon.ca/H4-9003-Motorcycle-SEALIGHT-Replacement/dp/B07C6B94TF/ref=cm_cr_srp_d_product_top?ie=UTF8,2020-09-19 02:23:16.534738,2020-09-19 02:23:23.846331,Amazon Customer,Clothing & Accessories,B002G9UDYG
3,AGR557ZB5HIFTHTNUMTAFZVQ6PWA,"November 18, 2019",Perfect length,Went this route after purchasing a flex hose shower head. Should have done this first. Great extension and you can change the shower head to any of your liking.,yes,0,5.0,https://www.amazon.ca/Chrome-Plated-Adjustable-Extension-Shower/dp/B07SV648NW/ref=cm_cr_srp_d_product_top?ie=UTF8,2020-09-19 02:23:31.935543,2020-09-19 02:23:38.175553,Amazon Customer,Clothing & Accessories,B002G9UDYG
4,AGR557ZB5HIFTHTNUMTAFZVQ6PWA,"November 18, 2019",Specific application,You need this if installing 7inch headlamp on a Harley Davidson Street glide,yes,0,3.0,https://www.amazon.ca/Headlight-Mounting-Bracket-Harley-Davidson/dp/B017B8NL2M/ref=cm_cr_srp_d_product_top?ie=UTF8,2020-09-19 02:23:47.270038,2020-09-19 02:23:55.527042,Amazon Customer,Clothing & Accessories,B002G9UDYG
5,AGR557ZB5HIFTHTNUMTAFZVQ6PWA,"November 18, 2019",Plug and play,Easy breezy installation if you know how to install stereos. Works as expected.,yes,0,5.0,https://www.amazon.ca/SOOCR-26-Replacement-Interface-Chrysler-Vehicles/dp/B00CQD6W5G/ref=cm_cr_srp_d_product_top?ie=UTF8,2020-09-19 02:24:02.617964,2020-09-19 02:24:09.882157,Amazon Customer,Clothing & Accessories,B002G9UDYG
6,AGR557ZB5HIFTHTNUMTAFZVQ6PWA,"November 18, 2019",Video,Works great and as expected,yes,0,4.0,https://www.amazon.ca/APPS2Car-Parking-Interface-Pioneer-Receivers/dp/B01L6Z1WYA/ref=cm_cr_srp_d_product_top?ie=UTF8,2020-09-19 02:24:19.978426,2020-09-19 02:24:28.227940,Amazon Customer,Clothing & Accessories,B002G9UDYG
7,AGR557ZB5HIFTHTNUMTAFZVQ6PWA,"November 18, 2019",Awsome shirt,"Awsome work shirt, fits a bit loose so you can move a round.",yes,0,5.0,https://www.amazon.ca/Carhartt-Signature-T-Shirt-Original-X-Large/dp/B007FPOWUC/ref=cm_cr_srp_d_product_top?ie=UTF8,2020-09-19 02:24:38.344002,2020-09-19 02:24:45.624085,Amazon Customer,Clothing & Accessories,B002G9UDYG
8,AGR557ZB5HIFTHTNUMTAFZVQ6PWA,"November 17, 2019",Easy,Great for extending your input for stereo or files.,yes,0,5.0,https://www.amazon.ca/Duttek-USB-Panel-Flush-Mount/dp/B072HK8JZH/ref=cm_cr_srp_d_product_top?ie=UTF8,2020-09-19 02:24:52.718703,2020-09-19 02:24:59.019240,Amazon Customer,Clothing & Accessories,B002G9UDYG
9,AGR557ZB5HIFTHTNUMTAFZVQ6PWA,"November 17, 2019",Perfect for pa,Great set if tools.,yes,0,5.0,https://www.amazon.ca/Marrywindix-Dashboard-Dismantle-Installer-Professional-grade/dp/B00SB7QAZ8/ref=cm_cr_srp_d_product_top?ie=UTF8,2020-09-19 02:25:06.111004,2020-09-19 02:25:12.373504,Amazon Customer,Clothing & Accessories,B002G9UDYG
10,AGR557ZB5HIFTHTNUMTAFZVQ6PWA,"November 17, 2019",Warm,"Price is right, and its Carhartt. What more is there to say.",yes,0,5.0,https://www.amazon.ca/Carhartt-Acrylic-Watch-Black-Size/dp/B002G9UDYG/ref=cm_cr_srp_d_product_top?ie=UTF8,2020-09-19 02:25:19.447598,2020-09-19 02:25:27.658523,Amazon Customer,Clothing & Accessories,B002G9UDYG
11,AGR557ZB5HIFTHTNUMTAFZVQ6PWA,"November 17, 2019",Antenna upgrade,"Perfect size, easy instal. May want to use some lock tight on threads.",yes,0,5.0,https://www.amazon.ca/Rugged-Ridge-17212-10-Reflex-Antenna/dp/B01DX9J98I/ref=cm_cr_srp_d_product_top?ie=UTF8,2020-09-19 02:25:34.738716,2020-09-19 02:25:43.953710,Amazon Customer,Clothing & Accessories,B002G9UDYG
12,AGR557ZB5HIFTHTNUMTAFZVQ6PWA,"November 17, 2019",Snor no more,"Not for traveling, will take some to get used to. Perfect for what it is made for.",yes,0,5.0,https://www.amazon.ca/Avana-Reflux-Pillow-Bamboo-5-Pound/dp/B011WDHDTE/ref=cm_cr_srp_d_product_top?ie=UTF8,2020-09-19 02:25:51.029062,2020-09-19 02:25:59.292361,Amazon Customer,Clothing & Accessories,B002G9UDYG
13,AGR557ZB5HIFTHTNUMTAFZVQ6PWA,"November 1, 2019",Good product,"Some condensation build up, but for the price and purpose great value",yes,0,4.0,https://www.amazon.ca/Favoto-Motorcycle-Waterproof-Protection-Motorcycles/dp/B07D741PVK/ref=cm_cr_srp_d_product_top?ie=UTF8,2020-09-19 02:26:09.382853,2020-09-19 02:26:17.667790,Amazon Customer,Clothing & Accessories,B002G9UDYG
14,AGR557ZB5HIFTHTNUMTAFZVQ6PWA,"November 1, 2019",Nice and bright,Great affordable upgrade.,yes,One,5.0,https://www.amazon.ca/Motorcycle-Projector-Headlight-Sportster-nightster/dp/B019ETNZD6/ref=cm_cr_srp_d_product_top?ie=UTF8,2020-09-19 02:26:25.757965,2020-09-19 02:26:34.033233,Amazon Customer,Clothing & Accessories,B002G9UDYG
15,AGR557ZB5HIFTHTNUMTAFZVQ6PWA,"November 1, 2019",Warm and comfy,"Dont know how I lasted so long without slippers, super cozy and comfy. Great for around the house.",yes,One,5.0,https://www.amazon.ca/UGG-Mens-Scuff-Slipper-Espresso/dp/B077MKJ5B5/ref=cm_cr_srp_d_product_top?ie=UTF8,2020-09-19 02:26:43.126314,2020-09-19 02:26:49.408904,Amazon Customer,Clothing & Accessories,B002G9UDYG
16,AGR557ZB5HIFTHTNUMTAFZVQ6PWA,"November 1, 2019",Dont wash your money down the drain,The only thing good about this item is the instal. There are better and cheaper options out there.,yes,0,2.0,https://www.amazon.ca/Waterpik-NSL-603-Flexible-Shower-Power/dp/B000I0NCLQ/ref=cm_cr_srp_d_product_top?ie=UTF8,2020-09-19 02:26:58.502868,2020-09-19 02:27:04.793003,Amazon Customer,Clothing & Accessories,B002G9UDYG
17,AGR557ZB5HIFTHTNUMTAFZVQ6PWA,"November 1, 2019",Great weather protection,Perfect,yes,One,5.0,https://www.amazon.ca/WeatherTech-445731-Floor-Liner-Wrangler/dp/B00B29V12E/ref=cm_cr_srp_d_product_top?ie=UTF8,2020-09-19 02:27:12.890648,2020-09-19 02:27:22.149969,Amazon Customer,Clothing & Accessories,B002G9UDYG
18,AGR557ZB5HIFTHTNUMTAFZVQ6PWA,"November 1, 2019",Great BT,👍,yes,0,5.0,https://www.amazon.ca/Plantronics-Voyager-Bluetooth-Headset-8730003/dp/B00BBUCAUG/ref=cm_cr_srp_d_product_top?ie=UTF8,2020-09-19 02:27:31.241781,2020-09-19 02:27:39.546847,Amazon Customer,Clothing & Accessories,B002G9UDYG
19,AGR557ZB5HIFTHTNUMTAFZVQ6PWA,"August 20, 2019",Just a brush,It's a brush. Nothing to write home about,yes,0,3.0,https://www.amazon.ca/Brush-Black-Natural-Bristle-Moustache/dp/B00YO69D7M/ref=cm_cr_srp_d_product_top?ie=UTF8,2020-09-19 02:27:49.640818,2020-09-19 02:27:55.911454,Amazon Customer,Clothing & Accessories,B002G9UDYG
20,AGR557ZB5HIFTHTNUMTAFZVQ6PWA,"August 20, 2019",Disappointed,Bottle had no seal. Seemed to be a returned item.,yes,0,1.0,https://www.amazon.ca/Honest-Amish-Classic-Beard-Oil/dp/B00M49SG0Q/ref=cm_cr_srp_d_product_top?ie=UTF8,2020-09-19 02:28:04.003637,2020-09-19 02:28:11.249100,Amazon Customer,Clothing & Accessories,B002G9UDYG
21,AGR557ZB5HIFTHTNUMTAFZVQ6PWA,"August 20, 2019",Top quality.,You can never go wrong with Carhartt,yes,0,5.0,https://www.amazon.ca/Carhartt-Midweight-Sweatshirt-Original-X-Large/dp/B002GHC2BA/ref=cm_cr_srp_d_product_top?ie=UTF8,2020-09-19 02:28:21.340718,2020-09-19 02:28:30.616754,Amazon Customer,Clothing & Accessories,B002G9UDYG
