,author_id,date_review_posted,review_title,reviews,verified_purchase,people_find_helpful,ratings,product_url,start,end,reviewer_name,product_category,product_id
0,AGTCQNJYQAUTDVVZCHO6GU3DYGBA,"June 20, 2020",Audio,The voice is horrible & terrifying to kids.,yes,0,1.0,https://www.amazon.ca/Learning-Boxiki-Kids-Interactive-Educational/dp/B06WLMCG8M/ref=cm_cr_srp_d_product_top?ie=UTF8,2020-09-18 14:02:22.777001,2020-09-18 14:02:29.121097,Sarah,Clothing & Accessories,B002G9UDYG
1,AGTCQNJYQAUTDVVZCHO6GU3DYGBA,"June 20, 2020",Soze,A little bit smaller than expected but still love it.,yes,0,4.0,https://www.amazon.ca/Sevenstars-Tapestry-Meditation-Skeleton-Stars/dp/B07Q7N2SRM/ref=cm_cr_srp_d_product_top?ie=UTF8,2020-09-18 14:02:39.223131,2020-09-18 14:02:48.499422,Sarah,Clothing & Accessories,B002G9UDYG
2,AGTCQNJYQAUTDVVZCHO6GU3DYGBA,"June 20, 2020",Awesome!,Amazing!!! Keeps my kiddo busy for hours!,yes,0,5.0,https://www.amazon.ca/First-100-Box-Set-books/dp/0312525931/ref=cm_cr_srp_d_product_top?ie=UTF8,2020-09-18 14:02:56.607654,2020-09-18 14:03:05.905816,Sarah,Clothing & Accessories,B002G9UDYG
3,AGTCQNJYQAUTDVVZCHO6GU3DYGBA,"June 20, 2020",Material,So comfy and cute! It’s like bathing suit material.,yes,0,5.0,https://www.amazon.ca/dp/B08133WYCT/ref=cm_cr_srp_d_product_top?ie=UTF8,2020-09-18 14:03:14.014575,2020-09-18 14:03:22.367402,Sarah,Clothing & Accessories,B002G9UDYG
4,AGTCQNJYQAUTDVVZCHO6GU3DYGBA,"May 12, 2020",Perfect,Got it for my nephew and he loves it!,yes,0,5.0,https://www.amazon.ca/Math-Addition-Subtraction-School-Publishing/dp/0887432735/ref=cm_cr_srp_d_product_top?ie=UTF8,2020-09-18 14:03:29.458350,2020-09-18 14:03:36.778786,Sarah,Clothing & Accessories,B002G9UDYG
5,AGTCQNJYQAUTDVVZCHO6GU3DYGBA,"May 12, 2020",Perfect,Love this gift!,yes,0,5.0,https://www.amazon.ca/Dad-Wrote-Book-About-You/dp/1098578619/ref=cm_cr_srp_d_product_top?ie=UTF8,2020-09-18 14:03:46.903220,2020-09-18 14:03:55.178302,Sarah,Clothing & Accessories,B002G9UDYG
6,AGTCQNJYQAUTDVVZCHO6GU3DYGBA,"November 22, 2019",Good price,Have yet to install but our local Walmart sells the exact one for way more! Get your money's worth when purchasing on Amazon even with the shipping included!,yes,0,5.0,https://www.amazon.ca/Bracket-Profile-Plasma-Screen-400x400mm/dp/B077Z45K65/ref=cm_cr_srp_d_product_top?ie=UTF8,2020-09-18 14:04:03.255149,2020-09-18 14:04:09.503929,Sarah,Clothing & Accessories,B002G9UDYG
7,AGTCQNJYQAUTDVVZCHO6GU3DYGBA,"November 22, 2019",Gift,Good gift and good packing!,yes,0,5.0,https://www.amazon.ca/NMR-Aquarius-Pink-Floyd-Poster/dp/B001QXLNDS/ref=cm_cr_srp_d_product_top?ie=UTF8,2020-09-18 14:04:19.624912,2020-09-18 14:04:28.940240,Sarah,Clothing & Accessories,B002G9UDYG
8,AGTCQNJYQAUTDVVZCHO6GU3DYGBA,"November 22, 2019",Gift,Perfect gift for a musical friend in your life.,yes,0,5.0,https://www.amazon.ca/ArRord-Guitar-Display-ALL-Size-Guitars/dp/B005ZV5K0O/ref=cm_cr_srp_d_product_top?ie=UTF8,2020-09-18 14:04:36.049894,2020-09-18 14:04:43.386426,Sarah,Clothing & Accessories,B002G9UDYG
9,AGTCQNJYQAUTDVVZCHO6GU3DYGBA,"November 22, 2019",Quality,Come as displayed. Good quality.,yes,0,5.0,https://www.amazon.ca/Perris-Leathers-LP12-GR1-Roses-Guitar/dp/B00DDOB8OM/ref=cm_cr_srp_d_product_top?ie=UTF8,2020-09-18 14:04:52.505165,2020-09-18 14:05:01.811504,Sarah,Clothing & Accessories,B002G9UDYG
10,AGTCQNJYQAUTDVVZCHO6GU3DYGBA,"November 22, 2019",No complaints,Hubby loved this as a gift. Good packaging. True to size!,yes,0,5.0,https://www.amazon.ca/PULP-FICTION-POSTER-24-x36/dp/B000MOX9SY/ref=cm_cr_srp_d_product_top?ie=UTF8,2020-09-18 14:05:11.925314,2020-09-18 14:05:21.231437,Sarah,Clothing & Accessories,B002G9UDYG
11,AGTCQNJYQAUTDVVZCHO6GU3DYGBA,"November 22, 2019",Love,Still using them a year later!,yes,0,5.0,https://www.amazon.ca/Munchkin-10062-Soft-Tip-Infant-6-Pack/dp/B000LSL5ZK/ref=cm_cr_srp_d_product_top?ie=UTF8,2020-09-18 14:05:30.339359,2020-09-18 14:05:37.621819,Sarah,Clothing & Accessories,B002G9UDYG
12,AGTCQNJYQAUTDVVZCHO6GU3DYGBA,"November 22, 2019",Perfect,Easy to fold and clean! Daughter loves it! Perfect for indoor or outdoor uses.,yes,0,5.0,https://www.amazon.ca/EocuSun-Toddler-Toddlers-Outdoor-Included/dp/B01KUHQZG0/ref=cm_cr_srp_d_product_top?ie=UTF8,2020-09-18 14:05:47.744378,2020-09-18 14:05:55.098055,Sarah,Clothing & Accessories,B002G9UDYG
13,AGTCQNJYQAUTDVVZCHO6GU3DYGBA,"November 22, 2019",Good quality,Saved my life when we would go out and about! Holds just about any type of soother and never broke within the numerous times I accidentally dropped it lol,yes,0,5.0,https://www.amazon.ca/Nuby-Paci-Cradle-Pacifier-Colors-Vary/dp/B0027A5FUQ/ref=cm_cr_srp_d_product_top?ie=UTF8,2020-09-18 14:06:04.193086,2020-09-18 14:06:10.471655,Sarah,Clothing & Accessories,B002G9UDYG
14,AGTCQNJYQAUTDVVZCHO6GU3DYGBA,"November 22, 2019",Comfort,Good quality. Adhesives never wore off.,yes,0,5.0,https://www.amazon.ca/Childrens-Hairbands-Bowknot-Headwear-Headbands/dp/B0752J9N7V/ref=cm_cr_srp_d_product_top?ie=UTF8,2020-09-18 14:06:17.598823,2020-09-18 14:06:24.906692,Sarah,Clothing & Accessories,B002G9UDYG
15,AGTCQNJYQAUTDVVZCHO6GU3DYGBA,"November 22, 2019",Size,Size was a little off but nonethe less a good purchase.,yes,0,5.0,https://www.amazon.ca/FANSING-Costume-Jewelry-Stainless-Wedding/dp/B074Z1F6RP/ref=cm_cr_srp_d_product_top?ie=UTF8,2020-09-18 14:06:32.020083,2020-09-18 14:06:41.325446,Sarah,Clothing & Accessories,B002G9UDYG
16,AGTCQNJYQAUTDVVZCHO6GU3DYGBA,"November 22, 2019",Good,Shown in picture how it looks in your hands! Love the fabric and has held up with washes!,yes,0,5.0,https://www.amazon.ca/Art-Box-Bedspread-Decorative-Tapestries/dp/B01NBM4EFE/ref=cm_cr_srp_d_product_top?ie=UTF8,2020-09-18 14:06:49.453504,2020-09-18 14:06:55.773376,Sarah,Clothing & Accessories,B002G9UDYG
17,AGTCQNJYQAUTDVVZCHO6GU3DYGBA,"November 22, 2019",Quality,Perfect! No complaints.,yes,0,5.0,https://www.amazon.ca/BENTOBEN-Laminated-Shockproof-Anti-Scratch-Protective/dp/B075CLTH4R/ref=cm_cr_srp_d_product_top?ie=UTF8,2020-09-18 14:07:02.901511,2020-09-18 14:07:10.178971,Sarah,Clothing & Accessories,B002G9UDYG
18,AGTCQNJYQAUTDVVZCHO6GU3DYGBA,"November 22, 2019",Beautiful,"Beautiful gift, beautiful packaging, very sturdy! Worth the money!!",yes,0,5.0,https://www.amazon.ca/AMPM24-Silver-Golden-Grandpa-Pendant/dp/B0096LP0EA/ref=cm_cr_srp_d_product_top?ie=UTF8,2020-09-18 14:07:17.304689,2020-09-18 14:07:25.605412,Sarah,Clothing & Accessories,B002G9UDYG
19,AGTCQNJYQAUTDVVZCHO6GU3DYGBA,"November 22, 2019",Poor quality,Flimsy. Broke within a day and had to reorder another as the seller didn't contact back (still hasn't a year and a half later). Would not waste the money!,yes,0,1.0,https://www.amazon.ca/OUNONA-Fathers-Keychain-Pendants-Daughter/dp/B077Z64BPK/ref=cm_cr_srp_d_product_top?ie=UTF8,2020-09-18 14:07:33.729388,2020-09-18 14:07:41.057264,Sarah,Clothing & Accessories,B002G9UDYG
20,AGTCQNJYQAUTDVVZCHO6GU3DYGBA,"November 22, 2019",Quality,Sturdy and hasn't broken in the 2 me it's been banging around on a keychain.,yes,0,5.0,https://www.amazon.ca/MayLove-Mothers-Gifts-Keychain-Grandma/dp/B07B8KG226/ref=cm_cr_srp_d_product_top?ie=UTF8,2020-09-18 14:07:50.165235,2020-09-18 14:07:56.466015,Sarah,Clothing & Accessories,B002G9UDYG
21,AGTCQNJYQAUTDVVZCHO6GU3DYGBA,"November 22, 2019",Quality,Very uncomfortable for my little,yes,0,3.0,https://www.amazon.ca/Safety-1st-Swivel-Bath-Seat/dp/B00CMR3H04/ref=cm_cr_srp_d_product_top?ie=UTF8,2020-09-18 14:08:03.589841,2020-09-18 14:08:09.921929,Sarah,Clothing & Accessories,B002G9UDYG
22,AGTCQNJYQAUTDVVZCHO6GU3DYGBA,"November 22, 2019",Bad quality,Held up for a short period of time before the wallet literally crumbled and everything was calling off.,yes,0,3.0,https://www.amazon.ca/TELLM-Women-Clutch-Wallet-Purse/dp/B01DKO2J56/ref=cm_cr_srp_d_product_top?ie=UTF8,2020-09-18 14:08:18.046176,2020-09-18 14:08:26.315460,Sarah,Clothing & Accessories,B002G9UDYG
23,AGTCQNJYQAUTDVVZCHO6GU3DYGBA,"November 22, 2019",Quality,Used as a brides maid dress. Comfy and light! Only recommendation would be to have a tag indicating where the back is!,yes,0,5.0,https://www.amazon.ca/Eiffel-Womens-Shoulder-Evening-XX-Large/dp/B06XT2PSX6/ref=cm_cr_srp_d_product_top?ie=UTF8,2020-09-18 14:08:33.425368,2020-09-18 14:08:42.755419,Sarah,Clothing & Accessories,B002G9UDYG
24,AGTCQNJYQAUTDVVZCHO6GU3DYGBA,"November 22, 2019",Quality,Love love love. Comfortable and keeps my head warm when I'm out doing yard work in any weather! Hubby loves to steal it for work too lol,yes,0,5.0,https://www.amazon.ca/Carhartt-Acrylic-Watch-Black-Size/dp/B002G9UDYG/ref=cm_cr_srp_d_product_top?ie=UTF8,2020-09-18 14:08:50.866742,2020-09-18 14:08:58.172118,Sarah,Clothing & Accessories,B002G9UDYG
25,AGTCQNJYQAUTDVVZCHO6GU3DYGBA,"November 22, 2019",Variety,Sticker bombed my laptop and other things and they've held up! Took a while to get to me but was worth the wait for the wide variety of stickers purchased!,yes,0,5.0,https://www.amazon.ca/Sticker-Motorcycle-Skateboard-Stickers-Waterproof/dp/B01MQZQWJF/ref=cm_cr_srp_d_product_top?ie=UTF8,2020-09-18 14:09:05.287781,2020-09-18 14:09:13.566854,Sarah,Clothing & Accessories,B002G9UDYG
26,AGTCQNJYQAUTDVVZCHO6GU3DYGBA,"November 22, 2019",Quality,Very comfy and stretchy! Daughter loves it so much we bought 2!,yes,0,5.0,https://www.amazon.ca/Carhartt-Girls-Acrylic-Rosebloom-Toddler/dp/B00E0KSI9G/ref=cm_cr_srp_d_product_top?ie=UTF8,2020-09-18 14:09:22.687427,2020-09-18 14:09:30.008094,Sarah,Clothing & Accessories,B002G9UDYG
27,AGTCQNJYQAUTDVVZCHO6GU3DYGBA,"November 22, 2019",Quality,Best toddler/kids pillows I've found so far!! Comes vacuumed sealed and they're very light! Would purchase again.,yes,0,5.0,https://www.amazon.ca/Utopia-Bedding-Pack-Baby-Pillow/dp/B07P8NXQF4/ref=cm_cr_srp_d_product_top?ie=UTF8,2020-09-18 14:09:40.117227,2020-09-18 14:09:49.418797,Sarah,Clothing & Accessories,B002G9UDYG
28,AGTCQNJYQAUTDVVZCHO6GU3DYGBA,"November 22, 2019",Good,👍,yes,0,4.0,https://www.amazon.ca/Contixo-Bluetooth-Parental-Children-Toddlers/dp/B07C4HK4VP/ref=cm_cr_srp_d_product_top?ie=UTF8,2020-09-18 14:09:56.527821,2020-09-18 14:10:03.863968,Sarah,Clothing & Accessories,B002G9UDYG
29,AGTCQNJYQAUTDVVZCHO6GU3DYGBA,"November 22, 2019",Quality,Super cute and comfy!,yes,0,5.0,https://www.amazon.ca/Funny-Socks-Aniwon-Gifts-Women/dp/B0771M3W9B/ref=cm_cr_srp_d_product_top?ie=UTF8,2020-09-18 14:10:11.984529,2020-09-18 14:10:18.259068,Sarah,Clothing & Accessories,B002G9UDYG
30,AGTCQNJYQAUTDVVZCHO6GU3DYGBA,"November 22, 2019",Size,Came quickly (on expected date) but a little too big! Returned and was fully refunded :),yes,One,3.0,https://www.amazon.ca/Cherokee-Workwear-Womens-Straight-Xxx-Large/dp/B073C71NZT/ref=cm_cr_srp_d_product_top?ie=UTF8,2020-09-18 14:10:27.369134,2020-09-18 14:10:35.682734,Sarah,Clothing & Accessories,B002G9UDYG
31,AGTCQNJYQAUTDVVZCHO6GU3DYGBA,"November 22, 2019",Price,Great material. True to size.,yes,0,5.0,https://www.amazon.ca/Simple-Joys-Carters-Little-Nightgowns/dp/B07GKSYDL6/ref=cm_cr_srp_d_product_top?ie=UTF8,2020-09-18 14:10:42.780475,2020-09-18 14:10:50.074688,Sarah,Clothing & Accessories,B002G9UDYG
32,AGTCQNJYQAUTDVVZCHO6GU3DYGBA,"November 22, 2019",Price,Excellent read and my mother cried when my daughter gave it to her! Worth the price and makes a perfect mother's day gift!,yes,0,5.0,https://www.amazon.ca/Thank-You-God-Grandma-Parker/dp/0718089251/ref=cm_cr_srp_d_product_top?ie=UTF8,2020-09-18 14:10:59.164420,2020-09-18 14:11:06.465723,Sarah,Clothing & Accessories,B002G9UDYG
33,AGTCQNJYQAUTDVVZCHO6GU3DYGBA,"November 22, 2019",Price,Broke within a few days of having it.,yes,0,1.0,https://www.amazon.ca/FEELMEM-Keychain-Favorite-Friendship-Stainless-Steel/dp/B07KPH4P46/ref=cm_cr_srp_d_product_top?ie=UTF8,2020-09-18 14:11:15.599933,2020-09-18 14:11:21.921805,Sarah,Clothing & Accessories,B002G9UDYG
34,AGTCQNJYQAUTDVVZCHO6GU3DYGBA,"November 22, 2019",Price,"Absolutely LOVE this!!!
Came quick , works amazing , very durable.
All of my classmates ask to use my stethoscope because it works 10x better than the ones given out in our lab kits! 11/10 would recommend spending the money on this if you can!!",yes,0,5.0,https://www.amazon.ca/3M-7100132818-Stethoscope-Lavender-5865/dp/B075QKPXX4/ref=cm_cr_srp_d_product_top?ie=UTF8,2020-09-18 14:11:29.012620,2020-09-18 14:11:37.310295,Sarah,Clothing & Accessories,B002G9UDYG
35,AGTCQNJYQAUTDVVZCHO6GU3DYGBA,"November 22, 2019",Price,"Haven't opened it yet as it is a Christmas gift. But was reading over reviews. Lots of them say that it doesn't do much but you have to do your research! Paw patrol is very sought after for kids so no kidding it's a bit more expensive. However, I read over the description and no where does it say that the pictures change or that it has the side slide out. You get what you pay for yes but you have to READ everything within the description before blaming manufacturer! My dauter will be so thrilled to open this Christmas morning, even if it is a toy she sits with, plays with often, or occasionally plays with and moves along. Kids get bored of stuff quickly! It's the thought that counts and the smile they have that matters! Arriving today🤞",yes,3,4.0,https://www.amazon.ca/Paw-Patrol-Ryders-Pup-Pad/dp/B00NJVHB8Q/ref=cm_cr_srp_d_product_top?ie=UTF8,2020-09-18 14:11:44.407129,2020-09-18 14:11:53.660080,Sarah,Clothing & Accessories,B002G9UDYG
