,author_id,date_review_posted,review_title,reviews,verified_purchase,people_find_helpful,ratings,product_url,start,end,reviewer_name,product_category,product_id
0,AGWIVDRFXUF43RLYYKKD4RFRFWGQ,"June 1, 2020",Great for working out.,"I bought 2 of these to work, outside in the summer and cover my tattoos. They re tough, yet light and breathable. great quality and price. I would buy again.",yes,0,4.0,https://www.amazon.ca/Hanes-Sleeve-T-Shirt-50-Plus-Large/dp/B00KBZSUWE/ref=cm_cr_srp_d_product_top?ie=UTF8,2020-09-18 11:45:58.249774,2020-09-18 11:46:07.518006,matthewnightz,Clothing & Accessories,B002G9UDYG
1,AGWIVDRFXUF43RLYYKKD4RFRFWGQ,"January 2, 2020",A++,Exactly as described. Great product for the price!,yes,0,5.0,https://www.amazon.ca/MoKo-Case-iPad-10-2-2019/dp/B07Z1MZ1NF/ref=cm_cr_srp_d_product_top?ie=UTF8,2020-09-18 11:46:16.603781,2020-09-18 11:46:24.952769,matthewnightz,Clothing & Accessories,B002G9UDYG
2,AGWIVDRFXUF43RLYYKKD4RFRFWGQ,"January 2, 2020",A++,Bought this as a gift for my uncle who owns a 1969 Mach 1 fastback. I read through the book before I gave it to him. Regardless if you own the car or are just a fan of the car this book is absolutely incredible. The amount of knowledge inside is crazy. I didn’t think there would be near that amount of information in this book. From the history to how to maintain and fix the car. Great photos and great information.,yes,0,5.0,https://www.amazon.ca/1969-Ford-Mustang-Mach-Muscle/dp/1613253184/ref=cm_cr_srp_d_product_top?ie=UTF8,2020-09-18 11:46:32.053376,2020-09-18 11:46:38.344046,matthewnightz,Clothing & Accessories,B002G9UDYG
3,AGWIVDRFXUF43RLYYKKD4RFRFWGQ,"January 2, 2020",A++,16$ for a toque that is super well made and durable. I have a bunch of different colours. Another thing I love is they are MADE in Canada. Where can you find something of this quality for that price that is made at home? Great job Carhartt!,yes,0,5.0,https://www.amazon.ca/Carhartt-Acrylic-Watch-Black-Size/dp/B002G9UDYG/ref=cm_cr_srp_d_product_top?ie=UTF8,2020-09-18 11:46:47.444381,2020-09-18 11:46:54.741305,matthewnightz,Clothing & Accessories,B002G9UDYG
4,AGWIVDRFXUF43RLYYKKD4RFRFWGQ,"January 2, 2020",A++,"25$ for 5 BLURAYS. Can’t go wrong with that! Quick delivery, great product.",yes,0,5.0,https://www.amazon.ca/Hard-Movie-Collection-Bilingual-Blu-ray/dp/B01NBKM0OV/ref=cm_cr_srp_d_product_top?ie=UTF8,2020-09-18 11:47:03.840245,2020-09-18 11:47:12.176475,matthewnightz,Clothing & Accessories,B002G9UDYG
5,AGWIVDRFXUF43RLYYKKD4RFRFWGQ,"January 2, 2020",A++,"Great product. Easy to use and make the apartment smell great. I love using this thing while I sleep. Put some lavender in there and you’ll sleep like a baby. I also love using it when I’m sick. I usually mix lavender and either peppermint or eucalyptus. Great product for the price, I’ve seen these identical models in store for more than double the price.",yes,0,5.0,https://www.amazon.ca/KBAYBO-Essential-Diffuser-Ultrasonic-Humidifier/dp/B072JPD1L5/ref=cm_cr_srp_d_product_top?ie=UTF8,2020-09-18 11:47:20.272774,2020-09-18 11:47:28.569424,matthewnightz,Clothing & Accessories,B002G9UDYG
6,AGWIVDRFXUF43RLYYKKD4RFRFWGQ,"January 2, 2020",A++,I was shocked when I opened this keyboard. The build quality is outstanding. It’s a bit heavy but that’s ok because it’s built really well. The key strokes and keys are really nice and smooth as well. Took me 2 seconds to connect to my iPad. I would definitely highly recommend this product.,yes,0,5.0,https://www.amazon.ca/Logitech-Bluetooth-Multi-Device-Smartphones-920-006342/dp/B00MUTWLW4/ref=cm_cr_srp_d_product_top?ie=UTF8,2020-09-18 11:47:36.656640,2020-09-18 11:47:45.892095,matthewnightz,Clothing & Accessories,B002G9UDYG
7,AGWIVDRFXUF43RLYYKKD4RFRFWGQ,"September 6, 2019",A+++,Great product and a great price. Thank you!,yes,0,5.0,https://www.amazon.ca/Classic-Adjustable-Replacement-Smartwatch-Wristband/dp/B07K16P61S/ref=cm_cr_srp_d_product_top?ie=UTF8,2020-09-18 11:47:55.994729,2020-09-18 11:48:02.312294,matthewnightz,Clothing & Accessories,B002G9UDYG
8,AGWIVDRFXUF43RLYYKKD4RFRFWGQ,"June 26, 2019",Great product!,Light and quick. Love it. The pressure gauge has a little arrow that you can rotate like a clock to the desired PSI. Works well!,yes,0,5.0,https://www.amazon.ca/BV-Yellow-Automatically-Reversible-Schrader/dp/B0085OUN1O/ref=cm_cr_srp_d_product_top?ie=UTF8,2020-09-18 11:48:10.395895,2020-09-18 11:48:19.649089,matthewnightz,Clothing & Accessories,B002G9UDYG
9,AGWIVDRFXUF43RLYYKKD4RFRFWGQ,"June 26, 2019",Great product,Smaller than I thought but it works great! I struggle with anxiety as an adult so I thought this would be a great outlet and it is!,yes,0,5.0,https://www.amazon.ca/Etch-A-Sketch-Classic-Red/dp/B01N1ZVYDM/ref=cm_cr_srp_d_product_top?ie=UTF8,2020-09-18 11:48:26.742295,2020-09-18 11:48:35.010882,matthewnightz,Clothing & Accessories,B002G9UDYG
10,AGWIVDRFXUF43RLYYKKD4RFRFWGQ,"November 6, 2018",Works well,Great product,yes,0,5.0,https://www.amazon.ca/Seagate-Backup-Portable-External-STDR2000100/dp/B00FRHTSK4/ref=cm_cr_srp_d_product_top?ie=UTF8,2020-09-18 11:48:43.107505,2020-09-18 11:48:50.382621,matthewnightz,Clothing & Accessories,B002G9UDYG
11,AGWIVDRFXUF43RLYYKKD4RFRFWGQ,"November 6, 2018",Wicked product,"Bought this for camping and it’s great. Small, light and strong.",yes,0,5.0,https://www.amazon.ca/SOG-Entrenching-Tool-F08-N-Folding/dp/B0038A05X6/ref=cm_cr_srp_d_product_top?ie=UTF8,2020-09-18 11:49:00.497619,2020-09-18 11:49:07.806730,matthewnightz,Clothing & Accessories,B002G9UDYG
12,AGWIVDRFXUF43RLYYKKD4RFRFWGQ,"November 6, 2018",Works well and is pretty small,Great product. Thanks!!,yes,0,5.0,https://www.amazon.ca/Transcend-Information-Card-Reader-TS-RDF5K/dp/B009D79VH4/ref=cm_cr_srp_d_product_top?ie=UTF8,2020-09-18 11:49:17.893928,2020-09-18 11:49:27.158822,matthewnightz,Clothing & Accessories,B002G9UDYG
13,AGWIVDRFXUF43RLYYKKD4RFRFWGQ,"September 27, 2018",A++,Fits well and the rubber is nice. I actually prefer the little locking thing that “ locks “ down the band. It’s better than the Fitbit one,yes,0,5.0,https://www.amazon.ca/Soulen-201810221558-Silicone-Bracelet-Replacement/dp/B076ZD8X7H/ref=cm_cr_srp_d_product_top?ie=UTF8,2020-09-18 11:49:37.253924,2020-09-18 11:49:45.598381,matthewnightz,Clothing & Accessories,B002G9UDYG
14,AGWIVDRFXUF43RLYYKKD4RFRFWGQ,"September 27, 2018",A++,Works exactly as described. I clean it every few days and my drain plug flows perfectly. Thank you!!,yes,0,5.0,https://www.amazon.ca/TubShroom-TSBLU454-Revolutionary-Protector-Strainer/dp/B01BYRMGCC/ref=cm_cr_srp_d_product_top?ie=UTF8,2020-09-18 11:49:55.687608,2020-09-18 11:50:02.961572,matthewnightz,Clothing & Accessories,B002G9UDYG
15,AGWIVDRFXUF43RLYYKKD4RFRFWGQ,"September 4, 2018",Awesome product,Love this! We ordered a few. Great quality! Thanks!,yes,0,5.0,https://www.amazon.ca/Everest-Signature-Waist-Pack-Standard/dp/B000A13NJO/ref=cm_cr_srp_d_product_top?ie=UTF8,2020-09-18 11:50:10.048446,2020-09-18 11:50:18.292976,matthewnightz,Clothing & Accessories,B002G9UDYG
16,AGWIVDRFXUF43RLYYKKD4RFRFWGQ,"September 4, 2018",Great product for my MacBook,Works as described. Thanks!,yes,0,5.0,https://www.amazon.ca/Buffalo-iBuffalo-Classic-Gamepad-BSGP815GY/dp/B06XWD8QQJ/ref=cm_cr_srp_d_product_top?ie=UTF8,2020-09-18 11:50:28.374750,2020-09-18 11:50:37.647808,matthewnightz,Clothing & Accessories,B002G9UDYG
17,AGWIVDRFXUF43RLYYKKD4RFRFWGQ,"September 4, 2018",Works great,Works as described. Thanks!,yes,0,5.0,https://www.amazon.ca/Younik-Extension-Nintendo-Controller-Controllers/dp/B01N5CA2JS/ref=cm_cr_srp_d_product_top?ie=UTF8,2020-09-18 11:50:47.736290,2020-09-18 11:50:57.014047,matthewnightz,Clothing & Accessories,B002G9UDYG
18,AGWIVDRFXUF43RLYYKKD4RFRFWGQ,"September 4, 2018",Works perfect.,Great product. Works perfectly with my 8bitdo wireless controller and classic NES!,yes,0,5.0,https://www.amazon.ca/8Bitdo-Retro-Receiver-Classic-Bluetooth/dp/B01MQWUT0Q/ref=cm_cr_srp_d_product_top?ie=UTF8,2020-09-18 11:51:07.113881,2020-09-18 11:51:14.370382,matthewnightz,Clothing & Accessories,B002G9UDYG
19,AGWIVDRFXUF43RLYYKKD4RFRFWGQ,"August 28, 2017",Love it. Great quality,Had this on for about 2 months now. Love it. Great quality. Great protection. Great price. Thank you!,yes,0,5.0,https://www.amazon.ca/Spigen-Anti-Chocs-Rugged-Protection-Ultime/dp/B00UVSNQPM/ref=cm_cr_srp_d_product_top?ie=UTF8,2020-09-18 11:51:24.455081,2020-09-18 11:51:33.710271,matthewnightz,Clothing & Accessories,B002G9UDYG
