,author_id,date_review_posted,review_title,reviews,verified_purchase,people_find_helpful,ratings,product_url,start,end,reviewer_name,product_category,product_id
0,AGZ3O457IP7K7JRGHCEVQTFJZZJQ,"June 4, 2020",enjoy it,good price. good reviews. makes a nice pot and easy to work. overall satisfied with this purchase !,yes,One,5.0,https://www.amazon.ca/BLACK-DECKER-Programmable-Stainless-CM1331BSC/dp/B07XTQT7JB/ref=cm_cr_srp_d_product_top?ie=UTF8,2020-09-18 14:15:41.199137,2020-09-18 14:15:47.547458,Sarah,Clothing & Accessories,B002G9UDYG
1,AGZ3O457IP7K7JRGHCEVQTFJZZJQ,"June 4, 2020",satisfied.,curious to try this. saw the reviews and decided to why not. was pleased with the results. will buy again. not bad for the price either.,yes,0,5.0,https://www.amazon.ca/Crest-Charcoal-Toothpaste-Whitening-Invigorating/dp/B07KKYHZWT/ref=cm_cr_srp_d_product_top?ie=UTF8,2020-09-18 14:15:54.657820,2020-09-18 14:16:00.982937,Sarah,Clothing & Accessories,B002G9UDYG
2,AGZ3O457IP7K7JRGHCEVQTFJZZJQ,"June 4, 2020",great quarantine colour,love this so much ! great price and arrived in great condition. had a great laugh colouring this - purrfect for cat lovers everywhere ! would definitely buy this again !!,yes,0,5.0,https://www.amazon.ca/Cat-Butt-Coloring-Book-Relaxation/dp/1712332287/ref=cm_cr_srp_d_product_top?ie=UTF8,2020-09-18 14:16:11.085780,2020-09-18 14:16:20.379156,Sarah,Clothing & Accessories,B002G9UDYG
3,AGZ3O457IP7K7JRGHCEVQTFJZZJQ,"June 4, 2020",great quarantine colour,love it ! arrived in great condition. had a laugh colouring this and has great drink recipes ! worth the price would buy again !!,yes,0,5.0,https://www.amazon.ca/Drinking-Animals-Coloring-Book-Relaxation/dp/1796828890/ref=cm_cr_srp_d_product_top?ie=UTF8,2020-09-18 14:16:30.475579,2020-09-18 14:16:38.756988,Sarah,Clothing & Accessories,B002G9UDYG
4,AGZ3O457IP7K7JRGHCEVQTFJZZJQ,"June 4, 2020",love it,"bought as a gift for my dad and he loved it. it’s perfect for him, an avid fisherman. something we share so this was special and perfect ! worth the price. would buy again.",yes,0,5.0,https://www.amazon.ca/Fishing-Fisherman-Always-Little-Custom/dp/B07TCGZ2H7/ref=cm_cr_srp_d_product_top?ie=UTF8,2020-09-18 14:16:47.894943,2020-09-18 14:16:54.177343,Sarah,Clothing & Accessories,B002G9UDYG
5,AGZ3O457IP7K7JRGHCEVQTFJZZJQ,"June 4, 2020",love,great gift. great taste. decent price. would buy again.,yes,0,5.0,https://www.amazon.ca/Lindt-Swiss-Classic-Hazelnut-Chocolate/dp/B00BPXPAQU/ref=cm_cr_srp_d_product_top?ie=UTF8,2020-09-18 14:17:01.291108,2020-09-18 14:17:09.617253,Sarah,Clothing & Accessories,B002G9UDYG
6,AGZ3O457IP7K7JRGHCEVQTFJZZJQ,"June 4, 2020",worth it,"so delicious ! worth the buy, i bought 4. best flavour. same price as store.",yes,0,5.0,https://www.amazon.ca/Pringles-Mega-Cream-Onion-Flavour/dp/B07DPGSCL7/ref=cm_cr_srp_d_product_top?ie=UTF8,2020-09-18 14:17:18.741376,2020-09-18 14:17:28.033231,Sarah,Clothing & Accessories,B002G9UDYG
7,AGZ3O457IP7K7JRGHCEVQTFJZZJQ,"June 4, 2020",good taste.,"great taste, not worth the price. could get at the dollar store for cheaper. flavour is good though. nice light snack.",yes,0,5.0,https://www.amazon.ca/Krack-Baked-Chips-Family-Snacks/dp/B07NWLYNS5/ref=cm_cr_srp_d_product_top?ie=UTF8,2020-09-18 14:17:37.137449,2020-09-18 14:17:46.449122,Sarah,Clothing & Accessories,B002G9UDYG
8,AGZ3O457IP7K7JRGHCEVQTFJZZJQ,"June 4, 2020",love,"so delicious ! ate them all in one sitting. that’s how addictive these are. so good, worth the money i bought 2 would buy again !",yes,0,5.0,https://www.amazon.ca/NESTL%C3%89-KITKAT-Minis-Pouch-grams/dp/B07DMSDTQZ/ref=cm_cr_srp_d_product_top?ie=UTF8,2020-09-18 14:17:53.539453,2020-09-18 14:18:02.839004,Sarah,Clothing & Accessories,B002G9UDYG
9,AGZ3O457IP7K7JRGHCEVQTFJZZJQ,"June 4, 2020",love,so delicious !! favourite flavour. great price. would buy again!!,yes,0,5.0,https://www.amazon.ca/Cadbury-Dairy-Milk-Hazelnut-Minis/dp/B079MD75CK/ref=cm_cr_srp_d_product_top?ie=UTF8,2020-09-18 14:18:10.931672,2020-09-18 14:18:17.199620,Sarah,Clothing & Accessories,B002G9UDYG
10,AGZ3O457IP7K7JRGHCEVQTFJZZJQ,"June 4, 2020",would buy again,love this concealer so much ! blends really nicely and sits well. doesn’t dry or flake. and lasts me all day. great price too. same in store. would definitely buy again.,yes,0,5.0,https://www.amazon.ca/NYX-Cosmetics-Concealer-Light-0-11-Ounce/dp/B002S8VFHE/ref=cm_cr_srp_d_product_top?ie=UTF8,2020-09-18 14:18:26.301958,2020-09-18 14:18:32.649973,Sarah,Clothing & Accessories,B002G9UDYG
11,AGZ3O457IP7K7JRGHCEVQTFJZZJQ,"June 4, 2020",yes,good price. great taste. would buy again,yes,0,5.0,https://www.amazon.ca/Lindt-Swiss-Classic-Milk-Chocolate/dp/B000H299LW/ref=cm_cr_srp_d_product_top?ie=UTF8,2020-09-18 14:18:41.749673,2020-09-18 14:18:49.075337,Sarah,Clothing & Accessories,B002G9UDYG
12,AGZ3O457IP7K7JRGHCEVQTFJZZJQ,"June 4, 2020",happy,exploded when they arrived. but love how they were all sharpened and ready to use ! love the colours. great value for price. would buy again.,yes,0,5.0,https://www.amazon.ca/Crayola-67-2048-48-Coloured-Pencils/dp/B00007FJYJ/ref=cm_cr_srp_d_product_top?ie=UTF8,2020-09-18 14:18:59.163071,2020-09-18 14:19:06.446423,Sarah,Clothing & Accessories,B002G9UDYG
13,AGZ3O457IP7K7JRGHCEVQTFJZZJQ,"June 4, 2020",overall satisfied.,decent price. pretty comparable to store pricing. cats go nuts for these so it’s great buying them in bulk. lasts us a while. will probably buy again.,yes,0,5.0,https://www.amazon.ca/Temptations-Mix-Ups-Treats-for-Cats/dp/B07CSZYW9K/ref=cm_cr_srp_d_product_top?ie=UTF8,2020-09-18 14:19:15.570400,2020-09-18 14:19:24.853021,Sarah,Clothing & Accessories,B002G9UDYG
14,AGZ3O457IP7K7JRGHCEVQTFJZZJQ,"June 4, 2020",happy,funny card. decent price arrived quickly and in good condition,yes,0,5.0,https://www.amazon.ca/Hallmark-Shoebox-Birthday-Greeting-Sarcastic/dp/B01LX2DKLM/ref=cm_cr_srp_d_product_top?ie=UTF8,2020-09-18 14:19:34.958801,2020-09-18 14:19:43.261125,Sarah,Clothing & Accessories,B002G9UDYG
15,AGZ3O457IP7K7JRGHCEVQTFJZZJQ,"June 4, 2020",100% satisfied,i can’t believe i bought this but i had too. best thing i ever bought during quarantine ! holds ipad perfectly. use the pockets for my pencil crayons while i’m colouring. love the colour. pricey. but worth it ! love it. no regrets !,yes,0,5.0,https://www.amazon.ca/MoKo-Tablet-Pillow-Holder-Samsung/dp/B07P8ZK9P7/ref=cm_cr_srp_d_product_top?ie=UTF8,2020-09-18 14:19:50.374250,2020-09-18 14:19:57.725683,Sarah,Clothing & Accessories,B002G9UDYG
16,AGZ3O457IP7K7JRGHCEVQTFJZZJQ,"June 4, 2020",satisfied,fresh. delicious. expensive. worth it !! i devoured mine in a few days. definitely no regrets,yes,0,5.0,https://www.amazon.ca/Koala-Suckers-Gummy-Candy-Count/dp/B00BPXO3ZE/ref=cm_cr_srp_d_product_top?ie=UTF8,2020-09-18 14:20:05.842178,2020-09-18 14:20:13.144480,Sarah,Clothing & Accessories,B002G9UDYG
17,AGZ3O457IP7K7JRGHCEVQTFJZZJQ,"June 4, 2020",love,always a fav when i go to shoppers. similar price online. nice to know it’s available here as it’s not always when i go to shoppers. love it would buy again !,yes,0,5.0,https://www.amazon.ca/TRESemm%C3%A9-Keratin-Smooth-Infusing-Serum/dp/B00S67DVXW/ref=cm_cr_srp_d_product_top?ie=UTF8,2020-09-18 14:20:23.248808,2020-09-18 14:20:30.551878,Sarah,Clothing & Accessories,B002G9UDYG
18,AGZ3O457IP7K7JRGHCEVQTFJZZJQ,"June 4, 2020",would buy again,love the colour. very pretty. feels durable. fits nicely and was a good price,yes,0,5.0,https://www.amazon.ca/Silicone-DUEDUE-Microfiber-Protective-Anti-Scratch/dp/B0811WHLG7/ref=cm_cr_srp_d_product_top?ie=UTF8,2020-09-18 14:20:39.680306,2020-09-18 14:20:45.989187,Sarah,Clothing & Accessories,B002G9UDYG
19,AGZ3O457IP7K7JRGHCEVQTFJZZJQ,"June 4, 2020",happy,"fun buy. sturdy, and good price. would buy again.",yes,0,5.0,https://www.amazon.ca/WORLDMOM-Floating-Colorful-Waterfall-Protective/dp/B07C717PJB/ref=cm_cr_srp_d_product_top?ie=UTF8,2020-09-18 14:20:56.086747,2020-09-18 14:21:03.406794,Sarah,Clothing & Accessories,B002G9UDYG
20,AGZ3O457IP7K7JRGHCEVQTFJZZJQ,"June 4, 2020",great buy. great price.,great price. great make ! quick and easy and was a success for dinner with the family. used the whole bag for a family of 4 for 2 meals. would buy again.,yes,0,5.0,https://www.amazon.ca/Vita-Sana-Gnocchi-1kg-Vita/dp/B00LM95Z9Y/ref=cm_cr_srp_d_product_top?ie=UTF8,2020-09-18 14:21:13.521356,2020-09-18 14:21:20.761933,Sarah,Clothing & Accessories,B002G9UDYG
21,AGZ3O457IP7K7JRGHCEVQTFJZZJQ,"June 4, 2020",love love love love,bought as birthday gift for mum. big hit ! very simple. very pretty. comes in great condition. perfect size too !,yes,0,5.0,https://www.amazon.ca/Christmas-Infinite-Birthstone-Necklace-Swarovski/dp/B077ZR75D4/ref=cm_cr_srp_d_product_top?ie=UTF8,2020-09-18 14:21:30.876163,2020-09-18 14:21:39.153805,Sarah,Clothing & Accessories,B002G9UDYG
22,AGZ3O457IP7K7JRGHCEVQTFJZZJQ,"June 4, 2020",satisfied,pretty colours. decent quality. not too bad of a price either. would buy again,yes,0,5.0,https://www.amazon.ca/VCMART-Stainless-Button-Crystal-Piercing/dp/B07P1QJSVJ/ref=cm_cr_srp_d_product_top?ie=UTF8,2020-09-18 14:21:49.239887,2020-09-18 14:21:58.518422,Sarah,Clothing & Accessories,B002G9UDYG
23,AGZ3O457IP7K7JRGHCEVQTFJZZJQ,"June 4, 2020",love,so pretty ! love the design and feel. great price. arrived quickly. love it overall,yes,0,5.0,https://www.amazon.ca/iPhone-Browning-Design-Anti-Scratch-Protective/dp/B07KW9YXQD/ref=cm_cr_srp_d_product_top?ie=UTF8,2020-09-18 14:22:06.592982,2020-09-18 14:22:14.887342,Sarah,Clothing & Accessories,B002G9UDYG
24,AGZ3O457IP7K7JRGHCEVQTFJZZJQ,"June 4, 2020",satisfied,so good ! love these. decent price. would order again,yes,0,5.0,https://www.amazon.ca/Riesen-Chocolate-covered-Caramels-passe-partout/dp/B0055I3I7Y/ref=cm_cr_srp_d_product_top?ie=UTF8,2020-09-18 14:22:22.000271,2020-09-18 14:22:28.273715,Sarah,Clothing & Accessories,B002G9UDYG
25,AGZ3O457IP7K7JRGHCEVQTFJZZJQ,"June 4, 2020",love,bought as birthday gift for sister. she loves them. colourful and fun. well spent.,yes,0,5.0,https://www.amazon.ca/Expanding-Phone-Mount-Holder-Cellphone/dp/B08662GJYT/ref=cm_cr_srp_d_product_top?ie=UTF8,2020-09-18 14:22:37.377671,2020-09-18 14:22:46.631040,Sarah,Clothing & Accessories,B002G9UDYG
26,AGZ3O457IP7K7JRGHCEVQTFJZZJQ,"June 4, 2020",love,absolutely obsessed !! such a pretty design. sturdy case. makes the phone feel super thin which worries me. but i love how it looks so can’t complain. best purchase,yes,0,5.0,https://www.amazon.ca/kwmobile-Silicone-Case-Apple-iPhone/dp/B07MWB8161/ref=cm_cr_srp_d_product_top?ie=UTF8,2020-09-18 14:22:54.741786,2020-09-18 14:23:03.031734,Sarah,Clothing & Accessories,B002G9UDYG
27,AGZ3O457IP7K7JRGHCEVQTFJZZJQ,"June 4, 2020",love it,"can’t really get it to stick to the wall. but i’m
glad it comes with the string. good battery life. love the led lights. great sound quality. overall pleased with this!!",yes,0,5.0,https://www.amazon.ca/Bluetooth-Speakers-BassPal-Waterproof-Portable/dp/B07ZWCWHZR/ref=cm_cr_srp_d_product_top?ie=UTF8,2020-09-18 14:23:11.147863,2020-09-18 14:23:18.409084,Sarah,Clothing & Accessories,B002G9UDYG
28,AGZ3O457IP7K7JRGHCEVQTFJZZJQ,"May 13, 2020",overall satisfied.,love the feel and like how plain it is. bought this so i could stick my wolf pop socket on the back. never had an issue with otter box before. case arrived in good condition. decent price. would buy again if necessary.,yes,0,5.0,https://www.amazon.ca/Otterbox-Symmetry-iPhone-Black-7759818/dp/B07GBQW9FV/ref=cm_cr_srp_d_product_top?ie=UTF8,2020-09-18 14:23:25.520116,2020-09-18 14:23:32.760233,Sarah,Clothing & Accessories,B002G9UDYG
29,AGZ3O457IP7K7JRGHCEVQTFJZZJQ,"May 13, 2020",satisfied with this purchase.,"pretty good price, works well with my iphone xr. bought this pack mainly because of the wolf pop socket. sticks well though, can’t complain. overall, satisfied.",yes,0,5.0,https://www.amazon.ca/YIQUTECH-Cellphone-Premium-Expanding-Sockets/dp/B07WDF8VLX/ref=cm_cr_srp_d_product_top?ie=UTF8,2020-09-18 14:23:40.835102,2020-09-18 14:23:48.091732,Sarah,Clothing & Accessories,B002G9UDYG
30,AGZ3O457IP7K7JRGHCEVQTFJZZJQ,"May 13, 2020",happy overall !,"love this ! good price, fit nicely and are comfy once you wear them. bought them for vacation and wore them every day - surprisingly didn’t lose them
in the ocean ! will continue to wear them and if i would i’d buy again.",yes,0,5.0,https://www.amazon.ca/zeroUV-ZV-8452h-Wayfarer-Sunglasses-Matte/dp/B01DBTCOPK/ref=cm_cr_srp_d_product_top?ie=UTF8,2020-09-18 14:23:57.199441,2020-09-18 14:24:05.505573,Sarah,Clothing & Accessories,B002G9UDYG
31,AGZ3O457IP7K7JRGHCEVQTFJZZJQ,"May 13, 2020",satisfied !,using these for scrapbooking ! so far they work pretty well and i can’t complain. overall satisfied with this purchase.,yes,0,5.0,https://www.amazon.ca/Elmers-E61579-CraftBond-Scrapbook-Strength/dp/B00GSML0HG/ref=cm_cr_srp_d_product_top?ie=UTF8,2020-09-18 14:24:14.636070,2020-09-18 14:24:21.943164,Sarah,Clothing & Accessories,B002G9UDYG
32,AGZ3O457IP7K7JRGHCEVQTFJZZJQ,"May 13, 2020","super happy, looks nice - would buy again !",arrived quickly and in good condition. good price and fits ipad perfectly. so far it’s a sturdy case and is durable. had it since christmas and it still looks brand new. love it !,yes,0,5.0,https://www.amazon.ca/TiMOVO-Generation-Translucent-Protective-10-2-inch/dp/B07WYCZFRC/ref=cm_cr_srp_d_product_top?ie=UTF8,2020-09-18 14:24:29.057303,2020-09-18 14:24:36.323040,Sarah,Clothing & Accessories,B002G9UDYG
33,AGZ3O457IP7K7JRGHCEVQTFJZZJQ,"May 13, 2020",satisfied !,arrived quickly and in good condition. was worried of how the quality of photos would look. they turn out pretty well and i’m using them a lot for scrapbooking. not bad of a price will buy again most likely.,yes,0,5.0,https://www.amazon.ca/Canon-GP-701-4-Inch-6-Inch-Package/dp/B01M1P0WY8/ref=cm_cr_srp_d_product_top?ie=UTF8,2020-09-18 14:24:45.399813,2020-09-18 14:24:54.658685,Sarah,Clothing & Accessories,B002G9UDYG
34,AGZ3O457IP7K7JRGHCEVQTFJZZJQ,"May 13, 2020",so good !,always a classic buy. arrived quickly and consider it a good price. overall happy with this purchase. one of my favourite candies ! ate these too quickly !,yes,0,5.0,https://www.amazon.ca/AirHeads-Chewy-Variety-Halloween-Packaging/dp/B0017L4PH0/ref=cm_cr_srp_d_product_top?ie=UTF8,2020-09-18 14:25:02.779742,2020-09-18 14:25:09.101991,Sarah,Clothing & Accessories,B002G9UDYG
35,AGZ3O457IP7K7JRGHCEVQTFJZZJQ,"May 13, 2020",tastes pretty good,arrived quickly and consider it a good price. overall happy with this purchase. ate it all in a day.,yes,0,5.0,https://www.amazon.ca/Nestl%C3%A9-Smarties-Candy-Coated-Chocolatey/dp/B082XWJC84/ref=cm_cr_srp_d_product_top?ie=UTF8,2020-09-18 14:25:17.193283,2020-09-18 14:25:23.458667,Sarah,Clothing & Accessories,B002G9UDYG
36,AGZ3O457IP7K7JRGHCEVQTFJZZJQ,"May 13, 2020",not my favourite flavour. but still good,arrived quickly and consider it a good price. overall happy with this purchase. ate it all in a day.,yes,0,5.0,https://www.amazon.ca/Cadbury-Dairy-Milk-Chocolate-Orange/dp/B007M4M2NA/ref=cm_cr_srp_d_product_top?ie=UTF8,2020-09-18 14:25:31.533231,2020-09-18 14:25:40.759145,Sarah,Clothing & Accessories,B002G9UDYG
37,AGZ3O457IP7K7JRGHCEVQTFJZZJQ,"May 13, 2020",love it.,always a classic buy. arrived quickly and consider it a good price. overall happy with this purchase. ate it all in a day.,yes,0,5.0,https://www.amazon.ca/Cadbury-Dairy-Milk-Crispy-Rice/dp/B079MQ2793/ref=cm_cr_srp_d_product_top?ie=UTF8,2020-09-18 14:25:47.868720,2020-09-18 14:25:57.141428,Sarah,Clothing & Accessories,B002G9UDYG
38,AGZ3O457IP7K7JRGHCEVQTFJZZJQ,"May 13, 2020",love it,always a classic buy. arrived quickly and consider it a good price. overall happy with this purchase.,yes,0,5.0,https://www.amazon.ca/Cadbury-Dairy-Milk-Fruit-Candy/dp/B01JAK1X88/ref=cm_cr_srp_d_product_top?ie=UTF8,2020-09-18 14:26:05.215143,2020-09-18 14:26:14.515722,Sarah,Clothing & Accessories,B002G9UDYG
39,AGZ3O457IP7K7JRGHCEVQTFJZZJQ,"May 13, 2020",love it,always a classic buy. arrived quickly and consider it a good price. overall happy with this purchase.,yes,0,5.0,https://www.amazon.ca/Cadbury-Dairy-Milk-Candy-Gram/dp/B01JCYZYFK/ref=cm_cr_srp_d_product_top?ie=UTF8,2020-09-18 14:26:23.609001,2020-09-18 14:26:30.962833,Sarah,Clothing & Accessories,B002G9UDYG
40,AGZ3O457IP7K7JRGHCEVQTFJZZJQ,"May 13, 2020",worth it.,needed these for my scrapbook and they look nice ! took a while to arrive but satisfied overall with my purchase. hate how expensive stickers can be but was worth the buy.,yes,0,5.0,https://www.amazon.ca/Karen-Foster-Cardstock-Stickers-Celebrating-Special/dp/B00B1YJQCC/ref=cm_cr_srp_d_product_top?ie=UTF8,2020-09-18 14:26:39.054126,2020-09-18 14:26:48.356455,Sarah,Clothing & Accessories,B002G9UDYG
41,AGZ3O457IP7K7JRGHCEVQTFJZZJQ,"May 13, 2020",love it,took a while to arrive but i do love the look of the stickers. already used them all for my scrapbook so i might need to buy some more ! decent price and happy overall.,yes,0,5.0,https://www.amazon.ca/Sticko-At-the-Shore-Stickers/dp/B005W180D6/ref=cm_cr_srp_d_product_top?ie=UTF8,2020-09-18 14:26:55.458516,2020-09-18 14:27:04.717760,Sarah,Clothing & Accessories,B002G9UDYG
42,AGZ3O457IP7K7JRGHCEVQTFJZZJQ,"May 13, 2020","would buy again, happy overall.","took a while to arrive but i love them ! a great variety of stickers, cannot wait time use them for my scrapbooking ! happy overall.",yes,0,5.0,https://www.amazon.ca/Essentials-Travel-Planner-Stickers-stickers/dp/144132786X/ref=cm_cr_srp_d_product_top?ie=UTF8,2020-09-18 14:27:12.844609,2020-09-18 14:27:21.127775,Sarah,Clothing & Accessories,B002G9UDYG
43,AGZ3O457IP7K7JRGHCEVQTFJZZJQ,"May 13, 2020",satisfied buyer.,"bought this for a friend who needed one to help train her puppy. safe & friendly to use. easy to navigate, control and works well. impressed overall, bought it used so the price wasn’t too bad.",yes,0,5.0,https://www.amazon.ca/PetSafe-Stimulation-Waterproof-Rechargeable-Electronic/dp/B0085V24IC/ref=cm_cr_srp_d_product_top?ie=UTF8,2020-09-18 14:27:28.222956,2020-09-18 14:27:37.507636,Sarah,Clothing & Accessories,B002G9UDYG
44,AGZ3O457IP7K7JRGHCEVQTFJZZJQ,"May 13, 2020",would buy again,"good price, arrived quickly and in good condition. happy i got them, they work well !",yes,0,5.0,https://www.amazon.ca/We-Memory-Keepers-660150-Protectors/dp/B004TTHU0Q/ref=cm_cr_srp_d_product_top?ie=UTF8,2020-09-18 14:27:46.597179,2020-09-18 14:27:55.835547,Sarah,Clothing & Accessories,B002G9UDYG
45,AGZ3O457IP7K7JRGHCEVQTFJZZJQ,"May 13, 2020",overall happy.,similar pricing to what you when you’d buy in-store. arrived quickly & in good condition. love this kind so happy it tasted the same. would buy again.,yes,0,5.0,https://www.amazon.ca/TASSIMO-MAXWELL-Morning-Coffee-T-Discs/dp/B0142FWQ3M/ref=cm_cr_srp_d_product_top?ie=UTF8,2020-09-18 14:28:02.929209,2020-09-18 14:28:12.201309,Sarah,Clothing & Accessories,B002G9UDYG
46,AGZ3O457IP7K7JRGHCEVQTFJZZJQ,"May 13, 2020",happy overall,love the material. love the price. works very well ! arrived quickly and in great condition. connects well to my tv and laptop. no issues at all. would buy again.,yes,0,5.0,https://www.amazon.ca/supports-Ethernet-installation-braided-Blue-ray/dp/B01HDOF79Y/ref=cm_cr_srp_d_product_top?ie=UTF8,2020-09-18 14:28:22.293106,2020-09-18 14:28:28.555771,Sarah,Clothing & Accessories,B002G9UDYG
47,AGZ3O457IP7K7JRGHCEVQTFJZZJQ,"May 13, 2020",would buy again.,"LOVE this. been wanting a proper laptop stand for a while now. good price, super sturdy and holds my laptop well ! arrived quickly and in good condition. happy i bought it !",yes,0,5.0,https://www.amazon.ca/AmazonBasics-Ventilated-Adjustable-Laptop-Stand/dp/B00WRDS8H0/ref=cm_cr_srp_d_product_top?ie=UTF8,2020-09-18 14:28:35.648898,2020-09-18 14:28:44.944105,Sarah,Clothing & Accessories,B002G9UDYG
48,AGZ3O457IP7K7JRGHCEVQTFJZZJQ,"May 13, 2020",love these.,had these in my cart for a while now and was just waiting for the price to drop. once it did i bought them right away. love the colour and the look of them. pretty comfy and could wear them all day. overall happy i finally bought these !,yes,0,5.0,https://www.amazon.ca/Harlow-Womens-Leather-Chelsea-Elastic/dp/B07Q8Y73WD/ref=cm_cr_srp_d_product_top?ie=UTF8,2020-09-18 14:28:52.039523,2020-09-18 14:28:59.298268,Sarah,Clothing & Accessories,B002G9UDYG
49,AGZ3O457IP7K7JRGHCEVQTFJZZJQ,"May 13, 2020",satisfied,"easy to use, good price. arrived quickly and in great condition. sound quality isn’t too bad. satisfied overall.",yes,0,5.0,https://www.amazon.ca/Magnasonic-Digital-Battery-Functions-EAAC200/dp/B00AQZLW6K/ref=cm_cr_srp_d_product_top?ie=UTF8,2020-09-18 14:29:06.389784,2020-09-18 14:29:12.659902,Sarah,Clothing & Accessories,B002G9UDYG
50,AGZ3O457IP7K7JRGHCEVQTFJZZJQ,"May 13, 2020",satisfied.,arrived quickly and in good condition. decent price.,yes,0,4.0,https://www.amazon.ca/Cascade-ActionPacs-Dishwasher-Detergent-packaging/dp/B014TZOCKK/ref=cm_cr_srp_d_product_top?ie=UTF8,2020-09-18 14:29:19.765685,2020-09-18 14:29:29.012094,Sarah,Clothing & Accessories,B002G9UDYG
51,AGZ3O457IP7K7JRGHCEVQTFJZZJQ,"May 13, 2020",love,love these ! super retro and pretty comfy. good price and happy i bought them.,yes,0,5.0,https://www.amazon.ca/Square-Polarized-Sunglasses-Polygon-Mirrored/dp/B078JRVSF6/ref=cm_cr_srp_d_product_top?ie=UTF8,2020-09-18 14:29:37.098791,2020-09-18 14:29:45.387632,Sarah,Clothing & Accessories,B002G9UDYG
52,AGZ3O457IP7K7JRGHCEVQTFJZZJQ,"May 13, 2020",love it,bought this as a gift for a little girl and she loved it ! was a huge success and a great price. arrived quickly and in great condition ! happy overall.,yes,One,5.0,https://www.amazon.ca/Barbie-Dolphin-Magic-Ocean-View/dp/B01MT1ABJ1/ref=cm_cr_srp_d_product_top?ie=UTF8,2020-09-18 14:29:54.476696,2020-09-18 14:30:00.754545,Sarah,Clothing & Accessories,B002G9UDYG
53,AGZ3O457IP7K7JRGHCEVQTFJZZJQ,"May 13, 2020",love it !,arrived quickly and in great condition ! bought it as a gift for a family friends daughter and she loved it ! great price and super happy i bought it !,yes,0,5.0,https://www.amazon.ca/Barbie-DHC37-Happy-Birthday-Doll/dp/B014DEJAMM/ref=cm_cr_srp_d_product_top?ie=UTF8,2020-09-18 14:30:09.845096,2020-09-18 14:30:16.096130,Sarah,Clothing & Accessories,B002G9UDYG
54,AGZ3O457IP7K7JRGHCEVQTFJZZJQ,"May 13, 2020","good price, happy overall",bought these because i have an addiction to buying sunglasses. they work pretty well and were a great price ! love the look and comfy to wear.,yes,0,5.0,https://www.amazon.ca/Sunglasses-Women-Polarized-Vintage-Glasses/dp/B07BK6RJ71/ref=cm_cr_srp_d_product_top?ie=UTF8,2020-09-18 14:30:23.195510,2020-09-18 14:30:30.534563,Sarah,Clothing & Accessories,B002G9UDYG
55,AGZ3O457IP7K7JRGHCEVQTFJZZJQ,"May 13, 2020","didn’t last that long, straps started coming undone.",was really looking forward to this purchase. unfortunately was disappointed when i got it. wasn’t as spacious as i wanted it to be and don’t find it durable. love the colour but the bag actually started to fall apart after 2 uses. the seem around the straps started coming undone. eventually threw it out after a month of having it. wouldn’t buy again.,yes,0,1.0,https://www.amazon.ca/TcIFE-Purses-Handbags-Satchel-Shoulder/dp/B07MPCNW25/ref=cm_cr_srp_d_product_top?ie=UTF8,2020-09-18 14:30:39.629218,2020-09-18 14:30:45.914741,Sarah,Clothing & Accessories,B002G9UDYG
56,AGZ3O457IP7K7JRGHCEVQTFJZZJQ,"May 13, 2020",love it !,"durable, and love the look ! fits well and was a good price ! happy overall with this purchase",yes,0,5.0,https://www.amazon.ca/Mosiso-MacBook-Release-Keyboard-Protector/dp/B0773J7B86/ref=cm_cr_srp_d_product_top?ie=UTF8,2020-09-18 14:30:54.005518,2020-09-18 14:31:00.291684,Sarah,Clothing & Accessories,B002G9UDYG
57,AGZ3O457IP7K7JRGHCEVQTFJZZJQ,"May 13, 2020",love these !,had these in my cart for a while waiting for the price to drop. once it did i instantly bought them. they are adorable ! super comfy and love the look of them ! could legit wear these all day & get compliments when i wear them !,yes,0,5.0,https://www.amazon.ca/Brash-Black-Womens-Combat-Regular/dp/B07GVRYBR3/ref=cm_cr_srp_d_product_top?ie=UTF8,2020-09-18 14:31:10.385099,2020-09-18 14:31:18.653830,Sarah,Clothing & Accessories,B002G9UDYG
58,AGZ3O457IP7K7JRGHCEVQTFJZZJQ,"May 13, 2020",adorable and happy i bought it.,"needed a new mini backpack after my other one broke last year on vacation. good price, and very spacious. doesn’t feel like it’s going to break when i wear it.",yes,0,5.0,https://www.amazon.ca/HaloVa-Backpack-Shoulders-Daypack-Crossbody/dp/B07TXT9GY6/ref=cm_cr_srp_d_product_top?ie=UTF8,2020-09-18 14:31:28.743948,2020-09-18 14:31:37.008345,Sarah,Clothing & Accessories,B002G9UDYG
59,AGZ3O457IP7K7JRGHCEVQTFJZZJQ,"May 13, 2020",love these !,"had these boots in my cart for a long time waiting patiently for the price to drop. once it i bought them immediately. super comfy, true to size, can wear them all day. happy i finally bought them !",yes,0,5.0,https://www.amazon.ca/Yellow-Shoes-Finite-Womens-Light/dp/B07MCYQB9B/ref=cm_cr_srp_d_product_top?ie=UTF8,2020-09-18 14:31:45.100249,2020-09-18 14:31:53.384737,Sarah,Clothing & Accessories,B002G9UDYG
60,AGZ3O457IP7K7JRGHCEVQTFJZZJQ,"May 13, 2020",loveeeeee it.,"bought this for festival season in 2019 and it was a huge success ! was super impressed at how spacious it is, and bought it because the reviews seems pretty positive. holds my iphone xr, my ids, cash, cards, lighters, etc. fits comfy and got me a lot of compliments ! great price overall.",yes,0,5.0,https://www.amazon.ca/iAbler-Holographic-Metallic-Waterproof-Adjustable/dp/B07DL5L4D7/ref=cm_cr_srp_d_product_top?ie=UTF8,2020-09-18 14:32:03.480265,2020-09-18 14:32:09.730949,Sarah,Clothing & Accessories,B002G9UDYG
61,AGZ3O457IP7K7JRGHCEVQTFJZZJQ,"May 13, 2020",love love love love,great gift & great price ! arrived quickly & in great condition ! bought this for my sister who is obsessed with the little mermaid - she freaked ! would definitely buy this again !,yes,0,5.0,https://www.amazon.ca/Funko-Pop-Disney-Little-Mermaid/dp/B07MZN3KCR/ref=cm_cr_srp_d_product_top?ie=UTF8,2020-09-18 14:32:19.834943,2020-09-18 14:32:29.090699,Sarah,Clothing & Accessories,B002G9UDYG
62,AGZ3O457IP7K7JRGHCEVQTFJZZJQ,"May 13, 2020",love the quote hence why i bought it.,"takes a long time to arrive, kind of feels cheap when you’re using it. first one i bought was a bit damaged. love the quote though - bought as gifts for friends. they all loved it.",yes,0,3.0,https://www.amazon.ca/Primitives-Kathy-Classic-Hinged-Friends/dp/B009KRSQM8/ref=cm_cr_srp_d_product_top?ie=UTF8,2020-09-18 14:32:36.182036,2020-09-18 14:32:44.467793,Sarah,Clothing & Accessories,B002G9UDYG
63,AGZ3O457IP7K7JRGHCEVQTFJZZJQ,"May 13, 2020",love it,love it ! super comfy and affordable. arrived quickly and in great condition. would buy again !,yes,0,5.0,https://www.amazon.ca/Carhartt-Acrylic-Watch-Black-Size/dp/B002G9UDYG/ref=cm_cr_srp_d_product_top?ie=UTF8,2020-09-18 14:32:51.560737,2020-09-18 14:33:00.887229,Sarah,Clothing & Accessories,B002G9UDYG
64,AGZ3O457IP7K7JRGHCEVQTFJZZJQ,"May 13, 2020",love it !,"just what i was looking for ! great price, arrived quickly & in great condition. love how i can charge two things at once. works well, overall satisfied.",yes,0,5.0,https://www.amazon.ca/Anker-PowerPort-Charger-Compact-Foldable/dp/B07H8WJCTF/ref=cm_cr_srp_d_product_top?ie=UTF8,2020-09-18 14:33:07.979716,2020-09-18 14:33:16.234402,Sarah,Clothing & Accessories,B002G9UDYG
65,AGZ3O457IP7K7JRGHCEVQTFJZZJQ,"May 13, 2020",love these and great price too !,desperately needed a new charger after my old cord started coming apart. decided to try out the braided style after countless recommendations from friends. i love the 10ft one mainly because i can roll around in my bed and still have a cord long enough. charges phone and ipad pretty quickly. great price for the value.,yes,0,5.0,https://www.amazon.ca/Charger-Braided-Charging-Syncing-Compatible/dp/B07R9KDMX1/ref=cm_cr_srp_d_product_top?ie=UTF8,2020-09-18 14:33:23.327309,2020-09-18 14:33:30.663194,Sarah,Clothing & Accessories,B002G9UDYG
66,AGZ3O457IP7K7JRGHCEVQTFJZZJQ,"May 13, 2020",love it and love the price,"love tervis mugs so much ! bought this for my sister who also loves tervis mugs but also is OBSESSED with the little mermaid ! so beautiful, arrived quickly & in great condition. satisfied overall and was pleased with the price",yes,0,5.0,https://www.amazon.ca/Tervis-1326403-Disney-Insulated-Stainless/dp/B07PL7M14G/ref=cm_cr_srp_d_product_top?ie=UTF8,2020-09-18 14:33:37.763817,2020-09-18 14:33:44.071820,Sarah,Clothing & Accessories,B002G9UDYG
67,AGZ3O457IP7K7JRGHCEVQTFJZZJQ,"May 13, 2020",good buy,bought this for vacation. overall it’s adorable and pretty durable. was unimpressed though that the pompom snapped off the second i used it. haven’t used the case yet. got lots of comments on this tote. good price and arrived quickly in good condition.,yes,0,4.0,https://www.amazon.ca/Waterproof-Zipper-Closure-Cotton-Handles/dp/B07TBJ4DMJ/ref=cm_cr_srp_d_product_top?ie=UTF8,2020-09-18 14:33:53.164869,2020-09-18 14:34:02.439556,Sarah,Clothing & Accessories,B002G9UDYG
68,AGZ3O457IP7K7JRGHCEVQTFJZZJQ,"May 13, 2020",great gift,"bought this for my friend who had to say goodbye to 2 of her dogs in the span of 2 months. she was absolutely heartbroken & cried when i gave this to her. it’s beautiful, and arrived quickly in good condition. would buy again.",yes,0,5.0,https://www.amazon.ca/AmorAime-Sterling-Bracelet-Adjustable-Bracelets/dp/B07PJWCGPQ/ref=cm_cr_srp_d_product_top?ie=UTF8,2020-09-18 14:34:10.532022,2020-09-18 14:34:19.854306,Sarah,Clothing & Accessories,B002G9UDYG
69,AGZ3O457IP7K7JRGHCEVQTFJZZJQ,"May 13, 2020",would buy again,"good price, arrived quickly & in good condition. huge popcorn lover and this is my favourite kind ! overall satisfied.",yes,0,5.0,https://www.amazon.ca/Orville-Redenbacher-Popcorn-Microwave-Buttery/dp/B0749QHK6P/ref=cm_cr_srp_d_product_top?ie=UTF8,2020-09-18 14:34:28.945608,2020-09-18 14:34:38.253608,Sarah,Clothing & Accessories,B002G9UDYG
70,AGZ3O457IP7K7JRGHCEVQTFJZZJQ,"May 13, 2020",works well,"was nervous buying ink cartridges online as we are normally use to buying them in-store at staples. however since they were sold out we took the plunge and bought off amazon. arrived fairly quickly & in good condition. matches our ink for our computer and so far has been working well ! ink is always expensive so the pricing sucked but if it lasts long & continues to work, that’s all that matters",yes,0,5.0,https://www.amazon.ca/Remanufactured-Ink-Cartridge-Replacement-Indicator/dp/B0746CXTRM/ref=cm_cr_srp_d_product_top?ie=UTF8,2020-09-18 14:34:48.344254,2020-09-18 14:34:55.608790,Sarah,Clothing & Accessories,B002G9UDYG
71,AGZ3O457IP7K7JRGHCEVQTFJZZJQ,"May 13, 2020",love these,been wanting to try these for a while now and finally took the plunge ! good buy for a good value & tastes pretty good !,yes,0,5.0,https://www.amazon.ca/Cadbury-Dairy-Milk-Oreo-Count/dp/B07HRMYCRM/ref=cm_cr_srp_d_product_top?ie=UTF8,2020-09-18 14:35:02.700810,2020-09-18 14:35:10.969135,Sarah,Clothing & Accessories,B002G9UDYG
72,AGZ3O457IP7K7JRGHCEVQTFJZZJQ,"May 13, 2020",satisfied but wouldn’t pay the price again.,"needed to buy this kind for my two cats and they love it ! pricing is a bit expensive, i find its cheaper to buy in store- mainly only bought them because of the quarantine. arrived quickly & in good condition. lasted about 2.5 weeks, so that was good. honestly thought the cans were going to be bigger just didn’t pay attention to the sizing when i purchased this item. if the pricing was cheaper i’d consider buying it again.",yes,One,3.0,https://www.amazon.ca/Hills-Science-Urinary-Hairball-Control/dp/B00ZQYGSRO/ref=cm_cr_srp_d_product_top?ie=UTF8,2020-09-18 14:35:18.064646,2020-09-18 14:35:25.342166,Sarah,Clothing & Accessories,B002G9UDYG
73,AGZ3O457IP7K7JRGHCEVQTFJZZJQ,"May 13, 2020","great value, great buy",tastes amazing. arrived quickly & packing was great. similar price in stores so you’re getting a good bank for your buck. would buy again !,yes,0,5.0,https://www.amazon.ca/TASSIMO-MCCAFE-Premium-Coffeem-T-Discs/dp/B0142FWIZI/ref=cm_cr_srp_d_product_top?ie=UTF8,2020-09-18 14:35:32.436917,2020-09-18 14:35:39.728355,Sarah,Clothing & Accessories,B002G9UDYG
74,AGZ3O457IP7K7JRGHCEVQTFJZZJQ,"May 13, 2020",great buy,bought these for my mum who saw them in a department store in the US just before quarantine happened. she was so upset she didn’t buy them right away but was thrilled to see amazon was selling them. my mum is normally a size 8 - they fit her perfectly and she finds them comfy. once this is over she’ll be wearing them out and about in no time !,yes,0,5.0,https://www.amazon.ca/Gloria-Vanderbilt-Womens-Amanda-Capri/dp/B084BR97WZ/ref=cm_cr_srp_d_product_top?ie=UTF8,2020-09-18 14:35:48.823096,2020-09-18 14:35:58.099856,Sarah,Clothing & Accessories,B002G9UDYG
75,AGZ3O457IP7K7JRGHCEVQTFJZZJQ,"May 13, 2020",perfect gift !,bought this for my dad as a christmas gift - he’s a huge browning fan and always needs new hunting swag. fit him perfectly and he wears it all the time ! good price & arrived quickly. satisfied overall with this buy :),yes,0,5.0,https://www.amazon.ca/Browning-308835084-Speed-Flexfit-X-Large/dp/B073ZLMG4X/ref=cm_cr_srp_d_product_top?ie=UTF8,2020-09-18 14:36:08.192261,2020-09-18 14:36:15.482088,Sarah,Clothing & Accessories,B002G9UDYG
76,AGZ3O457IP7K7JRGHCEVQTFJZZJQ,"May 13, 2020",love it !,"bought this for my dad as a christmas gift because he desperately needed a new coffee mug for when he’s hunting and fishing ! he loved that it was camp & has a deer on it, but was super skeptical to use it at first because he didn’t believe it could actually keep his beverage hot all day while he’s sitting in a tree in freezing cold weather. even though i told him i use a tervis mug all the time. he was thoroughly amazed at how well it works - even used it to keep his soup hot too ! overall he’s very satisfied & loves it. this was the perfect gift for him !",yes,0,5.0,https://www.amazon.ca/Tervis-1233139-Realtree-Tumbler-Brown/dp/B01KB0DM2Q/ref=cm_cr_srp_d_product_top?ie=UTF8,2020-09-18 14:36:24.572337,2020-09-18 14:36:32.836716,Sarah,Clothing & Accessories,B002G9UDYG
77,AGZ3O457IP7K7JRGHCEVQTFJZZJQ,"May 13, 2020",worth the buy,these literally brought me back to my childhood. tastes exactly how i remember. not as sour but not bad for the price. overall satisfied customer. would purchase again !,yes,0,5.0,https://www.amazon.ca/Koala-Jumbo-Sour-Bubble-Gummy/dp/B07NDQNN1R/ref=cm_cr_srp_d_product_top?ie=UTF8,2020-09-18 14:36:41.931730,2020-09-18 14:36:49.199081,Sarah,Clothing & Accessories,B002G9UDYG
78,AGZ3O457IP7K7JRGHCEVQTFJZZJQ,"May 13, 2020",good buy.,"bought these for our kitchen cabinets, they look great ! arrived quick and were packaged with care ! they make our kitchen sparkle - overall a happy buyer !!",yes,0,5.0,https://www.amazon.ca/Etubby-Diamond-Crystal-Wardrobe-Cupboard/dp/B0746BJQVB/ref=cm_cr_srp_d_product_top?ie=UTF8,2020-09-18 14:36:57.287887,2020-09-18 14:37:03.560648,Sarah,Clothing & Accessories,B002G9UDYG
79,AGZ3O457IP7K7JRGHCEVQTFJZZJQ,"April 11, 2019",perfect,"works well and holds their own. overall the brushes are perfect for what i need them for and do the trick for cleaning. would recommend, especially for the cost.",yes,0,5.0,https://www.amazon.ca/DiCUNO-Cleaning-Brushes-Protective-Updated/dp/B01N8SX03W/ref=cm_cr_srp_d_product_top?ie=UTF8,2020-09-18 14:37:10.653089,2020-09-18 14:37:16.942203,Sarah,Clothing & Accessories,B002G9UDYG
80,AGZ3O457IP7K7JRGHCEVQTFJZZJQ,"April 11, 2019",great buy overall,easy to use & easy to assemble ! works really well when your in the ocean and swimming around with the fishes. fits well for comfort too ! good investment and would recommend for sure.,yes,0,5.0,https://www.amazon.ca/ROCONTRIP-Panoramic-Anti-Fogging-Adjustable-Snorkeling/dp/B0732NJRB4/ref=cm_cr_srp_d_product_top?ie=UTF8,2020-09-18 14:37:27.041202,2020-09-18 14:37:35.300860,Sarah,Clothing & Accessories,B002G9UDYG
81,AGZ3O457IP7K7JRGHCEVQTFJZZJQ,"April 11, 2019",love them,these are super easy to use and really hold their adhesive. i bought this pack for the black one to go with my new phone case. it works perfectly. cute colours / designs as well. easy to apply. would definitely recommend - especially for the price !,yes,One,5.0,https://www.amazon.ca/dp/B07MGYR49P/ref=cm_cr_srp_d_product_top?ie=UTF8,2020-09-18 14:37:45.391981,2020-09-18 14:37:51.699121,Sarah,Clothing & Accessories,B002G9UDYG
82,AGZ3O457IP7K7JRGHCEVQTFJZZJQ,"April 11, 2019","perfect, just what i needed.","this is the perfect buy for someone who is like me and has their phone on the nightstand and likes to roll over with it while it’s charging. it’s nice to have that long length that allows me to be lazy in bed and keep my phone charging. charges well, battery power isn’t effected and no complaints at all.",yes,0,5.0,https://www.amazon.ca/Anker-PowerLine-Lightning-Certified-iPhone/dp/B013JNAUMW/ref=cm_cr_srp_d_product_top?ie=UTF8,2020-09-18 14:37:59.780202,2020-09-18 14:38:06.083316,Sarah,Clothing & Accessories,B002G9UDYG
83,AGZ3O457IP7K7JRGHCEVQTFJZZJQ,"April 11, 2019","works well, makes things easier",this was just what a wanted and for a good price too. i use it all the time and love how i can be hands free and not worry about needing to charge my phone at the same time. works well and no complaints.,yes,0,5.0,https://www.amazon.ca/dp/B07NQ67N6T/ref=cm_cr_srp_d_product_top?ie=UTF8,2020-09-18 14:38:16.175562,2020-09-18 14:38:25.482971,Sarah,Clothing & Accessories,B002G9UDYG
84,AGZ3O457IP7K7JRGHCEVQTFJZZJQ,"April 11, 2019",would recommend,"easy to assemble, and easy to use. perfect for leisure or wanting to train. nothing was damaged either which was perfect as well. my dad is obsessed with this.",yes,0,5.0,https://www.amazon.ca/Signstek-Professional-Putting-Return-Trainer/dp/B07MX9QG4N/ref=cm_cr_srp_d_product_top?ie=UTF8,2020-09-18 14:38:32.575067,2020-09-18 14:38:41.842324,Sarah,Clothing & Accessories,B002G9UDYG
85,AGZ3O457IP7K7JRGHCEVQTFJZZJQ,"April 11, 2019","highly recommend, lots of fun to play","my mum and sister are obsessed with this game - so naturally i bought it for them. it arrived super quickly - that same day, and was a good price ! the game is easy to learn and a lot of fun. great for a family game night or for a night of fun with friends ! highly recommend, definitely worth it !",yes,0,5.0,https://www.amazon.ca/Pressman-Toy-Rummikub-Board-Game/dp/B00000IZJB/ref=cm_cr_srp_d_product_top?ie=UTF8,2020-09-18 14:38:50.959384,2020-09-18 14:38:59.270868,Sarah,Clothing & Accessories,B002G9UDYG
86,AGZ3O457IP7K7JRGHCEVQTFJZZJQ,"April 11, 2019",worth it.,easy to install in your car. holds your phone nicely and is easy access to your phone when you need it. good investment.,yes,0,5.0,https://www.amazon.ca/Popsocket-Adjustable-Accessories-Androids-Standard/dp/B07D4F3N1G/ref=cm_cr_srp_d_product_top?ie=UTF8,2020-09-18 14:39:06.363091,2020-09-18 14:39:12.644678,Sarah,Clothing & Accessories,B002G9UDYG
87,AGZ3O457IP7K7JRGHCEVQTFJZZJQ,"April 11, 2019",love,"perfect fit, and love the design - receive compliments all the time about it. bumper protects nicely on the sides in my phone which is definitely what you want. overall great purchase !",yes,0,5.0,https://www.amazon.ca/VIVIBIN-iPhone-XR-Case-Protective/dp/B07H76YSKH/ref=cm_cr_srp_d_product_top?ie=UTF8,2020-09-18 14:39:20.739946,2020-09-18 14:39:30.021962,Sarah,Clothing & Accessories,B002G9UDYG
88,AGZ3O457IP7K7JRGHCEVQTFJZZJQ,"April 11, 2019",love it.,"my friend and i are huge hardy potter fans - i needed a quick something to add on last minute to her birthday girl & this was perfect ! not only did it arrive the same day but it arrived in great condition and was perfect overall. my friend loves it and uses it every day, would buy again.",yes,One,5.0,https://www.amazon.ca/Silver-Buffalo-HP1664-Gryffindor-20-Ounces/dp/B0164809P2/ref=cm_cr_srp_d_product_top?ie=UTF8,2020-09-18 14:39:38.103104,2020-09-18 14:39:46.410243,Sarah,Clothing & Accessories,B002G9UDYG
89,AGZ3O457IP7K7JRGHCEVQTFJZZJQ,"December 8, 2018",easy to have. overall happy with purchaee,better safe than sorry to have the warranty. never know what could happen. reasonable price overall. easy to have.,yes,0,5.0,https://www.amazon.ca/Canopy-Electronics-3-Year-Protection-Plan/dp/B00F2O1FRQ/ref=cm_cr_srp_d_product_top?ie=UTF8,2020-09-18 14:39:56.503024,2020-09-18 14:40:02.801542,Sarah,Clothing & Accessories,B002G9UDYG
90,AGZ3O457IP7K7JRGHCEVQTFJZZJQ,"December 8, 2018",love this !,love this movie and have it on vhs to have it on dvd is amazing ! great film. great quality. quick delivery. perfect and satirized overall !,yes,0,5.0,https://www.amazon.ca/Princess-Diaries-Full-Screen/dp/B00005QJHG/ref=cm_cr_srp_d_product_top?ie=UTF8,2020-09-18 14:40:09.898683,2020-09-18 14:40:17.158802,Sarah,Clothing & Accessories,B002G9UDYG
91,AGZ3O457IP7K7JRGHCEVQTFJZZJQ,"December 8, 2018",worth it !,have this on vhs. needed to have it on dvd. perfect feel good family movie. good quality dvd. worth the buy !,yes,0,5.0,https://www.amazon.ca/Princess-Diaries-Royal-Engagement-Bilingual/dp/B00063KGPU/ref=cm_cr_srp_d_product_top?ie=UTF8,2020-09-18 14:40:26.251259,2020-09-18 14:40:35.539685,Sarah,Clothing & Accessories,B002G9UDYG
92,AGZ3O457IP7K7JRGHCEVQTFJZZJQ,"December 8, 2018",totally worth it ! perfect gag gift,hilarious gag gift for my dad who just recently decided to take up golf ! he’s going to love this as part of his christmas gift and will be taking advantage of it by practicing his skills when he’s going about his business !,yes,0,5.0,https://www.amazon.ca/EZ-Drinker-Toilet-Practice-Bathroom/dp/B008JHF9XY/ref=cm_cr_srp_d_product_top?ie=UTF8,2020-09-18 14:40:42.638406,2020-09-18 14:40:49.953062,Sarah,Clothing & Accessories,B002G9UDYG
93,AGZ3O457IP7K7JRGHCEVQTFJZZJQ,"December 8, 2018",unhappy. very misleading photo.,unfortunately this picture was very misleading and when the order arrived i was unsatisfied. it looked nothing like the picture. the elephant wasn’t completely around the mug like i thought it was (because again the picture looked like it would be) and it was poorly placed around the mug. overall unsatisfied with this order and won’t be buying anything in the future.,yes,0,1.0,https://www.amazon.ca/Aztec-Elephant-Stainless-Travel-Coffee/dp/B06Y2QRPC4/ref=cm_cr_srp_d_product_top?ie=UTF8,2020-09-18 14:41:00.041971,2020-09-18 14:41:09.293923,Sarah,Clothing & Accessories,B002G9UDYG
94,AGZ3O457IP7K7JRGHCEVQTFJZZJQ,"December 8, 2018",happy with the purchaee,one of my favourite films growing up. i have it on VHS so naturally had to have it on DVD. so happy with this purchase !,yes,0,5.0,https://www.amazon.ca/Now-Then-Widescreen-Full-Screen/dp/B00002SSKI/ref=cm_cr_srp_d_product_top?ie=UTF8,2020-09-18 14:41:17.383255,2020-09-18 14:41:25.702912,Sarah,Clothing & Accessories,B002G9UDYG
95,AGZ3O457IP7K7JRGHCEVQTFJZZJQ,"December 8, 2018",Best purchase. so happy !,"love this movie. love this musical. so happy i FINALLY have it on dvd after YEARS of wanting it and searching for it. bless amazon for having it - simple, easy purchase !",yes,One,5.0,https://www.amazon.ca/Newsies-Sous-titres-fran%C3%A7ais-Ele-Keats/dp/B00005OCMS/ref=cm_cr_srp_d_product_top?ie=UTF8,2020-09-18 14:41:33.794640,2020-09-18 14:41:40.111787,Sarah,Clothing & Accessories,B002G9UDYG
96,AGZ3O457IP7K7JRGHCEVQTFJZZJQ,"December 8, 2018",satisfied overall,"was a little misleading in the picture, and shipping was late which was unfortunate. but that was only because of the weather and i thought the tin would be a bit bigger for some reason but it’s an awesome purchase ! perfect for either a gift or to use yourself or just to have !",yes,0,5.0,https://www.amazon.ca/Planet-Waves-Beatles-Signature-Stripes/dp/B003AJMPW4/ref=cm_cr_srp_d_product_top?ie=UTF8,2020-09-18 14:41:49.198659,2020-09-18 14:41:58.489796,Sarah,Clothing & Accessories,B002G9UDYG
97,AGZ3O457IP7K7JRGHCEVQTFJZZJQ,"December 8, 2018",perfect for the winter season,looks super cute on the tree and managed to use them for other decorations around the house ! can’t wait to continue to use them in the future !,yes,0,5.0,https://www.amazon.ca/Sea-Team-Christmas-Snowflake-Decorations/dp/B0744J4J4G/ref=cm_cr_srp_d_product_top?ie=UTF8,2020-09-18 14:42:07.581334,2020-09-18 14:42:16.852926,Sarah,Clothing & Accessories,B002G9UDYG
98,AGZ3O457IP7K7JRGHCEVQTFJZZJQ,"December 8, 2018",looks just like the picture,"not really what i wanted, but honestly it works and easy to carry, so overall i’m satisfied !",yes,0,5.0,https://www.amazon.ca/SAMONPOW-Wallet-iPhone-Protective-Anti-Scratch/dp/B07J6JQRXX/ref=cm_cr_srp_d_product_top?ie=UTF8,2020-09-18 14:42:26.945470,2020-09-18 14:42:33.192017,Sarah,Clothing & Accessories,B002G9UDYG
99,AGZ3O457IP7K7JRGHCEVQTFJZZJQ,"December 8, 2018",just what i wanted,so cute ! was nervous buying it but when i got it i instantly fell in love with it. shipped quick and looks cute ! perfect for me - definitely worth the purchase !,no,0,5.0,https://www.amazon.ca/AIgogo-Backpack-Leather-Fashion-Rucksack/dp/B07FGW41VQ/ref=cm_cr_srp_d_product_top?ie=UTF8,2020-09-18 14:42:40.290569,2020-09-18 14:42:48.582893,Sarah,Clothing & Accessories,B002G9UDYG
100,AGZ3O457IP7K7JRGHCEVQTFJZZJQ,"December 8, 2018",love it.,i LOVE this. saw it right away and knew it was the PERFECT gift for a friend. love it so much i might order one myself !,no,0,5.0,https://www.amazon.ca/Tervis-Teenage-Mutant-Turtles-Tumbler/dp/B01ID8BD06/ref=cm_cr_srp_d_product_top?ie=UTF8,2020-09-18 14:42:56.673560,2020-09-18 14:43:04.927426,Sarah,Clothing & Accessories,B002G9UDYG
101,AGZ3O457IP7K7JRGHCEVQTFJZZJQ,"October 6, 2018",LOVE!,"I absolutely LOVE vintage. Shoes, clothes, jewellery, sunglasses, furniture - anything vintage you name it. The look of these sunglasses instantly caught my eye and I knew I had to have them. I was a bit skeptical at first purchasing sunglasses from Amazon, didn't know if the price was worth it or if they would come looking completely different than the picture - but when these arrived in my mail I feel in love with them even more ! I'm super impressed with how UV protected they are, and having them polarized is an added bonus, especially when driving & on super sunny days ! Anti-reflective, UV protected and super cute to boot - 100% love these glasses and will definitely be looking to order more sunglasses from this company - they did not disappoint !",yes,5,5.0,https://www.amazon.ca/Vintage-Fashion-Wayfarer-Polarized-Sunglasses/dp/B01GR8LBJW/ref=cm_cr_srp_d_product_top?ie=UTF8,2020-09-18 14:43:12.019324,2020-09-18 14:43:18.284515,Sarah,Clothing & Accessories,B002G9UDYG
102,AGZ3O457IP7K7JRGHCEVQTFJZZJQ,"October 6, 2018",What i've been looking for,"I've always had an issue with my vents, getting them to close properly in my room and I never really like sleeping in a warm environment. Been looking a long time for this vent cover and i'm so glad I found it here! Works like a charm and will keep me cool :)",yes,0,5.0,https://www.amazon.ca/Deflecto-Corporation-MVCX512-12-Inch-Magnetic/dp/B00009W3G4/ref=cm_cr_srp_d_product_top?ie=UTF8,2020-09-18 14:43:28.375025,2020-09-18 14:43:35.665254,Sarah,Clothing & Accessories,B002G9UDYG
