,author_id,date_review_posted,review_title,reviews,verified_purchase,people_find_helpful,ratings,product_url,start,end,reviewer_name,product_category,product_id
0,AH2AHQGS37QG3HFPKFV4Z3SAF72Q,"September 6, 2018",Huge headphones! Too Big,Product is amazing like beats and I have always loved MPOW,yes,0,2.0,https://www.amazon.ca/Headphones-Mpow-Connection-Sweatproof-Workout-Black/dp/B07C4HH863/ref=cm_cr_srp_d_product_top?ie=UTF8,2020-09-18 23:53:51.557498,2020-09-18 23:53:57.870469,Amazon Customer,Clothing & Accessories,B002G9UDYG
1,AH2AHQGS37QG3HFPKFV4Z3SAF72Q,"September 6, 2018",AWESOME,"Love it, works just like a fit bit, it did however stop working when it got really wet however MPOW is sending me a new one and they were easy to communicate with over email.",yes,0,5.0,https://www.amazon.ca/Mpow-Waterproof-Bracelet-Pedometer-Smartphones/dp/B07D6HKW6S/ref=cm_cr_srp_d_product_top?ie=UTF8,2020-09-18 23:54:06.961014,2020-09-18 23:54:13.233853,Amazon Customer,Clothing & Accessories,B002G9UDYG
2,AH2AHQGS37QG3HFPKFV4Z3SAF72Q,"September 6, 2018",very cheap,Came with two pairs however they were not long enough for my lash line and the same length as my real lashes. I've had them for two weeks and none of them have all 3 magnets anymore (they have all ripped off) I've purchaser magnetic lashes before from other sellers that were great and these are not the same.,yes,0,1.0,https://www.amazon.ca/Magnetic-Eyelashes-Magnets-LeifLea-Natural/dp/B07F2GYHY1/ref=cm_cr_srp_d_product_top?ie=UTF8,2020-09-18 23:54:21.349822,2020-09-18 23:54:28.647290,Amazon Customer,Clothing & Accessories,B002G9UDYG
3,AH2AHQGS37QG3HFPKFV4Z3SAF72Q,"June 30, 2018",Love them!,Awesome little product! Beautiful packaging and lashes are high quality and natural looking. They took me a little practicing as I am used to glue on ones but I will be buying a second pair!,yes,One,5.0,https://www.amazon.ca/Magnetic-Eyelashes-Qivange-Upgrade-Reusable/dp/B07CTM5K8C/ref=cm_cr_srp_d_product_top?ie=UTF8,2020-09-18 23:54:35.756293,2020-09-18 23:54:42.088814,Amazon Customer,Clothing & Accessories,B002G9UDYG
4,AH2AHQGS37QG3HFPKFV4Z3SAF72Q,"June 10, 2018",Not the best,Scratched my phone cause it moved when I used the home button. The screen protector was bubbly too. Price makes sense,yes,0,1.0,https://www.amazon.ca/Efanr-Coverage-Protective-Tempered-Protector/dp/B01LYR3TCG/ref=cm_cr_srp_d_product_top?ie=UTF8,2020-09-18 23:54:51.207421,2020-09-18 23:54:57.524809,Amazon Customer,Clothing & Accessories,B002G9UDYG
5,AH2AHQGS37QG3HFPKFV4Z3SAF72Q,"June 10, 2018",Best purchase,"Awesome quality, beautiful case and not bulky. Fast shipping too",yes,0,5.0,https://www.amazon.ca/MOSNOVO-Pattern-Printed-Plastic-Protective/dp/B07463SX7Y/ref=cm_cr_srp_d_product_top?ie=UTF8,2020-09-18 23:55:06.617316,2020-09-18 23:55:12.904636,Amazon Customer,Clothing & Accessories,B002G9UDYG
6,AH2AHQGS37QG3HFPKFV4Z3SAF72Q,"June 10, 2018",Case is awesome.,Case great! Screen protector came cracked,yes,0,4.0,https://www.amazon.ca/Tempered-Protector-Ultra-Thin-Anti-Scratch-Protective/dp/B075ZXJ88H/ref=cm_cr_srp_d_product_top?ie=UTF8,2020-09-18 23:55:21.003196,2020-09-18 23:55:27.280138,Amazon Customer,Clothing & Accessories,B002G9UDYG
7,AH2AHQGS37QG3HFPKFV4Z3SAF72Q,"January 11, 2018",Decent quality,Pretty sure it’s a real brand toque. Fits perfect bought it for my boyfriend but he wears it a lot and looks a little worn already since Christmas. Wears it almost everyday,yes,0,4.0,https://www.amazon.ca/Carhartt-Acrylic-Watch-Black-Size/dp/B002G9UDYG/ref=cm_cr_srp_d_product_top?ie=UTF8,2020-09-18 23:55:37.376233,2020-09-18 23:55:44.662054,Amazon Customer,Clothing & Accessories,B002G9UDYG
8,AH2AHQGS37QG3HFPKFV4Z3SAF72Q,"August 29, 2017",Good product,Works perfectly!,yes,0,5.0,https://www.amazon.ca/VicTsing-Displayport-Resolution-Thunderbolt-Microsoft/dp/B06W2GV5YL/ref=cm_cr_srp_d_product_top?ie=UTF8,2020-09-18 23:55:53.752248,2020-09-18 23:56:02.056226,Amazon Customer,Clothing & Accessories,B002G9UDYG
9,AH2AHQGS37QG3HFPKFV4Z3SAF72Q,"August 29, 2017",Perfect!,Awesome gloves. It really removes a lot of hair and my cats don't mind it at all. (They are very sensitive and hate being brushed). It's a little hard to remove the hair unless it's full enough but it vaccum's off so easy!,yes,0,5.0,https://www.amazon.ca/Grooming-TOPELEK-Deshedding-Removing-Shedding/dp/B06ZZ9YTQZ/ref=cm_cr_srp_d_product_top?ie=UTF8,2020-09-18 23:56:09.148752,2020-09-18 23:56:18.397801,Amazon Customer,Clothing & Accessories,B002G9UDYG
10,AH2AHQGS37QG3HFPKFV4Z3SAF72Q,"August 19, 2017",Awesome!,Amazing little product. First menstrual cup I've used.,yes,0,5.0,https://www.amazon.ca/Blossom-Menstrual-Cup-Collecting-Menstruation/dp/B00V90XHF0/ref=cm_cr_srp_d_product_top?ie=UTF8,2020-09-18 23:56:28.479842,2020-09-18 23:56:35.794346,Amazon Customer,Clothing & Accessories,B002G9UDYG
11,AH2AHQGS37QG3HFPKFV4Z3SAF72Q,"July 31, 2017",Beautiful!,Beautiful case! A little loose not as tight fit as I'd like.,no,0,4.0,https://www.amazon.ca/Caseology-Envoy-iPhone-Plus-Case/dp/B01KKWFB7O/ref=cm_cr_srp_d_product_top?ie=UTF8,2020-09-18 23:56:42.874014,2020-09-18 23:56:52.120031,Amazon Customer,Clothing & Accessories,B002G9UDYG
12,AH2AHQGS37QG3HFPKFV4Z3SAF72Q,"July 31, 2017",Meh,Too small for my phone. Had to squish the phone and bite the case closed.,yes,0,2.0,https://www.amazon.ca/Waterproof-iThrough%C2%AE-Transparent-Shockproof-Protective/dp/B01N1HWCT4/ref=cm_cr_srp_d_product_top?ie=UTF8,2020-09-18 23:57:02.199166,2020-09-18 23:57:09.466438,Amazon Customer,Clothing & Accessories,B002G9UDYG
13,AH2AHQGS37QG3HFPKFV4Z3SAF72Q,"July 31, 2017",Amazing little product,Absolutely amazing little product! Next day shipping. No adhesive spray needed. Just place on camera lens and slightly centre until you see it seal on.,yes,0,5.0,https://www.amazon.ca/dp/B0711ZJMC8/ref=cm_cr_srp_d_product_top?ie=UTF8,2020-09-18 23:57:19.582155,2020-09-18 23:57:28.882714,Amazon Customer,Clothing & Accessories,B002G9UDYG
14,AH2AHQGS37QG3HFPKFV4Z3SAF72Q,"July 18, 2017",GREAT PURCHASE,Exactly what I needed!,yes,0,5.0,https://www.amazon.ca/GWHOLE-Adjuster-Silver-Polishing-Cloth/dp/B01M0OX3EW/ref=cm_cr_srp_d_product_top?ie=UTF8,2020-09-18 23:57:35.981988,2020-09-18 23:57:45.238248,Amazon Customer,Clothing & Accessories,B002G9UDYG
15,AH2AHQGS37QG3HFPKFV4Z3SAF72Q,"May 9, 2017",Meh,The product works but I bought it so I could use regular headphones on the aux side and iPhone 7 headphones on the other and it doesn't do that. You can only charge. And my phone sometimes disconnects and says it doesn't recognize the accessory.,yes,0,3.0,https://www.amazon.ca/dp/B06XX4ZTVM/ref=cm_cr_srp_d_product_top?ie=UTF8,2020-09-18 23:57:52.371992,2020-09-18 23:57:59.688381,Amazon Customer,Clothing & Accessories,B002G9UDYG
16,AH2AHQGS37QG3HFPKFV4Z3SAF72Q,"May 9, 2017",Don't do it,There too short and not even the right gauge. Also they are plastic not stone. Not worth your time and money.,yes,One,1.0,https://www.amazon.ca/Jewelry-Tunnels-Saddle-Expander-Piercing/dp/B01A89JA1C/ref=cm_cr_srp_d_product_top?ie=UTF8,2020-09-18 23:58:08.795866,2020-09-18 23:58:15.087028,Amazon Customer,Clothing & Accessories,B002G9UDYG
17,AH2AHQGS37QG3HFPKFV4Z3SAF72Q,"April 27, 2017",Don't buy!,Horrible! They smell like toxic plastic and they have a huge flares. They come in a tiny squished package and I got random eye ball and owl plugs in there too. I got my money back.,yes,3,1.0,https://www.amazon.ca/Jewelry-Silicone-Flexible-Stretcher-Muliti-colors/dp/B01LY56ZLZ/ref=cm_cr_srp_d_product_top?ie=UTF8,2020-09-18 23:58:23.184129,2020-09-18 23:58:32.446086,Amazon Customer,Clothing & Accessories,B002G9UDYG
18,AH2AHQGS37QG3HFPKFV4Z3SAF72Q,"April 27, 2017",Worth it. Fast shipping. Great price.,Love love love.,yes,0,5.0,https://www.amazon.ca/Sandpaper-Texture-Solid-Screw-Steel/dp/B00RM2DVR8/ref=cm_cr_srp_d_product_top?ie=UTF8,2020-09-18 23:58:42.548352,2020-09-18 23:58:51.829932,Amazon Customer,Clothing & Accessories,B002G9UDYG
19,AH2AHQGS37QG3HFPKFV4Z3SAF72Q,"April 11, 2017",Five Stars,Amazing case. Clean and slick. Full protection including dust and water. Sound is perfect!,yes,0,5.0,https://www.amazon.ca/i-Blason-Waterproof-Full-body-Protector-Updated/dp/B01KIPPNWQ/ref=cm_cr_srp_d_product_top?ie=UTF8,2020-09-18 23:58:59.921784,2020-09-18 23:59:09.197144,Amazon Customer,Clothing & Accessories,B002G9UDYG
