,author_id,date_review_posted,review_title,reviews,verified_purchase,people_find_helpful,ratings,product_url,start,end,reviewer_name,product_category,product_id
0,AH2IO4SQ63OHFITHALTRE6YUDJ7A,"February 13, 2019",YOU NEED THIS DRESS,"I was hesitant at first because I’m a little worried about ordering form fitting clothes online. This dress makes me feel SO CUTE. it’s like a tshirt material with some stretch to it, super flattering and hugs the right places. I didn’t think I would like this as much as I do. My only criticism is that it is on the shorter side, I’m 5’3” and it falls above the knee. Nothing wrong with that, just shorter than I had expected. I ordered a large, I usually wear size 8-10 and it fits like a glove. The cutest little black dress with a spooky girl twist. I seriously love it.",yes,0,5.0,https://www.amazon.ca/Aphratti-Womens-Sleeve-Casual-Collar/dp/B01LXZF793/ref=cm_cr_srp_d_product_top?ie=UTF8,2020-09-19 00:36:23.341640,2020-09-19 00:36:31.609102,Krista.,Clothing & Accessories,B002G9UDYG
1,AH2IO4SQ63OHFITHALTRE6YUDJ7A,"February 6, 2019",Fits big heads,"Obsessed with this beanie, I have a big head and came fitting well and not too tight. It’s a longer style, so when it’s on there is extra room at the top as well. Going to purchase another",yes,0,5.0,https://www.amazon.ca/Carhartt-Acrylic-Watch-Black-Size/dp/B002G9UDYG/ref=cm_cr_srp_d_product_top?ie=UTF8,2020-09-19 00:36:38.732193,2020-09-19 00:36:47.087502,Krista.,Clothing & Accessories,B002G9UDYG
2,AH2IO4SQ63OHFITHALTRE6YUDJ7A,"February 6, 2019",Great,Good product for the price!,yes,0,5.0,https://www.amazon.ca/Conair-246RNC-1875-Watt-Dryer/dp/B004RDQ24Y/ref=cm_cr_srp_d_product_top?ie=UTF8,2020-09-19 00:36:54.187553,2020-09-19 00:37:02.448074,Krista.,Clothing & Accessories,B002G9UDYG
3,AH2IO4SQ63OHFITHALTRE6YUDJ7A,"December 10, 2018",Good quality for the money!,"Would purchase again, better than expected.",yes,0,5.0,https://www.amazon.ca/Thunaraz-Stainless-Steel-Piercing-Jewelry/dp/B078WQQXVD/ref=cm_cr_srp_d_product_top?ie=UTF8,2020-09-19 00:37:09.542416,2020-09-19 00:37:15.808654,Krista.,Clothing & Accessories,B002G9UDYG
4,AH2IO4SQ63OHFITHALTRE6YUDJ7A,"December 10, 2018",Good.,As expected.,yes,0,5.0,https://www.amazon.ca/Super-Nintendo-Retro-2019-Calendar/dp/1419731033/ref=cm_cr_srp_d_product_top?ie=UTF8,2020-09-19 00:37:25.901517,2020-09-19 00:37:32.175736,Krista.,Clothing & Accessories,B002G9UDYG
5,AH2IO4SQ63OHFITHALTRE6YUDJ7A,"December 10, 2018",Wouldn’t buy again.,Mainly see-through.,yes,0,3.0,https://www.amazon.ca/Marvel-Deadpool-Sweater-Black-X-Large/dp/B01KUD7I3S/ref=cm_cr_srp_d_product_top?ie=UTF8,2020-09-19 00:37:39.271923,2020-09-19 00:37:47.552006,Krista.,Clothing & Accessories,B002G9UDYG
6,AH2IO4SQ63OHFITHALTRE6YUDJ7A,"December 10, 2018",Terrible quality,"Poorly printed, has lines like the printer was malfunctioning or running out of ink on the M and N. also has “worlds best boss” on the other side.
Mug is really small as well.
Bought as a Christmas gift and won’t have time to return but quality is awful.",yes,7,1.0,https://www.amazon.ca/Culturenik-815-640-AMA-Office-Worlds-Television/dp/B00PCVCW80/ref=cm_cr_srp_d_product_top?ie=UTF8,2020-09-19 00:37:57.643838,2020-09-19 00:38:06.904468,Krista.,Clothing & Accessories,B002G9UDYG
