,author_id,date_review_posted,review_title,reviews,verified_purchase,people_find_helpful,ratings,product_url,start,end,reviewer_name,product_category,product_id
0,AHIEAZVWLZHHLHHML7VJOMFMEFLQ,"August 10, 2020",constant background noise,"There is a constant background noise, it sounds similar to static.
It is worse when the audio that is playing is less saturated/loud.",yes,0,2.0,https://www.amazon.ca/Headphone-Adapter-Compatible-Google-Samsung/dp/B086WFFS46/ref=cm_cr_srp_d_product_top?ie=UTF8,2020-09-18 21:25:25.835739,2020-09-18 21:25:34.104379,Nicolas Lacombe,Clothing & Accessories,B002G9UDYG
1,AHIEAZVWLZHHLHHML7VJOMFMEFLQ,"January 25, 2020",a bit too big but its adjustable and very warm,a bit too big but its adjustable and very warm,yes,0,4.0,https://www.amazon.ca/Carhartt-Acrylic-Watch-Black-Size/dp/B002G9UDYG/ref=cm_cr_srp_d_product_top?ie=UTF8,2020-09-18 21:25:43.196982,2020-09-18 21:25:51.476086,Nicolas Lacombe,Clothing & Accessories,B002G9UDYG
2,AHIEAZVWLZHHLHHML7VJOMFMEFLQ,"January 25, 2020","absorbs well, is soft and I love the color. I did not need the smaller towels though","absorbs well, is soft and I love the color. I did not need the smaller towels though",yes,0,4.0,https://www.amazon.ca/Pinzon-Blended-Egyptian-Cotton-6-Piece/dp/B007K6SPWM/ref=cm_cr_srp_d_product_top?ie=UTF8,2020-09-18 21:26:00.566358,2020-09-18 21:26:08.843901,Nicolas Lacombe,Clothing & Accessories,B002G9UDYG
3,AHIEAZVWLZHHLHHML7VJOMFMEFLQ,"January 25, 2020",works fine after multiple years,works fine after multiple years,yes,0,5.0,https://www.amazon.ca/Seagate-Backup-Portable-External-STDR1000100/dp/B00H4XH5FY/ref=cm_cr_srp_d_product_top?ie=UTF8,2020-09-18 21:26:18.934476,2020-09-18 21:26:27.228176,Nicolas Lacombe,Clothing & Accessories,B002G9UDYG
4,AHIEAZVWLZHHLHHML7VJOMFMEFLQ,"January 25, 2020",a bit too big but otherwise good,a bit too big but otherwise good,yes,0,4.0,https://www.amazon.ca/Gildan-Mens-Heavy-Cotton-Pack/dp/B01IQD8L4E/ref=cm_cr_srp_d_product_top?ie=UTF8,2020-09-18 21:26:36.320420,2020-09-18 21:26:44.614434,Nicolas Lacombe,Clothing & Accessories,B002G9UDYG
5,AHIEAZVWLZHHLHHML7VJOMFMEFLQ,"January 25, 2020",was not able to start a fire with this,was not able to start a fire with this,yes,0,1.0,https://www.amazon.ca/Survival-Drilled-Ferrocerium-Keychain-1pcs/dp/B00SR4DHPQ/ref=cm_cr_srp_d_product_top?ie=UTF8,2020-09-18 21:26:51.704745,2020-09-18 21:26:58.009032,Nicolas Lacombe,Clothing & Accessories,B002G9UDYG
6,AHIEAZVWLZHHLHHML7VJOMFMEFLQ,"January 25, 2020",works well overall but there are issue connecting on windows (not on linux),"I have to remove/unpair the mouse in bluetooth settings on windows and then completely shutdown and restart the mouse so that I can connect it (at every reboot!).

Luckily I use linux most of the time, which has no issues connecting (just have to press the button on the mouse once and then connect from my laptop).",yes,0,4.0,https://www.amazon.ca/JETech-Bluetooth-Wireless-Android-6-month/dp/B01B1PZ4HG/ref=cm_cr_srp_d_product_top?ie=UTF8,2020-09-18 21:27:06.101999,2020-09-18 21:27:15.385437,Nicolas Lacombe,Clothing & Accessories,B002G9UDYG
7,AHIEAZVWLZHHLHHML7VJOMFMEFLQ,"January 25, 2020","good size, not too hard to clean (except corners), stack well","good size, not too hard to clean (except corners), stack well",yes,0,5.0,https://www.amazon.ca/JLY-Canada-Stackable-Storage-Containers/dp/B01MTYKYAO/ref=cm_cr_srp_d_product_top?ie=UTF8,2020-09-18 21:27:24.471483,2020-09-18 21:27:33.725328,Nicolas Lacombe,Clothing & Accessories,B002G9UDYG
8,AHIEAZVWLZHHLHHML7VJOMFMEFLQ,"January 25, 2020",the dish towel just spread the water instead of absorbing it,the dish towel just spread the water instead of absorbing it,yes,0,1.0,https://www.amazon.ca/DII-Monogrammable-Oversized-Cleaning-Baking-Black/dp/B01MSE0MTW/ref=cm_cr_srp_d_product_top?ie=UTF8,2020-09-18 21:27:40.815686,2020-09-18 21:27:49.103445,Nicolas Lacombe,Clothing & Accessories,B002G9UDYG
9,AHIEAZVWLZHHLHHML7VJOMFMEFLQ,"January 1, 2020",boots good for the worts conditions,"Tall enough, very warm and waterproof enough that I can walk in big puddles of water in winter or in a lot of snow, even when it's -20 out and I never get wet or cold",yes,0,5.0,https://www.amazon.ca/Baffin-Mens-Boots-Black-Pewter/dp/B002D48R4M/ref=cm_cr_srp_d_product_top?ie=UTF8,2020-09-18 21:27:56.193600,2020-09-18 21:28:04.486831,Nicolas Lacombe,Clothing & Accessories,B002G9UDYG
10,AHIEAZVWLZHHLHHML7VJOMFMEFLQ,"January 1, 2020",cheap but not too sticky,cheap but they are not as sticky as I would have wanted them to be. Still usually sticky enough for the job,yes,0,3.0,https://www.amazon.ca/Scotch-Brite-Lint-Roller-60-Sheets/dp/B00565V0D0/ref=cm_cr_srp_d_product_top?ie=UTF8,2020-09-18 21:28:11.580337,2020-09-18 21:28:18.851763,Nicolas Lacombe,Clothing & Accessories,B002G9UDYG
11,AHIEAZVWLZHHLHHML7VJOMFMEFLQ,"January 1, 2020",cheap vegan condoms,"As far as I know these condoms are vegan and are pretty cheap compated to other vegan condoms.
They fit me well and I can feel enough with them.",yes,0,5.0,https://www.amazon.ca/Lifestyles-Elite-Condoms-Natural-Latex/dp/B00ZBP3NWQ/ref=cm_cr_srp_d_product_top?ie=UTF8,2020-09-18 21:28:28.946335,2020-09-18 21:28:37.227041,Nicolas Lacombe,Clothing & Accessories,B002G9UDYG
12,AHIEAZVWLZHHLHHML7VJOMFMEFLQ,"January 1, 2020",amazing taste for cheap,"amazing taste for cheap.
and it contains a lot of B12!",yes,0,5.0,https://www.amazon.ca/Hoosier-Hill-Farm-Nutritional-Flakes/dp/B008YFWH3G/ref=cm_cr_srp_d_product_top?ie=UTF8,2020-09-18 21:28:45.308822,2020-09-18 21:28:51.571345,Nicolas Lacombe,Clothing & Accessories,B002G9UDYG
13,AHIEAZVWLZHHLHHML7VJOMFMEFLQ,"January 1, 2020","no burns, easy to clean, holds a good quantity","I do not burn myself when I handle it.
The cap is good to cook faster while seeing what's cooking.
It's easy to clean.
It holds a good quantity!",yes,0,5.0,https://www.amazon.ca/Cook-Home-Stainless-5-Quarts-Stockpot/dp/B00Z4TSE32/ref=cm_cr_srp_d_product_top?ie=UTF8,2020-09-18 21:28:59.663004,2020-09-18 21:29:05.960380,Nicolas Lacombe,Clothing & Accessories,B002G9UDYG
14,AHIEAZVWLZHHLHHML7VJOMFMEFLQ,"January 1, 2020",taste like amazingly good brownies,"taste like amazingly good brownies!
and it's vegan! <3
it's not too expensive compated to other protein bars, but it's still not cheap",yes,0,5.0,https://www.amazon.ca/Iron-Vegan-Sprouted-Protein-Chocolate/dp/B07PNRT8XJ/ref=cm_cr_srp_d_product_top?ie=UTF8,2020-09-18 21:29:14.049418,2020-09-18 21:29:20.318428,Nicolas Lacombe,Clothing & Accessories,B002G9UDYG
15,AHIEAZVWLZHHLHHML7VJOMFMEFLQ,"January 1, 2020",amazing taste for cheap,amazing taste for cheap. easy to eat with quinoa,yes,0,5.0,https://www.amazon.ca/Taj-Mahal-Bhaji-Mashed-Vegetables/dp/B075N9XQZX/ref=cm_cr_srp_d_product_top?ie=UTF8,2020-09-18 21:29:30.409649,2020-09-18 21:29:36.687274,Nicolas Lacombe,Clothing & Accessories,B002G9UDYG
16,AHIEAZVWLZHHLHHML7VJOMFMEFLQ,"January 1, 2020",very spicy but taste very good and is cheap,very spicy but taste very good and is cheap. eay to eat with quinoa,yes,0,5.0,https://www.amazon.ca/Taj-Mahal-Chana-Masala-Chickpeas/dp/B075NGS55T/ref=cm_cr_srp_d_product_top?ie=UTF8,2020-09-18 21:29:46.779074,2020-09-18 21:29:55.036787,Nicolas Lacombe,Clothing & Accessories,B002G9UDYG
17,AHIEAZVWLZHHLHHML7VJOMFMEFLQ,"January 1, 2020",amazing taste for cheap,amazing taste for cheap. easy to eat with quinoa,yes,0,5.0,https://www.amazon.ca/Taj-Mahal-Baingan-Bharta-Eggplant/dp/B075N8YXZ9/ref=cm_cr_srp_d_product_top?ie=UTF8,2020-09-18 21:30:05.126687,2020-09-18 21:30:12.408263,Nicolas Lacombe,Clothing & Accessories,B002G9UDYG
18,AHIEAZVWLZHHLHHML7VJOMFMEFLQ,"January 1, 2020","cheap, prewash and good taste","cheap, prewash, good taste and in a good quantiy. can be stored for a while too",yes,0,5.0,https://www.amazon.ca/Manitoba-Harvest-Kirkland-Signature-Biologique/dp/B07B4LWG56/ref=cm_cr_srp_d_product_top?ie=UTF8,2020-09-18 21:30:21.499932,2020-09-18 21:30:29.845750,Nicolas Lacombe,Clothing & Accessories,B002G9UDYG
19,AHIEAZVWLZHHLHHML7VJOMFMEFLQ,"November 9, 2019",last long. very comfortable,last long. very comfortable,yes,0,5.0,https://www.amazon.ca/Wrangler-Authentics-Classic-5-Pocket-Twilight/dp/B078M95455/ref=cm_cr_srp_d_product_top?ie=UTF8,2020-09-18 21:30:39.939737,2020-09-18 21:30:47.171430,Nicolas Lacombe,Clothing & Accessories,B002G9UDYG
20,AHIEAZVWLZHHLHHML7VJOMFMEFLQ,"August 21, 2019","works well, good price","works well, good price",yes,0,5.0,https://www.amazon.ca/Public-Mobile-Card-Unlocked-Phones/dp/B07R6P5KBB/ref=cm_cr_srp_d_product_top?ie=UTF8,2020-09-18 21:30:54.263638,2020-09-18 21:31:01.580232,Nicolas Lacombe,Clothing & Accessories,B002G9UDYG
21,AHIEAZVWLZHHLHHML7VJOMFMEFLQ,"August 21, 2019","very cheap, very sharp and lasts long","very cheap, very sharp and lasts for multiple days on the same blade",yes,0,5.0,https://www.amazon.ca/Astra-Superior-Premium-Platinum-Double/dp/B001QY8QXM/ref=cm_cr_srp_d_product_top?ie=UTF8,2020-09-18 21:31:11.671534,2020-09-18 21:31:17.945776,Nicolas Lacombe,Clothing & Accessories,B002G9UDYG
22,AHIEAZVWLZHHLHHML7VJOMFMEFLQ,"August 21, 2019",not the best taste but vegan,the taste is not the best but it's vegan and it's not too expensive,yes,0,4.0,https://www.amazon.ca/Jason-Healthy-Mouth-Mouthwash-473/dp/B000FG8T0C/ref=cm_cr_srp_d_product_top?ie=UTF8,2020-09-18 21:31:27.038856,2020-09-18 21:31:35.310393,Nicolas Lacombe,Clothing & Accessories,B002G9UDYG
23,AHIEAZVWLZHHLHHML7VJOMFMEFLQ,"August 21, 2019","cheap, has all the tools I need","works well, has all the nice tools including scissors and wood saw and much cheaper than other brands",yes,0,5.0,https://www.amazon.ca/BlizeTec-Function-Tactical-Folding-Pocket/dp/B00PJS0G8E/ref=cm_cr_srp_d_product_top?ie=UTF8,2020-09-18 21:31:43.401965,2020-09-18 21:31:51.656179,Nicolas Lacombe,Clothing & Accessories,B002G9UDYG
24,AHIEAZVWLZHHLHHML7VJOMFMEFLQ,"August 21, 2019",wild salmon but with pork gelatin,it's nice that it's wild salmon for health and animal suffering concerns but it sucks that it contains pork gelatin :(,yes,One,4.0,https://www.amazon.ca/Jamieson-Wild-Salmon-Omega-3-Complex/dp/B00BMTITVA/ref=cm_cr_srp_d_product_top?ie=UTF8,2020-09-18 21:32:00.746856,2020-09-18 21:32:10.030105,Nicolas Lacombe,Clothing & Accessories,B002G9UDYG
25,AHIEAZVWLZHHLHHML7VJOMFMEFLQ,"August 21, 2019",expensive but a really good mix,expensive but a really good mix,yes,0,4.0,https://www.amazon.ca/Kirkland-Signature-Extra-Fancy-Unsalted/dp/B00CCQWK6C/ref=cm_cr_srp_d_product_top?ie=UTF8,2020-09-18 21:32:17.121581,2020-09-18 21:32:26.472051,Nicolas Lacombe,Clothing & Accessories,B002G9UDYG
26,AHIEAZVWLZHHLHHML7VJOMFMEFLQ,"August 21, 2019","expensive, vegan",expensive but vegan and works well,yes,0,4.0,https://www.amazon.ca/Sustain-Natural-Latex-Condoms-Nitrosamine/dp/B00ZP9KI1C/ref=cm_cr_srp_d_product_top?ie=UTF8,2020-09-18 21:32:33.566449,2020-09-18 21:32:41.813023,Nicolas Lacombe,Clothing & Accessories,B002G9UDYG
27,AHIEAZVWLZHHLHHML7VJOMFMEFLQ,"August 21, 2019","cheap, resealable bag, pasta split in 2","pro: whole wheat, cheap, resealable bag
con: the pasta often split in 2 when poking it with a fork",yes,2,4.0,https://www.amazon.ca/Molisana-Whole-Wheat-Fusilli-N-28/dp/B00LXSEI2Y/ref=cm_cr_srp_d_product_top?ie=UTF8,2020-09-18 21:32:49.904623,2020-09-18 21:32:59.217321,Nicolas Lacombe,Clothing & Accessories,B002G9UDYG
28,AHIEAZVWLZHHLHHML7VJOMFMEFLQ,"August 17, 2018",Two Stars,poor quality and akward to put on. the pins falls very often,yes,One,2.0,https://www.amazon.ca/Rubies-Costume-Generation-Deluxe-Medium/dp/B0029F1X28/ref=cm_cr_srp_d_product_top?ie=UTF8,2020-09-18 21:33:08.309619,2020-09-18 21:33:17.590055,Nicolas Lacombe,Clothing & Accessories,B002G9UDYG
29,AHIEAZVWLZHHLHHML7VJOMFMEFLQ,"August 17, 2018",overheats and fail to transfer big files,"When trying to transfer big files, it transfer fast but overheats which causes I/O issues and fails transfers of a 5GB file.",yes,0,1.0,https://www.amazon.ca/SanDisk-Ultra-Flair-Performance-SDCZ73-032G-G46/dp/B015CH1JIW/ref=cm_cr_srp_d_product_top?ie=UTF8,2020-09-18 21:33:24.680306,2020-09-18 21:33:30.961407,Nicolas Lacombe,Clothing & Accessories,B002G9UDYG
30,AHIEAZVWLZHHLHHML7VJOMFMEFLQ,"July 25, 2018",Five Stars,very simple but fun and educational game,yes,0,5.0,https://www.amazon.ca/Asmodee-Editions-TIM01-Timeline/dp/B005N57CNU/ref=cm_cr_srp_d_product_top?ie=UTF8,2020-09-18 21:33:39.054249,2020-09-18 21:33:47.314468,Nicolas Lacombe,Clothing & Accessories,B002G9UDYG
31,AHIEAZVWLZHHLHHML7VJOMFMEFLQ,"July 25, 2018",Five Stars,"very good to fit different record types.
the weight on the needle is not adjustable though",yes,0,5.0,https://www.amazon.ca/Audio-Technica-AT-LP60BK-BT-Automatic-Bluetooth-Belt-Drive/dp/B01BE5CT8U/ref=cm_cr_srp_d_product_top?ie=UTF8,2020-09-18 21:33:54.406187,2020-09-18 21:34:01.693087,Nicolas Lacombe,Clothing & Accessories,B002G9UDYG
32,AHIEAZVWLZHHLHHML7VJOMFMEFLQ,"July 25, 2018",Two Stars,comfortable when it's not hot but very uncomfortable in sweaty weather,yes,0,2.0,https://www.amazon.ca/David-Archy-Breathable-Bamboo-Black-4-5/dp/B01LEWKBWO/ref=cm_cr_srp_d_product_top?ie=UTF8,2020-09-18 21:34:09.786105,2020-09-18 21:34:18.086975,Nicolas Lacombe,Clothing & Accessories,B002G9UDYG
33,AHIEAZVWLZHHLHHML7VJOMFMEFLQ,"July 25, 2018",Five Stars,very comfortable and good for hot sweaty weather,yes,0,5.0,https://www.amazon.ca/Calvin-Klein-4-pack-Cotton-Classic/dp/B00JQQQUIK/ref=cm_cr_srp_d_product_top?ie=UTF8,2020-09-18 21:34:27.178057,2020-09-18 21:34:34.455052,Nicolas Lacombe,Clothing & Accessories,B002G9UDYG
34,AHIEAZVWLZHHLHHML7VJOMFMEFLQ,"July 13, 2018","looks great, functions well",Looks great and the auto sleep/wake up functionality works,yes,0,5.0,https://www.amazon.ca/Fintie-Kindle-Paperwhite-Folio-Built/dp/B00UAB1D1Y/ref=cm_cr_srp_d_product_top?ie=UTF8,2020-09-18 21:34:44.545854,2020-09-18 21:34:53.861186,Nicolas Lacombe,Clothing & Accessories,B002G9UDYG
35,AHIEAZVWLZHHLHHML7VJOMFMEFLQ,"July 19, 2017",amazing phone. after 2 years of usage though the ...,amazing phone. after 2 years of usage though the battry discharge very quickly (about half a day to go from 100 to 0),yes,0,5.0,https://www.amazon.ca/LG-Nexus5bk-Unlocked-Smartphone-Warranty/dp/B00GGQJL2K/ref=cm_cr_srp_d_product_top?ie=UTF8,2020-09-18 21:35:00.952119,2020-09-18 21:35:09.210262,Nicolas Lacombe,Clothing & Accessories,B002G9UDYG
36,AHIEAZVWLZHHLHHML7VJOMFMEFLQ,"June 20, 2017",Five Stars,nice look and soft texture,yes,0,5.0,https://www.amazon.ca/Elegant-Comfort-Silky-Soft-Pillowcases-Gray/dp/B00DPLVGZY/ref=cm_cr_srp_d_product_top?ie=UTF8,2020-09-18 21:35:19.301377,2020-09-18 21:35:25.564998,Nicolas Lacombe,Clothing & Accessories,B002G9UDYG
37,AHIEAZVWLZHHLHHML7VJOMFMEFLQ,"June 20, 2017",Just one thing to say: if you want to ...,"Just one thing to say: if you want to use this without having the greasy hair look, use an extremely small quantity.
Works really well though.",yes,One,4.0,https://www.amazon.ca/Dove-Men-Care-Styling-Texturize/dp/B00BOUQTJG/ref=cm_cr_srp_d_product_top?ie=UTF8,2020-09-18 21:35:32.658749,2020-09-18 21:35:41.919923,Nicolas Lacombe,Clothing & Accessories,B002G9UDYG
38,AHIEAZVWLZHHLHHML7VJOMFMEFLQ,"June 20, 2017",Two Stars,was dusty inside the box.,yes,0,2.0,https://www.amazon.ca/James-Bond-007-Photo-Coffee/dp/B018RUFTF0/ref=cm_cr_srp_d_product_top?ie=UTF8,2020-09-18 21:35:49.009855,2020-09-18 21:35:55.276525,Nicolas Lacombe,Clothing & Accessories,B002G9UDYG
39,AHIEAZVWLZHHLHHML7VJOMFMEFLQ,"June 20, 2017",good even in very windy weather,"no rain gets through. good even in very windy weather. good size.
non foldable though.",yes,0,5.0,https://www.amazon.ca/RainStoppers-W016B-Windbuster-Umbrella-48-Inch/dp/B00DFUUYDK/ref=cm_cr_srp_d_product_top?ie=UTF8,2020-09-18 21:36:05.361174,2020-09-18 21:36:12.630221,Nicolas Lacombe,Clothing & Accessories,B002G9UDYG
40,AHIEAZVWLZHHLHHML7VJOMFMEFLQ,"June 20, 2017",Four Stars,Good display quality and screen size for the price. Comes with a VGA cable but no HDMI cable.,yes,0,4.0,https://www.amazon.ca/BenQ-24-inch-Monitor-HDMI-GL2460HM/dp/B00IKDFL4O/ref=cm_cr_srp_d_product_top?ie=UTF8,2020-09-18 21:36:20.720254,2020-09-18 21:36:29.979424,Nicolas Lacombe,Clothing & Accessories,B002G9UDYG
41,AHIEAZVWLZHHLHHML7VJOMFMEFLQ,"November 14, 2016","Good sound, and decently comfortable headphones","Good sound, and decently comfortable headphones.
After 8 months of usage the battery discharge faster (after 1-2 hour usage a day batteries are low) and when the battery is low, the sound gets cut often.
A minor issue is that the buttons on the headphones makes a faint click sound when running with the headphones (because the buttons moves a little bit).
They lasted me 1 year after breaking.",yes,0,4.0,https://www.amazon.ca/Kinivo-BTH240-Bluetooth-Stereo-Headphone/dp/B00AWIPITS/ref=cm_cr_srp_d_product_top?ie=UTF8,2020-09-18 21:36:40.068700,2020-09-18 21:36:47.349864,Nicolas Lacombe,Clothing & Accessories,B002G9UDYG
42,AHIEAZVWLZHHLHHML7VJOMFMEFLQ,"November 4, 2016",The only thing which is not good or bad necessarily is that the audio is very ...,"Stunning sound quality. The only thing which is not good or bad necessarily is that the audio is very balance, so no bass boost. It therefore performs better on song where the mainline is not the bass.",yes,0,5.0,https://www.amazon.ca/Audio-Technica-ATH-M50-Professional-Discontinued-Manufacturer/dp/B000ULAP4U/ref=cm_cr_srp_d_product_top?ie=UTF8,2020-09-18 21:36:54.441008,2020-09-18 21:37:00.719188,Nicolas Lacombe,Clothing & Accessories,B002G9UDYG
43,AHIEAZVWLZHHLHHML7VJOMFMEFLQ,"November 4, 2016",Worked great until after 6 months where I dropped it and ...,Definitely not wood. Worked great until after 6 months where I dropped it and it broke.,yes,0,3.0,https://www.amazon.ca/dp/B00U4U0YH0/ref=cm_cr_srp_d_product_top?ie=UTF8,2020-09-18 21:37:10.809694,2020-09-18 21:37:18.074665,Nicolas Lacombe,Clothing & Accessories,B002G9UDYG
44,AHIEAZVWLZHHLHHML7VJOMFMEFLQ,"November 4, 2016",Five Stars,Very good picture quality.,yes,One,5.0,https://www.amazon.ca/LG-43UH6100-43-Inch-Ultra-Smart/dp/B01CF07L54/ref=cm_cr_srp_d_product_top?ie=UTF8,2020-09-18 21:37:28.168290,2020-09-18 21:37:36.430261,Nicolas Lacombe,Clothing & Accessories,B002G9UDYG
45,AHIEAZVWLZHHLHHML7VJOMFMEFLQ,"November 4, 2016",Four Stars,Still works good after a few months.,yes,0,4.0,https://www.amazon.ca/Rankie-Micro-Cable-Charging-3-Pack/dp/B00UFG5GVM/ref=cm_cr_srp_d_product_top?ie=UTF8,2020-09-18 21:37:44.522967,2020-09-18 21:37:52.787833,Nicolas Lacombe,Clothing & Accessories,B002G9UDYG
46,AHIEAZVWLZHHLHHML7VJOMFMEFLQ,"December 10, 2015",the bandwidth was very good. Signal was weak through cement walls but I ...,"Some wireless drop during the last 2 years, had to reboot the router. Apart from that, the bandwidth was very good. Signal was weak through cement walls but I was expecting that.
Very easy to configure, very extensive choice of configuration.",yes,One,4.0,https://www.amazon.ca/RT-N16-Wireless-N-Performance-Ethernet-USB-Hard/dp/B00387G6R8/ref=cm_cr_srp_d_product_top?ie=UTF8,2020-09-18 21:37:59.882029,2020-09-18 21:38:07.154814,Nicolas Lacombe,Clothing & Accessories,B002G9UDYG
