,author_id,date_review_posted,review_title,reviews,verified_purchase,people_find_helpful,ratings,product_url,start,end,reviewer_name,product_category,product_id
0,AHMQ34UF3JGI3XJGNRT4HOUL5PKA,"July 21, 2020",Pretty decent for a small light,"Its a pretty decent flashlight for just how small it is, but one problem i had was the light i received was pretty clearly used. Spots around where the pocket clip were where the finish on the light was worn off, and the pad that was supposed to be between the end of the battery and the end cap of the flashlight was already removed. Im gonna keep it but this really is not acceptable buying a new item no matter how cheap it is.",yes,0,3.0,https://www.amazon.ca/Olight-Desert-Lumens-Flashlight-Light/dp/B07Z6KVCHZ/ref=cm_cr_srp_d_product_top?ie=UTF8,2020-09-18 18:12:16.247049,2020-09-18 18:12:23.565304,Amazon Customer,Clothing & Accessories,B002G9UDYG
1,AHMQ34UF3JGI3XJGNRT4HOUL5PKA,"April 16, 2020",Its a toque,It goes on your head and keeps you relatively warm.,yes,0,5.0,https://www.amazon.ca/Carhartt-Acrylic-Watch-Black-Size/dp/B002G9UDYG/ref=cm_cr_srp_d_product_top?ie=UTF8,2020-09-18 18:12:30.662147,2020-09-18 18:12:39.986453,Amazon Customer,Clothing & Accessories,B002G9UDYG
2,AHMQ34UF3JGI3XJGNRT4HOUL5PKA,"April 16, 2020",Yes,Very nice,yes,0,5.0,https://www.amazon.ca/Mechanix-MG-05-011-Original-Gloves-X-Large/dp/B0001VNZKU/ref=cm_cr_srp_d_product_top?ie=UTF8,2020-09-18 18:12:49.079694,2020-09-18 18:12:55.365236,Amazon Customer,Clothing & Accessories,B002G9UDYG
3,AHMQ34UF3JGI3XJGNRT4HOUL5PKA,"April 16, 2020",Very nice,I drink a lot of different types of coffee and although I'm not an expert this one is pretty decent. Sometimes you take a gamble trying new things and was pleasantly surprised this coffee is solid.,yes,0,4.0,https://www.amazon.ca/Ravens-Brew-Coffee-Deadman-6x12OZ/dp/B006O4Z3Z8/ref=cm_cr_srp_d_product_top?ie=UTF8,2020-09-18 18:13:02.458746,2020-09-18 18:13:08.790246,Amazon Customer,Clothing & Accessories,B002G9UDYG
4,AHMQ34UF3JGI3XJGNRT4HOUL5PKA,"April 16, 2020",Very unique flavour,"This coffee is super unique has an aftertaste that reminds me of molasses. I don't hate it and it takes time to get used to just because its out of the ordinary, but not bad at all.",yes,0,4.0,https://www.amazon.ca/Single-Origin-Burundi-Specialty-Coffee/dp/B07VBGYSG5/ref=cm_cr_srp_d_product_top?ie=UTF8,2020-09-18 18:13:16.879577,2020-09-18 18:13:23.154880,Amazon Customer,Clothing & Accessories,B002G9UDYG
5,AHMQ34UF3JGI3XJGNRT4HOUL5PKA,"January 15, 2019","small, light , compact","The Fox Anso Zero. Nice and light, unique blade style which offers lots of belly which makes cutting tasks easy. N690 steel, Plastic handles, and 2 hand open on this puppy. The pocket clip works great, and will be carrying more.",yes,0,4.0,https://www.amazon.ca/dp/B00F66KVSE/ref=cm_cr_srp_d_product_top?ie=UTF8,2020-09-18 18:13:30.264062,2020-09-18 18:13:39.593609,Amazon Customer,Clothing & Accessories,B002G9UDYG
6,AHMQ34UF3JGI3XJGNRT4HOUL5PKA,"January 15, 2019",beast,"The Mcusta Tsuchi is a fairly decent pocket knife. Pretty light, Nice and sharp vg10 damascus blade with hammer marks looks real slick. Aluminum Handles make it nice and light. The only thing I'm not crazy about is the pocket clip, and the fact that it ships out tip town. Other then those nitpicks its a keeper. Definitely check out some Mcusta if you are into Knives. Got the yellow one which has a blue pivot and thumb stud. Looks pretty cool. :D",yes,0,4.0,https://www.amazon.ca/dp/B01D3TFJN2/ref=cm_cr_srp_d_product_top?ie=UTF8,2020-09-18 18:13:49.683684,2020-09-18 18:13:55.973184,Amazon Customer,Clothing & Accessories,B002G9UDYG
7,AHMQ34UF3JGI3XJGNRT4HOUL5PKA,"January 15, 2019","Thin, light, easy to sharpen.","Got sent the wrong knife initially. It was a J A Henckel fine edge pro in a global 8"" chef knife box hah. Sent that back and got the right one this time around thankfully. That being said its a nice upgrade for most people from the cheaper henckels and some of the starter victorinox and such. Nice and thin on the edge for some fine cutting. I have spent lots of money on cheaper knives in the past, and here's my advice.... just get the more expensive knives if you can. I mean you can get like 6 Fine edge pros for 1 of these but let me tell you on the 500th time sharpening a fine edge you will be ready to throw in the towel . Its a good knife and you still aren't dedicating twice the price for a top of the line chef knife.",yes,0,4.0,https://www.amazon.ca/Global-Knives-Cooks-Knife-20/dp/B00005OL44/ref=cm_cr_srp_d_product_top?ie=UTF8,2020-09-18 18:14:03.074702,2020-09-18 18:14:10.347749,Amazon Customer,Clothing & Accessories,B002G9UDYG
8,AHMQ34UF3JGI3XJGNRT4HOUL5PKA,"April 22, 2018",Two Stars,not a big fan of the peanuts,yes,One,2.0,https://www.amazon.ca/Break-A-Way-Baw-BBQ-Peanuts-130g/dp/B0714MFC6S/ref=cm_cr_srp_d_product_top?ie=UTF8,2020-09-18 18:14:18.439102,2020-09-18 18:14:26.690220,Amazon Customer,Clothing & Accessories,B002G9UDYG
9,AHMQ34UF3JGI3XJGNRT4HOUL5PKA,"April 22, 2018",Five Stars,works like its supposed to,yes,0,5.0,https://www.amazon.ca/DEWALT-DWFP12233-Precision-18-Gauge-Nailer/dp/B00V63B4HI/ref=cm_cr_srp_d_product_top?ie=UTF8,2020-09-18 18:14:33.776601,2020-09-18 18:14:42.081556,Amazon Customer,Clothing & Accessories,B002G9UDYG
10,AHMQ34UF3JGI3XJGNRT4HOUL5PKA,"April 22, 2018",Four Stars,really enjoy bean head. Have bought it in the past and it does the trick for a quick fix.,yes,0,4.0,https://www.amazon.ca/Canadian-Organic-Mould-Coffee-Whole/dp/B00IX8K8TY/ref=cm_cr_srp_d_product_top?ie=UTF8,2020-09-18 18:14:49.186212,2020-09-18 18:14:58.456421,Amazon Customer,Clothing & Accessories,B002G9UDYG
11,AHMQ34UF3JGI3XJGNRT4HOUL5PKA,"April 22, 2018",... dark chocolate and brings an interesting flavour to a boring world of milk chocolate,it is dark chocolate and brings an interesting flavour to a boring world of milk chocolate.,yes,One,4.0,https://www.amazon.ca/Kit-Kat-Mini-Chocolate-Flavour/dp/B01MRRQ1JA/ref=cm_cr_srp_d_product_top?ie=UTF8,2020-09-18 18:15:05.580237,2020-09-18 18:15:11.885503,Amazon Customer,Clothing & Accessories,B002G9UDYG
12,AHMQ34UF3JGI3XJGNRT4HOUL5PKA,"April 22, 2018",... glasses from falling off your face which is very good.,they can be a bit irritating on the ears after alot of wear but they do stop the glasses from falling off your face which is very good.,yes,One,4.0,https://www.amazon.ca/Keepons-Slipping-Eyeglass-Sunglasses-Spectacle/dp/B00NKZPOD0/ref=cm_cr_srp_d_product_top?ie=UTF8,2020-09-18 18:15:18.998690,2020-09-18 18:15:27.335266,Amazon Customer,Clothing & Accessories,B002G9UDYG
13,AHMQ34UF3JGI3XJGNRT4HOUL5PKA,"April 22, 2018",Four Stars,uhuh,yes,0,4.0,https://www.amazon.ca/TWIZZLERS-Licorice-Christmas-Wildberry-Twizzelators/dp/B00NTWXKS0/ref=cm_cr_srp_d_product_top?ie=UTF8,2020-09-18 18:15:34.469111,2020-09-18 18:15:40.824386,Amazon Customer,Clothing & Accessories,B002G9UDYG
14,AHMQ34UF3JGI3XJGNRT4HOUL5PKA,"April 22, 2018",Four Stars,first time having turkish delight and it is enjoyable with a cup of coffee or tea.,yes,0,4.0,https://www.amazon.ca/UNER%60S-DELIGHT-TURKISH-POMEGRANATE-GRENADE-PISTACHIO/dp/B01NGUQMDR/ref=cm_cr_srp_d_product_top?ie=UTF8,2020-09-18 18:15:48.924467,2020-09-18 18:15:56.185199,Amazon Customer,Clothing & Accessories,B002G9UDYG
15,AHMQ34UF3JGI3XJGNRT4HOUL5PKA,"April 22, 2018",Three Stars,ok,yes,0,3.0,https://www.amazon.ca/Godiva-Chocolatier-Chocolate-Orange-Tablet/dp/B075294SMT/ref=cm_cr_srp_d_product_top?ie=UTF8,2020-09-18 18:16:06.311993,2020-09-18 18:16:13.644233,Amazon Customer,Clothing & Accessories,B002G9UDYG
16,AHMQ34UF3JGI3XJGNRT4HOUL5PKA,"April 22, 2018",Five Stars,Really like this sauce. Its overpriced but it is no doubt really good.,yes,One,5.0,https://www.amazon.ca/Queen-Majesty-Habanero-Black-Coffee/dp/B07532DL6S/ref=cm_cr_srp_d_product_top?ie=UTF8,2020-09-18 18:16:21.738240,2020-09-18 18:16:28.010474,Amazon Customer,Clothing & Accessories,B002G9UDYG
17,AHMQ34UF3JGI3XJGNRT4HOUL5PKA,"April 22, 2018",The noodles themselves are fantastic and i have had them many times but in ...,The noodles themselves are fantastic and i have had them many times but in the box i recieved the noodles were mostly decimated into small bits during the travels. If you can get them locally i would suggest that.,yes,0,2.0,https://www.amazon.ca/Nongshim-Chapagetti-Chajang-Noodle-Ounce/dp/B00V3PD8MS/ref=cm_cr_srp_d_product_top?ie=UTF8,2020-09-18 18:16:37.104073,2020-09-18 18:16:45.364507,Amazon Customer,Clothing & Accessories,B002G9UDYG
18,AHMQ34UF3JGI3XJGNRT4HOUL5PKA,"April 22, 2018",Unfortunately seems like the quality control has gone out the door on ...,Unfortunately seems like the quality control has gone out the door on the particular model i received as the grind on the cutting edge is way off to one side making the edge near the tip useless for actually cutting. Right out of the box the edge needs to be reprofiled on a $100 knife. I can't recommend this to anyone and as having purchased a tanto model that was shaving sharp out of the box it really is a shame that i cannot give this a great review.,yes,0,2.0,https://www.amazon.ca/dp/B00U1IAFRY/ref=cm_cr_srp_d_product_top?ie=UTF8,2020-09-18 18:16:52.459363,2020-09-18 18:17:00.757186,Amazon Customer,Clothing & Accessories,B002G9UDYG
19,AHMQ34UF3JGI3XJGNRT4HOUL5PKA,"April 22, 2018",Really an amazing slip joint,Really an amazing slip joint. Solid lock up with a halfway stop. The g10 looks alot better in person a little less bright then in the pictures like a maroon colour. Nice and sharp and s30v blade steel is a nice way to bring a classic into the modern era.,yes,One,5.0,https://www.amazon.ca/dp/B076XTTBGS/ref=cm_cr_srp_d_product_top?ie=UTF8,2020-09-18 18:17:08.850891,2020-09-18 18:17:15.104864,Amazon Customer,Clothing & Accessories,B002G9UDYG
20,AHMQ34UF3JGI3XJGNRT4HOUL5PKA,"February 19, 2018",Four Stars,Looks decent and affordable. No problems with functionality.,yes,0,4.0,https://www.amazon.ca/Bulova-Caravelle-45B120-Display-Japanese/dp/B00IQK8SQO/ref=cm_cr_srp_d_product_top?ie=UTF8,2020-09-18 18:17:23.203288,2020-09-18 18:17:32.487748,Amazon Customer,Clothing & Accessories,B002G9UDYG
21,AHMQ34UF3JGI3XJGNRT4HOUL5PKA,"February 19, 2018",Five Stars,Well enjoyed as a gift,yes,0,5.0,https://www.amazon.ca/Shun-DM0718-7-Inch-Classic-Santoku/dp/B0000Y7KPO/ref=cm_cr_srp_d_product_top?ie=UTF8,2020-09-18 18:17:42.578391,2020-09-18 18:17:49.840680,Amazon Customer,Clothing & Accessories,B002G9UDYG
22,AHMQ34UF3JGI3XJGNRT4HOUL5PKA,"February 19, 2018",its not a bad coffee but more my mistake in the purchase as ...,its not a bad coffee but more my mistake in the purchase as i generally don't enjoy blends as much as straight up roasts. Pretty decent.,yes,0,3.0,https://www.amazon.ca/Kicking-Horse-Coffee-Anniversary-Medium/dp/B01JGQ2M9U/ref=cm_cr_srp_d_product_top?ie=UTF8,2020-09-18 18:17:59.931405,2020-09-18 18:18:06.199847,Amazon Customer,Clothing & Accessories,B002G9UDYG
23,AHMQ34UF3JGI3XJGNRT4HOUL5PKA,"February 19, 2018",Four Stars,very affordable and great for cleaning game.,yes,0,4.0,https://www.amazon.ca/Morakniv-Companion-Sandvik-Carbon-Military/dp/B009NZVZ3E/ref=cm_cr_srp_d_product_top?ie=UTF8,2020-09-18 18:18:13.294524,2020-09-18 18:18:19.588467,Amazon Customer,Clothing & Accessories,B002G9UDYG
24,AHMQ34UF3JGI3XJGNRT4HOUL5PKA,"February 19, 2018",Four Stars,pretty neat and affordable knife,yes,0,4.0,https://www.amazon.ca/dp/B0030IT76C/ref=cm_cr_srp_d_product_top?ie=UTF8,2020-09-18 18:18:26.682327,2020-09-18 18:18:34.073367,Amazon Customer,Clothing & Accessories,B002G9UDYG
25,AHMQ34UF3JGI3XJGNRT4HOUL5PKA,"February 19, 2018",Four Stars,this watch is a beast,yes,0,4.0,https://www.amazon.ca/Casio-Chronograph-Quartz-Stainless-Casual/dp/B01GI9Z07Y/ref=cm_cr_srp_d_product_top?ie=UTF8,2020-09-18 18:18:42.166011,2020-09-18 18:18:48.482113,Amazon Customer,Clothing & Accessories,B002G9UDYG
26,AHMQ34UF3JGI3XJGNRT4HOUL5PKA,"February 19, 2018",Really like this tea,Really like this tea. Has a different flavour then any other green teas i have tried it s a little more mellow with kind of a roasted flavour.,yes,0,4.0,https://www.amazon.ca/Mighty-Leaf-Tea-Organic-Hojicha/dp/B007QR738W/ref=cm_cr_srp_d_product_top?ie=UTF8,2020-09-18 18:18:57.572771,2020-09-18 18:19:06.816959,Amazon Customer,Clothing & Accessories,B002G9UDYG
27,AHMQ34UF3JGI3XJGNRT4HOUL5PKA,"February 19, 2018",Really great little knife,"Really great little knife. Super light, sharp. Reminds me alot of the 530 with a different blade style. The spacers in the back are anodized blue and same with the thumb stud. Looks cool, and would look way better if the knife scales were black. Only problem i had was the pivot screw was way too tight on arrival. It was really a chore to get the blade to open, but loosened her up with a torx bit and she runs just fine. $150 at the time of purchase.",yes,3,4.0,https://www.amazon.ca/dp/B07452LTBD/ref=cm_cr_srp_d_product_top?ie=UTF8,2020-09-18 18:19:16.906674,2020-09-18 18:19:25.287494,Amazon Customer,Clothing & Accessories,B002G9UDYG
28,AHMQ34UF3JGI3XJGNRT4HOUL5PKA,"December 21, 2017",Really great blade shape and nice profile for in pocket carry ...,Really great blade shape and nice profile for in pocket carry although for the price they are asking i wish there was a coating on the blade instead of the glossy look. Super light.,yes,One,3.0,https://www.amazon.ca/dp/B00K60OSRK/ref=cm_cr_srp_d_product_top?ie=UTF8,2020-09-18 18:19:35.380772,2020-09-18 18:19:43.674294,Amazon Customer,Clothing & Accessories,B002G9UDYG
29,AHMQ34UF3JGI3XJGNRT4HOUL5PKA,"December 21, 2017",Five Stars,Better the serrated version and i love the serrated version.,yes,0,5.0,https://www.amazon.ca/dp/B00507AJ40/ref=cm_cr_srp_d_product_top?ie=UTF8,2020-09-18 18:19:52.764559,2020-09-18 18:20:02.041705,Amazon Customer,Clothing & Accessories,B002G9UDYG
30,AHMQ34UF3JGI3XJGNRT4HOUL5PKA,"December 21, 2017",Five Stars,"nice and light, sleek and concealable. Winner",yes,0,5.0,https://www.amazon.ca/Victorinox-Swiss-Army-Canada-Sports-Cadet/dp/B000WEG8PA/ref=cm_cr_srp_d_product_top?ie=UTF8,2020-09-18 18:20:09.128468,2020-09-18 18:20:18.361243,Amazon Customer,Clothing & Accessories,B002G9UDYG
31,AHMQ34UF3JGI3XJGNRT4HOUL5PKA,"December 21, 2017",Five Stars,This stuff is rocking,no,0,5.0,https://www.amazon.ca/Tetley-Tea-Strawberry-Specialty-24-Count/dp/B0074JB4GY/ref=cm_cr_srp_d_product_top?ie=UTF8,2020-09-18 18:20:27.456365,2020-09-18 18:20:34.756669,Amazon Customer,Clothing & Accessories,B002G9UDYG
32,AHMQ34UF3JGI3XJGNRT4HOUL5PKA,"December 21, 2017",Really great knife. Sharp right out of the box,"Really great knife. Sharp right out of the box, with that razor scandi grind. Also very light with the plastic handles. My only complaint is i which the steel was alot more rust resistant, but you have to make sure and dry it off it it gets moist out in the cold or wet. Also gonna want to keep this sucker nice n oiled up.",yes,0,4.0,https://www.amazon.ca/Cold-Steel-Finn-Blaze-Orange/dp/B06XKWPLWG/ref=cm_cr_srp_d_product_top?ie=UTF8,2020-09-18 18:20:44.848753,2020-09-18 18:20:53.131839,Amazon Customer,Clothing & Accessories,B002G9UDYG
33,AHMQ34UF3JGI3XJGNRT4HOUL5PKA,"December 21, 2017",very nice,"This knife is really robust, all at the same time terrifyingly sharp, and comfortable to the hold. Its fairly large although not as large as some of the cold steel options. With a gladius shaped tanto blade and fine work into the handle detail. Equally a show piece and work horse. Nice for the collection.",yes,0,5.0,https://www.amazon.ca/dp/B019RSX156/ref=cm_cr_srp_d_product_top?ie=UTF8,2020-09-18 18:21:03.226172,2020-09-18 18:21:09.547442,Amazon Customer,Clothing & Accessories,B002G9UDYG
34,AHMQ34UF3JGI3XJGNRT4HOUL5PKA,"December 21, 2017",Do you have a knife addiction? This was the answer for mine,"Waited a long time to buy this and finally did it. Really sweet little knife. Smaller then i thought but still has a decent length on the blade itself. Amazing grip and seems fairly light, but obviously not as light as the volcano grip handles. Nice grippy texture on the G10 and sleek straight blade in S30V. The top of the blade is nice and thick which gives your thumb a nice ramp if that is how you chose t grip the knife. No real gimping but it still feels great and plenty of grip with the handles already. Uses the compression lock same as the Paramilitary 2. The spyder hole is partially covered by the handle but still accessible which has not been a problem for me. My only complaint is that i which i could get this knife blacked out.",yes,One,5.0,https://www.amazon.ca/dp/B005CPWHPY/ref=cm_cr_srp_d_product_top?ie=UTF8,2020-09-18 18:21:17.637652,2020-09-18 18:21:23.940749,Amazon Customer,Clothing & Accessories,B002G9UDYG
35,AHMQ34UF3JGI3XJGNRT4HOUL5PKA,"December 19, 2017",... of emersons will know that $220 is a really good price for an emerson,Most people who buy alot of knives and people who buy alot of emersons will know that $220 is a really good price for an emerson. Also no skulls are printed on this knife which is a bonus if you are using it for work. There is a steel insert on the titanium frame lock to avoid sticking.,yes,0,4.0,https://www.amazon.ca/Zero-Tolerance-Emerson-Tanto-Knife/dp/B00ILFL66S/ref=cm_cr_srp_d_product_top?ie=UTF8,2020-09-18 18:21:34.041994,2020-09-18 18:21:42.295815,Amazon Customer,Clothing & Accessories,B002G9UDYG
36,AHMQ34UF3JGI3XJGNRT4HOUL5PKA,"July 23, 2017",columbia river M21-02G Black,This knife i picked up locally and can say its a pretty handy little sucker. Its quite heavy for its size but feels good in the hand. The handle is a bit short for some people but you can choke up over the stud for a little extra milage if you feel it necessary. The blade itself sharpens up quickly on the ol sharp maker. The autolawks takes a bit of getting used to for most of us versed in the 1 handed liner lock close. Also should mention for people picky about their flippers the particular one i have requires wrist action to fully flip open. gets about half way or a little more open without assistance. For me not a big deal. The pocket clip is way too tight gotta loosen that up. Nice cutting edge and fairly thick blade stock for a folder.,no,0,4.0,https://www.amazon.ca/dp/B001DZO5G6/ref=cm_cr_srp_d_product_top?ie=UTF8,2020-09-18 18:21:50.385590,2020-09-18 18:21:57.665110,Amazon Customer,Clothing & Accessories,B002G9UDYG
37,AHMQ34UF3JGI3XJGNRT4HOUL5PKA,"July 20, 2017",Five Stars,Scrubbing pads that scrub. 10/10 would scrub again.,yes,One,5.0,https://www.amazon.ca/GVI29106-Ceramic-Cooktop-Cleaning-10-Pack/dp/B001TI5BD8/ref=cm_cr_srp_d_product_top?ie=UTF8,2020-09-18 18:22:04.758160,2020-09-18 18:22:12.026320,Amazon Customer,Clothing & Accessories,B002G9UDYG
38,AHMQ34UF3JGI3XJGNRT4HOUL5PKA,"July 20, 2017",Five Stars,got this case it was cheaper then the other option!,yes,0,5.0,https://www.amazon.ca/Cerama-Bryte-cleaner-cream-650ml/dp/B008RMU59O/ref=cm_cr_srp_d_product_top?ie=UTF8,2020-09-18 18:22:22.115593,2020-09-18 18:22:30.402703,Amazon Customer,Clothing & Accessories,B002G9UDYG
39,AHMQ34UF3JGI3XJGNRT4HOUL5PKA,"July 20, 2017",Five Stars,Oh yeah. For people who want to wear their Beretta hearts on their sleeves.,yes,One,5.0,https://www.amazon.ca/Beretta-Sleeve-Shooting-T-Shirt-X-Large/dp/B0080VBNRK/ref=cm_cr_srp_d_product_top?ie=UTF8,2020-09-18 18:22:40.494519,2020-09-18 18:22:46.782570,Amazon Customer,Clothing & Accessories,B002G9UDYG
40,AHMQ34UF3JGI3XJGNRT4HOUL5PKA,"July 20, 2017",Five Stars,Good,yes,0,5.0,https://www.amazon.ca/POWERTEC-110710-72-Inch-Aluminum-Sanding/dp/B0181SOCBA/ref=cm_cr_srp_d_product_top?ie=UTF8,2020-09-18 18:22:54.864385,2020-09-18 18:23:02.134190,Amazon Customer,Clothing & Accessories,B002G9UDYG
41,AHMQ34UF3JGI3XJGNRT4HOUL5PKA,"July 20, 2017",Five Stars,It works,yes,0,5.0,https://www.amazon.ca/POWERTEC-110700-72-Inch-Aluminum-Sanding/dp/B0068AUQDM/ref=cm_cr_srp_d_product_top?ie=UTF8,2020-09-18 18:23:10.226436,2020-09-18 18:23:19.488988,Amazon Customer,Clothing & Accessories,B002G9UDYG
42,AHMQ34UF3JGI3XJGNRT4HOUL5PKA,"July 20, 2017",Five Stars,The only mystery is why more people don't have this shirt!,yes,0,5.0,https://www.amazon.ca/T-Line-X-Files-T-Shirt-Charcoal-Heather/dp/B00P3KOG98/ref=cm_cr_srp_d_product_top?ie=UTF8,2020-09-18 18:23:27.579805,2020-09-18 18:23:36.876045,Amazon Customer,Clothing & Accessories,B002G9UDYG
43,AHMQ34UF3JGI3XJGNRT4HOUL5PKA,"July 20, 2017",Four Stars,I can't stand losing you. Applies to this shirt.,yes,0,4.0,https://www.amazon.ca/Police-Zanyatta-Graphic-T-Shirt-X-Large/dp/B015MJS7AS/ref=cm_cr_srp_d_product_top?ie=UTF8,2020-09-18 18:23:44.968148,2020-09-18 18:23:52.245693,Amazon Customer,Clothing & Accessories,B002G9UDYG
44,AHMQ34UF3JGI3XJGNRT4HOUL5PKA,"July 20, 2017",Case Cutlery 9726 Case Pocket Worn Peanut Pocket knife with Stainless Steel Blades Bermuda Green Bone,the knife looks nice and the fit and finish are great. i had to sharpen the blades right out of the box which is a bit of an annoyance for anyone who wants to use a knife. the smaller knife on the peanut is exceptionally annoying to sharpen but the main larger blade cleaned up real easy and is nice and sharp. Heavy for its size but i don't mind its nice to know its on you and didn't fall out of your pocket. The knife is quite small and the small texas toothpick might get the job done about the same for a lower cost. Would like to see the peanut with just the one single larger blade.,yes,0,4.0,https://www.amazon.ca/dp/B00180P1P0/ref=cm_cr_srp_d_product_top?ie=UTF8,2020-09-18 18:23:59.340327,2020-09-18 18:24:05.626551,Amazon Customer,Clothing & Accessories,B002G9UDYG
45,AHMQ34UF3JGI3XJGNRT4HOUL5PKA,"July 20, 2017",Five Stars,really cool shirt. thick material and you are getting what you pay for,yes,0,5.0,https://www.amazon.ca/Mountain-Mens-Woods-T-Shirt-X-Large/dp/B018YE7D94/ref=cm_cr_srp_d_product_top?ie=UTF8,2020-09-18 18:24:13.718943,2020-09-18 18:24:23.064006,Amazon Customer,Clothing & Accessories,B002G9UDYG
46,AHMQ34UF3JGI3XJGNRT4HOUL5PKA,"July 20, 2017",... light and breathable shirt for those hot days is sweet.,Really light and breathable shirt for those hot days is sweet.,yes,0,5.0,https://www.amazon.ca/Burton-Underhill-Sleeve-Phantom-X-Large/dp/B01NCPEO66/ref=cm_cr_srp_d_product_top?ie=UTF8,2020-09-18 18:24:30.155170,2020-09-18 18:24:37.422366,Amazon Customer,Clothing & Accessories,B002G9UDYG
47,AHMQ34UF3JGI3XJGNRT4HOUL5PKA,"July 20, 2017",Columbia River Knife and Tool (CRKT) 7460 BT-70 Folding Razor Edge,this is a big ol knife. Looks really unique. The blade was not sharp out of the box which is a negative for any knife. You will notice right away that thumb stud is really hard to get to. Its actually easier to just grab the end of the blade und pull the knife out. And for reference it is easier to use a nail knick then the thumb stud on this knife. You know what would make sense is a flipper stud or an emerson opener as there is lots of unused steel on spine of the blade. It is cool looking and probably the thickest grip on any folder i own including some of the larger cold steel knives width wise. Also not sure if it was intentional but the grind is not centered on this blade. I mean its still gonna work but for $96.76 i expect better quality control. The knife maker who came up with the design is great and i have no beef with Bob Terzuola but the quality control at the factory seems poor on this one. Coming from a customer who was very happy with the cheaper priced Fossil which is a great option i would suggest instead. Also the listed price now is 159.65 so if you are absolutely wanting this knife for the design like myself wait for a price drop.,yes,0,3.0,https://www.amazon.ca/dp/B00TACNTP2/ref=cm_cr_srp_d_product_top?ie=UTF8,2020-09-18 18:24:45.513613,2020-09-18 18:24:52.818611,Amazon Customer,Clothing & Accessories,B002G9UDYG
48,AHMQ34UF3JGI3XJGNRT4HOUL5PKA,"July 20, 2017",... for the materials but it is small and feels nice and heavy for a pen,its a bit expensive for the materials but it is small and feels nice and heavy for a pen. you can get ink refills which is a plus. doesn't look dangerous is a plus. great for anyone who needs a pen that isn't going to break from dropping.,yes,0,5.0,https://www.amazon.ca/Gerber-31-001880-Impromptu-Tactical-Black/dp/B00B0BD3W0/ref=cm_cr_srp_d_product_top?ie=UTF8,2020-09-18 18:25:01.908568,2020-09-18 18:25:09.202896,Amazon Customer,Clothing & Accessories,B002G9UDYG
49,AHMQ34UF3JGI3XJGNRT4HOUL5PKA,"June 24, 2017",Three Stars,Its ok has some songs and a chord list on the back of the book.,yes,0,3.0,https://www.amazon.ca/How-Play-Banjo-Complete-Beginner/dp/0882842013/ref=cm_cr_srp_d_product_top?ie=UTF8,2020-09-18 18:25:19.295691,2020-09-18 18:25:25.536784,Amazon Customer,Clothing & Accessories,B002G9UDYG
50,AHMQ34UF3JGI3XJGNRT4HOUL5PKA,"June 24, 2017",Five Stars,Got as a gift and they love it,yes,0,5.0,https://www.amazon.ca/Acme-KT50-Tackle-Little-Cleo/dp/B0010G8XVQ/ref=cm_cr_srp_d_product_top?ie=UTF8,2020-09-18 18:25:35.631050,2020-09-18 18:25:42.907617,Amazon Customer,Clothing & Accessories,B002G9UDYG
51,AHMQ34UF3JGI3XJGNRT4HOUL5PKA,"June 4, 2017",Seems like a solid knife,"Seems like a solid knife, and is my second in this series of which my first which was the resilience. the fit and finish is decent only noticed a bit of the blackening was rubbed off near the top of the handle, and the blade did not come to what is known to most people as factory sharp. Those are minor things though and that being said is a decent knife. Got it sharp and a lack of coating on the top of the steel liner won't stop the knife from functioning properly. I noticed some people knocking the spydercos made in china and i can honestly say that if you don't want to be spending a lot of money on spydies then support the chinese blades. In the sharpening department the 8cr13mov is really easy to get a solid edge compared to vg10 or zdp so don't be shy about buying a cheaper option.. Should also mention i use this knife in the kitchen quite a bit as well as a carry some of the time, and is pretty much a tiny chefs knife. Works great for mostly anything you might need to prep if you want a quick go to knife and don't want to go digging around for a kitchen knife. Haven't had any problems with rust so far. The pocket clip comes tip down which to some people is a problem but there is a 4 way option. Buy it!",yes,2,4.0,https://www.amazon.ca/dp/B007CK1MNU/ref=cm_cr_srp_d_product_top?ie=UTF8,2020-09-18 18:25:53.002662,2020-09-18 18:25:59.277021,Amazon Customer,Clothing & Accessories,B002G9UDYG
52,AHMQ34UF3JGI3XJGNRT4HOUL5PKA,"June 4, 2017",Four Stars,neat,yes,0,4.0,https://www.amazon.ca/Plant-Therapy-Certified-Frankincense-Therapeutic/dp/B01M3T1LJJ/ref=cm_cr_srp_d_product_top?ie=UTF8,2020-09-18 18:26:09.366773,2020-09-18 18:26:15.631103,Amazon Customer,Clothing & Accessories,B002G9UDYG
53,AHMQ34UF3JGI3XJGNRT4HOUL5PKA,"June 4, 2017",Five Stars,They are real and they work as they should,yes,0,5.0,https://www.amazon.ca/Flexible-Aluminum-Premium-Multipurpose-Assortment/dp/B01L9OJ7X6/ref=cm_cr_srp_d_product_top?ie=UTF8,2020-09-18 18:26:24.722219,2020-09-18 18:26:33.963489,Amazon Customer,Clothing & Accessories,B002G9UDYG
54,AHMQ34UF3JGI3XJGNRT4HOUL5PKA,"June 4, 2017",I like it. Adjustable grip which is what i needed,I like it. Adjustable grip which is what i needed. The squeeze versions were not strong enough to hold the strings on my guitar and would cause buzzing. This capo gets the job done. Nuff said.,yes,0,5.0,https://www.amazon.ca/Shubb-GU352BK-Black-Guitar-Capo/dp/B000EEHOHE/ref=cm_cr_srp_d_product_top?ie=UTF8,2020-09-18 18:26:41.050927,2020-09-18 18:26:48.313430,Amazon Customer,Clothing & Accessories,B002G9UDYG
55,AHMQ34UF3JGI3XJGNRT4HOUL5PKA,"May 30, 2017",This knife is so sweet. Really great feel and look,"This knife is so sweet. Really great feel and look. Used this knife to baton wood and really hammered the spine of the blade. Held up quite well considering the beating i put it through. Keep in mind you can still mess up your blade so don't get too hardcore. The black coating on the newer cold steel knives seems to hold up much better then the old school paint coating on the aus8a models. The g10 handles are grippalicious and to be honest i don't use the pocket clip on any of my cold steel knives as they are terrible. Other then that the blade shape is really handy the knife is bang on sharp, and after abusing the knife all day i ran it on the sharp maker really quick and seemed to get an edge back quite quickly. Its a larger carry option but great for if you need something around the yard or if you are hiking. Its nice to know you can have a folder that you can baton with in a pinch.",yes,0,4.0,https://www.amazon.ca/dp/B00U1IAVFA/ref=cm_cr_srp_d_product_top?ie=UTF8,2020-09-18 18:26:55.399315,2020-09-18 18:27:01.691725,Amazon Customer,Clothing & Accessories,B002G9UDYG
56,AHMQ34UF3JGI3XJGNRT4HOUL5PKA,"May 30, 2017",Three Stars,it works,yes,0,3.0,https://www.amazon.ca/BQLZR-Guitar-Fretwire-Acoustic-Cupronickel/dp/B00EQ25A4Y/ref=cm_cr_srp_d_product_top?ie=UTF8,2020-09-18 18:27:10.781117,2020-09-18 18:27:19.050744,Amazon Customer,Clothing & Accessories,B002G9UDYG
57,AHMQ34UF3JGI3XJGNRT4HOUL5PKA,"May 30, 2017",Three Stars,lots o wire,yes,0,3.0,https://www.amazon.ca/BQLZR-Cupronickel-Fretwire-Mandolin-Guitar/dp/B00EQ259P4/ref=cm_cr_srp_d_product_top?ie=UTF8,2020-09-18 18:27:26.132772,2020-09-18 18:27:33.397209,Amazon Customer,Clothing & Accessories,B002G9UDYG
58,AHMQ34UF3JGI3XJGNRT4HOUL5PKA,"May 30, 2017",Five Stars,Is liked,yes,0,5.0,https://www.amazon.ca/Northpoint-Cashmere-Velvet-Reverse-Charcoal/dp/B00HSE3DBY/ref=cm_cr_srp_d_product_top?ie=UTF8,2020-09-18 18:27:42.493334,2020-09-18 18:27:50.811685,Amazon Customer,Clothing & Accessories,B002G9UDYG
59,AHMQ34UF3JGI3XJGNRT4HOUL5PKA,"May 3, 2017",Three Stars,They are OK!,yes,0,3.0,https://www.amazon.ca/ELAN-Organic-Goji-Berries-Gram/dp/B00WM6BQU8/ref=cm_cr_srp_d_product_top?ie=UTF8,2020-09-18 18:28:00.905156,2020-09-18 18:28:08.157035,Amazon Customer,Clothing & Accessories,B002G9UDYG
60,AHMQ34UF3JGI3XJGNRT4HOUL5PKA,"May 3, 2017",Three Stars,they spin!,yes,0,3.0,https://www.amazon.ca/Moonguiding-Performance-Scooter-Skateboard-Bearings/dp/B01GV0QHRW/ref=cm_cr_srp_d_product_top?ie=UTF8,2020-09-18 18:28:15.248970,2020-09-18 18:28:23.504581,Amazon Customer,Clothing & Accessories,B002G9UDYG
61,AHMQ34UF3JGI3XJGNRT4HOUL5PKA,"April 13, 2017",Three Stars,you can drink it!,yes,One,3.0,https://www.amazon.ca/Lush-Ethical-Bean-Coffee-Certified/dp/B0047P6IJG/ref=cm_cr_srp_d_product_top?ie=UTF8,2020-09-18 18:28:33.596488,2020-09-18 18:28:40.915319,Amazon Customer,Clothing & Accessories,B002G9UDYG
62,AHMQ34UF3JGI3XJGNRT4HOUL5PKA,"April 13, 2017",more sweet then,not that sour. more sweet then anything,yes,0,3.0,https://www.amazon.ca/Yupik-Cherry-Sours-1Kg/dp/B00NATYW8E/ref=cm_cr_srp_d_product_top?ie=UTF8,2020-09-18 18:28:50.010364,2020-09-18 18:28:57.275330,Amazon Customer,Clothing & Accessories,B002G9UDYG
63,AHMQ34UF3JGI3XJGNRT4HOUL5PKA,"April 13, 2017",Really cool knife and quite handy,Really cool knife and quite handy. For those people looking for a really thin and light knife that is more then capable this is the one. Its a shame that the photos don't do it justice.,yes,0,5.0,https://www.amazon.ca/dp/B001CZHTKG/ref=cm_cr_srp_d_product_top?ie=UTF8,2020-09-18 18:29:06.365916,2020-09-18 18:29:14.611584,Amazon Customer,Clothing & Accessories,B002G9UDYG
64,AHMQ34UF3JGI3XJGNRT4HOUL5PKA,"April 13, 2017",Five Stars,got it as a gift they love the old style,yes,0,5.0,https://www.amazon.ca/dp/B000UV4NUW/ref=cm_cr_srp_d_product_top?ie=UTF8,2020-09-18 18:29:24.699216,2020-09-18 18:29:31.962331,Amazon Customer,Clothing & Accessories,B002G9UDYG
65,AHMQ34UF3JGI3XJGNRT4HOUL5PKA,"April 13, 2017",Three Stars,pretty good but not half as good as aussie licorice,yes,0,3.0,https://www.amazon.ca/Panda-Raspberry-Licorice-170gm/dp/B00T3FPZNU/ref=cm_cr_srp_d_product_top?ie=UTF8,2020-09-18 18:29:40.067246,2020-09-18 18:29:46.388909,Amazon Customer,Clothing & Accessories,B002G9UDYG
66,AHMQ34UF3JGI3XJGNRT4HOUL5PKA,"April 13, 2017",Three Stars,for the amount you get its a pretty good deal but not the best bbq flavour,yes,0,3.0,https://www.amazon.ca/Yupik-Bbq-Peanuts-1Kg/dp/B00N75OS2G/ref=cm_cr_srp_d_product_top?ie=UTF8,2020-09-18 18:29:53.481505,2020-09-18 18:30:01.732720,Amazon Customer,Clothing & Accessories,B002G9UDYG
67,AHMQ34UF3JGI3XJGNRT4HOUL5PKA,"March 22, 2017",Four Stars,nice,yes,0,4.0,https://www.amazon.ca/Canadian-Organic-Mould-Coffee-Ground/dp/B00LJVMNJK/ref=cm_cr_srp_d_product_top?ie=UTF8,2020-09-18 18:30:09.824909,2020-09-18 18:30:19.125021,Amazon Customer,Clothing & Accessories,B002G9UDYG
68,AHMQ34UF3JGI3XJGNRT4HOUL5PKA,"March 22, 2017",Seems fairly functional and could probably double as a money ...,Seems fairly functional and could probably double as a money clip. Although the knife is quite small it weighs a lot for its size. Personally i would suggest spending an extra few bucks on a dragonfly 2.,yes,0,3.0,https://www.amazon.ca/dp/B0016CT8HM/ref=cm_cr_srp_d_product_top?ie=UTF8,2020-09-18 18:30:26.217722,2020-09-18 18:30:32.514278,Amazon Customer,Clothing & Accessories,B002G9UDYG
69,AHMQ34UF3JGI3XJGNRT4HOUL5PKA,"March 22, 2017",This thing is super small but the blade seems to be useful still,This thing is super small but the blade seems to be useful still. The knife weighs next to nothing and is very non threatening. I don't think anyone would confuse this knife with a weapon.,yes,0,5.0,https://www.amazon.ca/4004621-Spyderco-Ladybug3-British-Zdp-189/dp/B004YLAO7A/ref=cm_cr_srp_d_product_top?ie=UTF8,2020-09-18 18:30:42.603599,2020-09-18 18:30:50.849753,Amazon Customer,Clothing & Accessories,B002G9UDYG
70,AHMQ34UF3JGI3XJGNRT4HOUL5PKA,"March 4, 2017",Four Stars,they turn!,yes,0,4.0,https://www.amazon.ca/dp/B01G8KT99I/ref=cm_cr_srp_d_product_top?ie=UTF8,2020-09-18 18:30:57.941260,2020-09-18 18:31:05.214912,Amazon Customer,Clothing & Accessories,B002G9UDYG
71,AHMQ34UF3JGI3XJGNRT4HOUL5PKA,"February 24, 2017",Four Stars,Sweet deal really nice texture and colour.,yes,0,4.0,https://www.amazon.ca/Hogue-HO22210-Rubber-Overmolded-Stock/dp/B001MCCPFI/ref=cm_cr_srp_d_product_top?ie=UTF8,2020-09-18 18:31:12.305247,2020-09-18 18:31:19.567380,Amazon Customer,Clothing & Accessories,B002G9UDYG
72,AHMQ34UF3JGI3XJGNRT4HOUL5PKA,"February 24, 2017",nice weight without being too heavy in the pocket,"decent size, nice weight without being too heavy in the pocket. The knife is nice n sharp, and the blade lockup gives a satisfying snap sound when you flip it open. The pocket clip is really really tight. Maybe too tight. Really nice and slim.",yes,0,5.0,https://www.amazon.ca/dp/B00U1IAK3I/ref=cm_cr_srp_d_product_top?ie=UTF8,2020-09-18 18:31:28.668274,2020-09-18 18:31:37.914879,Amazon Customer,Clothing & Accessories,B002G9UDYG
73,AHMQ34UF3JGI3XJGNRT4HOUL5PKA,"February 19, 2017",Four Stars,they are slinky!,no,0,4.0,https://www.amazon.ca/Ernie-Ball-Super-Slinky-Nickel/dp/B0002M6CW6/ref=cm_cr_srp_d_product_top?ie=UTF8,2020-09-18 18:31:46.005871,2020-09-18 18:31:52.289086,Amazon Customer,Clothing & Accessories,B002G9UDYG
74,AHMQ34UF3JGI3XJGNRT4HOUL5PKA,"February 19, 2017",but i find it is not as good of a feel as a good ol logitech,"its mouse that works, but i find it is not as good of a feel as a good ol logitech. Has almost no weight to it and the sensitivity settings are really big jumps even though there are many. That being said it gets the job done is really cost efficient.",yes,2,3.0,https://www.amazon.ca/Programmable-PICTEK-Computer-Customized-Breathing/dp/B01G8W30BY/ref=cm_cr_srp_d_product_top?ie=UTF8,2020-09-18 18:32:00.379936,2020-09-18 18:32:07.638602,Amazon Customer,Clothing & Accessories,B002G9UDYG
75,AHMQ34UF3JGI3XJGNRT4HOUL5PKA,"February 19, 2017",Five Stars,Sweet guitar made for rock n roll.,yes,0,5.0,https://www.amazon.ca/Gibson-Junior-Single-Heritage-Electric/dp/B00NAVTLGU/ref=cm_cr_srp_d_product_top?ie=UTF8,2020-09-18 18:32:16.729757,2020-09-18 18:32:24.038140,Amazon Customer,Clothing & Accessories,B002G9UDYG
76,AHMQ34UF3JGI3XJGNRT4HOUL5PKA,"February 19, 2017",Four Stars,nice and smooth,yes,0,4.0,https://www.amazon.ca/Bean-Coffee-Company-Espresso-16-Ounce/dp/B00MW63Q38/ref=cm_cr_srp_d_product_top?ie=UTF8,2020-09-18 18:32:34.130104,2020-09-18 18:32:41.374793,Amazon Customer,Clothing & Accessories,B002G9UDYG
77,AHMQ34UF3JGI3XJGNRT4HOUL5PKA,"February 14, 2017",I like the overall design of the knife more then most ...,"Victorinox paring knives are well known to cooks all over, and they are all over the place. I like the overall design of the knife more then most but i really wish they would give us some steel options as most people know these things get dull real fast and they are not fun to sharpen. Other then that i really like the 4 inch version and is great for doing some fine work of some garnishes.",yes,0,3.0,https://www.amazon.ca/Victorinox-Swiss-Classic-4-Inch-Paring/dp/B005LRYE36/ref=cm_cr_srp_d_product_top?ie=UTF8,2020-09-18 18:32:48.471659,2020-09-18 18:32:54.745418,Amazon Customer,Clothing & Accessories,B002G9UDYG
78,AHMQ34UF3JGI3XJGNRT4HOUL5PKA,"February 14, 2017",Its a pretty big Toque,"Its a pretty big Toque. I like it though. Wore it all winter and there is a hole in it already, so the product doesn't scream quality but it did the job and was inexpensive. As the age old saying goes. You get what you pay for.",yes,One,3.0,https://www.amazon.ca/Beechfield-Unisex-Chunky-Ribbed-Winter/dp/B00XDM4OVI/ref=cm_cr_srp_d_product_top?ie=UTF8,2020-09-18 18:33:04.838534,2020-09-18 18:33:12.091606,Amazon Customer,Clothing & Accessories,B002G9UDYG
79,AHMQ34UF3JGI3XJGNRT4HOUL5PKA,"February 14, 2017",4002498 Spyderco Dragonfly2 Yellow FRN H-1 SpyderEdge Knife.,"A really sweet spyderco knife. Small, fast, light, and sharp oh man. Love the spydie serrations. Destroys cardboard, and disintegrated some shrink wrap with ease. Also don't have to worry about rust with these H1 suckers. Have a pacific salt in h1 used it to cut down dried out raspberry bushes. Those things are pretty tough. The steel is strong enough that not one of the serrations was bent in any way. This steel is rugged guys.",yes,0,5.0,https://www.amazon.ca/dp/B00507AJI6/ref=cm_cr_srp_d_product_top?ie=UTF8,2020-09-18 18:33:19.182284,2020-09-18 18:33:28.453549,Amazon Customer,Clothing & Accessories,B002G9UDYG
80,AHMQ34UF3JGI3XJGNRT4HOUL5PKA,"February 14, 2017",Four Stars,A beast of a knife.,yes,0,4.0,https://www.amazon.ca/Shun-Premier-2-Inch-Slicing-Silver/dp/B003BVJVR8/ref=cm_cr_srp_d_product_top?ie=UTF8,2020-09-18 18:33:35.546194,2020-09-18 18:33:44.815339,Amazon Customer,Clothing & Accessories,B002G9UDYG
81,AHMQ34UF3JGI3XJGNRT4HOUL5PKA,"February 14, 2017",Four Stars,Got this as a gift and they loved it!,yes,0,4.0,https://www.amazon.ca/dp/B010RDSNGC/ref=cm_cr_srp_d_product_top?ie=UTF8,2020-09-18 18:33:52.906470,2020-09-18 18:34:00.152212,Amazon Customer,Clothing & Accessories,B002G9UDYG
82,AHMQ34UF3JGI3XJGNRT4HOUL5PKA,"February 14, 2017",Four Stars,nice,yes,0,4.0,https://www.amazon.ca/Monoprice-Braided-Cloth-20AWG-Instrument/dp/B00IACISEA/ref=cm_cr_srp_d_product_top?ie=UTF8,2020-09-18 18:34:08.241737,2020-09-18 18:34:15.497628,Amazon Customer,Clothing & Accessories,B002G9UDYG
83,AHMQ34UF3JGI3XJGNRT4HOUL5PKA,"February 14, 2017",Four Stars,decent picks that are stiff but have some give,no,0,4.0,https://www.amazon.ca/Fender-Classic-Medium-Celluloid-Turquoise/dp/B005SUVENO/ref=cm_cr_srp_d_product_top?ie=UTF8,2020-09-18 18:34:24.589389,2020-09-18 18:34:32.834922,Amazon Customer,Clothing & Accessories,B002G9UDYG
84,AHMQ34UF3JGI3XJGNRT4HOUL5PKA,"February 9, 2017",Byrd Crossbill Stainless Plain Edge Knife,A knife that looks real mean. It is a functional utility use knife though. I wish the byrd knives came with g10 handles not a huge fan of the stainless and would also love to see more spyderco and byrd products blacked out. I find they really do a good job with blacking all the inner workings which is nice for rust resistance.,yes,0,3.0,https://www.amazon.ca/dp/B001AXFVSM/ref=cm_cr_srp_d_product_top?ie=UTF8,2020-09-18 18:34:41.928129,2020-09-18 18:34:49.195166,Amazon Customer,Clothing & Accessories,B002G9UDYG
85,AHMQ34UF3JGI3XJGNRT4HOUL5PKA,"February 9, 2017",For all the custom stuff this knife features seems like a decent price point,This knife is a work of art as well as a functional tool for light use. Don't own many crkt products but couldnt resist this one. For all the custom stuff this knife features seems like a decent price point.,yes,0,5.0,https://www.amazon.ca/dp/B00TACNR6S/ref=cm_cr_srp_d_product_top?ie=UTF8,2020-09-18 18:34:56.286298,2020-09-18 18:35:02.540974,Amazon Customer,Clothing & Accessories,B002G9UDYG
86,AHMQ34UF3JGI3XJGNRT4HOUL5PKA,"February 9, 2017",Five Stars,bought as a gift and they loved it,yes,0,5.0,https://www.amazon.ca/dp/B000JCQKHG/ref=cm_cr_srp_d_product_top?ie=UTF8,2020-09-18 18:35:12.629654,2020-09-18 18:35:18.918531,Amazon Customer,Clothing & Accessories,B002G9UDYG
87,AHMQ34UF3JGI3XJGNRT4HOUL5PKA,"February 9, 2017",Five Stars,great for tea,yes,0,5.0,https://www.amazon.ca/Tao-Canadian-Mushroom-Inonotus-obliquus/dp/B01GNBESHK/ref=cm_cr_srp_d_product_top?ie=UTF8,2020-09-18 18:35:29.010167,2020-09-18 18:35:36.281384,Amazon Customer,Clothing & Accessories,B002G9UDYG
88,AHMQ34UF3JGI3XJGNRT4HOUL5PKA,"February 9, 2017",Four Stars,nice tea,yes,0,4.0,https://www.amazon.ca/Tao-Tea-Leaf-Blueberry-Premium/dp/B014ZJ9GVU/ref=cm_cr_srp_d_product_top?ie=UTF8,2020-09-18 18:35:43.378950,2020-09-18 18:35:49.681957,Amazon Customer,Clothing & Accessories,B002G9UDYG
89,AHMQ34UF3JGI3XJGNRT4HOUL5PKA,"September 8, 2016",This ram is great had no problems with the functioning of it,This ram is great had no problems with the functioning of it. Got her plugged in and like most times when you install some ram it takes a little bit to get integrated into the board. So choppy loading up the first time till it gets settled in and then bam you running at ludicrous speed! Will probably get more of the same in the future. Really big RAM which i think makes it pretty cool looking. its mostly the size of the heat syncs. Only problem i have is i got the pair for around $98 and now several months later i go to buy a few more sticks and they are like $50 more.,yes,0,4.0,https://www.amazon.ca/Corsair-Vengeance-2x8GB-19200-Desktop/dp/B00EUPV2RQ/ref=cm_cr_srp_d_product_top?ie=UTF8,2020-09-18 18:35:58.773977,2020-09-18 18:36:06.044817,Amazon Customer,Clothing & Accessories,B002G9UDYG
90,AHMQ34UF3JGI3XJGNRT4HOUL5PKA,"September 8, 2016",Four Stars,its salt!,yes,One,4.0,https://www.amazon.ca/Yupik-Himalayan-Fine-Pink-Salt/dp/B00N75R7WY/ref=cm_cr_srp_d_product_top?ie=UTF8,2020-09-18 18:36:15.134206,2020-09-18 18:36:21.409504,Amazon Customer,Clothing & Accessories,B002G9UDYG
91,AHMQ34UF3JGI3XJGNRT4HOUL5PKA,"September 8, 2016",A sweet little light knife,"A sweet little light knife. Easy to carry, don't have to worry about it getting wet and has some mean serrations for most tasks.",yes,0,5.0,https://www.amazon.ca/dp/B000BSY9IA/ref=cm_cr_srp_d_product_top?ie=UTF8,2020-09-18 18:36:28.503752,2020-09-18 18:36:35.813257,Amazon Customer,Clothing & Accessories,B002G9UDYG
92,AHMQ34UF3JGI3XJGNRT4HOUL5PKA,"September 8, 2016",Three Stars,not too shabby,yes,0,3.0,https://www.amazon.ca/North-Hatley-Maple-Plastic-Bottle/dp/B00H8RXZY6/ref=cm_cr_srp_d_product_top?ie=UTF8,2020-09-18 18:36:44.903648,2020-09-18 18:36:52.167769,Amazon Customer,Clothing & Accessories,B002G9UDYG
93,AHMQ34UF3JGI3XJGNRT4HOUL5PKA,"September 8, 2016",Five Stars,Was looking for that dark flavour cause its not real common here. Delivered what i was looking for,yes,0,5.0,https://www.amazon.ca/FERME-VIFRANC-Triple-Organic-Canada/dp/B00OTR8NRM/ref=cm_cr_srp_d_product_top?ie=UTF8,2020-09-18 18:36:59.259174,2020-09-18 18:37:08.568055,Amazon Customer,Clothing & Accessories,B002G9UDYG
94,AHMQ34UF3JGI3XJGNRT4HOUL5PKA,"August 10, 2016",Not a bad overall knife,"Not a bad overall knife. If you are worried about weight the i would recommend the Fiberglass Reinforced Nylon version as this one has some heft. The handle itself though seems to me much thinner then the FRN handle. Has a finger choil! Also has the jimping on the top of the knife near the handle and where the choil is like on the Paramilitary 2, but not as agressive. The entire knife has been blackened which i like alot even on the inside of the handle. Although i dont think the coating is as durable as on the PM2, thats what you get with this cheaper line of spydies so im not upset about it. Solid knife for the price, and again if you are worried about the weight i think there is the G10 handle with skelotonized liners and FRN versions. The knife opening is really tight on this knife and requires some working in. I had a hard time opening it with one hand right out of the box, but the knife locks up solid and really isnt a problem for me. Its a really cool knife considering its basically a cost efficient endura4. I would love to see the next endura series with the choil and choil jimping. Some people don't like the chisel grind but i prefer it with the serrations. I have a boker with serrations where the blade part is not chisel and it makes it really annoying to sharpen. Its actually better if the whole blade is chisel.",yes,0,4.0,https://www.amazon.ca/Spyderco-Black-Stainless-Steel-ComboEdge/dp/B004U6OC2W/ref=cm_cr_srp_d_product_top?ie=UTF8,2020-09-18 18:37:15.658824,2020-09-18 18:37:21.933152,Amazon Customer,Clothing & Accessories,B002G9UDYG
95,AHMQ34UF3JGI3XJGNRT4HOUL5PKA,"August 4, 2016",... into the wave feature but the knife itself is easy to sharpen,"im not sure I'm into the wave feature but the knife itself is easy to sharpen, and quite small. The pocket clip is really super tight which means i was just carrying right in my pocket. Although the knife is quite small it probably weighs about as much as a rat model 1. Grips are medium aggression g10 and the knife functions about as well as you would expect for the low price point. Not really sharp out of the box but has an edge. The steel is 8cr 13mov which most people will recognize as a mid grade steel. Really a actual treat how quick it sharpens up.",yes,0,4.0,https://www.amazon.ca/dp/B00I0S1BFW/ref=cm_cr_srp_d_product_top?ie=UTF8,2020-09-18 18:37:32.026639,2020-09-18 18:37:38.271606,Amazon Customer,Clothing & Accessories,B002G9UDYG
96,AHMQ34UF3JGI3XJGNRT4HOUL5PKA,"August 4, 2016",Ontario 8848 RAT Folding Knife (Black),a decent knife for a great price,yes,0,4.0,https://www.amazon.ca/dp/B0013ASG3E/ref=cm_cr_srp_d_product_top?ie=UTF8,2020-09-18 18:37:46.362652,2020-09-18 18:37:54.631905,Amazon Customer,Clothing & Accessories,B002G9UDYG
97,AHMQ34UF3JGI3XJGNRT4HOUL5PKA,"August 4, 2016",Four Stars,not too bad,yes,0,4.0,https://www.amazon.ca/Zippo-Orange-Matte-Pocket-Lighter/dp/B00063T0CA/ref=cm_cr_srp_d_product_top?ie=UTF8,2020-09-18 18:38:02.719666,2020-09-18 18:38:10.985301,Amazon Customer,Clothing & Accessories,B002G9UDYG
98,AHMQ34UF3JGI3XJGNRT4HOUL5PKA,"August 4, 2016",Five Stars,grippy,yes,0,5.0,https://www.amazon.ca/Spectrum-18510-Bubble-Coasters-Black/dp/B003MQ5R7K/ref=cm_cr_srp_d_product_top?ie=UTF8,2020-09-18 18:38:21.080573,2020-09-18 18:38:29.378427,Amazon Customer,Clothing & Accessories,B002G9UDYG
99,AHMQ34UF3JGI3XJGNRT4HOUL5PKA,"August 4, 2016",Five Stars,yes,yes,0,5.0,https://www.amazon.ca/Curt-Manufacturing-55542-CURT-T-Connector/dp/B0009I2OL6/ref=cm_cr_srp_d_product_top?ie=UTF8,2020-09-18 18:38:37.465482,2020-09-18 18:38:45.722835,Amazon Customer,Clothing & Accessories,B002G9UDYG
100,AHMQ34UF3JGI3XJGNRT4HOUL5PKA,"August 4, 2016",This knife is quite nice. Great for slicing down cardboard boxes,"This knife is quite nice. Great for slicing down cardboard boxes. Not insanely sharp outta the box but gave it a run on some stones and it seems to be ok. Nice thing about this knife is people more then likely won't freak out if you whip this sucker out . A nice non threatening tool for small tasks. A small note is the black protective coating comes off really easy but is not a deal breaker for me, although some people may not like that .",yes,0,4.0,https://www.amazon.ca/dp/B006YBW8BI/ref=cm_cr_srp_d_product_top?ie=UTF8,2020-09-18 18:38:55.810882,2020-09-18 18:39:03.086643,Amazon Customer,Clothing & Accessories,B002G9UDYG
101,AHMQ34UF3JGI3XJGNRT4HOUL5PKA,"August 4, 2016",Five Stars,easy to install. Great!,yes,0,5.0,https://www.amazon.ca/CURT-11265-Class-Trailer-Hitch/dp/B00FRJH3XG/ref=cm_cr_srp_d_product_top?ie=UTF8,2020-09-18 18:39:11.178130,2020-09-18 18:39:18.453987,Amazon Customer,Clothing & Accessories,B002G9UDYG
102,AHMQ34UF3JGI3XJGNRT4HOUL5PKA,"August 4, 2016",Five Stars,Fits easy and is grippy,yes,0,5.0,https://www.amazon.ca/Grips-113G-Generation-Backstrap-Granulate/dp/B00TY7YPRY/ref=cm_cr_srp_d_product_top?ie=UTF8,2020-09-18 18:39:25.546527,2020-09-18 18:39:32.812910,Amazon Customer,Clothing & Accessories,B002G9UDYG
103,AHMQ34UF3JGI3XJGNRT4HOUL5PKA,"August 4, 2016",Five Stars,Got it as a gift and they seem to be holding up well,yes,0,5.0,https://www.amazon.ca/Culver-Ceramic-14-Ounce-Black-Green/dp/B00KM2OY4O/ref=cm_cr_srp_d_product_top?ie=UTF8,2020-09-18 18:39:40.905171,2020-09-18 18:39:47.157219,Amazon Customer,Clothing & Accessories,B002G9UDYG
104,AHMQ34UF3JGI3XJGNRT4HOUL5PKA,"August 4, 2016",Tri-Angle Sharpmaker Knife Sharpener 204MF.,Its a nice little sharpener but keep in mind the stones are quite fine and if you have a knife with pretty well no edge you might not get it back with this setup. Works really well for pocket folders which is what i mainly use it for and have done a few Kitchen knives. Works great for small paring knives as well. Easy to clean and maintain. I would not recommend not doing more then 2 or 3 knives at a time before having to clean the stones.,yes,0,4.0,https://www.amazon.ca/Spyderco-Tri-Angle-Sharpmaker-Sharpener-204MF/dp/B000Q9C4AE/ref=cm_cr_srp_d_product_top?ie=UTF8,2020-09-18 18:39:57.246060,2020-09-18 18:40:04.503698,Amazon Customer,Clothing & Accessories,B002G9UDYG
105,AHMQ34UF3JGI3XJGNRT4HOUL5PKA,"August 4, 2016",... it as a gift for a friend and they love,Got it as a gift for a friend and they love it,yes,0,5.0,https://www.amazon.ca/Doctor-Who-Oz-Ceramic-Mug/dp/B00MEHBAL0/ref=cm_cr_srp_d_product_top?ie=UTF8,2020-09-18 18:40:13.592679,2020-09-18 18:40:21.881573,Amazon Customer,Clothing & Accessories,B002G9UDYG
106,AHMQ34UF3JGI3XJGNRT4HOUL5PKA,"April 23, 2016",Spyderco Manix2 FRN Translucent Blue Plainedge C101PBL2,"Probably the lightest knife you will ever own. Its so light you can forget you have it on you. If you own other spyderco knives the first thing you will think is man this does not feel as durable as the Resilience, or the paramilitary 2. Don't let this fool you, carry this thing around for a day or 2 and you are going to notice right away that it will be able to preform the tasks you need. The pocket clip is pretty much perfect not too tight. Considering most people arent going to be out in the woods with this knife batoning wood it should be almost perfect for every day tasks.",yes,3,5.0,https://www.amazon.ca/dp/B0051HLOV6/ref=cm_cr_srp_d_product_top?ie=UTF8,2020-09-18 18:40:28.973966,2020-09-18 18:40:35.286554,Amazon Customer,Clothing & Accessories,B002G9UDYG
107,AHMQ34UF3JGI3XJGNRT4HOUL5PKA,"April 23, 2016",Four Stars,easy to read,yes,2,4.0,https://www.amazon.ca/Side-Column-Reference-Bible-NASB-Foundation-Publications/dp/1581351585/ref=cm_cr_srp_d_product_top?ie=UTF8,2020-09-18 18:40:42.383024,2020-09-18 18:40:48.672389,Amazon Customer,Clothing & Accessories,B002G9UDYG
108,AHMQ34UF3JGI3XJGNRT4HOUL5PKA,"April 23, 2016",Five Stars,Nice quality,yes,0,5.0,https://www.amazon.ca/Sterling-Humming-Swarovski-Elements-Necklace/dp/B00CFI5K1E/ref=cm_cr_srp_d_product_top?ie=UTF8,2020-09-18 18:40:56.764538,2020-09-18 18:41:03.014972,Amazon Customer,Clothing & Accessories,B002G9UDYG
109,AHMQ34UF3JGI3XJGNRT4HOUL5PKA,"April 15, 2016",Five Stars,A knife so awesome it should have its own one liner,yes,One,5.0,https://www.amazon.ca/Shun-DM0766-Classic-8-Inch-Western/dp/B004M3ZF2Y/ref=cm_cr_srp_d_product_top?ie=UTF8,2020-09-18 18:41:12.107212,2020-09-18 18:41:18.399333,Amazon Customer,Clothing & Accessories,B002G9UDYG
110,AHMQ34UF3JGI3XJGNRT4HOUL5PKA,"March 9, 2016",Five Stars,Nice stone,yes,0,5.0,https://www.amazon.ca/Woodstock-D1130-Japanese-Waterstone-1000/dp/B0000DD2C9/ref=cm_cr_srp_d_product_top?ie=UTF8,2020-09-18 18:41:25.494944,2020-09-18 18:41:32.750893,Amazon Customer,Clothing & Accessories,B002G9UDYG
111,AHMQ34UF3JGI3XJGNRT4HOUL5PKA,"March 9, 2016",Five Stars,Simple and sturdy,yes,0,5.0,https://www.amazon.ca/Ruger-Picatinny-Mount-Scopes-Optics/dp/B00ME813MA/ref=cm_cr_srp_d_product_top?ie=UTF8,2020-09-18 18:41:40.844890,2020-09-18 18:41:47.156736,Amazon Customer,Clothing & Accessories,B002G9UDYG
112,AHMQ34UF3JGI3XJGNRT4HOUL5PKA,"March 9, 2016",Just recieved this sight in the mail. The sight ...,Gets it done!,yes,0,3.0,https://www.amazon.ca/NcStar-Reflex-Different-Reticles-D4S/dp/B000SL4JVW/ref=cm_cr_srp_d_product_top?ie=UTF8,2020-09-18 18:41:57.247730,2020-09-18 18:42:05.509070,Amazon Customer,Clothing & Accessories,B002G9UDYG
113,AHMQ34UF3JGI3XJGNRT4HOUL5PKA,"February 27, 2016",Five Stars,Don't like the factory grips? These are grips you are looking for.,yes,0,5.0,https://www.amazon.ca/Hogue-Magnum-Research-Eagle-Jericho/dp/B0002ILQGM/ref=cm_cr_srp_d_product_top?ie=UTF8,2020-09-18 18:42:14.600666,2020-09-18 18:42:21.843696,Amazon Customer,Clothing & Accessories,B002G9UDYG
