,author_id,date_review_posted,review_title,reviews,verified_purchase,people_find_helpful,ratings,product_url,start,end,reviewer_name,product_category,product_id
0,AHMUKDDO267DZRGWNOJW46WVDNKQ,"September 15, 2020",Love these! So comfortable,"I’m 10.5 but sometimes it fluctuates depending on brands. These fit perfectly. Love the comfort, I actually almost forgot I was wearing them and almost walked to work in them. 😂😂",yes,0,5.0,https://www.amazon.ca/RockDove-Original-Two-Tone-Memory-Slipper/dp/B07LCHVVZ8/ref=cm_cr_srp_d_product_top?ie=UTF8,2020-09-18 16:12:34.704069,2020-09-18 16:12:42.011342,garret thompson,Clothing & Accessories,B002G9UDYG
1,AHMUKDDO267DZRGWNOJW46WVDNKQ,"September 15, 2020",Love it!,"Great toque, got the black and it’s going to be perfect for Canadian Winter lol",yes,0,4.0,https://www.amazon.ca/Carhartt-Acrylic-Watch-Black-Size/dp/B002G9UDYG/ref=cm_cr_srp_d_product_top?ie=UTF8,2020-09-18 16:12:50.102777,2020-09-18 16:12:56.395662,garret thompson,Clothing & Accessories,B002G9UDYG
2,AHMUKDDO267DZRGWNOJW46WVDNKQ,"September 15, 2020",Awesome watch!,"Great smart watch, battery life is amazing! I’ve only charged it once and that was 2 days ago and only at 75%. Tracks sleeping pretty well. But if you are like me who takes a while to actually hop out of bed, it will track that as your sleeping. But other than that, worth the price and great watch!",yes,0,5.0,https://www.amazon.ca/Fullmosa-Pressure-Waterproof-Pedometer-Notification/dp/B0876S9K1K/ref=cm_cr_srp_d_product_top?ie=UTF8,2020-09-18 16:13:06.487612,2020-09-18 16:13:15.785891,garret thompson,Clothing & Accessories,B002G9UDYG
3,AHMUKDDO267DZRGWNOJW46WVDNKQ,"September 13, 2020",Great beard kit!,"I have recently at the age of 31 finally been able to grow some facial hair and decided to get a kit to help in grow fuller and better. This kit is THE ONE! Literally has everything you need to grow and maintain. The boar bristle brush is awesome, the shampoo, and beard oil make my skin and hair nice and soft. Absolutely will re-order when I run out lol",yes,0,5.0,https://www.amazon.ca/Grooming-Shampoo-Mustache-Scissors-Trimming/dp/B07N4JBKZM/ref=cm_cr_srp_d_product_top?ie=UTF8,2020-09-18 16:13:22.875696,2020-09-18 16:13:32.150351,garret thompson,Clothing & Accessories,B002G9UDYG
4,AHMUKDDO267DZRGWNOJW46WVDNKQ,"September 7, 2020",Good novel,Bought this for an anthropology course this fall. Good condition and great read so far,yes,0,5.0,https://www.amazon.ca/Renegade-Dreams-through-Gangland-Chicago/dp/022603271X/ref=cm_cr_srp_d_product_top?ie=UTF8,2020-09-18 16:13:39.238941,2020-09-18 16:13:47.571513,garret thompson,Clothing & Accessories,B002G9UDYG
5,AHMUKDDO267DZRGWNOJW46WVDNKQ,"September 5, 2020",Great teen horror movie,Case was a little flimsy. But the DVD was still good condition and the movie is excellent. Plan on watching it again for the 4th time lol,yes,0,4.0,https://www.amazon.ca/Scary-Stories-Tell-Dark-Bilingual/dp/B07Y98NFSP/ref=cm_cr_srp_d_product_top?ie=UTF8,2020-09-18 16:13:56.662233,2020-09-18 16:14:02.937164,garret thompson,Clothing & Accessories,B002G9UDYG
6,AHMUKDDO267DZRGWNOJW46WVDNKQ,"September 5, 2020",Great for fans of the original and second movie,Love the movie set. I still don’t know why “the third” movie is part of the franchise as it really has nothing to do with the previous movies. It was like they wanted to have a killer and took the copy rights from the first two. But as a fan of the first and second movie. I was willing to buy the trilogy and just leave the third one in the case always lol.,yes,0,4.0,https://www.amazon.ca/Know-What-Summer-Still-Always/dp/B001F4Y2A4/ref=cm_cr_srp_d_product_top?ie=UTF8,2020-09-18 16:14:10.032391,2020-09-18 16:14:18.314452,garret thompson,Clothing & Accessories,B002G9UDYG
7,AHMUKDDO267DZRGWNOJW46WVDNKQ,"September 5, 2020",Love these,These glasses look chic and stylish without breaking the bank.,yes,0,5.0,https://www.amazon.ca/Clubmaster-Polarized-Sunglasses-Lenses-LUENX/dp/B075XPZ7XG/ref=cm_cr_srp_d_product_top?ie=UTF8,2020-09-18 16:14:27.406140,2020-09-18 16:14:34.682530,garret thompson,Clothing & Accessories,B002G9UDYG
8,AHMUKDDO267DZRGWNOJW46WVDNKQ,"September 5, 2020",Good headphones,Good headphones. The noise cancellation is good. Great for zoom meetings or just listening to music in general,yes,0,4.0,https://www.amazon.ca/Foldable-Isolating-Headphones-Microphone-Adjustable/dp/B087JVV8FK/ref=cm_cr_srp_d_product_top?ie=UTF8,2020-09-18 16:14:42.758706,2020-09-18 16:14:49.008130,garret thompson,Clothing & Accessories,B002G9UDYG
9,AHMUKDDO267DZRGWNOJW46WVDNKQ,"July 30, 2020",Get it if you miss watching Xena regularly,This is so nostalgic for me. Every single episode and great quality.,yes,0,5.0,https://www.amazon.ca/Xena-Warrior-Princess-Complete-TV/dp/B01C6M447O/ref=cm_cr_srp_d_product_top?ie=UTF8,2020-09-18 16:14:59.083168,2020-09-18 16:15:07.296189,garret thompson,Clothing & Accessories,B002G9UDYG
10,AHMUKDDO267DZRGWNOJW46WVDNKQ,"July 30, 2020",Great bag!! Love it!,This is my new favourite travel bag! I love the feel and durability. I like how it has a compartment to put shoes in so it doesn’t dirty my clothes. Lots of space! Very comfortable to carry.,yes,0,5.0,https://www.amazon.ca/Overnight-Weekender-Shoulder-Compartment-Christmas/dp/B07529Q8Z5/ref=cm_cr_srp_d_product_top?ie=UTF8,2020-09-18 16:15:17.384013,2020-09-18 16:15:25.652039,garret thompson,Clothing & Accessories,B002G9UDYG
11,AHMUKDDO267DZRGWNOJW46WVDNKQ,"July 30, 2020",Great for students!!!,"I tested the waterproof, literally runs off it. Storage in the backpack is outstanding!! This backpack is essential for university/college students",yes,One,5.0,https://www.amazon.ca/Backpack-Vaschy-Resistant-Rucksack-Compartment/dp/B07CLCDHJK/ref=cm_cr_srp_d_product_top?ie=UTF8,2020-09-18 16:15:34.756167,2020-09-18 16:15:43.326018,garret thompson,Clothing & Accessories,B002G9UDYG
12,AHMUKDDO267DZRGWNOJW46WVDNKQ,"July 30, 2020",Great shirt,Shirt fit great. And still looks like new!,yes,0,4.0,https://www.amazon.ca/AWDIP-Official-Osbourne-Finger-T-Shirt/dp/B0100Q9WQG/ref=cm_cr_srp_d_product_top?ie=UTF8,2020-09-18 16:15:50.423446,2020-09-18 16:15:58.698208,garret thompson,Clothing & Accessories,B002G9UDYG
13,AHMUKDDO267DZRGWNOJW46WVDNKQ,"July 30, 2020",Great for ozzy fans,Bought it as a gift for an Ozzy fan. He absolutely loved it!,yes,0,4.0,https://www.amazon.ca/Memoirs-Madman-Ozzy-Osbourne/dp/B00LWLZVT6/ref=cm_cr_srp_d_product_top?ie=UTF8,2020-09-18 16:16:07.826467,2020-09-18 16:16:15.081465,garret thompson,Clothing & Accessories,B002G9UDYG
14,AHMUKDDO267DZRGWNOJW46WVDNKQ,"July 30, 2020",Love this!,So comfy. I originally wanted this for concerts and festivals. But ended up using it everywhere.,yes,0,5.0,https://www.amazon.ca/EOTW-Pockets-Traveling-Holiday-Passport/dp/B01GNOM0M2/ref=cm_cr_srp_d_product_top?ie=UTF8,2020-09-18 16:16:24.193252,2020-09-18 16:16:32.504212,garret thompson,Clothing & Accessories,B002G9UDYG
15,AHMUKDDO267DZRGWNOJW46WVDNKQ,"July 30, 2020",👍,Helps make it easier to not have stuff stick to the trays.,yes,0,5.0,https://www.amazon.ca/Excalibur-Non-Stick-Paraflexx-Premium-Dehydrator/dp/B00ED2KV8W/ref=cm_cr_srp_d_product_top?ie=UTF8,2020-09-18 16:16:41.618307,2020-09-18 16:16:50.457825,garret thompson,Clothing & Accessories,B002G9UDYG
16,AHMUKDDO267DZRGWNOJW46WVDNKQ,"July 30, 2020",👍,Easy to use. Can be a pain to clean. And temperature setting is different than listed. I found I had to turn it up higher than suggested. But great product nonetheless.,yes,0,5.0,https://www.amazon.ca/Excalibur-2400-4-Tray-Economy-Dehydrator/dp/B0047WOWHE/ref=cm_cr_srp_d_product_top?ie=UTF8,2020-09-18 16:17:00.576328,2020-09-18 16:17:07.937721,garret thompson,Clothing & Accessories,B002G9UDYG
17,AHMUKDDO267DZRGWNOJW46WVDNKQ,"July 30, 2020","Label I got looked different, but still did the job",Packaging is different than what is pictured. Still really great product and works well!,yes,0,3.0,https://www.amazon.ca/Castor-Oil-Pure-Carrier-Moisturizer/dp/B01E62Z35Y/ref=cm_cr_srp_d_product_top?ie=UTF8,2020-09-18 16:17:17.020968,2020-09-18 16:17:23.271230,garret thompson,Clothing & Accessories,B002G9UDYG
18,AHMUKDDO267DZRGWNOJW46WVDNKQ,"July 30, 2020",Love it!,"Great for students! I bought this to help move everything over from my old laptop to my new for university. Was very easy to use and so small, I can store it easily in my backpack for school.",yes,0,5.0,https://www.amazon.ca/Seagate-Portable-External-Hard-Drive/dp/B07VS8QCXC/ref=cm_cr_srp_d_product_top?ie=UTF8,2020-09-18 16:17:33.388712,2020-09-18 16:17:42.686839,garret thompson,Clothing & Accessories,B002G9UDYG
19,AHMUKDDO267DZRGWNOJW46WVDNKQ,"July 30, 2020",Great small space vacuum,Great little vacuum if you’re tight on storage. I find it sucks up great. Big items can be tough to get out of the receptacle corners. But I find it sucks up very well.,yes,0,4.0,https://www.amazon.ca/Dirt-Devil-SD22010-Simplistik-Corded/dp/B06W5F2Y73/ref=cm_cr_srp_d_product_top?ie=UTF8,2020-09-18 16:17:52.784833,2020-09-18 16:18:01.023840,garret thompson,Clothing & Accessories,B002G9UDYG
20,AHMUKDDO267DZRGWNOJW46WVDNKQ,"July 25, 2018",👍,Best product ever!!❤️❤️❤️,yes,One,5.0,https://www.amazon.ca/dp/B00X0QQJJC/ref=cm_cr_srp_d_product_top?ie=UTF8,2020-09-18 16:18:09.117889,2020-09-18 16:18:18.555933,garret thompson,Clothing & Accessories,B002G9UDYG
21,AHMUKDDO267DZRGWNOJW46WVDNKQ,"July 25, 2018",👍👍,"Im so excited to lounge on the beach with this and sangria in my hand.. only downside, a little smaller than I expected but enough space to be comfortable.",yes,0,4.0,https://www.amazon.ca/Giant-Inflatable-Unicorn-Pool-Float/dp/B07BMD1DQ5/ref=cm_cr_srp_d_product_top?ie=UTF8,2020-09-18 16:18:26.680368,2020-09-18 16:18:33.968429,garret thompson,Clothing & Accessories,B002G9UDYG
