,author_id,date_review_posted,review_title,reviews,verified_purchase,people_find_helpful,ratings,product_url,start,end,reviewer_name,product_category,product_id
0,AHWRXWPTOPMNOCUPID5U5FOFYMSQ,"November 15, 2019",Easy to follow and loaded with great recipes,"Love how many recipes there actually are, I was able to host a five course veggie meal for friends and then make sticky chicken for my family. Easy to follow, I was able to make 3 dishes simultaneously.",yes,4,5.0,https://www.amazon.ca/Nothing-Fancy-Unfussy-Having-People/dp/0451497015/ref=cm_cr_srp_d_product_top?ie=UTF8,2020-09-19 01:00:11.502073,2020-09-19 01:00:19.765843,katherine,Clothing & Accessories,B002G9UDYG
1,AHWRXWPTOPMNOCUPID5U5FOFYMSQ,"December 6, 2018",Good.,Needed for school. Good tips.,yes,0,5.0,https://www.amazon.ca/Elephant-Bucks-Insiders-Writing-Sitcoms/dp/1932907270/ref=cm_cr_srp_d_product_top?ie=UTF8,2020-09-19 01:00:27.856974,2020-09-19 01:00:35.132308,katherine,Clothing & Accessories,B002G9UDYG
2,AHWRXWPTOPMNOCUPID5U5FOFYMSQ,"December 6, 2018",Good.,Fine product. Just as described.,yes,One,5.0,https://www.amazon.ca/Rabbitgoo-Magnetic-Adhesive-Bottom-Curtain/dp/B06XH1PVJL/ref=cm_cr_srp_d_product_top?ie=UTF8,2020-09-19 01:00:43.223361,2020-09-19 01:00:50.488971,katherine,Clothing & Accessories,B002G9UDYG
3,AHWRXWPTOPMNOCUPID5U5FOFYMSQ,"December 6, 2018",ITCHY!!!,"Fine for the price. But very VERY itchy, have worn acrylic toques most of my life, nothing like this. Ran it through the wash again to try and make it less itchy. Can't spend the winter with a red forehead, will be replacing.",yes,0,3.0,https://www.amazon.ca/Carhartt-Acrylic-Watch-Black-Size/dp/B002G9UDYG/ref=cm_cr_srp_d_product_top?ie=UTF8,2020-09-19 01:00:57.583593,2020-09-19 01:01:05.887545,katherine,Clothing & Accessories,B002G9UDYG
4,AHWRXWPTOPMNOCUPID5U5FOFYMSQ,"September 15, 2016",Also the mint green rubber started to turn yellow and looks pretty awful. I feel pretty stupid for buying them ...,"Was really excited to get these since the reviews were mostly positive. Lost my first pair after a month and bought them again. Two months in the left ear completely stopped working, I thought it was my Ipod since it's an older version. Tried it in my phone and it still didn't work. I can wiggle the jack around and the sound will come back but it doesn't stay. Also the mint green rubber started to turn yellow and looks pretty awful. I feel pretty stupid for buying them again. Other than the shape and the option to change bud size these are garbage.",yes,0,2.0,https://www.amazon.ca/Koss-KSC32M-Fitclips-Headphones-Mint/dp/B00DE8DB8S/ref=cm_cr_srp_d_product_top?ie=UTF8,2020-09-19 01:01:14.981449,2020-09-19 01:01:21.295636,katherine,Clothing & Accessories,B002G9UDYG
