,author_id,date_review_posted,review_title,reviews,verified_purchase,people_find_helpful,ratings,product_url,start,end,reviewer_name,product_category,product_id
0,AHYO26JVHYE3E3XIL6QXDQB6GTBA,"September 7, 2020",Reliable.,Good back up solution. I use it for storing video files etc that don't need fast and regular access too. These have become very cheap over the years as ssd have became mainstream.,yes,0,5.0,https://www.amazon.ca/Seagate-Expansion-Portable-External-STEA2000400/dp/B00TKFEE5S/ref=cm_cr_srp_d_product_top?ie=UTF8,2020-09-18 19:23:11.566596,2020-09-18 19:23:19.871520,Gavin,Clothing & Accessories,B002G9UDYG
1,AHYO26JVHYE3E3XIL6QXDQB6GTBA,"September 7, 2020",Trustworthy,Good reliable storage. I have trusted SanDisk for years now.,yes,0,5.0,https://www.amazon.ca/SanDisk-Ultra-Flair-Performance-SDCZ73-128G-G46/dp/B015CH1PJU/ref=cm_cr_srp_d_product_top?ie=UTF8,2020-09-18 19:23:27.955963,2020-09-18 19:23:37.272389,Gavin,Clothing & Accessories,B002G9UDYG
2,AHYO26JVHYE3E3XIL6QXDQB6GTBA,"September 7, 2020",Fun shirt,"Fit is good. Great design.
Many people ask about and comment on the shirt.",yes,0,5.0,https://www.amazon.ca/Mighty-Boxing-Philadelphia-Vintage-T-Shirt/dp/B074P99FS4/ref=cm_cr_srp_d_product_top?ie=UTF8,2020-09-18 19:23:44.365259,2020-09-18 19:23:52.626662,Gavin,Clothing & Accessories,B002G9UDYG
3,AHYO26JVHYE3E3XIL6QXDQB6GTBA,"September 6, 2020",Decent,"Holds lots of gear etc. Seems to be durable enough for daily use and will be good enough for casual camper or hiker.

Only con for price is that the straps loosen up in shoulder over time... Not to much.... But if you like to sinch tight and keep it that way this doesn't hold.

Affordable casual hike/camp pack or for someone going to school or work etc.",yes,0,5.0,https://www.amazon.ca/Mardingtop-Tactical-Backpacks-Traveling-Motorcycle/dp/B07PPDXV55/ref=cm_cr_srp_d_product_top?ie=UTF8,2020-09-18 19:23:59.713594,2020-09-18 19:24:05.986188,Gavin,Clothing & Accessories,B002G9UDYG
4,AHYO26JVHYE3E3XIL6QXDQB6GTBA,"September 5, 2020",Good Mouse Pad,Stitched edges are great. The underside of the mousepad has rubbery steel series logos to minimize the pad from moving around the desk/table. Mouse glide and tracking are great. The size medium is perfect for me. Not too big and not too small.,yes,0,5.0,https://www.amazon.ca/SteelSeries-QcK-Gaming-Surface-Optimized/dp/B07KJ53QDW/ref=cm_cr_srp_d_product_top?ie=UTF8,2020-09-18 19:24:16.071044,2020-09-18 19:24:22.329892,Gavin,Clothing & Accessories,B002G9UDYG
5,AHYO26JVHYE3E3XIL6QXDQB6GTBA,"August 21, 2020",Reliable storage,Bought as additional storage for my Samsung Galaxy S10. Speeds are as advertised.,yes,0,5.0,https://www.amazon.ca/Samsung-Select-microSDXC-Adapter-MB-ME256HA/dp/B0887P21Z2/ref=cm_cr_srp_d_product_top?ie=UTF8,2020-09-18 19:24:29.420324,2020-09-18 19:24:35.689086,Gavin,Clothing & Accessories,B002G9UDYG
6,AHYO26JVHYE3E3XIL6QXDQB6GTBA,"August 20, 2020",Great,"Great addition to my Razer Huntsmen Tournament Edition keyboard. I used two to six o-rings per key. Some keys had 1 or 3 stems, I used 2 o-rings per stem.
Number of rings needed for your board and preference will vary.

Don't expect a dramatic sound difference. It is quiter but not by huge degree. The feel is a more noticeable difference. You get slightly less travel and a nice cushion when bottoming out. Overall my board is quiter and feels alot better to me.",yes,One,5.0,https://www.amazon.ca/ThreeBulls-120Pcs-Dampeners-Keyboards-Dampers/dp/B01N6438BK/ref=cm_cr_srp_d_product_top?ie=UTF8,2020-09-18 19:24:45.780365,2020-09-18 19:24:55.121626,Gavin,Clothing & Accessories,B002G9UDYG
7,AHYO26JVHYE3E3XIL6QXDQB6GTBA,"August 20, 2020",Quality control could be better,"I would have given 5 stars but almost all keys have a plastic tab piece on them from molding process. You can see in first pic if you look at keys close up. The keys are amazing otherwise though.

I bought these for my razer huntsmen tournament edition. I didn't replace all keys, kept using F1 through f12 as well as space bar from original razer set. I wanted to keep the function key legends and didn't want the hyper x logo on spacebar.",yes,0,4.0,https://www.amazon.ca/HyperX-Pudding-Keycaps-Translucent-Mechanical/dp/B087QTWCTQ/ref=cm_cr_srp_d_product_top?ie=UTF8,2020-09-18 19:25:04.214334,2020-09-18 19:25:13.469965,Gavin,Clothing & Accessories,B002G9UDYG
8,AHYO26JVHYE3E3XIL6QXDQB6GTBA,"August 16, 2020",Good addition for any setup,"Great under desk headset holder.
3m adhesive holds great! I added this to a new desk I bought and it sticks on and holds no problem. I let it stick for 48 hours before leaving a headset attached. Make sure surface is clean if just relying in 3m adhesive. If you are worried about holding strength there are two holes in headset holder so you can screw it to desk for permanent hold.",yes,0,5.0,https://www.amazon.ca/Universal-Headphone-JOTO-Silicone-Sennheiser/dp/B01FVT0L8A/ref=cm_cr_srp_d_product_top?ie=UTF8,2020-09-18 19:25:22.562630,2020-09-18 19:25:29.845302,Gavin,Clothing & Accessories,B002G9UDYG
9,AHYO26JVHYE3E3XIL6QXDQB6GTBA,"August 14, 2020",Sleek and durable,"Nice sleek and durable case.
Hard back is nice and helps case keep clean while offering dual layer protection. Raised front helps protect screen of phone.
Buttons feel great. All cut outs are precise.
Dropped phone shortly after putting this on and held up great :)",yes,0,5.0,https://www.amazon.ca/OtterBox-Symmetry-Case-Galaxy-S10/dp/B07N9GW6F8/ref=cm_cr_srp_d_product_top?ie=UTF8,2020-09-18 19:25:36.940593,2020-09-18 19:25:43.204050,Gavin,Clothing & Accessories,B002G9UDYG
10,AHYO26JVHYE3E3XIL6QXDQB6GTBA,"August 14, 2020",Good Value,"Sound is decent for price. Connectivity is great, no issues with my Galaxy S10.
Using one earbud at a time works perfectly. This was key for me cause I use the mainly at work and keep one bud in at a time.",yes,0,5.0,https://www.amazon.ca/Mpow-Bluetooth-Immersive-Waterproof-Headphones/dp/B0832GH4WF/ref=cm_cr_srp_d_product_top?ie=UTF8,2020-09-18 19:25:50.295211,2020-09-18 19:25:56.552831,Gavin,Clothing & Accessories,B002G9UDYG
11,AHYO26JVHYE3E3XIL6QXDQB6GTBA,"July 27, 2020",Good,Nice pump but I wish it would stay closed with out the need of being attached to mount bracket.,yes,0,4.0,https://www.amazon.ca/Professional-Quality-Mini-Bike-VeloChampion/dp/B002CIAFJO/ref=cm_cr_srp_d_product_top?ie=UTF8,2020-09-18 19:26:06.633899,2020-09-18 19:26:13.912821,Gavin,Clothing & Accessories,B002G9UDYG
12,AHYO26JVHYE3E3XIL6QXDQB6GTBA,"July 11, 2020",Awesome desk for price,"I am very pleased with the desk. It was very easy to put together. Took all of 6 minutes.
The desktop itself is of high quality for the price. The legs are very sturdy when all assembled. Doesn't move or wobble at all. Supports my monitor and PC etc no problem.",yes,0,5.0,https://www.amazon.ca/Modern-Collection-Rectangular-Computer-Espresso/dp/B075F9KPQH/ref=cm_cr_srp_d_product_top?ie=UTF8,2020-09-18 19:26:21.005265,2020-09-18 19:26:27.272861,Gavin,Clothing & Accessories,B002G9UDYG
13,AHYO26JVHYE3E3XIL6QXDQB6GTBA,"July 11, 2020",Not satisfied,"Reviewed just over a month after purchase.

Chair didn't come with instructions to out together, this could be a problem for some... It was simple enough FOR ME to put together though... Took 20 minutes.

The wheels could be alot better. Mine make a metal sound when rolling and don't roll well at all.

Chair makes a popping noise when getting up or sitting down or adjusting. Not always but often. It is the air/gas mechanism.

Chair doesn't stay at set height long. Eventually the chair will just randomly decompress and air pushes out and you go down..

I wouldn't recommend buying this chair.
It is usable but there are surely better chairs around same price on market.",yes,0,2.0,https://www.amazon.ca/Moustache-Adjustable-High-Back-Computer-Arm-Rest/dp/B0714N4CZM/ref=cm_cr_srp_d_product_top?ie=UTF8,2020-09-18 19:26:35.354211,2020-09-18 19:26:41.597827,Gavin,Clothing & Accessories,B002G9UDYG
14,AHYO26JVHYE3E3XIL6QXDQB6GTBA,"July 11, 2020",Its ok..,Doesn't work in landscape mode. When in landscape mode phone becomes loose from vibrations/bumps while mountain biking. The phone stays secure in portrait mode.,yes,0,3.0,https://www.amazon.ca/TEUMI-Anti-Shake-Motorcycle-Rotation-Universal/dp/B07VL8FDSP/ref=cm_cr_srp_d_product_top?ie=UTF8,2020-09-18 19:26:49.689923,2020-09-18 19:26:56.008659,Gavin,Clothing & Accessories,B002G9UDYG
15,AHYO26JVHYE3E3XIL6QXDQB6GTBA,"July 11, 2020",Good lightweight rain jacket,"Bought this for biking. It is compact and doesn't take much room in my backpack so I keep it in there at all times.
Fits over other layers.",yes,0,5.0,https://www.amazon.ca/Columbia-Mens-Glennaker-Jacket-Black/dp/B07F1DV69R/ref=cm_cr_srp_d_product_top?ie=UTF8,2020-09-18 19:27:05.121908,2020-09-18 19:27:13.353772,Gavin,Clothing & Accessories,B002G9UDYG
16,AHYO26JVHYE3E3XIL6QXDQB6GTBA,"July 3, 2020",Great grips!,"Good grip. They also help reduce vibrations. No movement in grips thanks to double lock on. The plastic end caps are great too, if the end cap were metal matching with the metal locks would've been a nice touch. Cheaper that I could find at local store WHEN they were in stock.",yes,0,5.0,https://www.amazon.ca/ODI-Troy-Design-Grip-Clamps/dp/B003TIQKYU/ref=cm_cr_srp_d_product_top?ie=UTF8,2020-09-18 19:27:20.442479,2020-09-18 19:27:27.719066,Gavin,Clothing & Accessories,B002G9UDYG
17,AHYO26JVHYE3E3XIL6QXDQB6GTBA,"June 25, 2020",Value for money,Fit is as expected. Lots of boxers for money. Mesh flap vent on crotch is good feature.,yes,0,5.0,https://www.amazon.ca/Fruit-Loom-Briefs-Assorted-Colors/dp/B07PLD443Y/ref=cm_cr_srp_d_product_top?ie=UTF8,2020-09-18 19:27:35.807731,2020-09-18 19:27:45.053290,Gavin,Clothing & Accessories,B002G9UDYG
18,AHYO26JVHYE3E3XIL6QXDQB6GTBA,"June 25, 2020",Well made,"Perfect fit!
Well made. Great for casual or work wear.",yes,0,5.0,https://www.amazon.ca/Carhartt-Mens-Canvas-Short-Khaki/dp/B000FXW2US/ref=cm_cr_srp_d_product_top?ie=UTF8,2020-09-18 19:27:55.140256,2020-09-18 19:28:02.393413,Gavin,Clothing & Accessories,B002G9UDYG
19,AHYO26JVHYE3E3XIL6QXDQB6GTBA,"June 25, 2020",Nice shirt,Tluv shirts are great. Good quality. Fit is good and they are comfortable.,yes,0,5.0,https://www.amazon.ca/Smokey-Keep-Green-T-Shirt-Touch/dp/B077PML6V7/ref=cm_cr_srp_d_product_top?ie=UTF8,2020-09-18 19:28:11.488873,2020-09-18 19:28:17.810257,Gavin,Clothing & Accessories,B002G9UDYG
20,AHYO26JVHYE3E3XIL6QXDQB6GTBA,"June 25, 2020",Good tshirts,Tluv shirts are great. Good quality. Fit is good and they are comfortable. NASA retro design is my favorite.,yes,0,5.0,https://www.amazon.ca/Tee-Luv-Space-Shuttle-Shirt/dp/B07HBZRHXC/ref=cm_cr_srp_d_product_top?ie=UTF8,2020-09-18 19:28:25.899830,2020-09-18 19:28:33.159980,Gavin,Clothing & Accessories,B002G9UDYG
21,AHYO26JVHYE3E3XIL6QXDQB6GTBA,"June 25, 2020",Great,Well made. They look great!,yes,0,5.0,https://www.amazon.ca/Timberland-Mens-Groveton-Chukka-Boots/dp/B01HSPQ2QK/ref=cm_cr_srp_d_product_top?ie=UTF8,2020-09-18 19:28:40.251089,2020-09-18 19:28:48.516991,Gavin,Clothing & Accessories,B002G9UDYG
22,AHYO26JVHYE3E3XIL6QXDQB6GTBA,"June 25, 2020",Good stretchable work pants,"Perfect fit. The pants have some stretch, are comfortable and durable. Will be ordering these regularly.",yes,One,5.0,https://www.amazon.ca/Carhartt-Rugged-Rigby-Straight-Shadow/dp/B01MSAWCKS/ref=cm_cr_srp_d_product_top?ie=UTF8,2020-09-18 19:28:58.610830,2020-09-18 19:29:06.883862,Gavin,Clothing & Accessories,B002G9UDYG
23,AHYO26JVHYE3E3XIL6QXDQB6GTBA,"June 25, 2020",Perfect fit,Looks great. Fit is perfect. Great hoodie.,yes,0,5.0,https://www.amazon.ca/Starter-Zip-Up-Hoodie-Amazon-Exclusive/dp/B075M3TGPN/ref=cm_cr_srp_d_product_top?ie=UTF8,2020-09-18 19:29:16.978145,2020-09-18 19:29:24.240949,Gavin,Clothing & Accessories,B002G9UDYG
24,AHYO26JVHYE3E3XIL6QXDQB6GTBA,"June 25, 2020",Looks good but fits a little larger than expected.,"Looks great and is soft. The hood is nice.
Fits a little bigger than I'm used to for a medium.",yes,0,4.0,https://www.amazon.ca/Amazon-Essentials-Patterned-Full-Zip-Sweatshirt/dp/B07BN3ZKKQ/ref=cm_cr_srp_d_product_top?ie=UTF8,2020-09-18 19:29:31.333972,2020-09-18 19:29:38.623339,Gavin,Clothing & Accessories,B002G9UDYG
25,AHYO26JVHYE3E3XIL6QXDQB6GTBA,"June 13, 2020",Came damaged,"I was very impressed at first with these speakers... I took them out of box and set them up on my desk. After listening to them for an hour or so I took the speaker grills off to look at the speakers and seen that the right side dome on the woofer is pushed in... This had to have happened during packaging as they come shipped with grills on and I never removed when setting up.
I don't notice any difference in sound... But how am I to know as they came damaged so I have no reference for proper sound. Sound is good I guess... I am just not happy they came damaged like that. Not sure if it effects sound or not.",yes,0,2.0,https://www.amazon.ca/Edifier-R980T-Active-Bookshelf-Speakers/dp/B01LXDZ8WB/ref=cm_cr_srp_d_product_top?ie=UTF8,2020-09-18 19:29:47.716242,2020-09-18 19:29:56.061343,Gavin,Clothing & Accessories,B002G9UDYG
26,AHYO26JVHYE3E3XIL6QXDQB6GTBA,"June 11, 2020",Good shirts,Good blank shirts. Fit is good. Gildan shirts have always been good for me.,yes,0,5.0,https://www.amazon.ca/Gildan-Cotton-T-Shirt-2-Pack-Heather/dp/B07611Y7M8/ref=cm_cr_srp_d_product_top?ie=UTF8,2020-09-18 19:30:03.151000,2020-09-18 19:30:11.474430,Gavin,Clothing & Accessories,B002G9UDYG
27,AHYO26JVHYE3E3XIL6QXDQB6GTBA,"June 11, 2020",Good socks.,Durable and comfortable.,yes,0,5.0,https://www.amazon.ca/Under-Armour-U320M-Charged-Cotton/dp/B01MXTQROG/ref=cm_cr_srp_d_product_top?ie=UTF8,2020-09-18 19:30:18.566300,2020-09-18 19:30:25.849570,Gavin,Clothing & Accessories,B002G9UDYG
28,AHYO26JVHYE3E3XIL6QXDQB6GTBA,"June 11, 2020",Good shirts,Good fit and keeps you dryer/cooler than a normal t-shirt. Not sure about how long they can last as I order new blank shirts all the time but these are great. Gildan makes good value shirts.,yes,0,5.0,https://www.amazon.ca/Gildan-DryBlend-T-Shirt-2-Pack-Medium/dp/B07682G5C6/ref=cm_cr_srp_d_product_top?ie=UTF8,2020-09-18 19:30:35.941189,2020-09-18 19:30:45.236758,Gavin,Clothing & Accessories,B002G9UDYG
29,AHYO26JVHYE3E3XIL6QXDQB6GTBA,"June 11, 2020",Comfortable,"I ordered 1 pair to try these out and I liked them so I ordered 2 more in different colors/shades.

They are a good price, fit well and are very comfortable.",yes,0,5.0,https://www.amazon.ca/Amazon-Essentials-Slim-Fit-Wrinkle-Resistant-Flat-Front/dp/B077555TPD/ref=cm_cr_srp_d_product_top?ie=UTF8,2020-09-18 19:30:53.329422,2020-09-18 19:30:59.672758,Gavin,Clothing & Accessories,B002G9UDYG
