,subproduct_author_id,verified_purchase,review_title,reviews,date,reviewer_name,ratings,people_find_helpful,reviewer_profile_url,start_time,end_time,product_name,brand_name,rank,product_id,author_id,subproduct_id
0,AEUWQQ2GPMPJLKASTOW64IPY6J2A,True,"Teeny Tiny hoodie has no room for me, let alone my cat.","Comically small. I usually fit a woman's large, and ordered an XXL that I could fit into, in a tight and squeaky pinch. Definitely would not also fit my cat.

Fabric is not at all stretchy, and I would recommend ordering 3 or 4 sizes up if you can. The XXL I received fits my boyfriend snugly, who typically fits into my old women's medium size hoodies, but hardly leaves room for my quite-small cat. So if you're a medium and you own a chinchilla/ ferret or a wee kitten, the XXL could work for you.

Seriously, don't buy this. Not worth the money.","August 22, 2018",Amazon Customer,2.0,9,https://www.amazon.ca/gp/profile/amzn1.account.AEUWQQ2GPMPJLKASTOW64IPY6J2A/ref=cm_cr_arp_d_gw_btm?ie=UTF8,2020-10-05 16:00:04.155711,2020-10-05 16:00:04.295279,Ladyjiao Womens Mewgaroo Pet Holder Cat Eared kangaroo Pouch Sweatshirt Hoodie,No,"18,699",B002G9UDYG,AE5PVJPICBQ2FOAK5PY6GC3O4CNA,B078W56BS2
1,AGU2DLZHTMLEX55KNV54R77I4KTA,True,Thin but surprisingly cozy,"I read previous reviews AFTER ordering this hoodie Not the smartest plan, but here we are. From the moment I opened the package I noticed immediately the quality of the hoodie is not the best, but for the price I'm not going to complain too much. The size was surprisingly okay. I was anticipating something that was too small, that I might get stuck in - but it's actually fairly baggy and honestly quite comfortable despite the thin fabric. It feels like something one might wear to bed.

The pouch is quite big and looks comfortable with a soft lining, but my cat doesn't seem to like the hoodie at all - save for the hoodie ties and pom-pom ends. The pouch itself is big enough to accomodate him... But I don't plan to walk around with him in it. He's in the 10-13lb range. I think it will be a strictly cuddle-on-the-couch hoodie.","October 17, 2019",Heidi,4.0,5,https://www.amazon.ca/gp/profile/amzn1.account.AGU2DLZHTMLEX55KNV54R77I4KTA/ref=cm_cr_arp_d_gw_btm?ie=UTF8,2020-10-05 16:00:04.300160,2020-10-05 16:00:04.458270,Ladyjiao Womens Mewgaroo Pet Holder Cat Eared kangaroo Pouch Sweatshirt Hoodie,No,"18,699",B002G9UDYG,AE5PVJPICBQ2FOAK5PY6GC3O4CNA,B078W56BS2
2,AFXNFDJCNKQXCDBXUMRMKK2TKVIA,True,"Too small, too thin and doesn't even fit a kitten!","I'm pretty sure I received the wrong size. The sticker said XL and I measured myself based on the size chart but it's SO TINY. I usually fit in a medium but got a couple sizes up based on reviews and it can't even fit my ragdoll kitten :/ He's 6 months old and it won't fit him, a huge waste of money. I've been trying to find a way to contact the store to see if I got the wrong size but I can't find a way to get in contact. Can't return to amazon due to the amount of cat hair already on it. Super disappointed. You might as well make yourself one at this price.","September 1, 2020",Jess,1.0,0,https://www.amazon.ca/gp/profile/amzn1.account.AFXNFDJCNKQXCDBXUMRMKK2TKVIA/ref=cm_cr_arp_d_gw_btm?ie=UTF8,2020-10-05 16:00:04.463151,2020-10-05 16:00:04.592958,Ladyjiao Womens Mewgaroo Pet Holder Cat Eared kangaroo Pouch Sweatshirt Hoodie,No,"18,699",B002G9UDYG,AE5PVJPICBQ2FOAK5PY6GC3O4CNA,B078W56BS2
3,AERW3BEQV6EZY6TPKKH2CAFGZPIQ,True,"As advertised, but cat hates it.","The sweater fits as advertised and is what I expected, but my cat absolutely hates this sweater. You have to put an arm under the pocket while cat is inside because it doesn't adequately hold him up (so you can't just put him in the pocket and walk around). This sweater made my cat frustrated and he angrily jumped out of it every time. Note. my cat loves being held and cradled usually. The sweater comes as advertised (in fact it's quite comfy) but be aware that it may not be so fun for your cat...","March 2, 2019",Amazon Customer,3.0,2,https://www.amazon.ca/gp/profile/amzn1.account.AERW3BEQV6EZY6TPKKH2CAFGZPIQ/ref=cm_cr_arp_d_gw_btm?ie=UTF8,2020-10-05 16:00:04.597838,2020-10-05 16:00:04.740333,Ladyjiao Womens Mewgaroo Pet Holder Cat Eared kangaroo Pouch Sweatshirt Hoodie,No,"18,699",B002G9UDYG,AE5PVJPICBQ2FOAK5PY6GC3O4CNA,B078W56BS2
4,AEHN62Q57LN37GU6Q3HPTDXKOGYQ,True,My cat rescuer loved it.,"My sister rescued our cat who was being bullied by our other cat and dog. So this was a thank-you gift. She loved it!! Some reviews said to size up, which I did. But I found the size right on. The material is a bit cheap, so I give it 4 stars. But it's a great gift. Our cat is tiny, so no issues fitting in the pouch.","December 26, 2019",comet6comet,4.0,One,https://www.amazon.ca/gp/profile/amzn1.account.AEHN62Q57LN37GU6Q3HPTDXKOGYQ/ref=cm_cr_arp_d_gw_btm?ie=UTF8,2020-10-05 16:00:04.745213,2020-10-05 16:00:04.895517,Ladyjiao Womens Mewgaroo Pet Holder Cat Eared kangaroo Pouch Sweatshirt Hoodie,No,"18,699",B002G9UDYG,AE5PVJPICBQ2FOAK5PY6GC3O4CNA,B078W56BS2
5,AEWQTN23FIQWOIGOQJQBGMDDUZ2A,True,Cute and Accommodating,"Very happy with this purchase overall, and did go up two sizes to allow for extra wiggle room in the kangaroo pouch for the critter. Only downside is that even after washing, I found the fabric to have a very odd/potent smell which is somewhat off putting. Hoping it will just wear off!","April 23, 2018",Kathryn Simpson-Brown,4.0,4,https://www.amazon.ca/gp/profile/amzn1.account.AEWQTN23FIQWOIGOQJQBGMDDUZ2A/ref=cm_cr_arp_d_gw_btm?ie=UTF8,2020-10-05 16:00:04.900399,2020-10-05 16:00:05.036063,Ladyjiao Womens Mewgaroo Pet Holder Cat Eared kangaroo Pouch Sweatshirt Hoodie,No,"18,699",B002G9UDYG,AE5PVJPICBQ2FOAK5PY6GC3O4CNA,B078W56BS2
6,AFTWEI44RPTOFCU37AZVGW5TRGNQ,True,"Sizing good, cat too fat","I swear my cat isn't super obese, just a little chunky... but after 1 or 2 uses of this sweater I can see the inner seams coming undone. It's just not constructed super well for an adult cat. Kittens and skinny cats shouldn't cause the seams to start loosening... Otherwise comfy, fits me great, and cute design.","April 5, 2020",Hannah,4.0,One,https://www.amazon.ca/gp/profile/amzn1.account.AFTWEI44RPTOFCU37AZVGW5TRGNQ/ref=cm_cr_arp_d_gw_btm?ie=UTF8,2020-10-05 16:00:05.040940,2020-10-05 16:00:05.181485,Ladyjiao Womens Mewgaroo Pet Holder Cat Eared kangaroo Pouch Sweatshirt Hoodie,No,"18,699",B002G9UDYG,AE5PVJPICBQ2FOAK5PY6GC3O4CNA,B078W56BS2
7,AFKT7EJ4JOVWRK3KAOHSVGJIX7SA,True,"Buy 1 size up, fast shipping","Got this for a present for my girlfriend. After reading reviews, I bought 1 size up (medium instead of small) and it fit my girlfriend perfectly! It arrived a lot faster than I thought it would as well!","July 18, 2017",Toria,5.0,7,https://www.amazon.ca/gp/profile/amzn1.account.AFKT7EJ4JOVWRK3KAOHSVGJIX7SA/ref=cm_cr_arp_d_gw_btm?ie=UTF8,2020-10-05 16:00:05.186366,2020-10-05 16:00:05.332764,Ladyjiao Womens Mewgaroo Pet Holder Cat Eared kangaroo Pouch Sweatshirt Hoodie,No,"18,699",B002G9UDYG,AE5PVJPICBQ2FOAK5PY6GC3O4CNA,B078W56BS2
8,AFAR5YBBMTNIEUVF2WRITV6NFD3A,True,Bon produit,"J’ai acheté ce chandail pour porter mon chihuahua. Elle adore ça. Je porte habituellement du 2xl et j’ai commandé le 3xl il est juste de la bonne taille, mais le tissu n’est pas extensible. J’ai l’intention de le porter au camping cet été, alors le tissu assez mince le rendra confortable à ce moment de l’année. Les manches sont quand même très longues mais assez étroites. La pochette où on installe l’animal est faite de tissu très doux et est munie d’une fermeture éclaire tout le tour pour la retirer facilement lors du lavage. C’est un beau produit en général.","January 25, 2020",Syndia,4.0,0,https://www.amazon.ca/gp/profile/amzn1.account.AFAR5YBBMTNIEUVF2WRITV6NFD3A/ref=cm_cr_arp_d_gw_btm?ie=UTF8,2020-10-05 16:00:05.337645,2020-10-05 16:00:05.465537,Ladyjiao Womens Mewgaroo Pet Holder Cat Eared kangaroo Pouch Sweatshirt Hoodie,No,"18,699",B002G9UDYG,AE5PVJPICBQ2FOAK5PY6GC3O4CNA,B078W56BS2
9,AGQ7KFWOJVURTE4XWQCO2AZBKZ6Q,True,"Super cute, kinda cheap though",This is hilarious. I have an 8 lbs toy poodle and she fits well. A little snug but she actually seemed to enjoy being a little joey. The material feels cheap and thin and the hood is small but overall I'm fairly happy. If you follow their size chart then sizing shouldn't be an issue.,"February 17, 2018",Amazon Customer,4.0,2,https://www.amazon.ca/gp/profile/amzn1.account.AGQ7KFWOJVURTE4XWQCO2AZBKZ6Q/ref=cm_cr_arp_d_gw_btm?ie=UTF8,2020-10-05 16:00:05.470419,2020-10-05 16:00:05.614866,Ladyjiao Womens Mewgaroo Pet Holder Cat Eared kangaroo Pouch Sweatshirt Hoodie,No,"18,699",B002G9UDYG,AE5PVJPICBQ2FOAK5PY6GC3O4CNA,B078W56BS2
10,AHMXXEZYPA7UPHOOC3CO7MQ6HYNA,True,HORRIBLE BUY,Where do I start on how horrible this product is. First you have to order 2 sizes larger just for it to fit. Material is supper thin and cheap. Not warm or comfortable at all. Found many rips in it before even wearing it. This is the same thing you will find on any Chinese website . Don’t buy not worth it.,"July 9, 2020",Phil,1.0,0,https://www.amazon.ca/gp/profile/amzn1.account.AHMXXEZYPA7UPHOOC3CO7MQ6HYNA/ref=cm_cr_getr_d_gw_btm?ie=UTF8,2020-10-05 16:00:11.769681,2020-10-05 16:00:11.901441,Ladyjiao Womens Mewgaroo Pet Holder Cat Eared kangaroo Pouch Sweatshirt Hoodie,No,"18,699",B002G9UDYG,AE5PVJPICBQ2FOAK5PY6GC3O4CNA,B078W56BS2
11,AGO5VCQAQUSHYJC6LLJEZXATOGKQ,True,Pocket could be better,This sweater is definitely for kittens. Not for adult cats. Unless you have slender adult cats like siamese or sphynx. They could fit. My cat is average weight. & it felt like the sweater pocket might rip. He was too big to fit in my opinion. The sweater fit fine without a cat. The embroidered stitching is great. So my only complaint is the sturdiness of the pocket & the pocket could be a lil bigger. Delivery came on time. It's an ok product.,"April 21, 2020",Shotpoppa ,3.0,0,https://www.amazon.ca/gp/profile/amzn1.account.AGO5VCQAQUSHYJC6LLJEZXATOGKQ/ref=cm_cr_getr_d_gw_btm?ie=UTF8,2020-10-05 16:00:11.906321,2020-10-05 16:00:12.037105,Ladyjiao Womens Mewgaroo Pet Holder Cat Eared kangaroo Pouch Sweatshirt Hoodie,No,"18,699",B002G9UDYG,AE5PVJPICBQ2FOAK5PY6GC3O4CNA,B078W56BS2
12,AEVLPVWPAQJ3STYJTBV5TKPJ3GZQ,True,My kitty approves,"Well in a Hoodiae I am a M and I recommend going up 2 sizes. I ordered a XL because of the reviews I read and I was glad I did. It gives me enough room and my cat enough too. The fabric is a little light tho.
My cat is peacefully sleeping in the pouch as I write this. I havent washed it but i will probably hang it to dry cause I read reviews that the stitches can come apart. I am happy with this purchase","September 26, 2020",raeanne,4.0,0,https://www.amazon.ca/gp/profile/amzn1.account.AEVLPVWPAQJ3STYJTBV5TKPJ3GZQ/ref=cm_cr_getr_d_gw_btm?ie=UTF8,2020-10-05 16:00:12.041986,2020-10-05 16:00:12.187410,Ladyjiao Womens Mewgaroo Pet Holder Cat Eared kangaroo Pouch Sweatshirt Hoodie,No,"18,699",B002G9UDYG,AE5PVJPICBQ2FOAK5PY6GC3O4CNA,B078W56BS2
13,AGJ4LCXRMQM6I2HUD35LQF3UICCQ,True,"Good, but head hole is small","Make sure you buy at LEAST one size bigger. The head hole is quite small, as is the cat pocket. My 10lb kitty fits perfectly, but my 14lb kitty really fills out the pouch. The material is thin, but still pretty warm. Over all it is a good quality for the price.","June 25, 2018",Gavin/Aimee,5.0,2,https://www.amazon.ca/gp/profile/amzn1.account.AGJ4LCXRMQM6I2HUD35LQF3UICCQ/ref=cm_cr_getr_d_gw_btm?ie=UTF8,2020-10-05 16:00:12.193264,2020-10-05 16:00:12.325066,Ladyjiao Womens Mewgaroo Pet Holder Cat Eared kangaroo Pouch Sweatshirt Hoodie,No,"18,699",B002G9UDYG,AE5PVJPICBQ2FOAK5PY6GC3O4CNA,B078W56BS2
14,AGOX3HYJXAJ7677V67BNGFSBSHDQ,True,Don't waste your money,"Arrived with torn and frayed tassel strings, and a large hole in the pouch. I have contacted the seller for my money back, as this hoodie is inexcusable damaged. Don't waste your money on this cheap, horribly made product.","April 9, 2019",Amazon Customer,1.0,0,https://www.amazon.ca/gp/profile/amzn1.account.AGOX3HYJXAJ7677V67BNGFSBSHDQ/ref=cm_cr_getr_d_gw_btm?ie=UTF8,2020-10-05 16:00:12.328970,2020-10-05 16:00:12.455849,Ladyjiao Womens Mewgaroo Pet Holder Cat Eared kangaroo Pouch Sweatshirt Hoodie,No,"18,699",B002G9UDYG,AE5PVJPICBQ2FOAK5PY6GC3O4CNA,B078W56BS2
15,AGXTVSHCIL6KJ36MLHIML6BHWYOQ,True,Cheap material that feels like it will stretch for heavier cats (I was worried ...,"Order a size or two above your normal size! Cheap material that feels like it will stretch for heavier cats (I was worried it would break/strech when I put my cat in) however it will be perfect for my corn snake! The shipping was really fast, it was expected to arrive after April 5th but I got it March 22nd! Its really cute to look at. Perfect for kittens, small cats, small dogs, and reptiles","March 22, 2018",North,4.0,0,https://www.amazon.ca/gp/profile/amzn1.account.AGXTVSHCIL6KJ36MLHIML6BHWYOQ/ref=cm_cr_getr_d_gw_btm?ie=UTF8,2020-10-05 16:00:12.460730,2020-10-05 16:00:12.603253,Ladyjiao Womens Mewgaroo Pet Holder Cat Eared kangaroo Pouch Sweatshirt Hoodie,No,"18,699",B002G9UDYG,AE5PVJPICBQ2FOAK5PY6GC3O4CNA,B078W56BS2
16,AFTP7AGKJGFPTQWAFDWXRMPNYTOA,True,Five Stars,If you are from North America get one or two sizes bigger. Thin hoodie. Came to Canada quickly.,"June 19, 2017",Amazon Customer,5.0,8,https://www.amazon.ca/gp/profile/amzn1.account.AFTP7AGKJGFPTQWAFDWXRMPNYTOA/ref=cm_cr_getr_d_gw_btm?ie=UTF8,2020-10-05 16:00:12.608134,2020-10-05 16:00:12.745750,Ladyjiao Womens Mewgaroo Pet Holder Cat Eared kangaroo Pouch Sweatshirt Hoodie,No,"18,699",B002G9UDYG,AE5PVJPICBQ2FOAK5PY6GC3O4CNA,B078W56BS2
17,AEWH2LFTQ3RRMB3ZRYLD7PIPCENQ,True,Hole where my head goes through was too small. ...,Hole where my head goes through was too small. Had a very hard time trying to get the sweater on and off. My cat did not fit very well in the pocket either. Would suggest it for kittens younger than 1 year. My cat is 1.5 years old and did not fit. Ended up giving to friend with a small dog.,"February 28, 2018",Ashlynn,2.0,One,https://www.amazon.ca/gp/profile/amzn1.account.AEWH2LFTQ3RRMB3ZRYLD7PIPCENQ/ref=cm_cr_getr_d_gw_btm?ie=UTF8,2020-10-05 16:00:12.749652,2020-10-05 16:00:12.893124,Ladyjiao Womens Mewgaroo Pet Holder Cat Eared kangaroo Pouch Sweatshirt Hoodie,No,"18,699",B002G9UDYG,AE5PVJPICBQ2FOAK5PY6GC3O4CNA,B078W56BS2
18,AEJAN7O436LYDRV4LJFVSYHN64UA,True,Sooo cute,My daughter un law has ferrets and she never took it off when she received this at Christmas she adored the shirt. I chose extra large for her even though she is petites.,"January 9, 2020",Linda M.,5.0,0,https://www.amazon.ca/gp/profile/amzn1.account.AEJAN7O436LYDRV4LJFVSYHN64UA/ref=cm_cr_getr_d_gw_btm?ie=UTF8,2020-10-05 16:00:12.903860,2020-10-05 16:00:13.034738,Ladyjiao Womens Mewgaroo Pet Holder Cat Eared kangaroo Pouch Sweatshirt Hoodie,No,"18,699",B002G9UDYG,AE5PVJPICBQ2FOAK5PY6GC3O4CNA,B078W56BS2
19,AGII3AYP2CJLHBS3TKQWSBHVPTFQ,True,Daughter loved it. I ordered size S for her and ...,Daughter loved it. I ordered size S for her and it fit a little loose which is what we were hoping (she is 11). Pouch is removable so it can be washed.,"February 17, 2018",Diane O'Keefe,5.0,One,https://www.amazon.ca/gp/profile/amzn1.account.AGII3AYP2CJLHBS3TKQWSBHVPTFQ/ref=cm_cr_getr_d_gw_btm?ie=UTF8,2020-10-05 16:00:13.040593,2020-10-05 16:00:13.177234,Ladyjiao Womens Mewgaroo Pet Holder Cat Eared kangaroo Pouch Sweatshirt Hoodie,No,"18,699",B002G9UDYG,AE5PVJPICBQ2FOAK5PY6GC3O4CNA,B078W56BS2
20,AGNRF5GSD5CTXJIHISSCGCMSU7KA,True,not super comfortable with adult cat in for extended period of ...,Came in earlier then expected. not super comfortable with adult cat in for extended period of time since its weight pulls on your back. great to hold snacks tho,"July 24, 2018",Sarah-Maude,4.0,One,https://www.amazon.ca/gp/profile/amzn1.account.AGNRF5GSD5CTXJIHISSCGCMSU7KA/ref=cm_cr_getr_d_gw_btm?ie=UTF8,2020-10-05 16:00:17.328040,2020-10-05 16:00:17.471511,Ladyjiao Womens Mewgaroo Pet Holder Cat Eared kangaroo Pouch Sweatshirt Hoodie,No,"18,699",B002G9UDYG,AE5PVJPICBQ2FOAK5PY6GC3O4CNA,B078W56BS2
21,AHM3ACLYXB6UA6YU7S4SZRJLMZ5A,True,It’s shit.,It’s really really thin. It’s not even good as a sweater. Once the cat goes in it all drops because of such thin fabric so low that it hurts.,"March 7, 2020",Chelsea Patterson,1.0,0,https://www.amazon.ca/gp/profile/amzn1.account.AHM3ACLYXB6UA6YU7S4SZRJLMZ5A/ref=cm_cr_getr_d_gw_btm?ie=UTF8,2020-10-05 16:00:17.476416,2020-10-05 16:00:17.605223,Ladyjiao Womens Mewgaroo Pet Holder Cat Eared kangaroo Pouch Sweatshirt Hoodie,No,"18,699",B002G9UDYG,AE5PVJPICBQ2FOAK5PY6GC3O4CNA,B078W56BS2
22,AEFU7Y4SWH5OQ6BUY5MWOSPRE7PA,True,Awesome concept! But it is a tight fitting sweater ...,Awesome concept! But it is a tight fitting sweater to begin with. Shoulders do not fit comfortably but my cat does like it.,"May 6, 2018",Pris,4.0,One,https://www.amazon.ca/gp/profile/amzn1.account.AEFU7Y4SWH5OQ6BUY5MWOSPRE7PA/ref=cm_cr_getr_d_gw_btm?ie=UTF8,2020-10-05 16:00:17.611079,2020-10-05 16:00:17.765327,Ladyjiao Womens Mewgaroo Pet Holder Cat Eared kangaroo Pouch Sweatshirt Hoodie,No,"18,699",B002G9UDYG,AE5PVJPICBQ2FOAK5PY6GC3O4CNA,B078W56BS2
23,AGD7KPVPRG4ABC33GPQC5OVWJZ2A,True,Cute and cozy,"Love it , very cozy and my pup loves it
Was very happy it has a zip out pouch","February 2, 2020",Laurie,5.0,0,https://www.amazon.ca/gp/profile/amzn1.account.AGD7KPVPRG4ABC33GPQC5OVWJZ2A/ref=cm_cr_getr_d_gw_btm?ie=UTF8,2020-10-05 16:00:17.770208,2020-10-05 16:00:17.898096,Ladyjiao Womens Mewgaroo Pet Holder Cat Eared kangaroo Pouch Sweatshirt Hoodie,No,"18,699",B002G9UDYG,AE5PVJPICBQ2FOAK5PY6GC3O4CNA,B078W56BS2
24,AGB5NSGHW7X3NNMWVYOBKV6J2OJA,True,I knew it would have beet to tight if i ...,I knew it would have beet to tight if i had took the right size so one size bigger ( cat need space too),"March 2, 2018",Marc-Andre Belanger,5.0,One,https://www.amazon.ca/gp/profile/amzn1.account.AGB5NSGHW7X3NNMWVYOBKV6J2OJA/ref=cm_cr_getr_d_gw_btm?ie=UTF8,2020-10-05 16:00:17.902954,2020-10-05 16:00:18.040570,Ladyjiao Womens Mewgaroo Pet Holder Cat Eared kangaroo Pouch Sweatshirt Hoodie,No,"18,699",B002G9UDYG,AE5PVJPICBQ2FOAK5PY6GC3O4CNA,B078W56BS2
25,AFZS5NPYF4STCEWIO3IN5EAYEM3Q,True,Get a size up from your regular size,"Was very disappointed as I washed this on a delicate cycle once and the poms completely fell apart.
Really couldn't wear it again as it looked ratty with the poms falling apart. Would not recommend.","December 21, 2019",Christopher Southern,1.0,0,https://www.amazon.ca/gp/profile/amzn1.account.AFZS5NPYF4STCEWIO3IN5EAYEM3Q/ref=cm_cr_getr_d_gw_btm?ie=UTF8,2020-10-05 16:00:18.051306,2020-10-05 16:00:18.183139,Ladyjiao Womens Mewgaroo Pet Holder Cat Eared kangaroo Pouch Sweatshirt Hoodie,No,"18,699",B002G9UDYG,AE5PVJPICBQ2FOAK5PY6GC3O4CNA,B078W56BS2
26,AE5GO7RHOQTGNZSQKJOTGVTKYHSA,True,Fun gift,Kid loves her cat and the cat is ok being carried around. Pocket zips out and easy to wash,"April 5, 2019",Wes Little,5.0,0,https://www.amazon.ca/gp/profile/amzn1.account.AE5GO7RHOQTGNZSQKJOTGVTKYHSA/ref=cm_cr_getr_d_gw_btm?ie=UTF8,2020-10-05 16:00:18.188019,2020-10-05 16:00:18.319778,Ladyjiao Womens Mewgaroo Pet Holder Cat Eared kangaroo Pouch Sweatshirt Hoodie,No,"18,699",B002G9UDYG,AE5PVJPICBQ2FOAK5PY6GC3O4CNA,B078W56BS2
27,AH6FTC33TCKN5XJMQI6CYUV7PPNQ,True,my small dog loves it!,I found having even my smallest kitty of 8.5lbs in the pouch really pulled down on the neck. You still need to hold under them to save your neck at that weight. However my injured 4.5lb dog loves being nice and snuggled up in her new favourite place to be,"March 17, 2019",Tammie B.,3.0,0,https://www.amazon.ca/gp/profile/amzn1.account.AH6FTC33TCKN5XJMQI6CYUV7PPNQ/ref=cm_cr_getr_d_gw_btm?ie=UTF8,2020-10-05 16:00:18.324658,2020-10-05 16:00:18.467154,Ladyjiao Womens Mewgaroo Pet Holder Cat Eared kangaroo Pouch Sweatshirt Hoodie,No,"18,699",B002G9UDYG,AE5PVJPICBQ2FOAK5PY6GC3O4CNA,B078W56BS2
28,AGYWY4NK3Y6KFRHL2UJ3ICJQDSHQ,True,Gift for my Mom,My Mom's dog loves it. She has had lots of people ask where she got it.,"September 27, 2019",The Bean0222,5.0,0,https://www.amazon.ca/gp/profile/amzn1.account.AGYWY4NK3Y6KFRHL2UJ3ICJQDSHQ/ref=cm_cr_getr_d_gw_btm?ie=UTF8,2020-10-05 16:00:18.472066,2020-10-05 16:00:18.599888,Ladyjiao Womens Mewgaroo Pet Holder Cat Eared kangaroo Pouch Sweatshirt Hoodie,No,"18,699",B002G9UDYG,AE5PVJPICBQ2FOAK5PY6GC3O4CNA,B078W56BS2
29,AGXXPN6LBT2ACAQV2SYYP2UIPE3Q,True,Cheap,Cheap! It’s so see through and cheaply made! I wouldn’t trust it to hold even a kitten. So disappointed,"August 4, 2020",Elyse P,2.0,0,https://www.amazon.ca/gp/profile/amzn1.account.AGXXPN6LBT2ACAQV2SYYP2UIPE3Q/ref=cm_cr_getr_d_gw_btm?ie=UTF8,2020-10-05 16:00:18.604769,2020-10-05 16:00:18.739477,Ladyjiao Womens Mewgaroo Pet Holder Cat Eared kangaroo Pouch Sweatshirt Hoodie,No,"18,699",B002G9UDYG,AE5PVJPICBQ2FOAK5PY6GC3O4CNA,B078W56BS2
30,AHTLLV3GAVJBDQ66TZJWBL67HTEQ,True,Good for small cats,Good sized cat pouch if you have a tiny cat. My 30 pound beast is definitely a tight squeeze. Actual product seems high quality,"November 22, 2017",Eden Sunflower,4.0,0,https://www.amazon.ca/gp/profile/amzn1.account.AHTLLV3GAVJBDQ66TZJWBL67HTEQ/ref=cm_cr_getr_d_gw_btm?ie=UTF8,2020-10-05 16:00:20.900780,2020-10-05 16:00:21.054013,Ladyjiao Womens Mewgaroo Pet Holder Cat Eared kangaroo Pouch Sweatshirt Hoodie,No,"18,699",B002G9UDYG,AE5PVJPICBQ2FOAK5PY6GC3O4CNA,B078W56BS2
31,AH6GFMYCPMV4VBHL7VUHBW7WS3LQ,True,Will definitely buy again!,"Love this!! I have 2 cats, a mainecoon(15lbs) and a domestic short hair(10lbs). Both cats fit perfectly, and I fit nicely! I ordered the largest size, as I love big hoodies! And it's perfect! Would by again!","October 1, 2019",Sydney Meade,5.0,0,https://www.amazon.ca/gp/profile/amzn1.account.AH6GFMYCPMV4VBHL7VUHBW7WS3LQ/ref=cm_cr_getr_d_gw_btm?ie=UTF8,2020-10-05 16:00:21.059869,2020-10-05 16:00:21.189676,Ladyjiao Womens Mewgaroo Pet Holder Cat Eared kangaroo Pouch Sweatshirt Hoodie,No,"18,699",B002G9UDYG,AE5PVJPICBQ2FOAK5PY6GC3O4CNA,B078W56BS2
32,AFXBPRSCL5QQ4CUGV36EZ6ZFMR2A,True,size up,size up - fits small XL looks like M,"May 17, 2020",Rachel,5.0,0,https://www.amazon.ca/gp/profile/amzn1.account.AFXBPRSCL5QQ4CUGV36EZ6ZFMR2A/ref=cm_cr_getr_d_gw_btm?ie=UTF8,2020-10-05 16:00:21.194557,2020-10-05 16:00:21.324365,Ladyjiao Womens Mewgaroo Pet Holder Cat Eared kangaroo Pouch Sweatshirt Hoodie,No,"18,699",B002G9UDYG,AE5PVJPICBQ2FOAK5PY6GC3O4CNA,B078W56BS2
33,AGYLSKZLVPOIPLLFZP25N3BHMC7A,True,Size up,"Size up 2 sizes. I only did one and it fit a little too snug. Otherwise, awesome. Cat loves it","June 2, 2018",Amazon Customer,5.0,One,https://www.amazon.ca/gp/profile/amzn1.account.AGYLSKZLVPOIPLLFZP25N3BHMC7A/ref=cm_cr_getr_d_gw_btm?ie=UTF8,2020-10-05 16:00:21.329243,2020-10-05 16:00:21.478571,Ladyjiao Womens Mewgaroo Pet Holder Cat Eared kangaroo Pouch Sweatshirt Hoodie,No,"18,699",B002G9UDYG,AE5PVJPICBQ2FOAK5PY6GC3O4CNA,B078W56BS2
34,AHFTJC4EJDOVE3KTOFF7ZWHDKYHA,True,It’s okay,"Size fits me well, but not enough room for the cat as well- pocket should be bigger. Material is garbage, very thin and poor quality material","March 19, 2019",Caity,2.0,0,https://www.amazon.ca/gp/profile/amzn1.account.AHFTJC4EJDOVE3KTOFF7ZWHDKYHA/ref=cm_cr_getr_d_gw_btm?ie=UTF8,2020-10-05 16:00:21.483452,2020-10-05 16:00:21.614235,Ladyjiao Womens Mewgaroo Pet Holder Cat Eared kangaroo Pouch Sweatshirt Hoodie,No,"18,699",B002G9UDYG,AE5PVJPICBQ2FOAK5PY6GC3O4CNA,B078W56BS2
35,AHORD3LSA3FSPWSWFYMY47GNMFNQ,True,as they had a great sizing chart I didn’t use,"Remember to order a little bigger. It was my fault, as they had a great sizing chart I didn’t use. Really cute sweater and just as described.","November 23, 2017",Carolyn,5.0,0,https://www.amazon.ca/gp/profile/amzn1.account.AHORD3LSA3FSPWSWFYMY47GNMFNQ/ref=cm_cr_getr_d_gw_btm?ie=UTF8,2020-10-05 16:00:21.619116,2020-10-05 16:00:21.754779,Ladyjiao Womens Mewgaroo Pet Holder Cat Eared kangaroo Pouch Sweatshirt Hoodie,No,"18,699",B002G9UDYG,AE5PVJPICBQ2FOAK5PY6GC3O4CNA,B078W56BS2
36,AEWO4FLAEEYHLMGG46P4A2CHJPDQ,True,Exactly as described .,"Great fun hoodie. Wife had a good laugh. Cat fits well on the pouch
Good quality","January 21, 2019",Mike Turner,5.0,0,https://www.amazon.ca/gp/profile/amzn1.account.AEWO4FLAEEYHLMGG46P4A2CHJPDQ/ref=cm_cr_getr_d_gw_btm?ie=UTF8,2020-10-05 16:00:21.758683,2020-10-05 16:00:21.904106,Ladyjiao Womens Mewgaroo Pet Holder Cat Eared kangaroo Pouch Sweatshirt Hoodie,No,"18,699",B002G9UDYG,AE5PVJPICBQ2FOAK5PY6GC3O4CNA,B078W56BS2
37,AHD2XCYRV3TJXGMA3A55F4IRIDGQ,True,Shipping times,"The item arrived late for xmas. It was a gift for my neice so very disappointing. It is, however, a nice quality hoodie that she loves.","January 4, 2020",Christine,2.0,0,https://www.amazon.ca/gp/profile/amzn1.account.AHD2XCYRV3TJXGMA3A55F4IRIDGQ/ref=cm_cr_getr_d_gw_btm?ie=UTF8,2020-10-05 16:00:21.908988,2020-10-05 16:00:22.039769,Ladyjiao Womens Mewgaroo Pet Holder Cat Eared kangaroo Pouch Sweatshirt Hoodie,No,"18,699",B002G9UDYG,AE5PVJPICBQ2FOAK5PY6GC3O4CNA,B078W56BS2
38,AHUOLUZW37Z5VZI7KEDVKMGFSHWA,True,Crazy cat lady,Adorable and the cat loves it!!!!,"November 9, 2019",Melani Donnelly,5.0,0,https://www.amazon.ca/gp/profile/amzn1.account.AHUOLUZW37Z5VZI7KEDVKMGFSHWA/ref=cm_cr_getr_d_gw_btm?ie=UTF8,2020-10-05 16:00:22.044651,2020-10-05 16:00:22.213498,Ladyjiao Womens Mewgaroo Pet Holder Cat Eared kangaroo Pouch Sweatshirt Hoodie,No,"18,699",B002G9UDYG,AE5PVJPICBQ2FOAK5PY6GC3O4CNA,B078W56BS2
39,AHNH7PEFIKGNMTCATQIJ4KXJXSHA,True,Meh,It’s very thin but it’s cute and my kitty likes getting carried around in it. Wish the pocket was a little bigger because my cat is a little on the chunky side but he still fits alright,"July 31, 2020",Samantha Busse,3.0,0,https://www.amazon.ca/gp/profile/amzn1.account.AHNH7PEFIKGNMTCATQIJ4KXJXSHA/ref=cm_cr_getr_d_gw_btm?ie=UTF8,2020-10-05 16:00:22.219354,2020-10-05 16:00:22.354071,Ladyjiao Womens Mewgaroo Pet Holder Cat Eared kangaroo Pouch Sweatshirt Hoodie,No,"18,699",B002G9UDYG,AE5PVJPICBQ2FOAK5PY6GC3O4CNA,B078W56BS2
40,AHT3LJ6UZDSDMVM5BLQW6ZSGXEVA,True,Good for kittens,"Good for kittens, not for an adult cat. Even my small 8lbs cat didnt’t enjoy it. Good concept but poorly made.","November 19, 2017",Savvy Shopper,2.0,One,https://www.amazon.ca/gp/profile/amzn1.account.AHT3LJ6UZDSDMVM5BLQW6ZSGXEVA/ref=cm_cr_getr_d_gw_btm?ie=UTF8,2020-10-05 16:00:27.478485,2020-10-05 16:00:27.616101,Ladyjiao Womens Mewgaroo Pet Holder Cat Eared kangaroo Pouch Sweatshirt Hoodie,No,"18,699",B002G9UDYG,AE5PVJPICBQ2FOAK5PY6GC3O4CNA,B078W56BS2
41,AFQXZZQLO5NS4PQZTZRH7RO45ZPA,True,too small,"doesn't fit, fits one size too small.","June 3, 2019",Victoria Bessette,2.0,0,https://www.amazon.ca/gp/profile/amzn1.account.AFQXZZQLO5NS4PQZTZRH7RO45ZPA/ref=cm_cr_getr_d_gw_btm?ie=UTF8,2020-10-05 16:00:27.620980,2020-10-05 16:00:27.779091,Ladyjiao Womens Mewgaroo Pet Holder Cat Eared kangaroo Pouch Sweatshirt Hoodie,No,"18,699",B002G9UDYG,AE5PVJPICBQ2FOAK5PY6GC3O4CNA,B078W56BS2
42,AGIKWX23JBD4UXGIBUEU4DZMRAHA,True,the pouch size is nice and love the finger holes,the pouch size is nice and love the finger holes. would be even better if the pouch was a little higher up as my cats seem to like sitting more in the chest area. One cat likes curling up in it the other not so much.,"February 23, 2018",Cindy Powell,4.0,0,https://www.amazon.ca/gp/profile/amzn1.account.AGIKWX23JBD4UXGIBUEU4DZMRAHA/ref=cm_cr_getr_d_gw_btm?ie=UTF8,2020-10-05 16:00:27.783971,2020-10-05 16:00:27.913849,Ladyjiao Womens Mewgaroo Pet Holder Cat Eared kangaroo Pouch Sweatshirt Hoodie,No,"18,699",B002G9UDYG,AE5PVJPICBQ2FOAK5PY6GC3O4CNA,B078W56BS2
43,AHD22QXNOUQFOBXCUIV6KIGS6Q2A,True,My cat liked it.,The pouch is not suited for a fat cat (15lbs) but she still fit and the seems have held so far. Very warm to have your cat tucked in and she enjoyed playing with the hoodie strings.,"January 3, 2020",Jacob,4.0,0,https://www.amazon.ca/gp/profile/amzn1.account.AHD22QXNOUQFOBXCUIV6KIGS6Q2A/ref=cm_cr_getr_d_gw_btm?ie=UTF8,2020-10-05 16:00:27.918729,2020-10-05 16:00:28.065128,Ladyjiao Womens Mewgaroo Pet Holder Cat Eared kangaroo Pouch Sweatshirt Hoodie,No,"18,699",B002G9UDYG,AE5PVJPICBQ2FOAK5PY6GC3O4CNA,B078W56BS2
44,AFJM6DD3RW4HIQX5A7MTOFTXGUFA,True,Five Stars,Order a size larger than your usual size,"July 24, 2018",Teena Johnson,5.0,0,https://www.amazon.ca/gp/profile/amzn1.account.AFJM6DD3RW4HIQX5A7MTOFTXGUFA/ref=cm_cr_getr_d_gw_btm?ie=UTF8,2020-10-05 16:00:28.070987,2020-10-05 16:00:28.219337,Ladyjiao Womens Mewgaroo Pet Holder Cat Eared kangaroo Pouch Sweatshirt Hoodie,No,"18,699",B002G9UDYG,AE5PVJPICBQ2FOAK5PY6GC3O4CNA,B078W56BS2
45,AFSC4345GSTGC6FWTRGVLMPG47XQ,True,Great,"Really nice for small dogs, they fit comfortably. It is ajustable depending on the dog size but it has to be a small dog, the hole is not that big.","May 9, 2017",Samantha Aleman,5.0,0,https://www.amazon.ca/gp/profile/amzn1.account.AFSC4345GSTGC6FWTRGVLMPG47XQ/ref=cm_cr_getr_d_gw_btm?ie=UTF8,2020-10-05 16:00:28.224217,2020-10-05 16:00:28.355000,Ladyjiao Womens Mewgaroo Pet Holder Cat Eared kangaroo Pouch Sweatshirt Hoodie,No,"18,699",B002G9UDYG,AE5PVJPICBQ2FOAK5PY6GC3O4CNA,B078W56BS2
46,AE6URG2HVPOLBUKF5454DYRL66QA,True,poor but not terrible.,"It's made of mostly polyester and some cotton, could be made with better material so it's stretchy. It also fits quite small.","May 25, 2017",Customer,3.0,One,https://www.amazon.ca/gp/profile/amzn1.account.AE6URG2HVPOLBUKF5454DYRL66QA/ref=cm_cr_getr_d_gw_btm?ie=UTF8,2020-10-05 16:00:28.359880,2020-10-05 16:00:28.507256,Ladyjiao Womens Mewgaroo Pet Holder Cat Eared kangaroo Pouch Sweatshirt Hoodie,No,"18,699",B002G9UDYG,AE5PVJPICBQ2FOAK5PY6GC3O4CNA,B078W56BS2
47,AFNVFEVWHU4ENMUKOT3LXNATFVVA,True,Perfect!,Perfect in every way. Extremely satisfied with it.,"January 12, 2017",Paula,5.0,2,https://www.amazon.ca/gp/profile/amzn1.account.AFNVFEVWHU4ENMUKOT3LXNATFVVA/ref=cm_cr_getr_d_gw_btm?ie=UTF8,2020-10-05 16:00:28.513148,2020-10-05 16:00:28.646859,Ladyjiao Womens Mewgaroo Pet Holder Cat Eared kangaroo Pouch Sweatshirt Hoodie,No,"18,699",B002G9UDYG,AE5PVJPICBQ2FOAK5PY6GC3O4CNA,B078W56BS2
48,AH2D4ZWXZK5FNOO6BFQ7WSEDSE6A,True,Five Stars,"pretty good, tho i think I should've gotten a bigger one...I like things a bit bigger in general","October 25, 2017",Yuki,5.0,0,https://www.amazon.ca/gp/profile/amzn1.account.AH2D4ZWXZK5FNOO6BFQ7WSEDSE6A/ref=cm_cr_getr_d_gw_btm?ie=UTF8,2020-10-05 16:00:28.651739,2020-10-05 16:00:28.783516,Ladyjiao Womens Mewgaroo Pet Holder Cat Eared kangaroo Pouch Sweatshirt Hoodie,No,"18,699",B002G9UDYG,AE5PVJPICBQ2FOAK5PY6GC3O4CNA,B078W56BS2
49,AEF7ML7VUISZNB4UH2Y73TCYE2VQ,True,Poids du chat trop pour le gilet,Mon chat est petit 8 livres c’est trop de poids pour ce gilet mon gris d Afrique l’adore par contre,"February 8, 2020",Nancy Cournoyer,3.0,0,https://www.amazon.ca/gp/profile/amzn1.account.AEF7ML7VUISZNB4UH2Y73TCYE2VQ/ref=cm_cr_getr_d_gw_btm?ie=UTF8,2020-10-05 16:00:28.788395,2020-10-05 16:00:28.938700,Ladyjiao Womens Mewgaroo Pet Holder Cat Eared kangaroo Pouch Sweatshirt Hoodie,No,"18,699",B002G9UDYG,AE5PVJPICBQ2FOAK5PY6GC3O4CNA,B078W56BS2
50,AGTZDISLBRCJWPAY2GSFZRYA4MBA,True,À essayer pour ceux qui ont leur deux mains avec une seule main difficile de tenir le chien,Pour promener mes petit chien mais j’aurais aimé qu’il ait un petit coussin au fond,"July 31, 2019",Client d'Amazon,5.0,0,https://www.amazon.ca/gp/profile/amzn1.account.AGTZDISLBRCJWPAY2GSFZRYA4MBA/ref=cm_cr_getr_d_gw_btm?ie=UTF8,2020-10-05 16:00:33.093242,2020-10-05 16:00:33.277703,Ladyjiao Womens Mewgaroo Pet Holder Cat Eared kangaroo Pouch Sweatshirt Hoodie,No,"18,699",B002G9UDYG,AE5PVJPICBQ2FOAK5PY6GC3O4CNA,B078W56BS2
51,AECK2LVPKB76V2ANJ2XLPS6FYRSQ,True,Cool cat ear on the hoodie,The colour of hoodie and it was warm,"September 23, 2019",Amazon Customer,5.0,0,https://www.amazon.ca/gp/profile/amzn1.account.AECK2LVPKB76V2ANJ2XLPS6FYRSQ/ref=cm_cr_getr_d_gw_btm?ie=UTF8,2020-10-05 16:00:33.282584,2020-10-05 16:00:33.413368,Ladyjiao Womens Mewgaroo Pet Holder Cat Eared kangaroo Pouch Sweatshirt Hoodie,No,"18,699",B002G9UDYG,AE5PVJPICBQ2FOAK5PY6GC3O4CNA,B078W56BS2
52,AFOUZ7XMFUMA4LAM3DTB4TK2GRJQ,True,Good,Thang very fast... 2 day only..,"December 9, 2019",Wassabi,5.0,0,https://www.amazon.ca/gp/profile/amzn1.account.AFOUZ7XMFUMA4LAM3DTB4TK2GRJQ/ref=cm_cr_getr_d_gw_btm?ie=UTF8,2020-10-05 16:00:33.418247,2020-10-05 16:00:33.565623,Ladyjiao Womens Mewgaroo Pet Holder Cat Eared kangaroo Pouch Sweatshirt Hoodie,No,"18,699",B002G9UDYG,AE5PVJPICBQ2FOAK5PY6GC3O4CNA,B078W56BS2
53,AGOS4DFCY2TIBW6INSJQAXRSVHVA,True,Great product,My wife loves it,"December 17, 2017",Mikal,4.0,0,https://www.amazon.ca/gp/profile/amzn1.account.AGOS4DFCY2TIBW6INSJQAXRSVHVA/ref=cm_cr_getr_d_gw_btm?ie=UTF8,2020-10-05 16:00:33.571511,2020-10-05 16:00:33.705192,Ladyjiao Womens Mewgaroo Pet Holder Cat Eared kangaroo Pouch Sweatshirt Hoodie,No,"18,699",B002G9UDYG,AE5PVJPICBQ2FOAK5PY6GC3O4CNA,B078W56BS2
54,AFVEZEVBIMDRWNQTBT4GHZOT7PNQ,True,Amazing quality,"Amazing quality, fast shipping. Very impressed with how it looks. Giving it to my friend as an xmas gift. Excited to see her reaction","December 1, 2018",Amazon Customer,5.0,0,https://www.amazon.ca/gp/profile/amzn1.account.AFVEZEVBIMDRWNQTBT4GHZOT7PNQ/ref=cm_cr_getr_d_gw_btm?ie=UTF8,2020-10-05 16:00:33.710071,2020-10-05 16:00:33.841831,Ladyjiao Womens Mewgaroo Pet Holder Cat Eared kangaroo Pouch Sweatshirt Hoodie,No,"18,699",B002G9UDYG,AE5PVJPICBQ2FOAK5PY6GC3O4CNA,B078W56BS2
55,AFRZQMAXTY5L5KFUNMEOV6IOBQFA,True,Soft and cat loves it,"Very good quailty, very warm and the cat loves it","April 29, 2019",Sam Chang,5.0,0,https://www.amazon.ca/gp/profile/amzn1.account.AFRZQMAXTY5L5KFUNMEOV6IOBQFA/ref=cm_cr_getr_d_gw_btm?ie=UTF8,2020-10-05 16:00:33.846710,2020-10-05 16:00:33.994087,Ladyjiao Womens Mewgaroo Pet Holder Cat Eared kangaroo Pouch Sweatshirt Hoodie,No,"18,699",B002G9UDYG,AE5PVJPICBQ2FOAK5PY6GC3O4CNA,B078W56BS2
56,AGFUQFUYC5JSBXDJ3JTA3CEOQ7ZQ,True,Super cute! Worth the price!,Great quality. Super cute. Cozy and fits our large cat in the pouch. Would buy again!,"January 10, 2018",Pk2727,5.0,0,https://www.amazon.ca/gp/profile/amzn1.account.AGFUQFUYC5JSBXDJ3JTA3CEOQ7ZQ/ref=cm_cr_getr_d_gw_btm?ie=UTF8,2020-10-05 16:00:33.999942,2020-10-05 16:00:34.131701,Ladyjiao Womens Mewgaroo Pet Holder Cat Eared kangaroo Pouch Sweatshirt Hoodie,No,"18,699",B002G9UDYG,AE5PVJPICBQ2FOAK5PY6GC3O4CNA,B078W56BS2
57,AGZAGQZQN74DHZ2YLGVTTYFBLERA,True,Pouch way to small!!,Pouch was advertised as relatively large but was so small it didn't fit either of my cats. Both of which are only medium sized cars. Wouldn't recommend it.,"January 24, 2018",Tim,1.0,0,https://www.amazon.ca/gp/profile/amzn1.account.AGZAGQZQN74DHZ2YLGVTTYFBLERA/ref=cm_cr_getr_d_gw_btm?ie=UTF8,2020-10-05 16:00:34.136582,2020-10-05 16:00:34.269318,Ladyjiao Womens Mewgaroo Pet Holder Cat Eared kangaroo Pouch Sweatshirt Hoodie,No,"18,699",B002G9UDYG,AE5PVJPICBQ2FOAK5PY6GC3O4CNA,B078W56BS2
58,AEPORUUALFBFNBDDLVVSYSFBIODA,True,Buy 2 sizes largee,Great hoodie but buy it 2 sizes bigger than you need,"December 7, 2018",Cynthia Greene,5.0,0,https://www.amazon.ca/gp/profile/amzn1.account.AEPORUUALFBFNBDDLVVSYSFBIODA/ref=cm_cr_getr_d_gw_btm?ie=UTF8,2020-10-05 16:00:34.274200,2020-10-05 16:00:34.425477,Ladyjiao Womens Mewgaroo Pet Holder Cat Eared kangaroo Pouch Sweatshirt Hoodie,No,"18,699",B002G9UDYG,AE5PVJPICBQ2FOAK5PY6GC3O4CNA,B078W56BS2
59,AGAQBU4QCEGCI25HM2GQABG3UDXA,True,Cute hoody,I carry my kittens in the pocket. Cute concept. Cheaply made but ok overall. Made a little small.,"May 27, 2020",SL,4.0,0,https://www.amazon.ca/gp/profile/amzn1.account.AGAQBU4QCEGCI25HM2GQABG3UDXA/ref=cm_cr_getr_d_gw_btm?ie=UTF8,2020-10-05 16:00:34.430357,2020-10-05 16:00:34.562117,Ladyjiao Womens Mewgaroo Pet Holder Cat Eared kangaroo Pouch Sweatshirt Hoodie,No,"18,699",B002G9UDYG,AE5PVJPICBQ2FOAK5PY6GC3O4CNA,B078W56BS2
60,AF72CSOVMHYTZK2F7W42PYC2GHEA,True,Good quality,"Good quality, washed well no shrinking-now to convince the cats to like it....","March 27, 2017",Megan Adams,4.0,One,https://www.amazon.ca/gp/profile/amzn1.account.AF72CSOVMHYTZK2F7W42PYC2GHEA/ref=cm_cr_getr_d_gw_btm?ie=UTF8,2020-10-05 16:00:36.717382,2020-10-05 16:00:36.852070,Ladyjiao Womens Mewgaroo Pet Holder Cat Eared kangaroo Pouch Sweatshirt Hoodie,No,"18,699",B002G9UDYG,AE5PVJPICBQ2FOAK5PY6GC3O4CNA,B078W56BS2
61,AG3JHDKTIPGFVVC2ZXVEYTIG4VUA,True,Way way way too small,Way too small,"February 13, 2020",Queenbee 72,1.0,0,https://www.amazon.ca/gp/profile/amzn1.account.AG3JHDKTIPGFVVC2ZXVEYTIG4VUA/ref=cm_cr_getr_d_gw_btm?ie=UTF8,2020-10-05 16:00:36.856949,2020-10-05 16:00:36.987733,Ladyjiao Womens Mewgaroo Pet Holder Cat Eared kangaroo Pouch Sweatshirt Hoodie,No,"18,699",B002G9UDYG,AE5PVJPICBQ2FOAK5PY6GC3O4CNA,B078W56BS2
62,AHDVL4FBTHKN43KIE4DNHTJDAMMQ,True,Five Stars,Great service and great quality,"April 4, 2018",robert kaag,5.0,0,https://www.amazon.ca/gp/profile/amzn1.account.AHDVL4FBTHKN43KIE4DNHTJDAMMQ/ref=cm_cr_getr_d_gw_btm?ie=UTF8,2020-10-05 16:00:36.993614,2020-10-05 16:00:37.124373,Ladyjiao Womens Mewgaroo Pet Holder Cat Eared kangaroo Pouch Sweatshirt Hoodie,No,"18,699",B002G9UDYG,AE5PVJPICBQ2FOAK5PY6GC3O4CNA,B078W56BS2
63,AFJVICAM2F7LCN25WQIMPWI7BWMA,True,Cute but not really worth it,Not the best construction. Flimsy materials. Already tearing after a month,"December 10, 2019",Erin,3.0,0,https://www.amazon.ca/gp/profile/amzn1.account.AFJVICAM2F7LCN25WQIMPWI7BWMA/ref=cm_cr_getr_d_gw_btm?ie=UTF8,2020-10-05 16:00:37.129286,2020-10-05 16:00:37.275685,Ladyjiao Womens Mewgaroo Pet Holder Cat Eared kangaroo Pouch Sweatshirt Hoodie,No,"18,699",B002G9UDYG,AE5PVJPICBQ2FOAK5PY6GC3O4CNA,B078W56BS2
64,AH42SYWFJDR6GGCVSFLV2KI2ZATQ,True,Two Stars,"Not typical sweat shirt material, very light and not particularly soft.","July 18, 2017",Jennifer,2.0,One,https://www.amazon.ca/gp/profile/amzn1.account.AH42SYWFJDR6GGCVSFLV2KI2ZATQ/ref=cm_cr_getr_d_gw_btm?ie=UTF8,2020-10-05 16:00:37.280565,2020-10-05 16:00:37.413301,Ladyjiao Womens Mewgaroo Pet Holder Cat Eared kangaroo Pouch Sweatshirt Hoodie,No,"18,699",B002G9UDYG,AE5PVJPICBQ2FOAK5PY6GC3O4CNA,B078W56BS2
65,AG3FIWNJP6KCZMXU3HHYA643GTQA,True,High quality.,"I loved it, very cute and warm.","June 27, 2019",Fernanda Berniz,5.0,0,https://www.amazon.ca/gp/profile/amzn1.account.AG3FIWNJP6KCZMXU3HHYA643GTQA/ref=cm_cr_getr_d_gw_btm?ie=UTF8,2020-10-05 16:00:37.418181,2020-10-05 16:00:37.548997,Ladyjiao Womens Mewgaroo Pet Holder Cat Eared kangaroo Pouch Sweatshirt Hoodie,No,"18,699",B002G9UDYG,AE5PVJPICBQ2FOAK5PY6GC3O4CNA,B078W56BS2
66,AGYBAMA6OVZVFUO7CTUJJNTRMFCQ,True,Five Stars,Love it. Was present for a friend and it was perfect,"February 21, 2018",Amazon Customer,5.0,0,https://www.amazon.ca/gp/profile/amzn1.account.AGYBAMA6OVZVFUO7CTUJJNTRMFCQ/ref=cm_cr_getr_d_gw_btm?ie=UTF8,2020-10-05 16:00:37.553878,2020-10-05 16:00:37.709061,Ladyjiao Womens Mewgaroo Pet Holder Cat Eared kangaroo Pouch Sweatshirt Hoodie,No,"18,699",B002G9UDYG,AE5PVJPICBQ2FOAK5PY6GC3O4CNA,B078W56BS2
67,AFC7TIAMTUD4JFCCI73D2D2ZJMXA,True,fit cats of all,fit cats of all sizes,"March 30, 2018",Mario Pepe,5.0,0,https://www.amazon.ca/gp/profile/amzn1.account.AFC7TIAMTUD4JFCCI73D2D2ZJMXA/ref=cm_cr_getr_d_gw_btm?ie=UTF8,2020-10-05 16:00:37.713942,2020-10-05 16:00:37.845702,Ladyjiao Womens Mewgaroo Pet Holder Cat Eared kangaroo Pouch Sweatshirt Hoodie,No,"18,699",B002G9UDYG,AE5PVJPICBQ2FOAK5PY6GC3O4CNA,B078W56BS2
68,AFXJNPBH4EX6N7CC72TVZCMJMNQQ,True,Great item and quality,Fast shipping and very nice item. Fit great as well. the cat and ferret also like to snuggle in it.,"May 9, 2017",Lisa B,5.0,0,https://www.amazon.ca/gp/profile/amzn1.account.AFXJNPBH4EX6N7CC72TVZCMJMNQQ/ref=cm_cr_getr_d_gw_btm?ie=UTF8,2020-10-05 16:00:37.850581,2020-10-05 16:00:37.982342,Ladyjiao Womens Mewgaroo Pet Holder Cat Eared kangaroo Pouch Sweatshirt Hoodie,No,"18,699",B002G9UDYG,AE5PVJPICBQ2FOAK5PY6GC3O4CNA,B078W56BS2
69,AEROPLITT3LJM5HI7TR5JTRV6CRA,True,Bien,Répond à la description.,"March 19, 2020",Benoit,4.0,0,https://www.amazon.ca/gp/profile/amzn1.account.AEROPLITT3LJM5HI7TR5JTRV6CRA/ref=cm_cr_getr_d_gw_btm?ie=UTF8,2020-10-05 16:00:37.987221,2020-10-05 16:00:38.119026,Ladyjiao Womens Mewgaroo Pet Holder Cat Eared kangaroo Pouch Sweatshirt Hoodie,No,"18,699",B002G9UDYG,AE5PVJPICBQ2FOAK5PY6GC3O4CNA,B078W56BS2
70,AERUBJYMEF67LBHMNWVR5Q7TKV3Q,True,Sizing problems,"XXL is not obviously North American fit, would be a medium here.","December 4, 2017",Amazon Customer,1.0,One,https://www.amazon.ca/gp/profile/amzn1.account.AERUBJYMEF67LBHMNWVR5Q7TKV3Q/ref=cm_cr_getr_d_gw_btm?ie=UTF8,2020-10-05 16:00:40.247797,2020-10-05 16:00:40.384475,Ladyjiao Womens Mewgaroo Pet Holder Cat Eared kangaroo Pouch Sweatshirt Hoodie,No,"18,699",B002G9UDYG,AE5PVJPICBQ2FOAK5PY6GC3O4CNA,B078W56BS2
71,AFJSQIINSEUQKWPWF45ZEJQNMHLQ,True,Five Stars,Parfait pour coller notre petite Yorkshire !!!,"May 26, 2017",Jocelyn Larouche,5.0,0,https://www.amazon.ca/gp/profile/amzn1.account.AFJSQIINSEUQKWPWF45ZEJQNMHLQ/ref=cm_cr_getr_d_gw_btm?ie=UTF8,2020-10-05 16:00:40.388378,2020-10-05 16:00:40.519192,Ladyjiao Womens Mewgaroo Pet Holder Cat Eared kangaroo Pouch Sweatshirt Hoodie,No,"18,699",B002G9UDYG,AE5PVJPICBQ2FOAK5PY6GC3O4CNA,B078W56BS2
72,AEVFTSTR5WTQ5X3QCWY4G7C3SUTA,True,Very cute!,"I Love it, very good quality! Fast shipping! I highly recommend this item and the price is great. Happy customer","May 9, 2017",DC,5.0,0,https://www.amazon.ca/gp/profile/amzn1.account.AEVFTSTR5WTQ5X3QCWY4G7C3SUTA/ref=cm_cr_getr_d_gw_btm?ie=UTF8,2020-10-05 16:00:40.524043,2020-10-05 16:00:40.653850,Ladyjiao Womens Mewgaroo Pet Holder Cat Eared kangaroo Pouch Sweatshirt Hoodie,No,"18,699",B002G9UDYG,AE5PVJPICBQ2FOAK5PY6GC3O4CNA,B078W56BS2
73,AFNYXBH5X245H5TNHLZJNGOQAOOA,True,Five Stars,good quality!,"February 20, 2018",Brandon Pickett,5.0,0,https://www.amazon.ca/gp/profile/amzn1.account.AFNYXBH5X245H5TNHLZJNGOQAOOA/ref=cm_cr_getr_d_gw_btm?ie=UTF8,2020-10-05 16:00:40.658731,2020-10-05 16:00:40.794395,Ladyjiao Womens Mewgaroo Pet Holder Cat Eared kangaroo Pouch Sweatshirt Hoodie,No,"18,699",B002G9UDYG,AE5PVJPICBQ2FOAK5PY6GC3O4CNA,B078W56BS2
74,AFR4MGPX32QMHJD22UQUYXMUJMSQ,True,good product,recipient loved it,"December 31, 2019",wj milsom,5.0,0,https://www.amazon.ca/gp/profile/amzn1.account.AFR4MGPX32QMHJD22UQUYXMUJMSQ/ref=cm_cr_getr_d_gw_btm?ie=UTF8,2020-10-05 16:00:40.799275,2020-10-05 16:00:40.935914,Ladyjiao Womens Mewgaroo Pet Holder Cat Eared kangaroo Pouch Sweatshirt Hoodie,No,"18,699",B002G9UDYG,AE5PVJPICBQ2FOAK5PY6GC3O4CNA,B078W56BS2
75,AFVUJIFHSZF2ZC2ZY3KDWFO7FAKA,True,perfect fit,Everything is as expected.,"November 18, 2018",Amazon Customer,5.0,0,https://www.amazon.ca/gp/profile/amzn1.account.AFVUJIFHSZF2ZC2ZY3KDWFO7FAKA/ref=cm_cr_getr_d_gw_btm?ie=UTF8,2020-10-05 16:00:40.943724,2020-10-05 16:00:41.077434,Ladyjiao Womens Mewgaroo Pet Holder Cat Eared kangaroo Pouch Sweatshirt Hoodie,No,"18,699",B002G9UDYG,AE5PVJPICBQ2FOAK5PY6GC3O4CNA,B078W56BS2
76,AGGKJASQSOWAGLUG2LY2B2V6Q6ZA,True,Cat sweater,This is even better than expected... My kitten loves it.I,"March 9, 2017",Deborah Richatds,5.0,One,https://www.amazon.ca/gp/profile/amzn1.account.AGGKJASQSOWAGLUG2LY2B2V6Q6ZA/ref=cm_cr_getr_d_gw_btm?ie=UTF8,2020-10-05 16:00:41.082313,2020-10-05 16:00:41.219930,Ladyjiao Womens Mewgaroo Pet Holder Cat Eared kangaroo Pouch Sweatshirt Hoodie,No,"18,699",B002G9UDYG,AE5PVJPICBQ2FOAK5PY6GC3O4CNA,B078W56BS2
77,AEOE2GY6JASGNAX72FT6XFY6C6RQ,True,Five Stars,Granddaughter loves it!,"October 21, 2017",Gloria,5.0,0,https://www.amazon.ca/gp/profile/amzn1.account.AEOE2GY6JASGNAX72FT6XFY6C6RQ/ref=cm_cr_getr_d_gw_btm?ie=UTF8,2020-10-05 16:00:41.224810,2020-10-05 16:00:41.355593,Ladyjiao Womens Mewgaroo Pet Holder Cat Eared kangaroo Pouch Sweatshirt Hoodie,No,"18,699",B002G9UDYG,AE5PVJPICBQ2FOAK5PY6GC3O4CNA,B078W56BS2
78,AFXGROJQ3O5BFBB57MPEZBCTWPOA,True,but its cool.,"Cats ignore it, but its cool.","January 11, 2018",lewisbelgum,5.0,0,https://www.amazon.ca/gp/profile/amzn1.account.AFXGROJQ3O5BFBB57MPEZBCTWPOA/ref=cm_cr_getr_d_gw_btm?ie=UTF8,2020-10-05 16:00:41.360473,2020-10-05 16:00:41.493209,Ladyjiao Womens Mewgaroo Pet Holder Cat Eared kangaroo Pouch Sweatshirt Hoodie,No,"18,699",B002G9UDYG,AE5PVJPICBQ2FOAK5PY6GC3O4CNA,B078W56BS2
79,AHIQO3KMTBUQY4EGKCZSUEU4QFQA,True,Cheap made,Doesn't fit right sizing is off,"December 2, 2019",Vicki Hales,1.0,0,https://www.amazon.ca/gp/profile/amzn1.account.AHIQO3KMTBUQY4EGKCZSUEU4QFQA/ref=cm_cr_getr_d_gw_btm?ie=UTF8,2020-10-05 16:00:41.498088,2020-10-05 16:00:41.658152,Ladyjiao Womens Mewgaroo Pet Holder Cat Eared kangaroo Pouch Sweatshirt Hoodie,No,"18,699",B002G9UDYG,AE5PVJPICBQ2FOAK5PY6GC3O4CNA,B078W56BS2
80,AHIKEFEUYY3LBG4427NXLHZWNIIA,True,Would not buy again,Was way to small. fabric was itchy and cheap.,"June 13, 2019",Patricia Balkwill,1.0,0,https://www.amazon.ca/gp/profile/amzn1.account.AHIKEFEUYY3LBG4427NXLHZWNIIA/ref=cm_cr_getr_d_gw_btm?ie=UTF8,2020-10-05 16:00:45.766571,2020-10-05 16:00:45.901260,Ladyjiao Womens Mewgaroo Pet Holder Cat Eared kangaroo Pouch Sweatshirt Hoodie,No,"18,699",B002G9UDYG,AE5PVJPICBQ2FOAK5PY6GC3O4CNA,B078W56BS2
81,AEX33D7DMZQOCH7VH2VHGIZYKNWQ,True,Good for the price,It fit me just not my 15 pound cat.,"September 25, 2019",Krista D,5.0,0,https://www.amazon.ca/gp/profile/amzn1.account.AEX33D7DMZQOCH7VH2VHGIZYKNWQ/ref=cm_cr_getr_d_gw_btm?ie=UTF8,2020-10-05 16:00:45.906139,2020-10-05 16:00:46.037899,Ladyjiao Womens Mewgaroo Pet Holder Cat Eared kangaroo Pouch Sweatshirt Hoodie,No,"18,699",B002G9UDYG,AE5PVJPICBQ2FOAK5PY6GC3O4CNA,B078W56BS2
82,AGBTJZI36IMSZS42WFO7K3FIZSXA,True,Five Stars,Love love love!,"December 11, 2017",Billie lynn,5.0,0,https://www.amazon.ca/gp/profile/amzn1.account.AGBTJZI36IMSZS42WFO7K3FIZSXA/ref=cm_cr_getr_d_gw_btm?ie=UTF8,2020-10-05 16:00:46.042777,2020-10-05 16:00:46.177466,Ladyjiao Womens Mewgaroo Pet Holder Cat Eared kangaroo Pouch Sweatshirt Hoodie,No,"18,699",B002G9UDYG,AE5PVJPICBQ2FOAK5PY6GC3O4CNA,B078W56BS2
83,AGHVBN5MD7CG6PJMBOEGM5UZ44IQ,True,Five Stars,great ....my dog loves it,"July 6, 2018",Karen Hillier,5.0,0,https://www.amazon.ca/gp/profile/amzn1.account.AGHVBN5MD7CG6PJMBOEGM5UZ44IQ/ref=cm_cr_getr_d_gw_btm?ie=UTF8,2020-10-05 16:00:46.182345,2020-10-05 16:00:46.315081,Ladyjiao Womens Mewgaroo Pet Holder Cat Eared kangaroo Pouch Sweatshirt Hoodie,No,"18,699",B002G9UDYG,AE5PVJPICBQ2FOAK5PY6GC3O4CNA,B078W56BS2
84,AHRN7JYGMHZ333ICMIVXY6KYIBQQ,True,Not for average sized adult cats,The pouch isn't big enough.,"April 18, 2020",George,1.0,0,https://www.amazon.ca/gp/profile/amzn1.account.AHRN7JYGMHZ333ICMIVXY6KYIBQQ/ref=cm_cr_getr_d_gw_btm?ie=UTF8,2020-10-05 16:00:46.319961,2020-10-05 16:00:46.455624,Ladyjiao Womens Mewgaroo Pet Holder Cat Eared kangaroo Pouch Sweatshirt Hoodie,No,"18,699",B002G9UDYG,AE5PVJPICBQ2FOAK5PY6GC3O4CNA,B078W56BS2
85,AHTFEC2M7PG5BDVGOFHOT2CK4SZA,True,Cheaper fabric,Was t crazy about the quality of the fabric.,"December 6, 2018",Nadine,3.0,0,https://www.amazon.ca/gp/profile/amzn1.account.AHTFEC2M7PG5BDVGOFHOT2CK4SZA/ref=cm_cr_getr_d_gw_btm?ie=UTF8,2020-10-05 16:00:46.460541,2020-10-05 16:00:46.615723,Ladyjiao Womens Mewgaroo Pet Holder Cat Eared kangaroo Pouch Sweatshirt Hoodie,No,"18,699",B002G9UDYG,AE5PVJPICBQ2FOAK5PY6GC3O4CNA,B078W56BS2
86,AG2POIZ53TT6QDGYA3FI6APG4INA,True,Five Stars,Tres confortable,"May 22, 2017",Marcelle verreault,5.0,0,https://www.amazon.ca/gp/profile/amzn1.account.AG2POIZ53TT6QDGYA3FI6APG4INA/ref=cm_cr_getr_d_gw_btm?ie=UTF8,2020-10-05 16:00:46.620604,2020-10-05 16:00:46.756294,Ladyjiao Womens Mewgaroo Pet Holder Cat Eared kangaroo Pouch Sweatshirt Hoodie,No,"18,699",B002G9UDYG,AE5PVJPICBQ2FOAK5PY6GC3O4CNA,B078W56BS2
87,AGVMTH2P2SZOGAXMWCFYSGUINK4Q,True,she is very happy and was a great surprise,"was purchased for my daughter , she is very happy and was a great surprise, says it fits perfect","April 25, 2017",Karen,5.0,0,https://www.amazon.ca/gp/profile/amzn1.account.AGVMTH2P2SZOGAXMWCFYSGUINK4Q/ref=cm_cr_getr_d_gw_btm?ie=UTF8,2020-10-05 16:00:46.760199,2020-10-05 16:00:46.892933,Ladyjiao Womens Mewgaroo Pet Holder Cat Eared kangaroo Pouch Sweatshirt Hoodie,No,"18,699",B002G9UDYG,AE5PVJPICBQ2FOAK5PY6GC3O4CNA,B078W56BS2
88,AHQY54QS7CEH3QO3FUHNU26US3MQ,True,Save your money,Super Cheap material,"February 8, 2019",Milensky ,1.0,0,https://www.amazon.ca/gp/profile/amzn1.account.AHQY54QS7CEH3QO3FUHNU26US3MQ/ref=cm_cr_getr_d_gw_btm?ie=UTF8,2020-10-05 16:00:46.897815,2020-10-05 16:00:47.030549,Ladyjiao Womens Mewgaroo Pet Holder Cat Eared kangaroo Pouch Sweatshirt Hoodie,No,"18,699",B002G9UDYG,AE5PVJPICBQ2FOAK5PY6GC3O4CNA,B078W56BS2
89,AF5SCMEH2T22ZIU3J3EQ6GE43H6A,True,Good,Good,"June 30, 2018",Ann,5.0,0,https://www.amazon.ca/gp/profile/amzn1.account.AF5SCMEH2T22ZIU3J3EQ6GE43H6A/ref=cm_cr_getr_d_gw_btm?ie=UTF8,2020-10-05 16:00:47.035430,2020-10-05 16:00:47.172104,Ladyjiao Womens Mewgaroo Pet Holder Cat Eared kangaroo Pouch Sweatshirt Hoodie,No,"18,699",B002G9UDYG,AE5PVJPICBQ2FOAK5PY6GC3O4CNA,B078W56BS2
90,AGDO2MYW3XMSE5TI7ILZHDS5L3KA,True,"It holds a large cat too, it’s perfect",Great product,"September 24, 2020",Stacey Andrews,5.0,0,https://www.amazon.ca/gp/profile/amzn1.account.AGDO2MYW3XMSE5TI7ILZHDS5L3KA/ref=cm_cr_getr_d_gw_btm?ie=UTF8,2020-10-05 16:00:51.326892,2020-10-05 16:00:51.470363,Ladyjiao Womens Mewgaroo Pet Holder Cat Eared kangaroo Pouch Sweatshirt Hoodie,No,"18,699",B002G9UDYG,AE5PVJPICBQ2FOAK5PY6GC3O4CNA,B078W56BS2
91,AGG2YR34WWXZHKW4EVV43SJSAVYA,True,Ugh,Not good,"June 13, 2019",nickole stacia buck,1.0,0,https://www.amazon.ca/gp/profile/amzn1.account.AGG2YR34WWXZHKW4EVV43SJSAVYA/ref=cm_cr_getr_d_gw_btm?ie=UTF8,2020-10-05 16:00:51.475244,2020-10-05 16:00:51.617740,Ladyjiao Womens Mewgaroo Pet Holder Cat Eared kangaroo Pouch Sweatshirt Hoodie,No,"18,699",B002G9UDYG,AE5PVJPICBQ2FOAK5PY6GC3O4CNA,B078W56BS2
92,AGDYM56J6GITWU5I65DNF4367LIA,True,Four Stars,does fit small so order a size up,"January 26, 2018",Elizabeth Wright,4.0,0,https://www.amazon.ca/gp/profile/amzn1.account.AGDYM56J6GITWU5I65DNF4367LIA/ref=cm_cr_getr_d_gw_btm?ie=UTF8,2020-10-05 16:00:51.621643,2020-10-05 16:00:51.769019,Ladyjiao Womens Mewgaroo Pet Holder Cat Eared kangaroo Pouch Sweatshirt Hoodie,No,"18,699",B002G9UDYG,AE5PVJPICBQ2FOAK5PY6GC3O4CNA,B078W56BS2
93,AHIPVQWDDP6ZZUFXTP3UTD2RI4SQ,True,Beautiful and soft unisex hoodie,This sweater was everything i expected it to be. I ordered 2 sizes larger and it fit perfectly. The material is a bit thin but I hoped that because summer is close. The inside of the hood and pouch feel heavenly. Would definelty recommend,"March 22, 2017",asd,5.0,4,https://www.amazon.ca/gp/profile/amzn1.account.AHIPVQWDDP6ZZUFXTP3UTD2RI4SQ/ref=cm_cr_getr_d_gw_btm?ie=UTF8,2020-10-05 16:00:51.773899,2020-10-05 16:00:51.911551,Ladyjiao Womens Mewgaroo Pet Holder Cat Eared kangaroo Pouch Sweatshirt Hoodie,No,"18,699",B002G9UDYG,AE5PVJPICBQ2FOAK5PY6GC3O4CNA,B078W56BS2
94,AH3WHS35RYRSEROOIS2OVHWJ22YA,False,Very happy with this hoodie!,This hoodie was much better than some of the reviews made it sound. It is a little thin but the product looks very polished and is well made. I bought a large and it fits me very well so I definitely recommend getting a size or two up if you want it to fit. It also came a month before expected which was a very exciting surprise. My chihuahua is 10 pounds so she just fits. Any pet that’s bigger than 10 pounds probably won’t fit in this hoodie. In all I’m VERY happy with this hoodie!,"January 16, 2019",Rebecca,4.0,6,https://www.amazon.ca/gp/profile/amzn1.account.AH3WHS35RYRSEROOIS2OVHWJ22YA/ref=cm_cr_getr_d_gw_btm?ie=UTF8,2020-10-05 16:00:51.927167,2020-10-05 16:00:52.053096,Ladyjiao Womens Mewgaroo Pet Holder Cat Eared kangaroo Pouch Sweatshirt Hoodie,No,"18,699",B002G9UDYG,AE5PVJPICBQ2FOAK5PY6GC3O4CNA,B078W56BS2
95,AFFMQUBR7R46I433CVACZDTQ3PRA,False,Very comfortable,"This sweater was much better than what I was expecting based on the comments. It is very thin which makes it great for just lazing around in as it does not get to hot, I would assume you wouldnt really be buying it as something to wear outside. I have a kitten at the moment and he loves being put inside it and enjoys the little fluffs attached to the hoodie strings. It has a zipper to allow you to remove the pouch which I didnt really understand as I just washed it as a whole. I had bought the largest size as I was afraid it might not fit properly which was a good call as it fits me just right with a bit of room to spare. The only thing I would say was bad about this product as the smell when it came in but that was easily dealt with by washing it right away.","October 27, 2019",Colton English,5.0,0,https://www.amazon.ca/gp/profile/amzn1.account.AFFMQUBR7R46I433CVACZDTQ3PRA/ref=cm_cr_getr_d_gw_btm?ie=UTF8,2020-10-05 16:00:52.057975,2020-10-05 16:00:52.178023,Ladyjiao Womens Mewgaroo Pet Holder Cat Eared kangaroo Pouch Sweatshirt Hoodie,No,"18,699",B002G9UDYG,AE5PVJPICBQ2FOAK5PY6GC3O4CNA,B078W56BS2
96,AHGGL34JWDNO3QTUUFNMRPOFTPTQ,False,Crappy Quality,"The fabric is not only thin, it's stiff, not at all hoodie material!
I sized up one after reading reviews... it's a good fit but the stiffness of the fabric in the shoulders is quite uncomfortable.
I would recommend just sewing your own pet pocket onto a real hoodie instead of buying this one... not worth the $30.
I have yet to try it with my Sphynx as he comes home next month.","January 9, 2020",Ashley Camden,2.0,0,https://www.amazon.ca/gp/profile/amzn1.account.AHGGL34JWDNO3QTUUFNMRPOFTPTQ/ref=cm_cr_getr_d_gw_btm?ie=UTF8,2020-10-05 16:00:52.182903,2020-10-05 16:00:52.306855,Ladyjiao Womens Mewgaroo Pet Holder Cat Eared kangaroo Pouch Sweatshirt Hoodie,No,"18,699",B002G9UDYG,AE5PVJPICBQ2FOAK5PY6GC3O4CNA,B078W56BS2
97,AHI2ZRQNDR5DTY3LDKOBJC725KIA,False,Pouch Too Small,"I love this idea, my husband purchased it for me for Christmas and I absolutely love it.
It did take nearly a month to arrive so keep that in mind when purchasing as a gift.
My cat however does not love the pouch, he is a small cat (10lbs) and he does not fit comfortably in the pouch.
I have this in a large and it fits quite big on me (which is a good thing for this type of product), my measurements for reference are:
chest: 36inches
waist: 30inches
hips: 40 inches","December 27, 2018",Emma Dawson,4.0,0,https://www.amazon.ca/gp/profile/amzn1.account.AHI2ZRQNDR5DTY3LDKOBJC725KIA/ref=cm_cr_getr_d_gw_btm?ie=UTF8,2020-10-05 16:00:52.311735,2020-10-05 16:00:52.434711,Ladyjiao Womens Mewgaroo Pet Holder Cat Eared kangaroo Pouch Sweatshirt Hoodie,No,"18,699",B002G9UDYG,AE5PVJPICBQ2FOAK5PY6GC3O4CNA,B078W56BS2
98,AG5EI5ADSKLOGLPW44QNJAH2UPCQ,False,Unsatisfied,"I wear a 2XL and I ordered it in a 3XL because I wanted it loose. It barely fits. Very unhappy with material as well, it's barely thicker than a t-shirt","September 11, 2018",Kat,2.0,One,https://www.amazon.ca/gp/profile/amzn1.account.AG5EI5ADSKLOGLPW44QNJAH2UPCQ/ref=cm_cr_getr_d_gw_btm?ie=UTF8,2020-10-05 16:00:52.439590,2020-10-05 16:00:52.593799,Ladyjiao Womens Mewgaroo Pet Holder Cat Eared kangaroo Pouch Sweatshirt Hoodie,No,"18,699",B002G9UDYG,AE5PVJPICBQ2FOAK5PY6GC3O4CNA,B078W56BS2
99,AE3L6CRDZBSF4MZLMZA3CEWZJX4Q,False,Big sad cat lady,I got it one size bigger then I normally get and it is tight some places and super tight other places. Sorry hit and a miss. Sad kitty,"January 18, 2019",Phyllis Hanle,1.0,0,https://www.amazon.ca/gp/profile/amzn1.account.AE3L6CRDZBSF4MZLMZA3CEWZJX4Q/ref=cm_cr_getr_d_gw_btm?ie=UTF8,2020-10-05 16:00:52.598678,2020-10-05 16:00:52.719702,Ladyjiao Womens Mewgaroo Pet Holder Cat Eared kangaroo Pouch Sweatshirt Hoodie,No,"18,699",B002G9UDYG,AE5PVJPICBQ2FOAK5PY6GC3O4CNA,B078W56BS2
100,AEKSASG7D2HD7P3EIM7OIM5WJWQQ,False,Terrible quality and unusable,So cheap. The material is hard and seethrough and unless you have a kitten regular sized cats will not fit in the pocket,"October 10, 2018",Amazon Customer,1.0,0,https://www.amazon.ca/gp/profile/amzn1.account.AEKSASG7D2HD7P3EIM7OIM5WJWQQ/ref=cm_cr_getr_d_gw_btm?ie=UTF8,2020-10-05 16:00:58.838083,2020-10-05 16:00:58.960986,Ladyjiao Womens Mewgaroo Pet Holder Cat Eared kangaroo Pouch Sweatshirt Hoodie,No,"18,699",B002G9UDYG,AE5PVJPICBQ2FOAK5PY6GC3O4CNA,B078W56BS2
101,AFQUK3ABYGGRGPHE6XFUIW2FFX7Q,False,Asian sizing,It's okay but would have been better if it was western sizing for people who are buying it from North America.,"February 4, 2018",Leslie Henderson,3.0,0,https://www.amazon.ca/gp/profile/amzn1.account.AFQUK3ABYGGRGPHE6XFUIW2FFX7Q/ref=cm_cr_getr_d_gw_btm?ie=UTF8,2020-10-05 16:00:58.964857,2020-10-05 16:00:59.082953,Ladyjiao Womens Mewgaroo Pet Holder Cat Eared kangaroo Pouch Sweatshirt Hoodie,No,"18,699",B002G9UDYG,AE5PVJPICBQ2FOAK5PY6GC3O4CNA,B078W56BS2
102,AFJ5LQ63P6S7TLCIM3X3AHSP6FHA,False,My rats like it,,"February 7, 2018",Mathieu,3.0,0,https://www.amazon.ca/gp/profile/amzn1.account.AFJ5LQ63P6S7TLCIM3X3AHSP6FHA/ref=cm_cr_getr_d_gw_btm?ie=UTF8,2020-10-05 16:00:59.087832,2020-10-05 16:00:59.230025,Ladyjiao Womens Mewgaroo Pet Holder Cat Eared kangaroo Pouch Sweatshirt Hoodie,No,"18,699",B002G9UDYG,AE5PVJPICBQ2FOAK5PY6GC3O4CNA,B078W56BS2
103,AHZ3S2G7FVEA4ZYKMMMOGWKINHNA,True,Four Stars,as adorable as expected but the cat is too fat to support in it,"December 1, 2017",nadia,4.0,One,https://www.amazon.ca/gp/profile/amzn1.account.AHZ3S2G7FVEA4ZYKMMMOGWKINHNA/ref=cm_cr_getr_d_gw_btm?ie=UTF8,2020-10-05 16:00:59.234904,2020-10-05 16:00:59.372327,Ladyjiao Womens Mewgaroo Pet Holder Cat Eared kangaroo Pouch Sweatshirt Hoodie,No,"18,699",B002G9UDYG,AE5PVJPICBQ2FOAK5PY6GC3O4CNA,B078W56BS2
104,AHUYBV2YUQSJ476Q76FOSFW2WWNA,False,Cheap,"I bought this hoody to carry by 3.3 lb puppy.I read reviews saying the sizing is smaller to order bigger then I am.It is way way to big on me for one.I washed it hoping it would shrink,but no luck.I thought it was like a regular hoody,warm,but it is as thin as a t-shirt.The inside of the hood and pocket material got all over the place coming off on other parts of the shirt.Not a good buy at all.","January 14, 2019",puppy,1.0,0,https://www.amazon.ca/gp/profile/amzn1.account.AHUYBV2YUQSJ476Q76FOSFW2WWNA/ref=cm_cr_getr_d_gw_btm?ie=UTF8,2020-10-05 16:00:59.377207,2020-10-05 16:00:59.500773,Ladyjiao Womens Mewgaroo Pet Holder Cat Eared kangaroo Pouch Sweatshirt Hoodie,No,"18,699",B002G9UDYG,AE5PVJPICBQ2FOAK5PY6GC3O4CNA,B078W56BS2
105,AEPPYVO5TUXYUY4ZUJOGKEGR3M6A,True,Good quality,Loved convenience,"February 17, 2019",Sherry Odishaw,5.0,0,https://www.amazon.ca/gp/profile/amzn1.account.AEPPYVO5TUXYUY4ZUJOGKEGR3M6A/ref=cm_cr_getr_d_gw_btm?ie=UTF8,2020-10-05 16:00:59.505651,2020-10-05 16:00:59.644102,Ladyjiao Womens Mewgaroo Pet Holder Cat Eared kangaroo Pouch Sweatshirt Hoodie,No,"18,699",B002G9UDYG,AE5PVJPICBQ2FOAK5PY6GC3O4CNA,B078W56BS2
106,AHXVDUBXECSJJOBJCTNET2KFC65A,True,As described,As described,"January 2, 2019",DJR ,5.0,0,https://www.amazon.ca/gp/profile/amzn1.account.AHXVDUBXECSJJOBJCTNET2KFC65A/ref=cm_cr_getr_d_gw_btm?ie=UTF8,2020-10-05 16:00:59.648983,2020-10-05 16:00:59.785622,Ladyjiao Womens Mewgaroo Pet Holder Cat Eared kangaroo Pouch Sweatshirt Hoodie,No,"18,699",B002G9UDYG,AE5PVJPICBQ2FOAK5PY6GC3O4CNA,B078W56BS2
107,AELECEDSTNVWLLGLCX3472CK3TSA,True,Order one size bigger,This hoodie was a pretty cool Christmas gift for my misses. The cat loves it just as much. Pouch unzips for cleaning. Just order one size larger.,"January 2, 2019",Amazon Customer,5.0,0,https://www.amazon.ca/gp/profile/amzn1.account.AELECEDSTNVWLLGLCX3472CK3TSA/ref=cm_cr_getr_d_gw_btm?ie=UTF8,2020-10-05 16:00:59.790501,2020-10-05 16:00:59.940846,Ladyjiao Womens Mewgaroo Pet Holder Cat Eared kangaroo Pouch Sweatshirt Hoodie,No,"18,699",B002G9UDYG,AE5PVJPICBQ2FOAK5PY6GC3O4CNA,B078W56BS2
