,author_id,verified_purchase,review_title,reviews,date,reviewer_name,ratings,people_find_helpful,reviewer_profile_url,start_time,end_time,product_name,average_rating,total_reviews,product_category,product_id,brand_name,rank
0,AGK7RCBIELGO7S6KADWL5GDZOESQ,True,Good swearter,"Great sweater, thought it would be thicker but definitely worth it","August 19, 2020",Amber Stewart,5.0,0,https://www.amazon.ca/gp/profile/amzn1.account.AGK7RCBIELGO7S6KADWL5GDZOESQ/ref=cm_cr_arp_d_gw_btm?ie=UTF8,2020-09-17 19:52:18.197322,2020-09-17 19:52:18.338903,GURUNVANI Unisex Hoodie Mens Contrast Color Hoodies with Big Pockets Pullover Sweatshirt,4.0,,Clothing & Accessories,B07TZCF339,,"20,967"
1,AG3Z7ZPAP7TFGNPSTZIKDTC3SLMQ,True,Like it,"Its a pretty good fit the hood could be a little bigger for reference I'm about six,one in hight","May 6, 2020",drew,4.0,0,https://www.amazon.ca/gp/profile/amzn1.account.AG3Z7ZPAP7TFGNPSTZIKDTC3SLMQ/ref=cm_cr_arp_d_gw_btm?ie=UTF8,2020-09-17 19:52:18.343672,2020-09-17 19:52:18.487763,GURUNVANI Unisex Hoodie Mens Contrast Color Hoodies with Big Pockets Pullover Sweatshirt,4.0,,Clothing & Accessories,B07TZCF339,,"20,967"
2,AFU5Q3CMQTPNJLOPONPJIFIAC7XA,True,Quality,The quality of the fabric is not the best for the price.,"March 28, 2020",Spencer C,1.0,0,https://www.amazon.ca/gp/profile/amzn1.account.AFU5Q3CMQTPNJLOPONPJIFIAC7XA/ref=cm_cr_arp_d_gw_btm?ie=UTF8,2020-09-17 19:52:18.493279,2020-09-17 19:52:18.628543,GURUNVANI Unisex Hoodie Mens Contrast Color Hoodies with Big Pockets Pullover Sweatshirt,4.0,,Clothing & Accessories,B07TZCF339,,"20,967"
3,AEUJKFMV2G25YW76FAE6342BQT3Q,False,Love them!,I have all three colours. Love them all. Keep coming in here hoping more get added. Lol. Worth the buy.,"January 23, 2020",Jennifer Powell,5.0,0,https://www.amazon.ca/gp/profile/amzn1.account.AEUJKFMV2G25YW76FAE6342BQT3Q/ref=cm_cr_arp_d_gw_btm?ie=UTF8,2020-09-17 19:52:18.633622,2020-09-17 19:52:18.759470,GURUNVANI Unisex Hoodie Mens Contrast Color Hoodies with Big Pockets Pullover Sweatshirt,4.0,,Clothing & Accessories,B07TZCF339,,"20,967"
