,author_id,verified_purchase,review_title,reviews,date,reviewer_name,ratings,people_find_helpful,reviewer_profile_url,start_time,end_time,product_name,average_rating,total_reviews,product_category,product_id,brand_name,rank
0,AG73TJN34STYMZHTPXDT7LR3REIQ,TRUE,"Good socks - plain, comfortable, and sturdy.","No complaints. There are a variety of similar sock options to choose from on Amazon, so looking for a combination of cost, plain unpatterned black, and good quality socks I elected to take a chance on these. At first I didn't like them because they felt so much thinner than the cheap walmart cotton socks I'm used to, as I feared the thin material meant they would quickly develop holes. However, I've since determined that despite the thinner material, they seem to be well made and sturdy. I bought 6 packs, so I can go about 5 weeks before I need to wash a load. Worth the price in my opinion. Best part is that I never have to worry about matching socks, since now they are all the same kind! I'm a 12Wide though, and I think by the time you hit a size 13-14 mens these might be a bit more snug than some might like.","August 23, 2020",Amazon Customer,5,11,https://www.amazon.ca/gp/profile/amzn1.account.AG73TJN34STYMZHTPXDT7LR3REIQ/ref=cm_cr_arp_d_gw_btm?ie=UTF8,54:19.0,54:19.1,WANDER Mens Dress Socks 8 Pairs Classic Rib Cotton Solid Premium Socks Office Work Business Socks 7-12/12-15,4.6,,Clothing & Accessories,B07TJ832JH,,"1,046"
1,AFANWL7FDFBM3TGZPQLVVHDW3S5Q,TRUE,Great socks and good value,Being a size 11 I always bought socks with the size 12 as the top number. This time I took a chance and 12 was the bottom number. I now own COMFORTABLE socks for the first time in about 60 years. Ok so I am a slow learner. Great product and good value for the $$,"January 25, 2020",John Rogers,5,12,https://www.amazon.ca/gp/profile/amzn1.account.AFANWL7FDFBM3TGZPQLVVHDW3S5Q/ref=cm_cr_arp_d_gw_btm?ie=UTF8,54:19.1,54:19.3,WANDER Mens Dress Socks 8 Pairs Classic Rib Cotton Solid Premium Socks Office Work Business Socks 7-12/12-15,4.6,,Clothing & Accessories,B07TJ832JH,,"1,046"
2,AGLG4IKHGNRWSBSJB7R6SWMOWHHQ,TRUE,Good socks,I like these socks. Just the right size and thickness.,"July 5, 2020",Bill,5,8,https://www.amazon.ca/gp/profile/amzn1.account.AGLG4IKHGNRWSBSJB7R6SWMOWHHQ/ref=cm_cr_arp_d_gw_btm?ie=UTF8,54:19.3,54:19.4,WANDER Mens Dress Socks 8 Pairs Classic Rib Cotton Solid Premium Socks Office Work Business Socks 7-12/12-15,4.6,,Clothing & Accessories,B07TJ832JH,,"1,046"
3,AHOIZBTN6GD4JRBY6HFMMWR7CXMQ,TRUE,Great socks,"Very durable, great fabric, good price.","April 7, 2020",Andre J.,5,9,https://www.amazon.ca/gp/profile/amzn1.account.AHOIZBTN6GD4JRBY6HFMMWR7CXMQ/ref=cm_cr_arp_d_gw_btm?ie=UTF8,54:19.4,54:19.6,WANDER Mens Dress Socks 8 Pairs Classic Rib Cotton Solid Premium Socks Office Work Business Socks 7-12/12-15,4.6,,Clothing & Accessories,B07TJ832JH,,"1,046"
4,AHUPVARZT4GJ3YG6BXKNJPLS2UUQ,TRUE,best foot forward,works as expected and quality is good,"May 10, 2020",M,5,8,https://www.amazon.ca/gp/profile/amzn1.account.AHUPVARZT4GJ3YG6BXKNJPLS2UUQ/ref=cm_cr_arp_d_gw_btm?ie=UTF8,54:19.6,54:19.7,WANDER Mens Dress Socks 8 Pairs Classic Rib Cotton Solid Premium Socks Office Work Business Socks 7-12/12-15,4.6,,Clothing & Accessories,B07TJ832JH,,"1,046"
5,AFVADGQH6MQNSM32L4ZFDIGWT7SA,TRUE,Comfortable dress socks,Comfortable fit. Good quality and value.,"January 15, 2020",Alan B.,5,9,https://www.amazon.ca/gp/profile/amzn1.account.AFVADGQH6MQNSM32L4ZFDIGWT7SA/ref=cm_cr_arp_d_gw_btm?ie=UTF8,54:19.7,54:19.9,WANDER Mens Dress Socks 8 Pairs Classic Rib Cotton Solid Premium Socks Office Work Business Socks 7-12/12-15,4.6,,Clothing & Accessories,B07TJ832JH,,"1,046"
6,AEZDV7G6JBAD2VPCEOWGYD3WG6YA,TRUE,Perfect!,"High quality, good fit and they were exactly as shown in the pictures!","January 28, 2020",Baltej,5,9,https://www.amazon.ca/gp/profile/amzn1.account.AEZDV7G6JBAD2VPCEOWGYD3WG6YA/ref=cm_cr_arp_d_gw_btm?ie=UTF8,54:19.9,54:20.0,WANDER Mens Dress Socks 8 Pairs Classic Rib Cotton Solid Premium Socks Office Work Business Socks 7-12/12-15,4.6,,Clothing & Accessories,B07TJ832JH,,"1,046"
7,AFXKGRJCSLBSHUMBCJ7KQJN7OVLA,TRUE,Fits perfect,The sizing is accurate. Follow the size guide. The socks doesn't fall down.,"December 1, 2019",Ramirphoto,5,8,https://www.amazon.ca/gp/profile/amzn1.account.AFXKGRJCSLBSHUMBCJ7KQJN7OVLA/ref=cm_cr_arp_d_gw_btm?ie=UTF8,54:20.0,54:20.2,WANDER Mens Dress Socks 8 Pairs Classic Rib Cotton Solid Premium Socks Office Work Business Socks 7-12/12-15,4.6,,Clothing & Accessories,B07TJ832JH,,"1,046"
8,AFUW3RWC5OFQW6JX2INNFKZIRIXQ,TRUE,Garbage Quality,"I just received these, puy them on, and I'm already seeing my skin right through the fabric. Its a little hard to see in the picture but a lot more noticeable in person. Not sure why other reviewers are raving about these. Pure trash.

EDIT: I'm adding more to this.
- The socks are very uncomfortable and scratchy. I thought this would go away after a wash but it's not the case.
- As others have also mentioned, these are not big enough. I wear a size 11 and these feel far too small on me (as if I just put on my girlfriend's socks by mistake).
- The socks are also very low so if you sit down you will show some leg. Certainly not good enough for a dress sock.","March 2, 2020",Nahnahthanks,1,3,https://www.amazon.ca/gp/profile/amzn1.account.AFUW3RWC5OFQW6JX2INNFKZIRIXQ/ref=cm_cr_arp_d_gw_btm?ie=UTF8,54:20.2,54:20.3,WANDER Mens Dress Socks 8 Pairs Classic Rib Cotton Solid Premium Socks Office Work Business Socks 7-12/12-15,4.6,,Clothing & Accessories,B07TJ832JH,,"1,046"
9,AF5P4IOZN4WQEBOVDDILALD7OGCA,TRUE,love them,perfect comfort and they seem good quality and not too warm. i will buy more.,"May 31, 2020",mat,5,6,https://www.amazon.ca/gp/profile/amzn1.account.AF5P4IOZN4WQEBOVDDILALD7OGCA/ref=cm_cr_arp_d_gw_btm?ie=UTF8,54:20.3,54:20.5,WANDER Mens Dress Socks 8 Pairs Classic Rib Cotton Solid Premium Socks Office Work Business Socks 7-12/12-15,4.6,,Clothing & Accessories,B07TJ832JH,,"1,046"
10,AEHAPAJYQYDNKUOJBFDM4DP4W3HA,TRUE,Great value!,I'm very pleased with these socks. At $3.00 a pair they are really a bargain. Good quality!,"December 24, 2019",John Rokas,5,6,https://www.amazon.ca/gp/profile/amzn1.account.AEHAPAJYQYDNKUOJBFDM4DP4W3HA/ref=cm_cr_getr_d_gw_btm?ie=UTF8,54:23.6,54:23.9,WANDER Mens Dress Socks 8 Pairs Classic Rib Cotton Solid Premium Socks Office Work Business Socks 7-12/12-15,4.6,,Clothing & Accessories,B07TJ832JH,,"1,046"
11,AELKXWBXG3WCCYBJQWIWKYLZNGFQ,TRUE,Socks for the Big sized feet.,"Happy to be able to find socks that fit this size foot... Very comfy.Best socks ever, so He says.","December 19, 2019",Alice MacInnis,5,5,https://www.amazon.ca/gp/profile/amzn1.account.AELKXWBXG3WCCYBJQWIWKYLZNGFQ/ref=cm_cr_getr_d_gw_btm?ie=UTF8,54:23.9,54:24.1,WANDER Mens Dress Socks 8 Pairs Classic Rib Cotton Solid Premium Socks Office Work Business Socks 7-12/12-15,4.6,,Clothing & Accessories,B07TJ832JH,,"1,046"
12,AEKHTVXHHGVR7YDH72XPPZ43W2JQ,TRUE,Solid socks at a great price,"I'm going to get a second package of these. Just the right thickness, and they're all the same color -- I like not having to find each sock's pair :)","December 6, 2019",Fernando,5,5,https://www.amazon.ca/gp/profile/amzn1.account.AEKHTVXHHGVR7YDH72XPPZ43W2JQ/ref=cm_cr_getr_d_gw_btm?ie=UTF8,54:24.1,54:24.3,WANDER Mens Dress Socks 8 Pairs Classic Rib Cotton Solid Premium Socks Office Work Business Socks 7-12/12-15,4.6,,Clothing & Accessories,B07TJ832JH,,"1,046"
13,AG6XDGVQEVH5IX4XQLQZJLN5SGQA,TRUE,"Comfortable, soft, perfect",Bought these for my husband for Christmas. He LOVES them (and he's very particular). Would def. buy again!,"January 6, 2020",KM,5,5,https://www.amazon.ca/gp/profile/amzn1.account.AG6XDGVQEVH5IX4XQLQZJLN5SGQA/ref=cm_cr_getr_d_gw_btm?ie=UTF8,54:24.3,54:24.5,WANDER Mens Dress Socks 8 Pairs Classic Rib Cotton Solid Premium Socks Office Work Business Socks 7-12/12-15,4.6,,Clothing & Accessories,B07TJ832JH,,"1,046"
14,AE2G6KQTNO6FDFLB2P3LW2ZEKEHQ,TRUE,Good product,Good fit,"March 14, 2020",Peter Budzik,5,4,https://www.amazon.ca/gp/profile/amzn1.account.AE2G6KQTNO6FDFLB2P3LW2ZEKEHQ/ref=cm_cr_getr_d_gw_btm?ie=UTF8,54:24.5,54:24.6,WANDER Mens Dress Socks 8 Pairs Classic Rib Cotton Solid Premium Socks Office Work Business Socks 7-12/12-15,4.6,,Clothing & Accessories,B07TJ832JH,,"1,046"
15,AHSQ27ZWOXDZXRCHHXU4EMPV3NNA,TRUE,Excellent socks,"Good weight, feel substantial, good elasticity.","January 16, 2020",Andrew S,5,4,https://www.amazon.ca/gp/profile/amzn1.account.AHSQ27ZWOXDZXRCHHXU4EMPV3NNA/ref=cm_cr_getr_d_gw_btm?ie=UTF8,54:24.6,54:24.8,WANDER Mens Dress Socks 8 Pairs Classic Rib Cotton Solid Premium Socks Office Work Business Socks 7-12/12-15,4.6,,Clothing & Accessories,B07TJ832JH,,"1,046"
16,AGIEC6ESSZWY6SA5WZCTKXPB3U6Q,TRUE,Good product. I recommend it.,"They fit well and leave no pressure trace when you remove them. In other words : no pressure and they hold well. Good product. I tried another product earlier and wasn't satisfied because the pressure was too much (for the same size) and and they left a pressure mark. This is the third time I buy Wander Men dress socks and I have always been satisfied.

Shipment is a little long though.","August 26, 2020",STP,5,0,https://www.amazon.ca/gp/profile/amzn1.account.AGIEC6ESSZWY6SA5WZCTKXPB3U6Q/ref=cm_cr_getr_d_gw_btm?ie=UTF8,54:24.8,54:25.1,WANDER Mens Dress Socks 8 Pairs Classic Rib Cotton Solid Premium Socks Office Work Business Socks 7-12/12-15,4.6,,Clothing & Accessories,B07TJ832JH,,"1,046"
17,AGZ54BWY47YU66AN6TM2UTXZZUGQ,TRUE,Shrank more than expected,"Bought these in Feb. 2020. The socks were on the small size when new. They shrank after the first wash quite a bit and seem to get smaller with each wash. I can still stretch them to put on my feet, but once on, they don't feel comfortable (too tight). Never had this happen with similar sized socks before. Also, although I have no way to measuring this, it seems that the cotton content is a lot less than the claimed 88% (comparing to another brand that is 80% cotton, these seem a lot more ""plasticy"". Not recommended.","July 19, 2020",Amazon Customer,2,0,https://www.amazon.ca/gp/profile/amzn1.account.AGZ54BWY47YU66AN6TM2UTXZZUGQ/ref=cm_cr_getr_d_gw_btm?ie=UTF8,54:25.1,54:25.3,WANDER Mens Dress Socks 8 Pairs Classic Rib Cotton Solid Premium Socks Office Work Business Socks 7-12/12-15,4.6,,Clothing & Accessories,B07TJ832JH,,"1,046"
18,AESZ4MXYPNMBD4EZH53R2W336W4A,TRUE,Large calves,"I love the socks! The only improvement could be the size of the top of the socks. I have rather large calves and the socks tend to 'cut in' a little too much. I know that they are meant to stop the socks sliding down during wear, and it does, but it my case it just a little too tight. Wear them anyway so not to worry Good value for $$. Thank you.","August 7, 2020",Fred Lawson,5,0,https://www.amazon.ca/gp/profile/amzn1.account.AESZ4MXYPNMBD4EZH53R2W336W4A/ref=cm_cr_getr_d_gw_btm?ie=UTF8,54:25.3,54:25.5,WANDER Mens Dress Socks 8 Pairs Classic Rib Cotton Solid Premium Socks Office Work Business Socks 7-12/12-15,4.6,,Clothing & Accessories,B07TJ832JH,,"1,046"
19,AF6KS6CUFMADSMOMKD32PVUKTXPA,TRUE,Good. But made in China.,"These are fine. I like more cotton for the (alleged) breath-ability and naturalness. But they are from China, a country I'm trying to boycott. I wish it was mandatory to say country of origin.","September 8, 2020",Never Youmind,3,0,https://www.amazon.ca/gp/profile/amzn1.account.AF6KS6CUFMADSMOMKD32PVUKTXPA/ref=cm_cr_getr_d_gw_btm?ie=UTF8,54:25.5,54:25.7,WANDER Mens Dress Socks 8 Pairs Classic Rib Cotton Solid Premium Socks Office Work Business Socks 7-12/12-15,4.6,,Clothing & Accessories,B07TJ832JH,,"1,046"
20,AFXPMTCWBK4ISVJQYKUW7HQAO5AQ,TRUE,Good Value,"Fit swell and appear to be of decent quality. Not as comfortable fabric as some of my other socks, but then the price was right.","August 16, 2020",Sam,4,0,https://www.amazon.ca/gp/profile/amzn1.account.AFXPMTCWBK4ISVJQYKUW7HQAO5AQ/ref=cm_cr_getr_d_gw_btm?ie=UTF8,54:30.8,54:31.0,WANDER Mens Dress Socks 8 Pairs Classic Rib Cotton Solid Premium Socks Office Work Business Socks 7-12/12-15,4.6,,Clothing & Accessories,B07TJ832JH,,"1,046"
21,AHPDV75MF4SEMXXGB65SCZW57QDA,TRUE,"Good socks, priced right.","The socks are very comfortable, a good medium thickness and a good price. And for me a big plus, they have my size, 12-15, that fit really well. I'll be buying more.","August 25, 2020",Speed G,5,0,https://www.amazon.ca/gp/profile/amzn1.account.AHPDV75MF4SEMXXGB65SCZW57QDA/ref=cm_cr_getr_d_gw_btm?ie=UTF8,54:31.0,54:31.2,WANDER Mens Dress Socks 8 Pairs Classic Rib Cotton Solid Premium Socks Office Work Business Socks 7-12/12-15,4.6,,Clothing & Accessories,B07TJ832JH,,"1,046"
22,AF3D4AD6PQU4GAH4HCSMPFN3H3QA,TRUE,Comfortable and highly recommended,These socks are the best quality for price ever. They fit my size 13 perfectly and don't shrink from numerous washings.,"August 10, 2020",cyberwave,5,0,https://www.amazon.ca/gp/profile/amzn1.account.AF3D4AD6PQU4GAH4HCSMPFN3H3QA/ref=cm_cr_getr_d_gw_btm?ie=UTF8,54:31.2,54:31.3,WANDER Mens Dress Socks 8 Pairs Classic Rib Cotton Solid Premium Socks Office Work Business Socks 7-12/12-15,4.6,,Clothing & Accessories,B07TJ832JH,,"1,046"
23,AHFS4BMTOINMKETH2BRSPO45O7VA,TRUE,Quality is good but height of sock is much higher then advertised,"The picture shows the socks not higher then mid calf but really they are super high socks. The picture does not represent it properly.
The quality of the material and foot fit are good though.","January 29, 2020",Celina,4,0,https://www.amazon.ca/gp/profile/amzn1.account.AHFS4BMTOINMKETH2BRSPO45O7VA/ref=cm_cr_getr_d_gw_btm?ie=UTF8,54:31.3,54:31.5,WANDER Mens Dress Socks 8 Pairs Classic Rib Cotton Solid Premium Socks Office Work Business Socks 7-12/12-15,4.6,,Clothing & Accessories,B07TJ832JH,,"1,046"
24,AEPPHODNLVD6GJHFPLGJYTRLBOQA,TRUE,Dress socks,"Socks are a little large for my husbands size 7 feet. He likes the fit and look of them. These are dress socks, not winter thick socks.","February 18, 2020",MarianneRapp,4,0,https://www.amazon.ca/gp/profile/amzn1.account.AEPPHODNLVD6GJHFPLGJYTRLBOQA/ref=cm_cr_getr_d_gw_btm?ie=UTF8,54:31.5,54:31.6,WANDER Mens Dress Socks 8 Pairs Classic Rib Cotton Solid Premium Socks Office Work Business Socks 7-12/12-15,4.6,,Clothing & Accessories,B07TJ832JH,,"1,046"
25,AEYTRJ2S3VSM5K73LXF4KV3MUKUQ,TRUE,Bas qui devrait peut-être confortable pour quelques-uns d’autres,"Pour empêcher la transpiration et être confortable, mais ils me serraient trop le pied et le bas de la jambe","June 5, 2020",Yvan Rousseau,3,0,https://www.amazon.ca/gp/profile/amzn1.account.AEYTRJ2S3VSM5K73LXF4KV3MUKUQ/ref=cm_cr_getr_d_gw_btm?ie=UTF8,54:31.6,54:31.8,WANDER Mens Dress Socks 8 Pairs Classic Rib Cotton Solid Premium Socks Office Work Business Socks 7-12/12-15,4.6,,Clothing & Accessories,B07TJ832JH,,"1,046"
26,AGHEEND4XHCMQ27AMRZHUVBU2KPA,TRUE,good product,Bought for my son's uniform for high school. they are comfortable and work well for his size 14 feet.,"September 12, 2020",Katherine,5,0,https://www.amazon.ca/gp/profile/amzn1.account.AGHEEND4XHCMQ27AMRZHUVBU2KPA/ref=cm_cr_getr_d_gw_btm?ie=UTF8,54:31.8,54:32.0,WANDER Mens Dress Socks 8 Pairs Classic Rib Cotton Solid Premium Socks Office Work Business Socks 7-12/12-15,4.6,,Clothing & Accessories,B07TJ832JH,,"1,046"
27,AHYAGQHU3EG7JPSYR2RDRBMR4HXQ,TRUE,An excellent buy!,"My teenage son has rather large feet and he was complaining that the standard size men’s socks were too tight. These socks (size 12-15) fit him very comfortably. They are made of a good quality, breathable cotton. Will definitely buy again!","September 10, 2020",Lucie F,5,0,https://www.amazon.ca/gp/profile/amzn1.account.AHYAGQHU3EG7JPSYR2RDRBMR4HXQ/ref=cm_cr_getr_d_gw_btm?ie=UTF8,54:32.0,54:32.1,WANDER Mens Dress Socks 8 Pairs Classic Rib Cotton Solid Premium Socks Office Work Business Socks 7-12/12-15,4.6,,Clothing & Accessories,B07TJ832JH,,"1,046"
28,AGV5DNOHUNJ5GLHZQG5BRD5NSZ3Q,TRUE,I thought they were compression socks - so tight.,"I wear size 8 shoe, so I ordered size 7-12. When I tired them on, was very disappointed, no different from any tight fitting sock for the store. Not good for diabetics at all. Previously bought bamboo socks that were very nice and loose on amazon.","February 7, 2020",Caroline,1,0,https://www.amazon.ca/gp/profile/amzn1.account.AGV5DNOHUNJ5GLHZQG5BRD5NSZ3Q/ref=cm_cr_getr_d_gw_btm?ie=UTF8,54:32.1,54:32.3,WANDER Mens Dress Socks 8 Pairs Classic Rib Cotton Solid Premium Socks Office Work Business Socks 7-12/12-15,4.6,,Clothing & Accessories,B07TJ832JH,,"1,046"
29,AEG55FYXC2VDBIY763JBATW3GVWA,TRUE,Too long,"These socks are pretty good, but they are too long for 8.5 feet, so that was frustrating.","January 9, 2020",Scarletmaple,4,0,https://www.amazon.ca/gp/profile/amzn1.account.AEG55FYXC2VDBIY763JBATW3GVWA/ref=cm_cr_getr_d_gw_btm?ie=UTF8,54:32.3,54:32.4,WANDER Mens Dress Socks 8 Pairs Classic Rib Cotton Solid Premium Socks Office Work Business Socks 7-12/12-15,4.6,,Clothing & Accessories,B07TJ832JH,,"1,046"
30,AFW4BABEW6G2T4XWAEXBJ6LMD25Q,TRUE,They fit tight on wider feet.,They are tighter than most compression stockings. Not buying them again!,"May 29, 2020",Wade Petrishen,3,0,https://www.amazon.ca/gp/profile/amzn1.account.AFW4BABEW6G2T4XWAEXBJ6LMD25Q/ref=cm_cr_getr_d_gw_btm?ie=UTF8,54:38.5,54:38.7,WANDER Mens Dress Socks 8 Pairs Classic Rib Cotton Solid Premium Socks Office Work Business Socks 7-12/12-15,4.6,,Clothing & Accessories,B07TJ832JH,,"1,046"
31,AFVJWHQ3DM6AMNMRMKVFXV6V3KIA,TRUE,Happy feet,Great socks. Just what I was looking for.,"June 29, 2020",William Herd,5,0,https://www.amazon.ca/gp/profile/amzn1.account.AFVJWHQ3DM6AMNMRMKVFXV6V3KIA/ref=cm_cr_getr_d_gw_btm?ie=UTF8,54:38.7,54:38.9,WANDER Mens Dress Socks 8 Pairs Classic Rib Cotton Solid Premium Socks Office Work Business Socks 7-12/12-15,4.6,,Clothing & Accessories,B07TJ832JH,,"1,046"
32,AH63KQFDHSUNCKUH5VCVITQ7S5XQ,TRUE,happy with product.,Product is good. As advertised.,"August 10, 2020",sharon ,5,0,https://www.amazon.ca/gp/profile/amzn1.account.AH63KQFDHSUNCKUH5VCVITQ7S5XQ/ref=cm_cr_getr_d_gw_btm?ie=UTF8,54:38.9,54:39.0,WANDER Mens Dress Socks 8 Pairs Classic Rib Cotton Solid Premium Socks Office Work Business Socks 7-12/12-15,4.6,,Clothing & Accessories,B07TJ832JH,,"1,046"
33,AGPWTFAEO7QSKN4LVCLQH7GPWQ6A,TRUE,Good quality snug fitting sock.,Good quality snug fitting sock.,"February 26, 2020",T S.,5,0,https://www.amazon.ca/gp/profile/amzn1.account.AGPWTFAEO7QSKN4LVCLQH7GPWQ6A/ref=cm_cr_getr_d_gw_btm?ie=UTF8,54:39.0,54:39.2,WANDER Mens Dress Socks 8 Pairs Classic Rib Cotton Solid Premium Socks Office Work Business Socks 7-12/12-15,4.6,,Clothing & Accessories,B07TJ832JH,,"1,046"
34,AEBYGLKFWEEEBIDGMDTSMUJRCYXA,TRUE,a lot of socks for the money,very comfortable for my longs feet,"June 3, 2020",M.L.,5,0,https://www.amazon.ca/gp/profile/amzn1.account.AEBYGLKFWEEEBIDGMDTSMUJRCYXA/ref=cm_cr_getr_d_gw_btm?ie=UTF8,54:39.2,54:39.3,WANDER Mens Dress Socks 8 Pairs Classic Rib Cotton Solid Premium Socks Office Work Business Socks 7-12/12-15,4.6,,Clothing & Accessories,B07TJ832JH,,"1,046"
35,AHLE6OM6HNF7MMMJMHHN7VJ2I3FQ,TRUE,Bonne qualité/ prix,Bonne qualité/ prix,"February 23, 2020",Client d'Amazon,5,0,https://www.amazon.ca/gp/profile/amzn1.account.AHLE6OM6HNF7MMMJMHHN7VJ2I3FQ/ref=cm_cr_getr_d_gw_btm?ie=UTF8,54:39.3,54:39.5,WANDER Mens Dress Socks 8 Pairs Classic Rib Cotton Solid Premium Socks Office Work Business Socks 7-12/12-15,4.6,,Clothing & Accessories,B07TJ832JH,,"1,046"
36,AH3T4MDTSP34JFHE2LIEJNF43EZQ,TRUE,Quality socks for a great price.,Best affordable dress socks I’ve ever purchased.,"August 18, 2020",Amadeus,5,0,https://www.amazon.ca/gp/profile/amzn1.account.AH3T4MDTSP34JFHE2LIEJNF43EZQ/ref=cm_cr_getr_d_gw_btm?ie=UTF8,54:39.5,54:39.6,WANDER Mens Dress Socks 8 Pairs Classic Rib Cotton Solid Premium Socks Office Work Business Socks 7-12/12-15,4.6,,Clothing & Accessories,B07TJ832JH,,"1,046"
37,AE4PGXDMZZ5KEEZZTGKRGYDO436Q,TRUE,100 % thx china,100 % thx china,"December 18, 2019",Amazon Customer,5,0,https://www.amazon.ca/gp/profile/amzn1.account.AE4PGXDMZZ5KEEZZTGKRGYDO436Q/ref=cm_cr_getr_d_gw_btm?ie=UTF8,54:39.6,54:39.8,WANDER Mens Dress Socks 8 Pairs Classic Rib Cotton Solid Premium Socks Office Work Business Socks 7-12/12-15,4.6,,Clothing & Accessories,B07TJ832JH,,"1,046"
38,AEYTEIJW6TFEETE5DNG7DYPE7SHA,TRUE,Great socks,VERY good socks & great value - VERY pleased,"August 25, 2020",Craig F.,5,0,https://www.amazon.ca/gp/profile/amzn1.account.AEYTEIJW6TFEETE5DNG7DYPE7SHA/ref=cm_cr_getr_d_gw_btm?ie=UTF8,54:39.8,54:40.0,WANDER Mens Dress Socks 8 Pairs Classic Rib Cotton Solid Premium Socks Office Work Business Socks 7-12/12-15,4.6,,Clothing & Accessories,B07TJ832JH,,"1,046"
39,AGZ7BLSPZNHDHKI2ZLM2YLHBZ5PQ,TRUE,😀😀😀,😁😁,"August 7, 2020",Readwell,4,0,https://www.amazon.ca/gp/profile/amzn1.account.AGZ7BLSPZNHDHKI2ZLM2YLHBZ5PQ/ref=cm_cr_getr_d_gw_btm?ie=UTF8,54:40.0,54:40.1,WANDER Mens Dress Socks 8 Pairs Classic Rib Cotton Solid Premium Socks Office Work Business Socks 7-12/12-15,4.6,,Clothing & Accessories,B07TJ832JH,,"1,046"
40,AGA3KZNLV7T7SDMXXKDLIEHK2TQA,TRUE,As expected,An excellent. Will buy again,"June 18, 2020",LEONARD M.,5,0,https://www.amazon.ca/gp/profile/amzn1.account.AGA3KZNLV7T7SDMXXKDLIEHK2TQA/ref=cm_cr_getr_d_gw_btm?ie=UTF8,54:46.3,54:46.5,WANDER Mens Dress Socks 8 Pairs Classic Rib Cotton Solid Premium Socks Office Work Business Socks 7-12/12-15,4.6,,Clothing & Accessories,B07TJ832JH,,"1,046"
41,AESBRHWTWB7GV4BNL5XSFQUGYP7A,TRUE,"Great, just what I needed",My husband is an airline pilot and needs plain black work socks. These wow perfect for him.,"September 13, 2020",Denise Lau,5,0,https://www.amazon.ca/gp/profile/amzn1.account.AESBRHWTWB7GV4BNL5XSFQUGYP7A/ref=cm_cr_getr_d_gw_btm?ie=UTF8,54:46.5,54:46.6,WANDER Mens Dress Socks 8 Pairs Classic Rib Cotton Solid Premium Socks Office Work Business Socks 7-12/12-15,4.6,,Clothing & Accessories,B07TJ832JH,,"1,046"
42,AHXXOWB74XVRTAHRPUFTLT75LOLQ,TRUE,Good quality,Nice dress socks,"April 12, 2020",Lauren,5,0,https://www.amazon.ca/gp/profile/amzn1.account.AHXXOWB74XVRTAHRPUFTLT75LOLQ/ref=cm_cr_getr_d_gw_btm?ie=UTF8,54:46.6,54:46.8,WANDER Mens Dress Socks 8 Pairs Classic Rib Cotton Solid Premium Socks Office Work Business Socks 7-12/12-15,4.6,,Clothing & Accessories,B07TJ832JH,,"1,046"
43,AELMEXV5RXJKEL7Z7JFN6VKY2ZAQ,TRUE,Bas,Bas de coton de bonne qualité,"June 4, 2020",Amazon Customer,5,0,https://www.amazon.ca/gp/profile/amzn1.account.AELMEXV5RXJKEL7Z7JFN6VKY2ZAQ/ref=cm_cr_getr_d_gw_btm?ie=UTF8,54:46.8,54:46.9,WANDER Mens Dress Socks 8 Pairs Classic Rib Cotton Solid Premium Socks Office Work Business Socks 7-12/12-15,4.6,,Clothing & Accessories,B07TJ832JH,,"1,046"
44,AGLPUUUUGBUWTPUYFEF2QBFB5IIQ,TRUE,Perfect,Very nice sock's...fit my size 12 foot perfect:-),"December 17, 2019",Amazon Customer,5,0,https://www.amazon.ca/gp/profile/amzn1.account.AGLPUUUUGBUWTPUYFEF2QBFB5IIQ/ref=cm_cr_getr_d_gw_btm?ie=UTF8,54:46.9,54:47.1,WANDER Mens Dress Socks 8 Pairs Classic Rib Cotton Solid Premium Socks Office Work Business Socks 7-12/12-15,4.6,,Clothing & Accessories,B07TJ832JH,,"1,046"
45,AFPVBSMP5MIE64CRQNLMEZB4E4AA,TRUE,Great socks!,Great socks for the price!,"November 28, 2019",Kelly Grant,5,0,https://www.amazon.ca/gp/profile/amzn1.account.AFPVBSMP5MIE64CRQNLMEZB4E4AA/ref=cm_cr_getr_d_gw_btm?ie=UTF8,54:47.1,54:47.2,WANDER Mens Dress Socks 8 Pairs Classic Rib Cotton Solid Premium Socks Office Work Business Socks 7-12/12-15,4.6,,Clothing & Accessories,B07TJ832JH,,"1,046"
46,AG5LQKOATWYP6EY3QTTZSZUCKIJQ,TRUE,Not suitable cuff for diabetics,This product would have been perfect if it had a looser fitting top for diabetic patients. We were sorry to have to return them,"August 10, 2020",Marguerite,5,0,https://www.amazon.ca/gp/profile/amzn1.account.AG5LQKOATWYP6EY3QTTZSZUCKIJQ/ref=cm_cr_getr_d_gw_btm?ie=UTF8,54:47.2,54:47.4,WANDER Mens Dress Socks 8 Pairs Classic Rib Cotton Solid Premium Socks Office Work Business Socks 7-12/12-15,4.6,,Clothing & Accessories,B07TJ832JH,,"1,046"
47,AHC23BBFP57E2B66LVOUSBVRKSQQ,TRUE,Great purchase!,Socks are great. They fit well and look like good quality. I have only washed them once so far so let's hope they hold up.,"August 10, 2020",Amazon Customer,5,0,https://www.amazon.ca/gp/profile/amzn1.account.AHC23BBFP57E2B66LVOUSBVRKSQQ/ref=cm_cr_getr_d_gw_btm?ie=UTF8,54:47.4,54:47.5,WANDER Mens Dress Socks 8 Pairs Classic Rib Cotton Solid Premium Socks Office Work Business Socks 7-12/12-15,4.6,,Clothing & Accessories,B07TJ832JH,,"1,046"
48,AFJNNQT46LX5RSODMJKRMEEKCYFA,TRUE,Great,Nice fit,"July 23, 2020",keith vander wees,5,0,https://www.amazon.ca/gp/profile/amzn1.account.AFJNNQT46LX5RSODMJKRMEEKCYFA/ref=cm_cr_getr_d_gw_btm?ie=UTF8,54:47.6,54:47.7,WANDER Mens Dress Socks 8 Pairs Classic Rib Cotton Solid Premium Socks Office Work Business Socks 7-12/12-15,4.6,,Clothing & Accessories,B07TJ832JH,,"1,046"
49,AGXYOHT4JFBKT4LTK2IDW5BRIVUQ,TRUE,happy with this purchase,Good quality great fit,"September 8, 2020",Kim,5,0,https://www.amazon.ca/gp/profile/amzn1.account.AGXYOHT4JFBKT4LTK2IDW5BRIVUQ/ref=cm_cr_getr_d_gw_btm?ie=UTF8,54:47.7,54:47.9,WANDER Mens Dress Socks 8 Pairs Classic Rib Cotton Solid Premium Socks Office Work Business Socks 7-12/12-15,4.6,,Clothing & Accessories,B07TJ832JH,,"1,046"
50,AG6RS53O2EXKS4BVU3PA5MEAZBAQ,TRUE,Super product,Super,"August 23, 2020",Bogdan,5,0,https://www.amazon.ca/gp/profile/amzn1.account.AG6RS53O2EXKS4BVU3PA5MEAZBAQ/ref=cm_cr_getr_d_gw_btm?ie=UTF8,54:53.0,54:53.3,WANDER Mens Dress Socks 8 Pairs Classic Rib Cotton Solid Premium Socks Office Work Business Socks 7-12/12-15,4.6,,Clothing & Accessories,B07TJ832JH,,"1,046"
51,AG5TY2XVEFPNWS5KXGTTJACFT7KQ,TRUE,Good fit,"Good fit, good value ,not quite as thin as i expected.","August 25, 2020",Amazon Customer,4,0,https://www.amazon.ca/gp/profile/amzn1.account.AG5TY2XVEFPNWS5KXGTTJACFT7KQ/ref=cm_cr_getr_d_gw_btm?ie=UTF8,54:53.3,54:53.4,WANDER Mens Dress Socks 8 Pairs Classic Rib Cotton Solid Premium Socks Office Work Business Socks 7-12/12-15,4.6,,Clothing & Accessories,B07TJ832JH,,"1,046"
52,AFRI7WN5GPYT6WOFYMHO56US7EUQ,TRUE,Value for money,Husbands favourite socks.,"August 29, 2020",Michael and Lorraine Dobell,5,0,https://www.amazon.ca/gp/profile/amzn1.account.AFRI7WN5GPYT6WOFYMHO56US7EUQ/ref=cm_cr_getr_d_gw_btm?ie=UTF8,54:53.4,54:53.6,WANDER Mens Dress Socks 8 Pairs Classic Rib Cotton Solid Premium Socks Office Work Business Socks 7-12/12-15,4.6,,Clothing & Accessories,B07TJ832JH,,"1,046"
53,AEXZLHRLE7SUQUJMGWQHZZPXJJBQ,TRUE,Great purchase!,"Very quick delivery, product comes vacuum packed to save space - creative idea. Socks are a good quality, well made and fit as expected. I recommend.","November 25, 2019",Paul Cutler,5,0,https://www.amazon.ca/gp/profile/amzn1.account.AEXZLHRLE7SUQUJMGWQHZZPXJJBQ/ref=cm_cr_getr_d_gw_btm?ie=UTF8,54:53.6,54:53.7,WANDER Mens Dress Socks 8 Pairs Classic Rib Cotton Solid Premium Socks Office Work Business Socks 7-12/12-15,4.6,,Clothing & Accessories,B07TJ832JH,,"1,046"
54,AGJTE5TEN43HZ4CYGRK6AIHYJ4MQ,TRUE,I will keep them,Socks were too large but good quality.,"January 8, 2020",Sandy Macdonald,4,0,https://www.amazon.ca/gp/profile/amzn1.account.AGJTE5TEN43HZ4CYGRK6AIHYJ4MQ/ref=cm_cr_getr_d_gw_btm?ie=UTF8,54:53.7,54:53.9,WANDER Mens Dress Socks 8 Pairs Classic Rib Cotton Solid Premium Socks Office Work Business Socks 7-12/12-15,4.6,,Clothing & Accessories,B07TJ832JH,,"1,046"
55,AGRSTQIKWFDX4MTLZSRGRJWB462A,TRUE,Value.,Decent fit and quality.,"November 27, 2019",Reg,4,0,https://www.amazon.ca/gp/profile/amzn1.account.AGRSTQIKWFDX4MTLZSRGRJWB462A/ref=cm_cr_getr_d_gw_btm?ie=UTF8,54:53.9,54:54.1,WANDER Mens Dress Socks 8 Pairs Classic Rib Cotton Solid Premium Socks Office Work Business Socks 7-12/12-15,4.6,,Clothing & Accessories,B07TJ832JH,,"1,046"
56,AFOT4TJT7RJCVDAOHMWFG2GXAGEQ,TRUE,Go one size up,Great service great product,"January 15, 2020",Robert Wheater,5,0,https://www.amazon.ca/gp/profile/amzn1.account.AFOT4TJT7RJCVDAOHMWFG2GXAGEQ/ref=cm_cr_getr_d_gw_btm?ie=UTF8,54:54.1,54:54.2,WANDER Mens Dress Socks 8 Pairs Classic Rib Cotton Solid Premium Socks Office Work Business Socks 7-12/12-15,4.6,,Clothing & Accessories,B07TJ832JH,,"1,046"
57,AHPAFQ7IOMGPDIZBPVLEFJI5CW6A,TRUE,Nice for work,Great value for the money! Thank you!,"August 10, 2020",lmcb,5,0,https://www.amazon.ca/gp/profile/amzn1.account.AHPAFQ7IOMGPDIZBPVLEFJI5CW6A/ref=cm_cr_getr_d_gw_btm?ie=UTF8,54:54.2,54:54.4,WANDER Mens Dress Socks 8 Pairs Classic Rib Cotton Solid Premium Socks Office Work Business Socks 7-12/12-15,4.6,,Clothing & Accessories,B07TJ832JH,,"1,046"
58,AEB5J7OJJSNNJQEA6MHUDK7ANDFQ,TRUE,"Very comfortable, great fit","With the comfortable fit and the non slip on the soles make
these sock great too ware.","March 10, 2020",Karin Radtke,5,0,https://www.amazon.ca/gp/profile/amzn1.account.AEB5J7OJJSNNJQEA6MHUDK7ANDFQ/ref=cm_cr_getr_d_gw_btm?ie=UTF8,54:54.4,54:54.5,WANDER Mens Dress Socks 8 Pairs Classic Rib Cotton Solid Premium Socks Office Work Business Socks 7-12/12-15,4.6,,Clothing & Accessories,B07TJ832JH,,"1,046"
59,AHUZFS2MEAIZENHUVXIL4OSIR6BA,TRUE,Great value,"Great value
Very comfortable","August 5, 2020",tariq khan,5,0,https://www.amazon.ca/gp/profile/amzn1.account.AHUZFS2MEAIZENHUVXIL4OSIR6BA/ref=cm_cr_getr_d_gw_btm?ie=UTF8,54:54.5,54:54.7,WANDER Mens Dress Socks 8 Pairs Classic Rib Cotton Solid Premium Socks Office Work Business Socks 7-12/12-15,4.6,,Clothing & Accessories,B07TJ832JH,,"1,046"
60,AFU5ZSCG76FYEYYYAZ3KDTTBQHOA,TRUE,Good,Very happy,"September 12, 2020",Rene D.,5,0,https://www.amazon.ca/gp/profile/amzn1.account.AFU5ZSCG76FYEYYYAZ3KDTTBQHOA/ref=cm_cr_getr_d_gw_btm?ie=UTF8,54:56.9,54:57.1,WANDER Mens Dress Socks 8 Pairs Classic Rib Cotton Solid Premium Socks Office Work Business Socks 7-12/12-15,4.6,,Clothing & Accessories,B07TJ832JH,,"1,046"
61,AHTTTG7VNVJRVT6TPTUAI4ZHZ2QQ,TRUE,Vacuum flat!,Vacuum sealed. Fit great.,"December 13, 2019",matt reid,5,0,https://www.amazon.ca/gp/profile/amzn1.account.AHTTTG7VNVJRVT6TPTUAI4ZHZ2QQ/ref=cm_cr_getr_d_gw_btm?ie=UTF8,54:57.1,54:57.3,WANDER Mens Dress Socks 8 Pairs Classic Rib Cotton Solid Premium Socks Office Work Business Socks 7-12/12-15,4.6,,Clothing & Accessories,B07TJ832JH,,"1,046"
62,AGLZMVCWWIYMMOSBWCPRST5BCJHQ,TRUE,prompt delivery,socks were what I ordered and fit well..quick delivery,"March 4, 2020",Amazon Customer,4,0,https://www.amazon.ca/gp/profile/amzn1.account.AGLZMVCWWIYMMOSBWCPRST5BCJHQ/ref=cm_cr_getr_d_gw_btm?ie=UTF8,54:57.3,54:57.4,WANDER Mens Dress Socks 8 Pairs Classic Rib Cotton Solid Premium Socks Office Work Business Socks 7-12/12-15,4.6,,Clothing & Accessories,B07TJ832JH,,"1,046"
63,AEEIJE4O4MO2SHRJDWYPM54FP2CA,TRUE,Perfect fit,Good product,"September 12, 2020",Amazon Customer,5,0,https://www.amazon.ca/gp/profile/amzn1.account.AEEIJE4O4MO2SHRJDWYPM54FP2CA/ref=cm_cr_getr_d_gw_btm?ie=UTF8,54:57.5,54:57.6,WANDER Mens Dress Socks 8 Pairs Classic Rib Cotton Solid Premium Socks Office Work Business Socks 7-12/12-15,4.6,,Clothing & Accessories,B07TJ832JH,,"1,046"
64,AFOFM2OW42GCE4M3CTHNCN5I5SAA,TRUE,Comfortable.,As expected and advertised.,"August 10, 2020",Amazon Customer,5,0,https://www.amazon.ca/gp/profile/amzn1.account.AFOFM2OW42GCE4M3CTHNCN5I5SAA/ref=cm_cr_getr_d_gw_btm?ie=UTF8,54:57.6,54:57.8,WANDER Mens Dress Socks 8 Pairs Classic Rib Cotton Solid Premium Socks Office Work Business Socks 7-12/12-15,4.6,,Clothing & Accessories,B07TJ832JH,,"1,046"
65,AGUYWC3QVJ6KLIYSIDJGVYPSMQWA,TRUE,Good socks for a good price,Comfortable socks. I am a size 10.,"August 21, 2020",Amazon Prime Customer,5,0,https://www.amazon.ca/gp/profile/amzn1.account.AGUYWC3QVJ6KLIYSIDJGVYPSMQWA/ref=cm_cr_getr_d_gw_btm?ie=UTF8,54:57.8,54:58.0,WANDER Mens Dress Socks 8 Pairs Classic Rib Cotton Solid Premium Socks Office Work Business Socks 7-12/12-15,4.6,,Clothing & Accessories,B07TJ832JH,,"1,046"
66,AESWCKZYEI525CQFU5RWYOKK35DQ,TRUE,Does not fit,I can't believe that they say it's a size 13 when it feels like an 11,"June 17, 2020",Emad,1,0,https://www.amazon.ca/gp/profile/amzn1.account.AESWCKZYEI525CQFU5RWYOKK35DQ/ref=cm_cr_getr_d_gw_btm?ie=UTF8,54:58.0,54:58.1,WANDER Mens Dress Socks 8 Pairs Classic Rib Cotton Solid Premium Socks Office Work Business Socks 7-12/12-15,4.6,,Clothing & Accessories,B07TJ832JH,,"1,046"
67,AEEE2XAPLKHG6I5DAS7H5IDXOMKQ,TRUE,Top elastic too tight and they were supposed to be men's extra large,"Would not buy again, top too tight, no give.","May 4, 2020",Pepsi K,1,0,https://www.amazon.ca/gp/profile/amzn1.account.AEEE2XAPLKHG6I5DAS7H5IDXOMKQ/ref=cm_cr_getr_d_gw_btm?ie=UTF8,54:58.1,54:58.3,WANDER Mens Dress Socks 8 Pairs Classic Rib Cotton Solid Premium Socks Office Work Business Socks 7-12/12-15,4.6,,Clothing & Accessories,B07TJ832JH,,"1,046"
68,AEIDAR4ADMEEYQRKEMVBTVJROLPA,TRUE,nice socks,comfortable.,"August 10, 2020",Rusty Shackelford,4,0,https://www.amazon.ca/gp/profile/amzn1.account.AEIDAR4ADMEEYQRKEMVBTVJROLPA/ref=cm_cr_getr_d_gw_btm?ie=UTF8,54:58.3,54:58.5,WANDER Mens Dress Socks 8 Pairs Classic Rib Cotton Solid Premium Socks Office Work Business Socks 7-12/12-15,4.6,,Clothing & Accessories,B07TJ832JH,,"1,046"
69,AFKZGRLJ42ZKF4YHCOBRNO6PKJLA,TRUE,Parfait,Produit parfait,"February 25, 2020",Hélène Dl,5,0,https://www.amazon.ca/gp/profile/amzn1.account.AFKZGRLJ42ZKF4YHCOBRNO6PKJLA/ref=cm_cr_getr_d_gw_btm?ie=UTF8,54:58.5,54:58.6,WANDER Mens Dress Socks 8 Pairs Classic Rib Cotton Solid Premium Socks Office Work Business Socks 7-12/12-15,4.6,,Clothing & Accessories,B07TJ832JH,,"1,046"
70,AFP543I334ZGOE6RHIZ5F4BSYT2Q,TRUE,Nice Socks,Great product!,"August 25, 2020",Amazon Customer,5,0,https://www.amazon.ca/gp/profile/amzn1.account.AFP543I334ZGOE6RHIZ5F4BSYT2Q/ref=cm_cr_getr_d_gw_btm?ie=UTF8,55:01.8,55:02.0,WANDER Mens Dress Socks 8 Pairs Classic Rib Cotton Solid Premium Socks Office Work Business Socks 7-12/12-15,4.6,,Clothing & Accessories,B07TJ832JH,,"1,046"
71,AED2RDSVWJA75SDSFFU63QERC2IA,TRUE,Nice socks,I like the socks and they fit well and do not slide down.,"March 1, 2020",Lon Sinclair,4,0,https://www.amazon.ca/gp/profile/amzn1.account.AED2RDSVWJA75SDSFFU63QERC2IA/ref=cm_cr_getr_d_gw_btm?ie=UTF8,55:02.0,55:02.1,WANDER Mens Dress Socks 8 Pairs Classic Rib Cotton Solid Premium Socks Office Work Business Socks 7-12/12-15,4.6,,Clothing & Accessories,B07TJ832JH,,"1,046"
72,AGEB4D7UJ5BLAIQ6UU5NOKKJOYYQ,TRUE,Good Quality,Good fit and just the right thickness for a dress sock.,"March 9, 2020",Stewart Small,5,0,https://www.amazon.ca/gp/profile/amzn1.account.AGEB4D7UJ5BLAIQ6UU5NOKKJOYYQ/ref=cm_cr_getr_d_gw_btm?ie=UTF8,55:02.1,55:02.3,WANDER Mens Dress Socks 8 Pairs Classic Rib Cotton Solid Premium Socks Office Work Business Socks 7-12/12-15,4.6,,Clothing & Accessories,B07TJ832JH,,"1,046"
73,AGKTCF6O3P56RWQOISEPAOZNNNAQ,TRUE,a bit on the thick side,The socks are a bit on the thick side but are comfortable and fit well.,"August 23, 2020",mike,5,0,https://www.amazon.ca/gp/profile/amzn1.account.AGKTCF6O3P56RWQOISEPAOZNNNAQ/ref=cm_cr_getr_d_gw_btm?ie=UTF8,55:02.3,55:02.4,WANDER Mens Dress Socks 8 Pairs Classic Rib Cotton Solid Premium Socks Office Work Business Socks 7-12/12-15,4.6,,Clothing & Accessories,B07TJ832JH,,"1,046"
74,AGKZZ5R7ZFTFCMA3C27SZBMNF7VQ,TRUE,As advertised,Good quality.,"December 11, 2019",Michael Brant,5,0,https://www.amazon.ca/gp/profile/amzn1.account.AGKZZ5R7ZFTFCMA3C27SZBMNF7VQ/ref=cm_cr_getr_d_gw_btm?ie=UTF8,55:02.4,55:02.6,WANDER Mens Dress Socks 8 Pairs Classic Rib Cotton Solid Premium Socks Office Work Business Socks 7-12/12-15,4.6,,Clothing & Accessories,B07TJ832JH,,"1,046"
75,AERFFNW4MIVTRK2VHZC53IUUSLWA,TRUE,Value,Comfortable fit on larger foot,"July 12, 2020",Double D,4,0,https://www.amazon.ca/gp/profile/amzn1.account.AERFFNW4MIVTRK2VHZC53IUUSLWA/ref=cm_cr_getr_d_gw_btm?ie=UTF8,55:02.6,55:02.7,WANDER Mens Dress Socks 8 Pairs Classic Rib Cotton Solid Premium Socks Office Work Business Socks 7-12/12-15,4.6,,Clothing & Accessories,B07TJ832JH,,"1,046"
76,AH7WWXK2Z4EU3ERWXLOX4L7YDWRQ,TRUE,Finally found socks that fit. I have size 14 of shoes :),Good product. Good quality for the money. And they fit.,"September 14, 2020",Truus,5,0,https://www.amazon.ca/gp/profile/amzn1.account.AH7WWXK2Z4EU3ERWXLOX4L7YDWRQ/ref=cm_cr_getr_d_gw_btm?ie=UTF8,55:02.7,55:02.9,WANDER Mens Dress Socks 8 Pairs Classic Rib Cotton Solid Premium Socks Office Work Business Socks 7-12/12-15,4.6,,Clothing & Accessories,B07TJ832JH,,"1,046"
77,AHEEJEL7OJNKEZ6XVFQG4RL24BAQ,TRUE,Great socks,Comfy and close fitting socks. Stylish and functional.,"November 18, 2019",Dave Forestell,5,0,https://www.amazon.ca/gp/profile/amzn1.account.AHEEJEL7OJNKEZ6XVFQG4RL24BAQ/ref=cm_cr_getr_d_gw_btm?ie=UTF8,55:02.9,55:03.0,WANDER Mens Dress Socks 8 Pairs Classic Rib Cotton Solid Premium Socks Office Work Business Socks 7-12/12-15,4.6,,Clothing & Accessories,B07TJ832JH,,"1,046"
78,AGH7AA6HIFNWKDDDM76OSWDAUARQ,TRUE,Good value and fit.,Great socks and deal. Wish they came in more colours.,"December 23, 2019",Robert McClure,5,0,https://www.amazon.ca/gp/profile/amzn1.account.AGH7AA6HIFNWKDDDM76OSWDAUARQ/ref=cm_cr_getr_d_gw_btm?ie=UTF8,55:03.0,55:03.2,WANDER Mens Dress Socks 8 Pairs Classic Rib Cotton Solid Premium Socks Office Work Business Socks 7-12/12-15,4.6,,Clothing & Accessories,B07TJ832JH,,"1,046"
79,AEOA7NZB6DK2I7BORI5DTMG7JBWA,TRUE,Very satisfied,Package arrived promptly and was just as expected.,"September 14, 2020",Ken F.,5,0,https://www.amazon.ca/gp/profile/amzn1.account.AEOA7NZB6DK2I7BORI5DTMG7JBWA/ref=cm_cr_getr_d_gw_btm?ie=UTF8,55:03.2,55:03.4,WANDER Mens Dress Socks 8 Pairs Classic Rib Cotton Solid Premium Socks Office Work Business Socks 7-12/12-15,4.6,,Clothing & Accessories,B07TJ832JH,,"1,046"
80,AGM2JYF6Q4NDRRB5YBBARK2YCSRA,TRUE,Great comfy socks,"Ordered this for work. They are comfy, good value!","August 18, 2020",Lisa Shales,5,0,https://www.amazon.ca/gp/profile/amzn1.account.AGM2JYF6Q4NDRRB5YBBARK2YCSRA/ref=cm_cr_getr_d_gw_btm?ie=UTF8,55:05.5,55:05.7,WANDER Mens Dress Socks 8 Pairs Classic Rib Cotton Solid Premium Socks Office Work Business Socks 7-12/12-15,4.6,,Clothing & Accessories,B07TJ832JH,,"1,046"
81,AGPWGZB6SVH3CO666CVE2ZWAXK5Q,TRUE,Comfortable,Very nice socks! Comfortable and durable.,"August 3, 2020",Lindsay Shessel,5,0,https://www.amazon.ca/gp/profile/amzn1.account.AGPWGZB6SVH3CO666CVE2ZWAXK5Q/ref=cm_cr_getr_d_gw_btm?ie=UTF8,55:05.7,55:05.9,WANDER Mens Dress Socks 8 Pairs Classic Rib Cotton Solid Premium Socks Office Work Business Socks 7-12/12-15,4.6,,Clothing & Accessories,B07TJ832JH,,"1,046"
82,AGXEDLHS44HNI5XY6L5SJS55DDEA,TRUE,Not worth the money charged,Too tight for large size socks,"July 1, 2020",alam,2,0,https://www.amazon.ca/gp/profile/amzn1.account.AGXEDLHS44HNI5XY6L5SJS55DDEA/ref=cm_cr_getr_d_gw_btm?ie=UTF8,55:05.9,55:06.1,WANDER Mens Dress Socks 8 Pairs Classic Rib Cotton Solid Premium Socks Office Work Business Socks 7-12/12-15,4.6,,Clothing & Accessories,B07TJ832JH,,"1,046"
83,AHVCIY256SZF6Q6RRUHPGGFPZUHQ,TRUE,They seem to be very good quality.,Love the feel of them.,"November 26, 2019",Rita M.,5,0,https://www.amazon.ca/gp/profile/amzn1.account.AHVCIY256SZF6Q6RRUHPGGFPZUHQ/ref=cm_cr_getr_d_gw_btm?ie=UTF8,55:06.1,55:06.2,WANDER Mens Dress Socks 8 Pairs Classic Rib Cotton Solid Premium Socks Office Work Business Socks 7-12/12-15,4.6,,Clothing & Accessories,B07TJ832JH,,"1,046"
84,AE2ZL3SFJ6J37BZY6UQDTOXA5NNA,TRUE,Very Good Product,Great product,"August 7, 2020",Maurice Pamensky,5,0,https://www.amazon.ca/gp/profile/amzn1.account.AE2ZL3SFJ6J37BZY6UQDTOXA5NNA/ref=cm_cr_getr_d_gw_btm?ie=UTF8,55:06.2,55:06.4,WANDER Mens Dress Socks 8 Pairs Classic Rib Cotton Solid Premium Socks Office Work Business Socks 7-12/12-15,4.6,,Clothing & Accessories,B07TJ832JH,,"1,046"
85,AGY7GMIH3C7QYR4NJHOKT56SI55Q,TRUE,fits perfectly,"comfortable, nice fitting","August 21, 2020",U. Luder,5,0,https://www.amazon.ca/gp/profile/amzn1.account.AGY7GMIH3C7QYR4NJHOKT56SI55Q/ref=cm_cr_getr_d_gw_btm?ie=UTF8,55:06.4,55:06.5,WANDER Mens Dress Socks 8 Pairs Classic Rib Cotton Solid Premium Socks Office Work Business Socks 7-12/12-15,4.6,,Clothing & Accessories,B07TJ832JH,,"1,046"
86,AHVWYKJ3WZYGVY5QHB6EWMBI7EMA,TRUE,happy with product,my son like it,"August 20, 2020",Zoya,5,0,https://www.amazon.ca/gp/profile/amzn1.account.AHVWYKJ3WZYGVY5QHB6EWMBI7EMA/ref=cm_cr_getr_d_gw_btm?ie=UTF8,55:06.5,55:06.7,WANDER Mens Dress Socks 8 Pairs Classic Rib Cotton Solid Premium Socks Office Work Business Socks 7-12/12-15,4.6,,Clothing & Accessories,B07TJ832JH,,"1,046"
87,AHU7GY2FEQWH2CPIUSNHIEBHNFAQ,TRUE,Great deal,Good fit for the price,"November 18, 2019",Amazon customer,5,0,https://www.amazon.ca/gp/profile/amzn1.account.AHU7GY2FEQWH2CPIUSNHIEBHNFAQ/ref=cm_cr_getr_d_gw_btm?ie=UTF8,55:06.7,55:06.8,WANDER Mens Dress Socks 8 Pairs Classic Rib Cotton Solid Premium Socks Office Work Business Socks 7-12/12-15,4.6,,Clothing & Accessories,B07TJ832JH,,"1,046"
88,AF43XXAFQPQUDVUJEXQF4RH5KGFA,TRUE,GREAT BUY - WELL WORTH THE MONEY,VERY COMFORTABLE TO WEAR,"December 3, 2019",Robert K. Johnson,5,0,https://www.amazon.ca/gp/profile/amzn1.account.AF43XXAFQPQUDVUJEXQF4RH5KGFA/ref=cm_cr_getr_d_gw_btm?ie=UTF8,55:06.9,55:07.0,WANDER Mens Dress Socks 8 Pairs Classic Rib Cotton Solid Premium Socks Office Work Business Socks 7-12/12-15,4.6,,Clothing & Accessories,B07TJ832JH,,"1,046"
89,AEVUVEEKETDRBXJGIOSELZQDQELQ,TRUE,Ok for the price but not quality,Will get loose soon,"February 20, 2020",amin,2,0,https://www.amazon.ca/gp/profile/amzn1.account.AEVUVEEKETDRBXJGIOSELZQDQELQ/ref=cm_cr_getr_d_gw_btm?ie=UTF8,55:07.0,55:07.3,WANDER Mens Dress Socks 8 Pairs Classic Rib Cotton Solid Premium Socks Office Work Business Socks 7-12/12-15,4.6,,Clothing & Accessories,B07TJ832JH,,"1,046"
90,AEZXCEQQIIJZIVVGY73NHDY57FDQ,TRUE,Good quality and affordable.,Satisfied customer.,"August 26, 2020",Kathleen L.,5,0,https://www.amazon.ca/gp/profile/amzn1.account.AEZXCEQQIIJZIVVGY73NHDY57FDQ/ref=cm_cr_getr_d_gw_btm?ie=UTF8,55:09.4,55:09.6,WANDER Mens Dress Socks 8 Pairs Classic Rib Cotton Solid Premium Socks Office Work Business Socks 7-12/12-15,4.6,,Clothing & Accessories,B07TJ832JH,,"1,046"
91,AHLFZSPUCUVGHQEUXVIWTSXUES7A,FALSE,Excellent quality!!!,Excellent quality for the $$... The wife asks me leave them on when Im making love to her!!!,"July 10, 2020",danny,5,0,https://www.amazon.ca/gp/profile/amzn1.account.AHLFZSPUCUVGHQEUXVIWTSXUES7A/ref=cm_cr_getr_d_gw_btm?ie=UTF8,55:09.6,55:09.7,WANDER Mens Dress Socks 8 Pairs Classic Rib Cotton Solid Premium Socks Office Work Business Socks 7-12/12-15,4.6,,Clothing & Accessories,B07TJ832JH,,"1,046"
92,AEDGHFQBJEWPS742ATBWXQOY6X2Q,FALSE,Review of socks,"Sock came quickly, and are of good quality. Very happy with the seller. Would reccomend and re-order when needed.","December 5, 2019",james h,5,0,https://www.amazon.ca/gp/profile/amzn1.account.AEDGHFQBJEWPS742ATBWXQOY6X2Q/ref=cm_cr_getr_d_gw_btm?ie=UTF8,55:09.7,55:09.9,WANDER Mens Dress Socks 8 Pairs Classic Rib Cotton Solid Premium Socks Office Work Business Socks 7-12/12-15,4.6,,Clothing & Accessories,B07TJ832JH,,"1,046"
93,AEUASL3TEDHXKI7DAQBH3W3PYSGQ,TRUE,Make life More easy,"Super comfortable. match with all the Suits and shoes, very easy to wash and pair, my boyfriend love it so much, and one package is 8 pairs, he can use for one week, great！","December 11, 2019",selena Yu,5,0,https://www.amazon.ca/gp/profile/amzn1.account.AEUASL3TEDHXKI7DAQBH3W3PYSGQ/ref=cm_cr_getr_d_gw_btm?ie=UTF8,55:09.9,55:10.0,WANDER Mens Dress Socks 8 Pairs Classic Rib Cotton Solid Premium Socks Office Work Business Socks 7-12/12-15,4.6,,Clothing & Accessories,B07TJ832JH,,"1,046"
