,author_id,verified_purchase,review_title,reviews,date,reviewer_name,ratings,people_find_helpful,reviewer_profile_url,start_time,end_time,product_name,average_rating,total_reviews,product_category,product_id,brand_name,rank
0,AHYCR6Z63Z7E2EMVYITLYW2BD3JA,True,You get what you pay for.,"I am 6' tall.....180 lbs.....athletic build.

These shirts are a touch short for my body. When I lift my arms, my stomach /back is visible. Wish they were 2 inches longer.

The charcoal gray is kind of ugly, and is brown when wet lol....not what I was expecting. Fruit of the loom has this colour perfected.

The shirts are also crispy in the charcoal grey. Other colors may be softer....who knows. Fruit of the loom are soft unlike these.

Overall I will accept them for what they are.....cheap work shirts......as they are still worth the few bucks a shirt.","June 13, 2019",Jason C,4.0,4,https://www.amazon.ca/gp/profile/amzn1.account.AHYCR6Z63Z7E2EMVYITLYW2BD3JA/ref=cm_cr_arp_d_gw_btm?ie=UTF8,2020-10-05 15:55:47.619216,2020-10-05 15:55:47.838815,GILDAN Men's Classic Heavy Cotton T-Shirt (Pack of 12),4.3,,Clothing & Accessories,B010E8CFVE,Gildan,"5,803"
1,AFRAE5YLX7FWXD36QQDGG2FV74CQ,True,Good 😊,"I am 6.1 in height and 180Lb
I usually buy large and I decided to go with extra large which was a mistake as the shoulders of the t shirts where hanging and was feeling too big. I had to send it back
I bought LG size and it fitted perfect .
I am really happy with the shirts.
But I did notice that the colour of the light coloured t shirts tend to loose a bit of colour.
Over all it’s a good deal. 👍🏻","November 18, 2018",Abhi,4.0,5,https://www.amazon.ca/gp/profile/amzn1.account.AFRAE5YLX7FWXD36QQDGG2FV74CQ/ref=cm_cr_arp_d_gw_btm?ie=UTF8,2020-10-05 15:55:47.846624,2020-10-05 15:55:48.059391,GILDAN Men's Classic Heavy Cotton T-Shirt (Pack of 12),4.3,,Clothing & Accessories,B010E8CFVE,Gildan,"5,803"
2,AGXUAFS3OFCQ6UYFWCC7WQI4HT6Q,True,Best Buy Ever!,"I love these t-shirts and so does the hubs. They are well made (good stitching, especially around the neck), are a lovely medium weight cotton and the colors are great. Didn't get a duplicate color in the bunch which I did not expect. My only negative would be that they run on the large size.....but hey, they're t-shirts; tuck 'em in! These are perfect for people that wear one every day under other clothing. They will be great in the winter due to the weight of the cotton weave.","September 24, 2018",Ann Marie Beacock,5.0,3,https://www.amazon.ca/gp/profile/amzn1.account.AGXUAFS3OFCQ6UYFWCC7WQI4HT6Q/ref=cm_cr_arp_d_gw_btm?ie=UTF8,2020-10-05 15:55:48.063294,2020-10-05 15:55:48.238974,GILDAN Men's Classic Heavy Cotton T-Shirt (Pack of 12),4.3,,Clothing & Accessories,B010E8CFVE,Gildan,"5,803"
3,AHHF32FJEVCCPH4NZLZSJ4VUG2PA,True,Like any clothing,"Like any clothing, you can't always trust the size or labels that state ""preshrunk"". I read a lot of the reviews about this product and the general theme was that the shirts are well made and well worth the price but seemed to shrink some when washed. I bought large instead of medium and washed them first (always a good idea). The result was 12 well fitting shirts. My advice (for what it's worth) is buy a size larger than you need and wash them first... you likely won't be disappointed. For $5 a shirt... not bad at all.","August 19, 2018",John Cameron,4.0,3,https://www.amazon.ca/gp/profile/amzn1.account.AHHF32FJEVCCPH4NZLZSJ4VUG2PA/ref=cm_cr_arp_d_gw_btm?ie=UTF8,2020-10-05 15:55:48.243854,2020-10-05 15:55:48.424414,GILDAN Men's Classic Heavy Cotton T-Shirt (Pack of 12),4.3,,Clothing & Accessories,B010E8CFVE,Gildan,"5,803"
4,AFEGV4S3TY7IAVZIMSHOUMB2RJYA,True,Shrank right away,"They immediately shrunk from a very roomy XL to a barely loose L, which is fine as I bought up a size in case of shrinking, but the length is now closer to a M which just sucks. Why aren't these pre shrunk!? Otherwise quality seems ok. Fairly light weight material, which is probably why they shrunk. These aren't plain flat colours either, they are blended/mottled. Received two light grey shirts.","May 3, 2019",b richardson,3.0,0,https://www.amazon.ca/gp/profile/amzn1.account.AFEGV4S3TY7IAVZIMSHOUMB2RJYA/ref=cm_cr_arp_d_gw_btm?ie=UTF8,2020-10-05 15:55:48.432221,2020-10-05 15:55:48.609853,GILDAN Men's Classic Heavy Cotton T-Shirt (Pack of 12),4.3,,Clothing & Accessories,B010E8CFVE,Gildan,"5,803"
5,AFETOKE6VKJPTHFOTN4ZRL2545EQ,True,A feast of colours,"I read a lot of comments prior to buying and completely recommend what they all say. Buy a slight bigger size (I'm 5'7"" 140lbs so bought Med). It was little bigger but did as recommended, wash them prior to wearing them and now they fit amazing. Just the arms ( bicep area is still a bit loose) BUT hey for $5.25 a shirt, it is worth every penny!","June 5, 2019",Amazon Customer,5.0,One,https://www.amazon.ca/gp/profile/amzn1.account.AFETOKE6VKJPTHFOTN4ZRL2545EQ/ref=cm_cr_arp_d_gw_btm?ie=UTF8,2020-10-05 15:55:48.615709,2020-10-05 15:55:48.804076,GILDAN Men's Classic Heavy Cotton T-Shirt (Pack of 12),4.3,,Clothing & Accessories,B010E8CFVE,Gildan,"5,803"
6,AF7OT6KPRJRATFFGCWMBFTZAAKYA,True,Perfect fit!,"I took the advice of many here and purchased one size larger than I needed, then immediately dumped the whole lot into the washing machine, and then the dryer. The shirts are now the perfect size and free of potential skin irritants such as excess dye and chemicals like Urea formadehyde used to prevent mildew during shipping.","May 10, 2019",G.,5.0,0,https://www.amazon.ca/gp/profile/amzn1.account.AF7OT6KPRJRATFFGCWMBFTZAAKYA/ref=cm_cr_arp_d_gw_btm?ie=UTF8,2020-10-05 15:55:48.810909,2020-10-05 15:55:49.010013,GILDAN Men's Classic Heavy Cotton T-Shirt (Pack of 12),4.3,,Clothing & Accessories,B010E8CFVE,Gildan,"5,803"
7,AEQBVV4TWO57T2GWXHA5OZNEKPKA,True,Very reasonably priced.,"Nice to have so many different colours to pick from. I find it really doesn't matter how much you spend on a ""T"" shirt, after a few washes, it's time to throw them out These were inexpensive so I won't feel so bad.","May 31, 2019",Allan L,4.0,0,https://www.amazon.ca/gp/profile/amzn1.account.AEQBVV4TWO57T2GWXHA5OZNEKPKA/ref=cm_cr_arp_d_gw_btm?ie=UTF8,2020-10-05 15:55:49.015868,2020-10-05 15:55:49.240348,GILDAN Men's Classic Heavy Cotton T-Shirt (Pack of 12),4.3,,Clothing & Accessories,B010E8CFVE,Gildan,"5,803"
8,AEFOCOYMANUSL27VPMYS7YXCLBAA,True,Wash it for snug,"Ordered a pack of 12. I got 13 instead. Right out of package, shirts were a good fit. However, looked boxy and sleeves were protruding. Looked funny. Would have put 3 stars for the price and quality.
But, after one warm wash, 5 out of 5. Snug fit. Shirt hugs your body and the sleeve problem is gone. Would recommend washing it out of package.","June 30, 2018",Amazon Customer,5.0,0,https://www.amazon.ca/gp/profile/amzn1.account.AEFOCOYMANUSL27VPMYS7YXCLBAA/ref=cm_cr_arp_d_gw_btm?ie=UTF8,2020-10-05 15:55:49.246204,2020-10-05 15:55:49.450187,GILDAN Men's Classic Heavy Cotton T-Shirt (Pack of 12),4.3,,Clothing & Accessories,B010E8CFVE,Gildan,"5,803"
9,AG7L7OGFG6L2OPJML5Z4BVF7CXOA,True,Shirts!,"After washing, they do shrink a bit. Fit is still good. Not happy with the loose stitching on a couple of shirts. Will start coming apart after a dozen loads or so.","August 5, 2020",Cody,4.0,0,https://www.amazon.ca/gp/profile/amzn1.account.AG7L7OGFG6L2OPJML5Z4BVF7CXOA/ref=cm_cr_arp_d_gw_btm?ie=UTF8,2020-10-05 15:55:49.457019,2020-10-05 15:55:49.647339,GILDAN Men's Classic Heavy Cotton T-Shirt (Pack of 12),4.3,,Clothing & Accessories,B010E8CFVE,Gildan,"5,803"
10,AFNZ3NB4YXHHPS3NAEMZXU6B4M5Q,True,Great value well made t shirts,"The colours were great and they seem to be well made. These fit perfect and as expected until the first time I washed them, they went from a nice fit 2xl to a belly shirt. I’m still wearing them I just have to stretch them out before wearing them after each wash.","September 21, 2019",nic phillips,4.0,0,https://www.amazon.ca/gp/profile/amzn1.account.AFNZ3NB4YXHHPS3NAEMZXU6B4M5Q/ref=cm_cr_getr_d_gw_btm?ie=UTF8,2020-10-05 15:55:51.856997,2020-10-05 15:55:52.067815,GILDAN Men's Classic Heavy Cotton T-Shirt (Pack of 12),4.3,,Clothing & Accessories,B010E8CFVE,Gildan,"5,803"
11,AGVDUHFZUFVNX3YDTUP3FFVLX7XA,True,good quality and do not shrink,"I'm a tall guy and most t-shirt sleeves are too short for me. These sleeves are perfect and the fit is comfortable. I just wish I could pick the colours I wanted instead of getting a bunch of random colours. But for the price point, it's unbeatable.","November 19, 2018",User of things,4.0,0,https://www.amazon.ca/gp/profile/amzn1.account.AGVDUHFZUFVNX3YDTUP3FFVLX7XA/ref=cm_cr_getr_d_gw_btm?ie=UTF8,2020-10-05 15:55:52.072693,2020-10-05 15:55:52.270821,GILDAN Men's Classic Heavy Cotton T-Shirt (Pack of 12),4.3,,Clothing & Accessories,B010E8CFVE,Gildan,"5,803"
12,AGX27GPJESQFSFD4VARXMKI57HRQ,True,Not as 'heavy' as their older shirts.,"I would give this pack a 5 rating if the shirts were indeed the heavy-cotton thickness of even a couple of years ago, but these are just a bit thinner. Colours are good though, and hey, they're just t-shirts.","May 21, 2019",Glen B.,4.0,0,https://www.amazon.ca/gp/profile/amzn1.account.AGX27GPJESQFSFD4VARXMKI57HRQ/ref=cm_cr_getr_d_gw_btm?ie=UTF8,2020-10-05 15:55:52.277653,2020-10-05 15:55:52.465044,GILDAN Men's Classic Heavy Cotton T-Shirt (Pack of 12),4.3,,Clothing & Accessories,B010E8CFVE,Gildan,"5,803"
13,AGHVPLLFE2VFCBZEHSPO24TSY5QQ,True,"Shrunk a bit in the dryer, otherwise ok",Purposefully ordered a size larger than what i needed so that after it shrunk they'd still fit. Almost worked perfectly but the hem is still a bit too short after shrinking (i'm 6' 3''),"December 2, 2019",LazyIT,3.0,One,https://www.amazon.ca/gp/profile/amzn1.account.AGHVPLLFE2VFCBZEHSPO24TSY5QQ/ref=cm_cr_getr_d_gw_btm?ie=UTF8,2020-10-05 15:55:52.470901,2020-10-05 15:55:52.650484,GILDAN Men's Classic Heavy Cotton T-Shirt (Pack of 12),4.3,,Clothing & Accessories,B010E8CFVE,Gildan,"5,803"
14,AEYXKFYFR5PI7TV54I3IBQ6MD23A,True,A Medium-Weight Cotton. Fits Well.,"I wouldn't call it a heavy cotton, but it's certainly not a light/thin cotton. I'd call it about a medium weight. It has a nice fit. The length is good (below belt, even with arms up, but above groin). The construction seems like it should last.","September 7, 2017",Michael H,5.0,0,https://www.amazon.ca/gp/profile/amzn1.account.AEYXKFYFR5PI7TV54I3IBQ6MD23A/ref=cm_cr_getr_d_gw_btm?ie=UTF8,2020-10-05 15:55:52.656340,2020-10-05 15:55:52.825187,GILDAN Men's Classic Heavy Cotton T-Shirt (Pack of 12),4.3,,Clothing & Accessories,B010E8CFVE,Gildan,"5,803"
15,AG57O76XQQNSCJATV6BKNIB73QYQ,True,Good quality didn't shrink,"These shirts fit as described. Make sure you check the sizing chart because their medium is slightly smaller in the chest and shoulders than a typical Canada or USA retail outlet's medium. I washed them in lukewarm water and they did not shrink and the colors did not run as far as I could tell. The fabric is a medium weight 100% cotton or cotton/polyester blend. They all felt soft and were not scratchy, even the 50/50 blend. They are quite comfortable. Also the price is amazing.","April 25, 2019",Gary,5.0,0,https://www.amazon.ca/gp/profile/amzn1.account.AG57O76XQQNSCJATV6BKNIB73QYQ/ref=cm_cr_getr_d_gw_btm?ie=UTF8,2020-10-05 15:55:52.831043,2020-10-05 15:55:52.968659,GILDAN Men's Classic Heavy Cotton T-Shirt (Pack of 12),4.3,,Clothing & Accessories,B010E8CFVE,Gildan,"5,803"
16,AEMGEB4UXIF645KNL6EOFGIMS6TA,True,Order one size up,Washed in warm water and yes they do shrink that's why I bought one size up. Colours are nice and bright. Shoulder width is perfect but I find them a touch too wide around the waist. Length is perfect too.,"July 17, 2020",Jac,5.0,0,https://www.amazon.ca/gp/profile/amzn1.account.AEMGEB4UXIF645KNL6EOFGIMS6TA/ref=cm_cr_getr_d_gw_btm?ie=UTF8,2020-10-05 15:55:52.973539,2020-10-05 15:55:53.162882,GILDAN Men's Classic Heavy Cotton T-Shirt (Pack of 12),4.3,,Clothing & Accessories,B010E8CFVE,Gildan,"5,803"
17,AFDORQE2ZU5R77DO2I2C6UPESXIA,True,So happy with my purchase,All the shirts are nice colours and fabric is good quality and will last a while provided you treat it really right. Good deal for the amount of shirts you get. I would recommend these to anyone,"September 5, 2018",Matty,5.0,One,https://www.amazon.ca/gp/profile/amzn1.account.AFDORQE2ZU5R77DO2I2C6UPESXIA/ref=cm_cr_getr_d_gw_btm?ie=UTF8,2020-10-05 15:55:53.167763,2020-10-05 15:55:53.329778,GILDAN Men's Classic Heavy Cotton T-Shirt (Pack of 12),4.3,,Clothing & Accessories,B010E8CFVE,Gildan,"5,803"
18,AEU6EHW4D7ASKNM6OSAG6COJYRAA,True,Merci,"J'ai reçu les articles très rapidement mais seulement 11/12. Suite a ma plainte, la résolution s'est fait très rapidement.
Par conséquent, je suis entièrement satisfait du service de tous les intervenants, du vendeur,distributeur,et livraison.","November 19, 2019",Lionel ,5.0,0,https://www.amazon.ca/gp/profile/amzn1.account.AEU6EHW4D7ASKNM6OSAG6COJYRAA/ref=cm_cr_getr_d_gw_btm?ie=UTF8,2020-10-05 15:55:53.343442,2020-10-05 15:55:53.493745,GILDAN Men's Classic Heavy Cotton T-Shirt (Pack of 12),4.3,,Clothing & Accessories,B010E8CFVE,Gildan,"5,803"
19,AEWIOT5GAUHUYG4M7KOVS4F4JDRA,True,They are Ok.,They are ok. But I would not say these are “heavy cotton”. They are much lighter and thinner than I expected. I will go back back to the Kirkland brand.,"November 17, 2019",Mark C,3.0,0,https://www.amazon.ca/gp/profile/amzn1.account.AEWIOT5GAUHUYG4M7KOVS4F4JDRA/ref=cm_cr_getr_d_gw_btm?ie=UTF8,2020-10-05 15:55:53.498626,2020-10-05 15:55:53.642097,GILDAN Men's Classic Heavy Cotton T-Shirt (Pack of 12),4.3,,Clothing & Accessories,B010E8CFVE,Gildan,"5,803"
20,AEHYHXU3BO2ZCCMW5LTY5OBBBCEA,True,Comfortable but expensive,These T shirts are comfortable and warm BUT they are overpriced. I will shop around for next purchase.,"September 19, 2020",Claude DeCourcey,4.0,0,https://www.amazon.ca/gp/profile/amzn1.account.AEHYHXU3BO2ZCCMW5LTY5OBBBCEA/ref=cm_cr_getr_d_gw_btm?ie=UTF8,2020-10-05 15:55:56.766131,2020-10-05 15:55:56.901795,GILDAN Men's Classic Heavy Cotton T-Shirt (Pack of 12),4.3,,Clothing & Accessories,B010E8CFVE,Gildan,"5,803"
21,AEQBMDHTNGZM7XPEQXILKWN6QG2A,True,Perfect Summer Shirts,Perfect summer shirt x 10. No need wasting time choosing what to wear.,"July 21, 2019",Mike,5.0,One,https://www.amazon.ca/gp/profile/amzn1.account.AEQBMDHTNGZM7XPEQXILKWN6QG2A/ref=cm_cr_getr_d_gw_btm?ie=UTF8,2020-10-05 15:55:56.906675,2020-10-05 15:55:57.048195,GILDAN Men's Classic Heavy Cotton T-Shirt (Pack of 12),4.3,,Clothing & Accessories,B010E8CFVE,Gildan,"5,803"
22,AEAQBQOB6VKQIZJHX27DFML5HNAQ,True,T-shirts Fit As Advertised,"I purchased large T-shirts, which fit myself. I'm around 195 lbs., and 6' 2"". Minimal shrinkage after washing and drying, therefore, I'm pleased.","July 27, 2019",Ron Ferguson,5.0,0,https://www.amazon.ca/gp/profile/amzn1.account.AEAQBQOB6VKQIZJHX27DFML5HNAQ/ref=cm_cr_getr_d_gw_btm?ie=UTF8,2020-10-05 15:55:57.053075,2020-10-05 15:55:57.208258,GILDAN Men's Classic Heavy Cotton T-Shirt (Pack of 12),4.3,,Clothing & Accessories,B010E8CFVE,Gildan,"5,803"
23,AFQ2IV2LLA7Z2P6PB4G5ECDSVC3A,True,good fit,"fits good, quality as expected (no major problems).

nice colors and washes well.","December 14, 2019",UtilisateurAmazon,5.0,0,https://www.amazon.ca/gp/profile/amzn1.account.AFQ2IV2LLA7Z2P6PB4G5ECDSVC3A/ref=cm_cr_getr_d_gw_btm?ie=UTF8,2020-10-05 15:55:57.214117,2020-10-05 15:55:57.357586,GILDAN Men's Classic Heavy Cotton T-Shirt (Pack of 12),4.3,,Clothing & Accessories,B010E8CFVE,Gildan,"5,803"
24,AEMYWU37HXX45DWH5CSJRAGBZDKQ,True,Ash Grey t-shirt,Their perfection to the t they cover me big tummy and still very lose and very comfortable and they got here earlier then expected (Thank you Amazon),"August 24, 2018",Travis P O'Sullivan,5.0,0,https://www.amazon.ca/gp/profile/amzn1.account.AEMYWU37HXX45DWH5CSJRAGBZDKQ/ref=cm_cr_getr_d_gw_btm?ie=UTF8,2020-10-05 15:55:57.363441,2020-10-05 15:55:57.506913,GILDAN Men's Classic Heavy Cotton T-Shirt (Pack of 12),4.3,,Clothing & Accessories,B010E8CFVE,Gildan,"5,803"
25,AFJRDPPI5RUFULEA22DGBSRXT47Q,True,Good company - great shirt,"You can't find quality shirts anywhere, anymore. I took a chance on these and all 12 shirts are outstanding. Very pleased with the price and the fit.","June 8, 2019",Jeff,5.0,0,https://www.amazon.ca/gp/profile/amzn1.account.AFJRDPPI5RUFULEA22DGBSRXT47Q/ref=cm_cr_getr_d_gw_btm?ie=UTF8,2020-10-05 15:55:57.512804,2020-10-05 15:55:57.681617,GILDAN Men's Classic Heavy Cotton T-Shirt (Pack of 12),4.3,,Clothing & Accessories,B010E8CFVE,Gildan,"5,803"
26,AH74WED3WS5KI3FIUCCZXRCKF2OA,True,Great purchase,T-shirts fit as expected. Good quality T-shirts I will embroider. Thank you.,"February 18, 2020",Frugal Fairy,5.0,0,https://www.amazon.ca/gp/profile/amzn1.account.AH74WED3WS5KI3FIUCCZXRCKF2OA/ref=cm_cr_getr_d_gw_btm?ie=UTF8,2020-10-05 15:55:57.687474,2020-10-05 15:55:57.844610,GILDAN Men's Classic Heavy Cotton T-Shirt (Pack of 12),4.3,,Clothing & Accessories,B010E8CFVE,Gildan,"5,803"
27,AHJASESQFE4EVAHLITAW6CR6SGWQ,True,Sorry I wasted my money.,Most shirts in the pack shrank to a different size. Some have hole and loose thread.,"July 2, 2020",Robert,3.0,0,https://www.amazon.ca/gp/profile/amzn1.account.AHJASESQFE4EVAHLITAW6CR6SGWQ/ref=cm_cr_getr_d_gw_btm?ie=UTF8,2020-10-05 15:55:57.849489,2020-10-05 15:55:58.050544,GILDAN Men's Classic Heavy Cotton T-Shirt (Pack of 12),4.3,,Clothing & Accessories,B010E8CFVE,Gildan,"5,803"
28,AFUJ7D6S63ODDTECZLZ5HSBYQUFQ,True,Awesome buy,"These are good quality shirts, not super thin, not see through, they do shrink a bit in the dryer","November 2, 2018",rick,5.0,0,https://www.amazon.ca/gp/profile/amzn1.account.AFUJ7D6S63ODDTECZLZ5HSBYQUFQ/ref=cm_cr_getr_d_gw_btm?ie=UTF8,2020-10-05 15:55:58.056400,2020-10-05 15:55:58.222320,GILDAN Men's Classic Heavy Cotton T-Shirt (Pack of 12),4.3,,Clothing & Accessories,B010E8CFVE,Gildan,"5,803"
29,AHPS5W7KV7S2BTMW7MQZ3KNEAVDA,True,Great cotton T-shirts and always fit well.,"Love the Gildan T-shirts. Feel good, fit good. Ordered heavy duty this time, and I usually get the lighter model for summer. Can't beat the feel of a cotton T-shirt. Fits as expected.","May 1, 2019",Bobby,5.0,0,https://www.amazon.ca/gp/profile/amzn1.account.AHPS5W7KV7S2BTMW7MQZ3KNEAVDA/ref=cm_cr_getr_d_gw_btm?ie=UTF8,2020-10-05 15:55:58.228176,2020-10-05 15:55:58.391167,GILDAN Men's Classic Heavy Cotton T-Shirt (Pack of 12),4.3,,Clothing & Accessories,B010E8CFVE,Gildan,"5,803"
30,AFG3PPLSUU3O3OBJ7UYXNAQR6ABA,True,Good quality shirts but a tad expensive,"Good assortment of colours and the quality is there with these shirts, i just found them to be a little expensive","May 24, 2019",Ryan,3.0,0,https://www.amazon.ca/gp/profile/amzn1.account.AFG3PPLSUU3O3OBJ7UYXNAQR6ABA/ref=cm_cr_getr_d_gw_btm?ie=UTF8,2020-10-05 15:56:00.543451,2020-10-05 15:56:00.710371,GILDAN Men's Classic Heavy Cotton T-Shirt (Pack of 12),4.3,,Clothing & Accessories,B010E8CFVE,Gildan,"5,803"
31,AHUJXVFLMUJTWT7GZCSAP35XYFKQ,True,Unbelievable Value!,These t-shirts are amazing! Nice quality and the colors have yet to show any fading after multiple washings.,"August 7, 2019",Nick Kossovan,5.0,0,https://www.amazon.ca/gp/profile/amzn1.account.AHUJXVFLMUJTWT7GZCSAP35XYFKQ/ref=cm_cr_getr_d_gw_btm?ie=UTF8,2020-10-05 15:56:00.715252,2020-10-05 15:56:00.878242,GILDAN Men's Classic Heavy Cotton T-Shirt (Pack of 12),4.3,,Clothing & Accessories,B010E8CFVE,Gildan,"5,803"
32,AHTLCKGXV36ZT6KIAO23K63PPKZA,True,good quality t shirts,"I have purchased these before and I always buy a size up as I have noticed they shrink in the first wash ,
quality overall and feel great","November 6, 2019",Daria Chojecka,4.0,0,https://www.amazon.ca/gp/profile/amzn1.account.AHTLCKGXV36ZT6KIAO23K63PPKZA/ref=cm_cr_getr_d_gw_btm?ie=UTF8,2020-10-05 15:56:00.883122,2020-10-05 15:56:01.013905,GILDAN Men's Classic Heavy Cotton T-Shirt (Pack of 12),4.3,,Clothing & Accessories,B010E8CFVE,Gildan,"5,803"
33,AGO5J26IDBNAIDQNAZPWN5JOS5UQ,True,Heavy cotton?,"These are decent medium weight t-shirts. To call them ""Heavy Cotton Tee"" is quite misleading. That aside, they are a good deal for the price.","June 20, 2018",J R,4.0,0,https://www.amazon.ca/gp/profile/amzn1.account.AGO5J26IDBNAIDQNAZPWN5JOS5UQ/ref=cm_cr_getr_d_gw_btm?ie=UTF8,2020-10-05 15:56:01.018785,2020-10-05 15:56:01.151522,GILDAN Men's Classic Heavy Cotton T-Shirt (Pack of 12),4.3,,Clothing & Accessories,B010E8CFVE,Gildan,"5,803"
34,AFMPZ6XDEV5KRDGK7MNK3KTEGH5A,True,Great T-shirts,An excelllent deal ! They are very comfortable .,"July 7, 2020",yahuan,5.0,0,https://www.amazon.ca/gp/profile/amzn1.account.AFMPZ6XDEV5KRDGK7MNK3KTEGH5A/ref=cm_cr_getr_d_gw_btm?ie=UTF8,2020-10-05 15:56:01.156401,2020-10-05 15:56:01.301826,GILDAN Men's Classic Heavy Cotton T-Shirt (Pack of 12),4.3,,Clothing & Accessories,B010E8CFVE,Gildan,"5,803"
35,AG2H2KSRINDTBAKJ3QMCPUCZQZVQ,True,great!,A very good deal with very fast shipping!,"September 13, 2020",Dorelle Taillefer,5.0,0,https://www.amazon.ca/gp/profile/amzn1.account.AG2H2KSRINDTBAKJ3QMCPUCZQZVQ/ref=cm_cr_getr_d_gw_btm?ie=UTF8,2020-10-05 15:56:01.306737,2020-10-05 15:56:01.436545,GILDAN Men's Classic Heavy Cotton T-Shirt (Pack of 12),4.3,,Clothing & Accessories,B010E8CFVE,Gildan,"5,803"
36,AHTONW2GGQ3ZLZD5K4ELWZS5SYHQ,True,Better than cheap no name T's,"Decent quality cotton t-shirt, advise to buy one size bigger than needed due to shrinking after several washes. Good deal pack of 12. Not as good as my 20 year old Pennman brand T's.","December 15, 2019",Amazon Customer,4.0,0,https://www.amazon.ca/gp/profile/amzn1.account.AHTONW2GGQ3ZLZD5K4ELWZS5SYHQ/ref=cm_cr_getr_d_gw_btm?ie=UTF8,2020-10-05 15:56:01.441425,2020-10-05 15:56:01.573184,GILDAN Men's Classic Heavy Cotton T-Shirt (Pack of 12),4.3,,Clothing & Accessories,B010E8CFVE,Gildan,"5,803"
37,AFX4HB5PGG67DKVDALAPCW5WBQKA,True,One size up,"Get one larger size, they shrink in the laundry","March 18, 2019",Frank Sch,4.0,0,https://www.amazon.ca/gp/profile/amzn1.account.AFX4HB5PGG67DKVDALAPCW5WBQKA/ref=cm_cr_getr_d_gw_btm?ie=UTF8,2020-10-05 15:56:01.578064,2020-10-05 15:56:01.711834,GILDAN Men's Classic Heavy Cotton T-Shirt (Pack of 12),4.3,,Clothing & Accessories,B010E8CFVE,Gildan,"5,803"
38,AEBKKZEMY2ZQTFARXX2JJEFUYB3A,True,not quite long enough for me,"conforablee, but ill fithing , X-large should be longer , seems clothes are made for fat americans , never llong and lean enough .","July 22, 2020",Amazon Customer,4.0,0,https://www.amazon.ca/gp/profile/amzn1.account.AEBKKZEMY2ZQTFARXX2JJEFUYB3A/ref=cm_cr_getr_d_gw_btm?ie=UTF8,2020-10-05 15:56:01.715739,2020-10-05 15:56:01.860210,GILDAN Men's Classic Heavy Cotton T-Shirt (Pack of 12),4.3,,Clothing & Accessories,B010E8CFVE,Gildan,"5,803"
39,AEGIFCKF4J4NJV5ZQJD7IT7TWKQA,True,Exellent,Exellent. Bel assortiments de couleur,"August 22, 2020",Client d'Amazon,5.0,0,https://www.amazon.ca/gp/profile/amzn1.account.AEGIFCKF4J4NJV5ZQJD7IT7TWKQA/ref=cm_cr_getr_d_gw_btm?ie=UTF8,2020-10-05 15:56:01.865091,2020-10-05 15:56:01.995873,GILDAN Men's Classic Heavy Cotton T-Shirt (Pack of 12),4.3,,Clothing & Accessories,B010E8CFVE,Gildan,"5,803"
40,AG3BGYUDAAP4XQHZHVN5OGZNCF4Q,True,"Itchy tag, major shrinkage","There's a tag at the back of the neck, which I haven't seen in years. After my first wash and dry they lost almost 4 inches in length and are now too tight. Not dryer safe though the tag says differently.","July 23, 2020",Mr. Nevercomment,1.0,0,https://www.amazon.ca/gp/profile/amzn1.account.AG3BGYUDAAP4XQHZHVN5OGZNCF4Q/ref=cm_cr_getr_d_gw_btm?ie=UTF8,2020-10-05 15:56:05.132907,2020-10-05 15:56:05.286138,GILDAN Men's Classic Heavy Cotton T-Shirt (Pack of 12),4.3,,Clothing & Accessories,B010E8CFVE,Gildan,"5,803"
41,AGBMZUYCYWBL6HBAVVTRBCR6PUQQ,True,Great shirts,"for the price, you really can't get much better than this! They fit me well and the material used is nice!","March 15, 2019",ledja rasul,5.0,0,https://www.amazon.ca/gp/profile/amzn1.account.AGBMZUYCYWBL6HBAVVTRBCR6PUQQ/ref=cm_cr_getr_d_gw_btm?ie=UTF8,2020-10-05 15:56:05.291018,2020-10-05 15:56:05.420826,GILDAN Men's Classic Heavy Cotton T-Shirt (Pack of 12),4.3,,Clothing & Accessories,B010E8CFVE,Gildan,"5,803"
42,AET7A6F4PXR64N4IV7VD5FL6PNBA,True,Very comfortable and durable cotton Gildan shirts.,"I knew I was going to love this shirts, cotton is #1 when it comes to comfortability and looks, for me.","April 15, 2019",Mauricio Rivas,5.0,0,https://www.amazon.ca/gp/profile/amzn1.account.AET7A6F4PXR64N4IV7VD5FL6PNBA/ref=cm_cr_getr_d_gw_btm?ie=UTF8,2020-10-05 15:56:05.426681,2020-10-05 15:56:05.559416,GILDAN Men's Classic Heavy Cotton T-Shirt (Pack of 12),4.3,,Clothing & Accessories,B010E8CFVE,Gildan,"5,803"
43,AGJK65UL7A6VQ574WQFOWW6BKPLA,True,Perfect Pack of Shirts,I am very glad that I bought these shirts. They fit perfectly and are quite comfortable. The colour and cut is exactly as pictured.,"November 23, 2017",Scott Adams,5.0,0,https://www.amazon.ca/gp/profile/amzn1.account.AGJK65UL7A6VQ574WQFOWW6BKPLA/ref=cm_cr_getr_d_gw_btm?ie=UTF8,2020-10-05 15:56:05.564297,2020-10-05 15:56:05.715576,GILDAN Men's Classic Heavy Cotton T-Shirt (Pack of 12),4.3,,Clothing & Accessories,B010E8CFVE,Gildan,"5,803"
44,AFDWGWB3DOHVZDF3CASNVJVALLGQ,True,Belles couleurs,"Belles couleurs, livraison rapide mais un gilet qui avait un trou ..
Nice colors but one of these have a hole un back","June 16, 2020",Bruno A.,3.0,0,https://www.amazon.ca/gp/profile/amzn1.account.AFDWGWB3DOHVZDF3CASNVJVALLGQ/ref=cm_cr_getr_d_gw_btm?ie=UTF8,2020-10-05 15:56:05.720458,2020-10-05 15:56:05.856120,GILDAN Men's Classic Heavy Cotton T-Shirt (Pack of 12),4.3,,Clothing & Accessories,B010E8CFVE,Gildan,"5,803"
45,AEXLAIIHQFXA6VSYIDFB6JINDVEQ,True,Good shirts for everyday use on summer,I like the shirts coz it’s not thick kind of Cotton like the other Gildan shirts it’s good for everyday use on summer day the only thing that I got upset is got delayed delivery,"June 16, 2019",Jomhike,3.0,0,https://www.amazon.ca/gp/profile/amzn1.account.AEXLAIIHQFXA6VSYIDFB6JINDVEQ/ref=cm_cr_getr_d_gw_btm?ie=UTF8,2020-10-05 15:56:05.861976,2020-10-05 15:56:05.993777,GILDAN Men's Classic Heavy Cotton T-Shirt (Pack of 12),4.3,,Clothing & Accessories,B010E8CFVE,Gildan,"5,803"
46,AH2GCBEQ2HNZEABHI372QQNZKOPQ,True,Coming apart at the seams.,The shirts are cheap. Some of them were coming apart at the seams when we opened the package. The fabric is a bit abrasive but after fixing the few seams they are lasting okay as garage work shirts. Not sure it's a bargain at half the price.,"March 11, 2019",Tominator,2.0,0,https://www.amazon.ca/gp/profile/amzn1.account.AH2GCBEQ2HNZEABHI372QQNZKOPQ/ref=cm_cr_getr_d_gw_btm?ie=UTF8,2020-10-05 15:56:05.998658,2020-10-05 15:56:06.133344,GILDAN Men's Classic Heavy Cotton T-Shirt (Pack of 12),4.3,,Clothing & Accessories,B010E8CFVE,Gildan,"5,803"
47,AH7NLIVTGI6DSRBAK5BPQZGUMSQA,True,Worth it,I wanted some plain T shirts that dont shrink that easily... these are perfect. I got X-Large so that they fit me as L after putting them in the dryer.,"October 28, 2018",cp,5.0,0,https://www.amazon.ca/gp/profile/amzn1.account.AH7NLIVTGI6DSRBAK5BPQZGUMSQA/ref=cm_cr_getr_d_gw_btm?ie=UTF8,2020-10-05 15:56:06.138225,2020-10-05 15:56:06.270960,GILDAN Men's Classic Heavy Cotton T-Shirt (Pack of 12),4.3,,Clothing & Accessories,B010E8CFVE,Gildan,"5,803"
48,AE653EOLJVTN3O73J6NLTDH2SPOQ,True,excellent product,"nice shirts, price was really good","December 5, 2019",justashopper,5.0,0,https://www.amazon.ca/gp/profile/amzn1.account.AE653EOLJVTN3O73J6NLTDH2SPOQ/ref=cm_cr_getr_d_gw_btm?ie=UTF8,2020-10-05 15:56:06.275840,2020-10-05 15:56:06.423215,GILDAN Men's Classic Heavy Cotton T-Shirt (Pack of 12),4.3,,Clothing & Accessories,B010E8CFVE,Gildan,"5,803"
49,AEJYVUETAJJ437GWFABEBBT5UW6A,True,Good heavy cotton.,Good quality. Good price. Bizarrely they arrived in two batches a week apart. I didn't even count them when they first arrived so was shocked when more showed up.,"September 15, 2019",Ken Hodson,5.0,0,https://www.amazon.ca/gp/profile/amzn1.account.AEJYVUETAJJ437GWFABEBBT5UW6A/ref=cm_cr_getr_d_gw_btm?ie=UTF8,2020-10-05 15:56:06.429072,2020-10-05 15:56:06.560874,GILDAN Men's Classic Heavy Cotton T-Shirt (Pack of 12),4.3,,Clothing & Accessories,B010E8CFVE,Gildan,"5,803"
50,AGO654M3KH4Y4SWXFU7UKSVVQ2CA,True,Good product. The way they delivered it was weird but chill,Shipping is decent and the shirts were fine,"September 18, 2018",Amazon Customer,5.0,0,https://www.amazon.ca/gp/profile/amzn1.account.AGO654M3KH4Y4SWXFU7UKSVVQ2CA/ref=cm_cr_getr_d_gw_btm?ie=UTF8,2020-10-05 15:56:09.688199,2020-10-05 15:56:09.844358,GILDAN Men's Classic Heavy Cotton T-Shirt (Pack of 12),4.3,,Clothing & Accessories,B010E8CFVE,Gildan,"5,803"
51,AF56BMNDXNCF4AMQST4GOU7TKACA,True,Very good quality.,"I purchased T-Shirt (Pack of 12), Size: XXX-Large, color: Sport Grey for $49.99. Very good quality. Unfortunately, I had to pay extra $21.00 for customs duty. Anyway, I am happy with my purchase. I would recommend.","December 30, 2017",Dmitry,5.0,One,https://www.amazon.ca/gp/profile/amzn1.account.AF56BMNDXNCF4AMQST4GOU7TKACA/ref=cm_cr_getr_d_gw_btm?ie=UTF8,2020-10-05 15:56:09.849238,2020-10-05 15:56:09.989824,GILDAN Men's Classic Heavy Cotton T-Shirt (Pack of 12),4.3,,Clothing & Accessories,B010E8CFVE,Gildan,"5,803"
52,AFXXPTKM2R2JG22VALHHAAX2CQVA,True,Five Stars,"Good quality shirts. Fits good, feels good, I'm buying more, just a different color. Can't beat the price either.","August 31, 2018",Larry Basque,5.0,0,https://www.amazon.ca/gp/profile/amzn1.account.AFXXPTKM2R2JG22VALHHAAX2CQVA/ref=cm_cr_getr_d_gw_btm?ie=UTF8,2020-10-05 15:56:09.996690,2020-10-05 15:56:10.126463,GILDAN Men's Classic Heavy Cotton T-Shirt (Pack of 12),4.3,,Clothing & Accessories,B010E8CFVE,Gildan,"5,803"
53,AGMCHHFMZLHMPSS4DOUOGNK5OU6Q,True,Would not recommend.,Quality is very low. Says heavy in the description but it's like tissue paper.,"July 14, 2019",Jimboberific,2.0,0,https://www.amazon.ca/gp/profile/amzn1.account.AGMCHHFMZLHMPSS4DOUOGNK5OU6Q/ref=cm_cr_getr_d_gw_btm?ie=UTF8,2020-10-05 15:56:10.131344,2020-10-05 15:56:10.275791,GILDAN Men's Classic Heavy Cotton T-Shirt (Pack of 12),4.3,,Clothing & Accessories,B010E8CFVE,Gildan,"5,803"
54,AFLFJP5LV7BNJMJR7CJPFKTALLQQ,True,great product,great product,"March 14, 2019",maar,5.0,0,https://www.amazon.ca/gp/profile/amzn1.account.AFLFJP5LV7BNJMJR7CJPFKTALLQQ/ref=cm_cr_getr_d_gw_btm?ie=UTF8,2020-10-05 15:56:10.281647,2020-10-05 15:56:10.411454,GILDAN Men's Classic Heavy Cotton T-Shirt (Pack of 12),4.3,,Clothing & Accessories,B010E8CFVE,Gildan,"5,803"
55,AFHSVY5NJNZL55BCUBVJIAILJH7Q,True,Gildan Tee Shirts Great shirts!,"The shirts are well made, fit well and are good quality.
I have purchased 5 packs thus far. If the price decreases to $41.00 again I will be purchasing more packs.","April 13, 2018",CROSS,5.0,0,https://www.amazon.ca/gp/profile/amzn1.account.AFHSVY5NJNZL55BCUBVJIAILJH7Q/ref=cm_cr_getr_d_gw_btm?ie=UTF8,2020-10-05 15:56:10.417310,2020-10-05 15:56:10.552000,GILDAN Men's Classic Heavy Cotton T-Shirt (Pack of 12),4.3,,Clothing & Accessories,B010E8CFVE,Gildan,"5,803"
56,AFMXXEFSDVDFHNNJBQYSJHVEMCPQ,True,Good quality T Shirt,Well made and fit is perfect,"June 19, 2019",Phillip Gallant,5.0,0,https://www.amazon.ca/gp/profile/amzn1.account.AFMXXEFSDVDFHNNJBQYSJHVEMCPQ/ref=cm_cr_getr_d_gw_btm?ie=UTF8,2020-10-05 15:56:10.556879,2020-10-05 15:56:10.711117,GILDAN Men's Classic Heavy Cotton T-Shirt (Pack of 12),4.3,,Clothing & Accessories,B010E8CFVE,Gildan,"5,803"
57,AGB4RXHIBUCFICSZU5SJHFAVTTIQ,True,There is a difference between Black and Blueberry Black,There is a difference between Black and Blueberry Black,"December 30, 2018",Ernesto,5.0,0,https://www.amazon.ca/gp/profile/amzn1.account.AGB4RXHIBUCFICSZU5SJHFAVTTIQ/ref=cm_cr_getr_d_gw_btm?ie=UTF8,2020-10-05 15:56:10.715995,2020-10-05 15:56:10.864349,GILDAN Men's Classic Heavy Cotton T-Shirt (Pack of 12),4.3,,Clothing & Accessories,B010E8CFVE,Gildan,"5,803"
58,AE7S5274Y7ZBJLSDQG5BHDJH5WYQ,True,"thin, bad quality and size are smaller","bad product in all the aspects small, thin and they shrunk a lot and they don't refund","June 23, 2019",Amazon Customer,1.0,0,https://www.amazon.ca/gp/profile/amzn1.account.AE7S5274Y7ZBJLSDQG5BHDJH5WYQ/ref=cm_cr_getr_d_gw_btm?ie=UTF8,2020-10-05 15:56:10.870205,2020-10-05 15:56:11.027340,GILDAN Men's Classic Heavy Cotton T-Shirt (Pack of 12),4.3,,Clothing & Accessories,B010E8CFVE,Gildan,"5,803"
59,AEEVTX5IEXNVQ7OTI5B724VQQJYA,True,"Well made, very affordable","Well made shirts that fit fine after washing - I always was in hot water, so I bought one size up from my usual","September 14, 2019",C. Brobeck,5.0,0,https://www.amazon.ca/gp/profile/amzn1.account.AEEVTX5IEXNVQ7OTI5B724VQQJYA/ref=cm_cr_getr_d_gw_btm?ie=UTF8,2020-10-05 15:56:11.033245,2020-10-05 15:56:11.170899,GILDAN Men's Classic Heavy Cotton T-Shirt (Pack of 12),4.3,,Clothing & Accessories,B010E8CFVE,Gildan,"5,803"
60,AFW6PZCCJAXOBWWNM7ZPWBRDRXWA,True,Great product.,Great product.,"January 11, 2020",MP,5.0,0,https://www.amazon.ca/gp/profile/amzn1.account.AFW6PZCCJAXOBWWNM7ZPWBRDRXWA/ref=cm_cr_getr_d_gw_btm?ie=UTF8,2020-10-05 15:56:15.318153,2020-10-05 15:56:15.458699,GILDAN Men's Classic Heavy Cotton T-Shirt (Pack of 12),4.3,,Clothing & Accessories,B010E8CFVE,Gildan,"5,803"
61,AFSQ6KC2OOGH7GOIL47332J5T7TQ,True,Five Stars,"good quality, great price","July 3, 2018",Kim D,5.0,0,https://www.amazon.ca/gp/profile/amzn1.account.AFSQ6KC2OOGH7GOIL47332J5T7TQ/ref=cm_cr_getr_d_gw_btm?ie=UTF8,2020-10-05 15:56:15.463578,2020-10-05 15:56:15.612905,GILDAN Men's Classic Heavy Cotton T-Shirt (Pack of 12),4.3,,Clothing & Accessories,B010E8CFVE,Gildan,"5,803"
62,AHXVJNESC7KM7H3DPEFGQ7NAON3A,True,cotton T's,Not as heavy a cotton as expected,"August 1, 2020",sandy,4.0,0,https://www.amazon.ca/gp/profile/amzn1.account.AHXVJNESC7KM7H3DPEFGQ7NAON3A/ref=cm_cr_getr_d_gw_btm?ie=UTF8,2020-10-05 15:56:15.617786,2020-10-05 15:56:15.815913,GILDAN Men's Classic Heavy Cotton T-Shirt (Pack of 12),4.3,,Clothing & Accessories,B010E8CFVE,Gildan,"5,803"
63,AHVEXVHVLL3JMCOH5TZJT26IMMSA,True,Très belle qualité !,Très jolis coloris et résistant au lavage...,"August 13, 2019",G. Delisle,5.0,0,https://www.amazon.ca/gp/profile/amzn1.account.AHVEXVHVLL3JMCOH5TZJT26IMMSA/ref=cm_cr_getr_d_gw_btm?ie=UTF8,2020-10-05 15:56:15.820793,2020-10-05 15:56:15.966217,GILDAN Men's Classic Heavy Cotton T-Shirt (Pack of 12),4.3,,Clothing & Accessories,B010E8CFVE,Gildan,"5,803"
64,AGEBBTOSIIYCRUORGJYYDZJEW5JA,True,Nice shirts,Good quality and fit well.,"June 10, 2020",Sjovi,5.0,0,https://www.amazon.ca/gp/profile/amzn1.account.AGEBBTOSIIYCRUORGJYYDZJEW5JA/ref=cm_cr_getr_d_gw_btm?ie=UTF8,2020-10-05 15:56:15.971096,2020-10-05 15:56:16.114569,GILDAN Men's Classic Heavy Cotton T-Shirt (Pack of 12),4.3,,Clothing & Accessories,B010E8CFVE,Gildan,"5,803"
65,AGLYDMPH47LKBEKSXWFGOYC4E3LQ,True,Wrinkles,"They wrinkle a lot, not to bad, I use them for work.","July 22, 2019",yes,4.0,0,https://www.amazon.ca/gp/profile/amzn1.account.AGLYDMPH47LKBEKSXWFGOYC4E3LQ/ref=cm_cr_getr_d_gw_btm?ie=UTF8,2020-10-05 15:56:16.119448,2020-10-05 15:56:16.285368,GILDAN Men's Classic Heavy Cotton T-Shirt (Pack of 12),4.3,,Clothing & Accessories,B010E8CFVE,Gildan,"5,803"
66,AHT55O2RKT6FZRZWBFPITPZDS5WA,True,"Good product, fast service, good people",Love the shirts and the service might be a bit big but I'll just eat till they fit.,"February 28, 2019",Mr. V Wayne Morrison,5.0,One,https://www.amazon.ca/gp/profile/amzn1.account.AHT55O2RKT6FZRZWBFPITPZDS5WA/ref=cm_cr_getr_d_gw_btm?ie=UTF8,2020-10-05 15:56:16.290248,2020-10-05 15:56:16.450311,GILDAN Men's Classic Heavy Cotton T-Shirt (Pack of 12),4.3,,Clothing & Accessories,B010E8CFVE,Gildan,"5,803"
67,AFUCBEXSN6UFGNY3XDZAIKJI3PQA,True,Fast shipping,Fast shipping and good quality.,"July 11, 2020",Yanil P.,5.0,0,https://www.amazon.ca/gp/profile/amzn1.account.AFUCBEXSN6UFGNY3XDZAIKJI3PQA/ref=cm_cr_getr_d_gw_btm?ie=UTF8,2020-10-05 15:56:16.454216,2020-10-05 15:56:16.601592,GILDAN Men's Classic Heavy Cotton T-Shirt (Pack of 12),4.3,,Clothing & Accessories,B010E8CFVE,Gildan,"5,803"
68,AFIAFIRXT7LZJSRYRZW35HZV5TLQ,True,Received February 26th,"Nice colors, goodc fit","February 26, 2020",Mavis Srutis,5.0,0,https://www.amazon.ca/gp/profile/amzn1.account.AFIAFIRXT7LZJSRYRZW35HZV5TLQ/ref=cm_cr_getr_d_gw_btm?ie=UTF8,2020-10-05 15:56:16.605495,2020-10-05 15:56:16.783127,GILDAN Men's Classic Heavy Cotton T-Shirt (Pack of 12),4.3,,Clothing & Accessories,B010E8CFVE,Gildan,"5,803"
69,AEIBSZTG3F7QRYNNWRJ47VSE6QYQ,True,I love it,"A great deal for the price.
Really comfortable
Really vivid colours
No shrinking !!
I love them","August 26, 2020",JF,5.0,0,https://www.amazon.ca/gp/profile/amzn1.account.AEIBSZTG3F7QRYNNWRJ47VSE6QYQ/ref=cm_cr_getr_d_gw_btm?ie=UTF8,2020-10-05 15:56:16.794838,2020-10-05 15:56:16.938315,GILDAN Men's Classic Heavy Cotton T-Shirt (Pack of 12),4.3,,Clothing & Accessories,B010E8CFVE,Gildan,"5,803"
70,AG7YML7ST7W3ZGFECNHN4ZO7K4NA,True,Great purchase,"Very comfortable to wear.
They haven't shrunk in the wash yet","May 17, 2018",Nicole F,5.0,0,https://www.amazon.ca/gp/profile/amzn1.account.AG7YML7ST7W3ZGFECNHN4ZO7K4NA/ref=cm_cr_getr_d_gw_btm?ie=UTF8,2020-10-05 15:56:23.099493,2020-10-05 15:56:23.284930,GILDAN Men's Classic Heavy Cotton T-Shirt (Pack of 12),4.3,,Clothing & Accessories,B010E8CFVE,Gildan,"5,803"
71,AF4S22MWEVSYFFIOZSPLDQ54N4JA,True,very disappointed,"very disappointed, some of the t shirts shrank, others were the wrong size,.Problems too with dye leaking out fro t shirt","March 30, 2018",Amazon Customer,1.0,0,https://www.amazon.ca/gp/profile/amzn1.account.AF4S22MWEVSYFFIOZSPLDQ54N4JA/ref=cm_cr_getr_d_gw_btm?ie=UTF8,2020-10-05 15:56:23.289811,2020-10-05 15:56:23.435233,GILDAN Men's Classic Heavy Cotton T-Shirt (Pack of 12),4.3,,Clothing & Accessories,B010E8CFVE,Gildan,"5,803"
72,AFHEAAKVOW3LETJ4MWRUIPI4ZTDA,True,order bigger then normal and be careful,these shirts have shrunk so bad after the first wash that they are not wearable now.,"June 9, 2019",Chris Deslauriers,1.0,0,https://www.amazon.ca/gp/profile/amzn1.account.AFHEAAKVOW3LETJ4MWRUIPI4ZTDA/ref=cm_cr_getr_d_gw_btm?ie=UTF8,2020-10-05 15:56:23.440114,2020-10-05 15:56:23.582609,GILDAN Men's Classic Heavy Cotton T-Shirt (Pack of 12),4.3,,Clothing & Accessories,B010E8CFVE,Gildan,"5,803"
73,AE3IWY3UDSA4OVBBAR4A2V4BB77A,True,bonne description,Reste beaux au lavage et gardent leurs formes,"November 1, 2018",Ginette,5.0,0,https://www.amazon.ca/gp/profile/amzn1.account.AE3IWY3UDSA4OVBBAR4A2V4BB77A/ref=cm_cr_getr_d_gw_btm?ie=UTF8,2020-10-05 15:56:23.587490,2020-10-05 15:56:23.742673,GILDAN Men's Classic Heavy Cotton T-Shirt (Pack of 12),4.3,,Clothing & Accessories,B010E8CFVE,Gildan,"5,803"
74,AEGWURJL4BDSPXBN472F3R3ZDOGA,True,"Great shirts, nice colours","Great shirts, nice colours, fits as expected, especially the neck. Shipping was quick.","May 20, 2018",Burnabee,5.0,0,https://www.amazon.ca/gp/profile/amzn1.account.AEGWURJL4BDSPXBN472F3R3ZDOGA/ref=cm_cr_getr_d_gw_btm?ie=UTF8,2020-10-05 15:56:23.747553,2020-10-05 15:56:23.918353,GILDAN Men's Classic Heavy Cotton T-Shirt (Pack of 12),4.3,,Clothing & Accessories,B010E8CFVE,Gildan,"5,803"
75,AFVVZJIN37TRGWRN63VAOECXEDXQ,True,Good quality and fit.,"Good quality and fit at a great price
Arrived quickly, will buy again.","October 3, 2019",Peter,5.0,0,https://www.amazon.ca/gp/profile/amzn1.account.AFVVZJIN37TRGWRN63VAOECXEDXQ/ref=cm_cr_getr_d_gw_btm?ie=UTF8,2020-10-05 15:56:23.924209,2020-10-05 15:56:24.063776,GILDAN Men's Classic Heavy Cotton T-Shirt (Pack of 12),4.3,,Clothing & Accessories,B010E8CFVE,Gildan,"5,803"
76,AH7NBSQSDU3X33MKZAYABGYG54MA,True,fantastic quality and value,shirts are excellent quality and cant beat the price for work shirts to get embroidered.,"June 9, 2019",krista,5.0,0,https://www.amazon.ca/gp/profile/amzn1.account.AH7NBSQSDU3X33MKZAYABGYG54MA/ref=cm_cr_getr_d_gw_btm?ie=UTF8,2020-10-05 15:56:24.067682,2020-10-05 15:56:24.222865,GILDAN Men's Classic Heavy Cotton T-Shirt (Pack of 12),4.3,,Clothing & Accessories,B010E8CFVE,Gildan,"5,803"
77,AEYOMSRUBRVJRFO5CL4CQC4VY7EA,True,Colour comes out from the t-shirt,The t-shirt fit me very well but colour comes out from the t-shirt when washing.,"July 25, 2019",Stephen,2.0,0,https://www.amazon.ca/gp/profile/amzn1.account.AEYOMSRUBRVJRFO5CL4CQC4VY7EA/ref=cm_cr_getr_d_gw_btm?ie=UTF8,2020-10-05 15:56:24.227744,2020-10-05 15:56:24.393663,GILDAN Men's Classic Heavy Cotton T-Shirt (Pack of 12),4.3,,Clothing & Accessories,B010E8CFVE,Gildan,"5,803"
78,AHMJBTQ7RVYKXV5HFMOT2A3N3FTQ,True,Four Stars,ok. pour le prix c est bien.,"April 19, 2018",Client d'Amazon,4.0,0,https://www.amazon.ca/gp/profile/amzn1.account.AHMJBTQ7RVYKXV5HFMOT2A3N3FTQ/ref=cm_cr_getr_d_gw_btm?ie=UTF8,2020-10-05 15:56:24.398543,2020-10-05 15:56:24.539088,GILDAN Men's Classic Heavy Cotton T-Shirt (Pack of 12),4.3,,Clothing & Accessories,B010E8CFVE,Gildan,"5,803"
79,AHB26JIL7VM7GD6BAKJHINEEOOPA,True,Quality,The t-shirts are good quality and did not shrink when washed. pleased with the order,"October 23, 2018",james barclay,4.0,0,https://www.amazon.ca/gp/profile/amzn1.account.AHB26JIL7VM7GD6BAKJHINEEOOPA/ref=cm_cr_getr_d_gw_btm?ie=UTF8,2020-10-05 15:56:24.543967,2020-10-05 15:56:24.707935,GILDAN Men's Classic Heavy Cotton T-Shirt (Pack of 12),4.3,,Clothing & Accessories,B010E8CFVE,Gildan,"5,803"
80,AHSVCURP7UX4BASQPTD2DPHAGBFA,True,Prix qualités,Satisfait,"October 17, 2019",Normand Bibeau,5.0,0,https://www.amazon.ca/gp/profile/amzn1.account.AHSVCURP7UX4BASQPTD2DPHAGBFA/ref=cm_cr_getr_d_gw_btm?ie=UTF8,2020-10-05 15:56:30.889482,2020-10-05 15:56:31.021278,GILDAN Men's Classic Heavy Cotton T-Shirt (Pack of 12),4.3,,Clothing & Accessories,B010E8CFVE,Gildan,"5,803"
81,AGMT2L74JNS26H2RH3CG5ZNUQDOQ,True,ITS OKAY 👌,"SHRINKED in the laundry machine!!
Before ""FIT"" & After ""NOT FIT""","October 22, 2018",anchor,3.0,0,https://www.amazon.ca/gp/profile/amzn1.account.AGMT2L74JNS26H2RH3CG5ZNUQDOQ/ref=cm_cr_getr_d_gw_btm?ie=UTF8,2020-10-05 15:56:31.026157,2020-10-05 15:56:31.174535,GILDAN Men's Classic Heavy Cotton T-Shirt (Pack of 12),4.3,,Clothing & Accessories,B010E8CFVE,Gildan,"5,803"
82,AHII2JLNA3COT62LCIU34IZVEOOA,True,Well worth the price,Great tshirt for the price. Purchased for work tshirt. They wash really well without shrinkage or color fading.,"June 5, 2019",Sherry Pink,5.0,0,https://www.amazon.ca/gp/profile/amzn1.account.AHII2JLNA3COT62LCIU34IZVEOOA/ref=cm_cr_getr_d_gw_btm?ie=UTF8,2020-10-05 15:56:31.179414,2020-10-05 15:56:31.309222,GILDAN Men's Classic Heavy Cotton T-Shirt (Pack of 12),4.3,,Clothing & Accessories,B010E8CFVE,Gildan,"5,803"
83,AE6R3ZS4WKESJZGPGIKES57IVINQ,True,Shirt,A great gift for my friend they fit perfectly!,"December 22, 2018",Alain,5.0,0,https://www.amazon.ca/gp/profile/amzn1.account.AE6R3ZS4WKESJZGPGIKES57IVINQ/ref=cm_cr_getr_d_gw_btm?ie=UTF8,2020-10-05 15:56:31.314103,2020-10-05 15:56:31.443909,GILDAN Men's Classic Heavy Cotton T-Shirt (Pack of 12),4.3,,Clothing & Accessories,B010E8CFVE,Gildan,"5,803"
84,AF3UUDO7RCYLJSRSREFISELRTLKA,True,Five Stars,pour moi la marque guildan est toujours parfaite et la qualité est bonne,"April 16, 2018",michel inglese,5.0,0,https://www.amazon.ca/gp/profile/amzn1.account.AF3UUDO7RCYLJSRSREFISELRTLKA/ref=cm_cr_getr_d_gw_btm?ie=UTF8,2020-10-05 15:56:31.449766,2020-10-05 15:56:31.598118,GILDAN Men's Classic Heavy Cotton T-Shirt (Pack of 12),4.3,,Clothing & Accessories,B010E8CFVE,Gildan,"5,803"
85,AEURRFYRB4Q73J2PX3ZCQKY5QD2A,True,Not as think of material as what I expected.,Not as think of material as what I expected.,"December 3, 2018",Julia Johnston,2.0,0,https://www.amazon.ca/gp/profile/amzn1.account.AEURRFYRB4Q73J2PX3ZCQKY5QD2A/ref=cm_cr_getr_d_gw_btm?ie=UTF8,2020-10-05 15:56:31.602997,2020-10-05 15:56:31.735733,GILDAN Men's Classic Heavy Cotton T-Shirt (Pack of 12),4.3,,Clothing & Accessories,B010E8CFVE,Gildan,"5,803"
86,AEQVPLOHRLYL2P67DTJEM3FCH2GQ,True,Nice.,Nice shirts. Nice colours,"November 15, 2019",Max Brindle,5.0,0,https://www.amazon.ca/gp/profile/amzn1.account.AEQVPLOHRLYL2P67DTJEM3FCH2GQ/ref=cm_cr_getr_d_gw_btm?ie=UTF8,2020-10-05 15:56:31.740613,2020-10-05 15:56:31.870421,GILDAN Men's Classic Heavy Cotton T-Shirt (Pack of 12),4.3,,Clothing & Accessories,B010E8CFVE,Gildan,"5,803"
87,AEDB57VRMH7WYVU65IBAVUSBZB3Q,True,t shirts,the t shirts are exactly as described,"June 7, 2020",Louise,5.0,0,https://www.amazon.ca/gp/profile/amzn1.account.AEDB57VRMH7WYVU65IBAVUSBZB3Q/ref=cm_cr_getr_d_gw_btm?ie=UTF8,2020-10-05 15:56:31.876309,2020-10-05 15:56:32.023654,GILDAN Men's Classic Heavy Cotton T-Shirt (Pack of 12),4.3,,Clothing & Accessories,B010E8CFVE,Gildan,"5,803"
88,AFLVTRFOA5IOFOODPPMWJDRGUEJA,True,WOW,LIKE IT,"March 18, 2019",sue,5.0,0,https://www.amazon.ca/gp/profile/amzn1.account.AFLVTRFOA5IOFOODPPMWJDRGUEJA/ref=cm_cr_getr_d_gw_btm?ie=UTF8,2020-10-05 15:56:32.028533,2020-10-05 15:56:32.186645,GILDAN Men's Classic Heavy Cotton T-Shirt (Pack of 12),4.3,,Clothing & Accessories,B010E8CFVE,Gildan,"5,803"
89,AHWURU2S7THXFDDGA227JOWRFX7A,True,As described,As described,"August 1, 2019",Eric Silver,5.0,0,https://www.amazon.ca/gp/profile/amzn1.account.AHWURU2S7THXFDDGA227JOWRFX7A/ref=cm_cr_getr_d_gw_btm?ie=UTF8,2020-10-05 15:56:32.191524,2020-10-05 15:56:32.323285,GILDAN Men's Classic Heavy Cotton T-Shirt (Pack of 12),4.3,,Clothing & Accessories,B010E8CFVE,Gildan,"5,803"
90,AFA4VPBMRMRHVO6TKTFMS4UQXYCA,True,perfect for using as under shirt,perfect for using as under shirt....,"September 5, 2018",ALFONSO ESTILLORE,5.0,0,https://www.amazon.ca/gp/profile/amzn1.account.AFA4VPBMRMRHVO6TKTFMS4UQXYCA/ref=cm_cr_getr_d_gw_btm?ie=UTF8,2020-10-05 15:56:35.509917,2020-10-05 15:56:35.666076,GILDAN Men's Classic Heavy Cotton T-Shirt (Pack of 12),4.3,,Clothing & Accessories,B010E8CFVE,Gildan,"5,803"
91,AGNJHYNFAYL6WHTG5W2P4EEYKROQ,True,Nice shirts,Fit as expected,"September 14, 2018",Amazon Customer,5.0,0,https://www.amazon.ca/gp/profile/amzn1.account.AGNJHYNFAYL6WHTG5W2P4EEYKROQ/ref=cm_cr_getr_d_gw_btm?ie=UTF8,2020-10-05 15:56:35.671932,2020-10-05 15:56:35.803693,GILDAN Men's Classic Heavy Cotton T-Shirt (Pack of 12),4.3,,Clothing & Accessories,B010E8CFVE,Gildan,"5,803"
92,AFXVXHHDLHMUB5LXS6NRD3QHEZLA,True,As expected,They are cheap Gildan shirts. Can’t go wrong with them,"November 7, 2019",Adam,5.0,0,https://www.amazon.ca/gp/profile/amzn1.account.AFXVXHHDLHMUB5LXS6NRD3QHEZLA/ref=cm_cr_getr_d_gw_btm?ie=UTF8,2020-10-05 15:56:35.808572,2020-10-05 15:56:35.941307,GILDAN Men's Classic Heavy Cotton T-Shirt (Pack of 12),4.3,,Clothing & Accessories,B010E8CFVE,Gildan,"5,803"
93,AGTPA7U552GLI33BNKTMUVUZU4TQ,True,T-shirt lovers dream.,Nice variety of colors.,"February 18, 2019",Adam James,5.0,0,https://www.amazon.ca/gp/profile/amzn1.account.AGTPA7U552GLI33BNKTMUVUZU4TQ/ref=cm_cr_getr_d_gw_btm?ie=UTF8,2020-10-05 15:56:35.946188,2020-10-05 15:56:36.097468,GILDAN Men's Classic Heavy Cotton T-Shirt (Pack of 12),4.3,,Clothing & Accessories,B010E8CFVE,Gildan,"5,803"
94,AHI5EUW6EAP3C6CO34MZL6ICZFBQ,True,Fit and look great,"Good make, thick material","August 26, 2019",Christopher Nelson,4.0,0,https://www.amazon.ca/gp/profile/amzn1.account.AHI5EUW6EAP3C6CO34MZL6ICZFBQ/ref=cm_cr_getr_d_gw_btm?ie=UTF8,2020-10-05 15:56:36.102347,2020-10-05 15:56:36.243867,GILDAN Men's Classic Heavy Cotton T-Shirt (Pack of 12),4.3,,Clothing & Accessories,B010E8CFVE,Gildan,"5,803"
95,AGU7PY3PYJXP6UREHDZCMFSB7AEQ,True,Awesome shirts for an awesome price,Awesome shirts for an awesome price. Couple colors I didn't really want but they're good practice shirts. Well worth the money,"November 6, 2016",Patrick,5.0,0,https://www.amazon.ca/gp/profile/amzn1.account.AGU7PY3PYJXP6UREHDZCMFSB7AEQ/ref=cm_cr_getr_d_gw_btm?ie=UTF8,2020-10-05 15:56:36.250701,2020-10-05 15:56:36.396127,GILDAN Men's Classic Heavy Cotton T-Shirt (Pack of 12),4.3,,Clothing & Accessories,B010E8CFVE,Gildan,"5,803"
96,AF73KCV7U5YOCVAI2FLI65BZZMLA,True,Five Stars,great value and decent quality not too heavy for me ...,"August 27, 2017",Will Morris,5.0,0,https://www.amazon.ca/gp/profile/amzn1.account.AF73KCV7U5YOCVAI2FLI65BZZMLA/ref=cm_cr_getr_d_gw_btm?ie=UTF8,2020-10-05 15:56:36.401003,2020-10-05 15:56:36.544476,GILDAN Men's Classic Heavy Cotton T-Shirt (Pack of 12),4.3,,Clothing & Accessories,B010E8CFVE,Gildan,"5,803"
97,AECPYBTSYX6ZVAWRFUWGFCVNYSSQ,True,Great buy for the price.,Nice shirts. What I expected/hoped for.,"September 24, 2017",Protein,5.0,0,https://www.amazon.ca/gp/profile/amzn1.account.AECPYBTSYX6ZVAWRFUWGFCVNYSSQ/ref=cm_cr_getr_d_gw_btm?ie=UTF8,2020-10-05 15:56:36.549355,2020-10-05 15:56:36.702587,GILDAN Men's Classic Heavy Cotton T-Shirt (Pack of 12),4.3,,Clothing & Accessories,B010E8CFVE,Gildan,"5,803"
98,AFD7EIFABFWNPQMKKHUCFXHCNEHA,True,EXCEPTIONAL,Great buy for the money you spend on them. Look great on. All the colors are very nice.,"June 14, 2020",Cindy M.,5.0,0,https://www.amazon.ca/gp/profile/amzn1.account.AFD7EIFABFWNPQMKKHUCFXHCNEHA/ref=cm_cr_getr_d_gw_btm?ie=UTF8,2020-10-05 15:56:36.707467,2020-10-05 15:56:36.862650,GILDAN Men's Classic Heavy Cotton T-Shirt (Pack of 12),4.3,,Clothing & Accessories,B010E8CFVE,Gildan,"5,803"
99,AFRXOGLBHCSOYN6AISNO7L7TQFGQ,True,Well Made,"Decent T shirts, well made.","July 25, 2018",Canadian Buyer,5.0,0,https://www.amazon.ca/gp/profile/amzn1.account.AFRXOGLBHCSOYN6AISNO7L7TQFGQ/ref=cm_cr_getr_d_gw_btm?ie=UTF8,2020-10-05 15:56:36.885098,2020-10-05 15:56:37.079321,GILDAN Men's Classic Heavy Cotton T-Shirt (Pack of 12),4.3,,Clothing & Accessories,B010E8CFVE,Gildan,"5,803"
100,AFG4CEDV6CCHBNJ56L6UQTFQGJJA,True,Great T-shirts,I’ve ordered these before. They fit well and wear well.,"September 5, 2019",David Wilson,5.0,0,https://www.amazon.ca/gp/profile/amzn1.account.AFG4CEDV6CCHBNJ56L6UQTFQGJJA/ref=cm_cr_getr_d_gw_btm?ie=UTF8,2020-10-05 15:56:41.224069,2020-10-05 15:56:41.366565,GILDAN Men's Classic Heavy Cotton T-Shirt (Pack of 12),4.3,,Clothing & Accessories,B010E8CFVE,Gildan,"5,803"
101,AEBDOLXTHZAPKXMKSL75W4MGAMSQ,True,A Great Buy!,These are a great deal - good quality and wear really well.,"February 6, 2020",Michael Koebel,5.0,0,https://www.amazon.ca/gp/profile/amzn1.account.AEBDOLXTHZAPKXMKSL75W4MGAMSQ/ref=cm_cr_getr_d_gw_btm?ie=UTF8,2020-10-05 15:56:41.371444,2020-10-05 15:56:41.536387,GILDAN Men's Classic Heavy Cotton T-Shirt (Pack of 12),4.3,,Clothing & Accessories,B010E8CFVE,Gildan,"5,803"
102,AF2T65HYVROBIQJARJKAFNNCJ7RQ,True,"poor quality, horrible cut, bad colors",I threw them out after 2 months. really bad fitting and poor quality from top to bottom.,"February 17, 2020",John,1.0,0,https://www.amazon.ca/gp/profile/amzn1.account.AF2T65HYVROBIQJARJKAFNNCJ7RQ/ref=cm_cr_getr_d_gw_btm?ie=UTF8,2020-10-05 15:56:41.543220,2020-10-05 15:56:41.724755,GILDAN Men's Classic Heavy Cotton T-Shirt (Pack of 12),4.3,,Clothing & Accessories,B010E8CFVE,Gildan,"5,803"
103,AGLDTIW2KLLICZM2UDQOHDTGANHA,True,Five Stars,came fast good quality fits exactly as expected very pleased with this,"December 29, 2017",Amazon Customer,5.0,0,https://www.amazon.ca/gp/profile/amzn1.account.AGLDTIW2KLLICZM2UDQOHDTGANHA/ref=cm_cr_getr_d_gw_btm?ie=UTF8,2020-10-05 15:56:41.731587,2020-10-05 15:56:41.982418,GILDAN Men's Classic Heavy Cotton T-Shirt (Pack of 12),4.3,,Clothing & Accessories,B010E8CFVE,Gildan,"5,803"
104,AFFCEVQ4CTTN35PCHP4537YNRKTQ,True,Correct,Correction,"October 14, 2019",Pascal Hubert,4.0,0,https://www.amazon.ca/gp/profile/amzn1.account.AFFCEVQ4CTTN35PCHP4537YNRKTQ/ref=cm_cr_getr_d_gw_btm?ie=UTF8,2020-10-05 15:56:41.986322,2020-10-05 15:56:42.118082,GILDAN Men's Classic Heavy Cotton T-Shirt (Pack of 12),4.3,,Clothing & Accessories,B010E8CFVE,Gildan,"5,803"
105,AHYMVF5UHANWDV42KC4AGE74RGPA,True,Good value!,A light weight t shirt with tear away tags,"July 25, 2019",Rob Nemec,5.0,0,https://www.amazon.ca/gp/profile/amzn1.account.AHYMVF5UHANWDV42KC4AGE74RGPA/ref=cm_cr_getr_d_gw_btm?ie=UTF8,2020-10-05 15:56:42.123940,2020-10-05 15:56:42.255698,GILDAN Men's Classic Heavy Cotton T-Shirt (Pack of 12),4.3,,Clothing & Accessories,B010E8CFVE,Gildan,"5,803"
106,AEZ2D3JIBQQL46WX4NUV5LK5BR4A,True,Good quality,Fits nice.,"May 5, 2019",DHC,5.0,0,https://www.amazon.ca/gp/profile/amzn1.account.AEZ2D3JIBQQL46WX4NUV5LK5BR4A/ref=cm_cr_getr_d_gw_btm?ie=UTF8,2020-10-05 15:56:42.260577,2020-10-05 15:56:42.414785,GILDAN Men's Classic Heavy Cotton T-Shirt (Pack of 12),4.3,,Clothing & Accessories,B010E8CFVE,Gildan,"5,803"
107,AELKECEHMNKZFGNVQLI3AMB2PQBA,True,Five Stars,Nice quality and good fit. I also like the variety in colours with the package,"September 12, 2018",Amazon Customer,5.0,0,https://www.amazon.ca/gp/profile/amzn1.account.AELKECEHMNKZFGNVQLI3AMB2PQBA/ref=cm_cr_getr_d_gw_btm?ie=UTF8,2020-10-05 15:56:42.420642,2020-10-05 15:56:42.554353,GILDAN Men's Classic Heavy Cotton T-Shirt (Pack of 12),4.3,,Clothing & Accessories,B010E8CFVE,Gildan,"5,803"
108,AGQN2KBQMZ76MWGBCGCVJBENTUUA,True,Five Stars,Perfect.,"June 6, 2018",Julie L.,5.0,0,https://www.amazon.ca/gp/profile/amzn1.account.AGQN2KBQMZ76MWGBCGCVJBENTUUA/ref=cm_cr_getr_d_gw_btm?ie=UTF8,2020-10-05 15:56:42.559233,2020-10-05 15:56:42.691968,GILDAN Men's Classic Heavy Cotton T-Shirt (Pack of 12),4.3,,Clothing & Accessories,B010E8CFVE,Gildan,"5,803"
109,AFUHWRFV4AQ2KDUENKZVB7QHMOBA,True,Five Stars,Ordered the wrong size.. but decided to keep items.,"March 23, 2018",Amazon Customer,5.0,0,https://www.amazon.ca/gp/profile/amzn1.account.AFUHWRFV4AQ2KDUENKZVB7QHMOBA/ref=cm_cr_getr_d_gw_btm?ie=UTF8,2020-10-05 15:56:42.696848,2020-10-05 15:56:42.827632,GILDAN Men's Classic Heavy Cotton T-Shirt (Pack of 12),4.3,,Clothing & Accessories,B010E8CFVE,Gildan,"5,803"
110,AEETAF6K4RXQFOO6SLE6VVKYHNVA,True,Five Stars,Good quality but price keeps going up,"April 22, 2017",Sue B,5.0,0,https://www.amazon.ca/gp/profile/amzn1.account.AEETAF6K4RXQFOO6SLE6VVKYHNVA/ref=cm_cr_getr_d_gw_btm?ie=UTF8,2020-10-05 15:56:44.966734,2020-10-05 15:56:45.103374,GILDAN Men's Classic Heavy Cotton T-Shirt (Pack of 12),4.3,,Clothing & Accessories,B010E8CFVE,Gildan,"5,803"
111,AGJ3LE5FU2IOGPVC4IGDN7DCZ3YA,True,good quality but small in sizing,good heavy weight T's but small's are small so go up one size,"May 29, 2018",Dale M.,4.0,0,https://www.amazon.ca/gp/profile/amzn1.account.AGJ3LE5FU2IOGPVC4IGDN7DCZ3YA/ref=cm_cr_getr_d_gw_btm?ie=UTF8,2020-10-05 15:56:45.108253,2020-10-05 15:56:45.237085,GILDAN Men's Classic Heavy Cotton T-Shirt (Pack of 12),4.3,,Clothing & Accessories,B010E8CFVE,Gildan,"5,803"
112,AHSGRTFBMOSJYTOGFKUSZP5BN6TQ,True,Quick shipping,My staff,"October 23, 2018",Amazon Customer,5.0,0,https://www.amazon.ca/gp/profile/amzn1.account.AHSGRTFBMOSJYTOGFKUSZP5BN6TQ/ref=cm_cr_getr_d_gw_btm?ie=UTF8,2020-10-05 15:56:45.241990,2020-10-05 15:56:45.369821,GILDAN Men's Classic Heavy Cotton T-Shirt (Pack of 12),4.3,,Clothing & Accessories,B010E8CFVE,Gildan,"5,803"
113,AHX5W3QKGDHD5EVY5PJYMACEQV4A,True,Good quality!,Good quality! My son likes it ! And not expensive!,"October 6, 2019",terabyte,5.0,0,https://www.amazon.ca/gp/profile/amzn1.account.AHX5W3QKGDHD5EVY5PJYMACEQV4A/ref=cm_cr_getr_d_gw_btm?ie=UTF8,2020-10-05 15:56:45.374700,2020-10-05 15:56:45.501617,GILDAN Men's Classic Heavy Cotton T-Shirt (Pack of 12),4.3,,Clothing & Accessories,B010E8CFVE,Gildan,"5,803"
114,AEQYMFT4SUCFM6OXKFBSKAEAUYVA,True,good quality t-shirts,"Solid, good quality t-shirts. They've been through the wash a few times and still hold their size and shape.","September 12, 2018",Sam Sullivan,5.0,0,https://www.amazon.ca/gp/profile/amzn1.account.AEQYMFT4SUCFM6OXKFBSKAEAUYVA/ref=cm_cr_getr_d_gw_btm?ie=UTF8,2020-10-05 15:56:45.505521,2020-10-05 15:56:45.637348,GILDAN Men's Classic Heavy Cotton T-Shirt (Pack of 12),4.3,,Clothing & Accessories,B010E8CFVE,Gildan,"5,803"
115,AG5MWHGVXV5OTRDIFXJNC67JVHRQ,True,Not as heavy as expected,"Although these are advertised as 'heavy', I found the weight to be lighter than I expected.","December 6, 2017",Jim Tushingham,3.0,0,https://www.amazon.ca/gp/profile/amzn1.account.AG5MWHGVXV5OTRDIFXJNC67JVHRQ/ref=cm_cr_getr_d_gw_btm?ie=UTF8,2020-10-05 15:56:45.642228,2020-10-05 15:56:45.804244,GILDAN Men's Classic Heavy Cotton T-Shirt (Pack of 12),4.3,,Clothing & Accessories,B010E8CFVE,Gildan,"5,803"
116,AGQN2KBQMZ76MWGBCGCVJBENTUUA,True,Five Stars,Fits good.,"July 4, 2018",Julie L.,5.0,0,https://www.amazon.ca/gp/profile/amzn1.account.AGQN2KBQMZ76MWGBCGCVJBENTUUA/ref=cm_cr_getr_d_gw_btm?ie=UTF8,2020-10-05 15:56:45.810099,2020-10-05 15:56:45.937955,GILDAN Men's Classic Heavy Cotton T-Shirt (Pack of 12),4.3,,Clothing & Accessories,B010E8CFVE,Gildan,"5,803"
117,AEEOS7UH7GMI5H6ATUHZ6JNIJ6FA,True,Correct,Tout les jours,"June 26, 2019",Yvon,5.0,0,https://www.amazon.ca/gp/profile/amzn1.account.AEEOS7UH7GMI5H6ATUHZ6JNIJ6FA/ref=cm_cr_getr_d_gw_btm?ie=UTF8,2020-10-05 15:56:45.942836,2020-10-05 15:56:46.070728,GILDAN Men's Classic Heavy Cotton T-Shirt (Pack of 12),4.3,,Clothing & Accessories,B010E8CFVE,Gildan,"5,803"
118,AHS6PMMZUT4YBRANYOAI65NY4OOA,True,La qualité de la marchandise,"Même à prix modique, j'ai pu apprécier la qualité des t-shirts reçus.","August 15, 2020",Claude Goulet,4.0,0,https://www.amazon.ca/gp/profile/amzn1.account.AHS6PMMZUT4YBRANYOAI65NY4OOA/ref=cm_cr_getr_d_gw_btm?ie=UTF8,2020-10-05 15:56:46.075608,2020-10-05 15:56:46.215176,GILDAN Men's Classic Heavy Cotton T-Shirt (Pack of 12),4.3,,Clothing & Accessories,B010E8CFVE,Gildan,"5,803"
119,AFV6NX5XK3VZ5QDMRFJAVRJGT53Q,True,Quality ok!!!,Quality ok!!!,"November 7, 2018",Julie M,4.0,0,https://www.amazon.ca/gp/profile/amzn1.account.AFV6NX5XK3VZ5QDMRFJAVRJGT53Q/ref=cm_cr_getr_d_gw_btm?ie=UTF8,2020-10-05 15:56:46.220056,2020-10-05 15:56:46.351815,GILDAN Men's Classic Heavy Cotton T-Shirt (Pack of 12),4.3,,Clothing & Accessories,B010E8CFVE,Gildan,"5,803"
120,AHA27RQMISEKJ5NQEMU5U6MDN7XA,True,Good value,Good quality and nice colours. Bought them for my teenage grandson and he loved 5hem.,"June 14, 2019",Amazon Customer,5.0,0,https://www.amazon.ca/gp/profile/amzn1.account.AHA27RQMISEKJ5NQEMU5U6MDN7XA/ref=cm_cr_getr_d_gw_btm?ie=UTF8,2020-10-05 15:56:52.483504,2020-10-05 15:56:52.664060,GILDAN Men's Classic Heavy Cotton T-Shirt (Pack of 12),4.3,,Clothing & Accessories,B010E8CFVE,Gildan,"5,803"
121,AHXG36OMJMENUTRASYYDIRQ2HRQA,True,rapport qualité-prix,pour le travail,"September 12, 2020",mx5-fan,5.0,0,https://www.amazon.ca/gp/profile/amzn1.account.AHXG36OMJMENUTRASYYDIRQ2HRQA/ref=cm_cr_getr_d_gw_btm?ie=UTF8,2020-10-05 15:56:52.669922,2020-10-05 15:56:52.802651,GILDAN Men's Classic Heavy Cotton T-Shirt (Pack of 12),4.3,,Clothing & Accessories,B010E8CFVE,Gildan,"5,803"
122,AHLNERRJNSQHKMPVKNY6HZ5KWBBQ,True,Five Stars,parfait,"June 8, 2018",ALAIN GAGNON,5.0,0,https://www.amazon.ca/gp/profile/amzn1.account.AHLNERRJNSQHKMPVKNY6HZ5KWBBQ/ref=cm_cr_getr_d_gw_btm?ie=UTF8,2020-10-05 15:56:52.807531,2020-10-05 15:56:52.936363,GILDAN Men's Classic Heavy Cotton T-Shirt (Pack of 12),4.3,,Clothing & Accessories,B010E8CFVE,Gildan,"5,803"
123,AGM2DGZECC5OTP4B3HYJTWWVXM3Q,True,Five Stars,Great fit.,"October 22, 2017",Leanne,5.0,0,https://www.amazon.ca/gp/profile/amzn1.account.AGM2DGZECC5OTP4B3HYJTWWVXM3Q/ref=cm_cr_getr_d_gw_btm?ie=UTF8,2020-10-05 15:56:52.941243,2020-10-05 15:56:53.070075,GILDAN Men's Classic Heavy Cotton T-Shirt (Pack of 12),4.3,,Clothing & Accessories,B010E8CFVE,Gildan,"5,803"
124,AHHDY7RSAM34A2COZPWU7FZ47PEQ,True,Thanks,Nice shirts,"March 23, 2019",Christopher,5.0,0,https://www.amazon.ca/gp/profile/amzn1.account.AHHDY7RSAM34A2COZPWU7FZ47PEQ/ref=cm_cr_getr_d_gw_btm?ie=UTF8,2020-10-05 15:56:53.074955,2020-10-05 15:56:53.214523,GILDAN Men's Classic Heavy Cotton T-Shirt (Pack of 12),4.3,,Clothing & Accessories,B010E8CFVE,Gildan,"5,803"
125,AGQ6OMUE7BUSYOT5BQXJWMRPANXQ,True,DO NOT PURCHASE!,Not heavy cotton; Hems on all T-Shirts unraveled after first wash; Very poor manufacturing! Only gave 1 star rating because one was required.,"March 3, 2019",Amazon Customer,1.0,0,https://www.amazon.ca/gp/profile/amzn1.account.AGQ6OMUE7BUSYOT5BQXJWMRPANXQ/ref=cm_cr_getr_d_gw_btm?ie=UTF8,2020-10-05 15:56:53.219402,2020-10-05 15:56:53.395084,GILDAN Men's Classic Heavy Cotton T-Shirt (Pack of 12),4.3,,Clothing & Accessories,B010E8CFVE,Gildan,"5,803"
126,AFFXSBCMMHFLTGTB7U5PZ34NOE7A,True,Colors are good,They are not heavy cotton they are thin,"October 29, 2018",Steve ,2.0,0,https://www.amazon.ca/gp/profile/amzn1.account.AFFXSBCMMHFLTGTB7U5PZ34NOE7A/ref=cm_cr_getr_d_gw_btm?ie=UTF8,2020-10-05 15:56:53.399963,2020-10-05 15:56:53.536602,GILDAN Men's Classic Heavy Cotton T-Shirt (Pack of 12),4.3,,Clothing & Accessories,B010E8CFVE,Gildan,"5,803"
127,AGTCRTVACZQP77VSAW34HNXPYG7Q,True,Size is as advertised great shirts,Great t-shirts love them,"October 31, 2018",Roland H.,5.0,0,https://www.amazon.ca/gp/profile/amzn1.account.AGTCRTVACZQP77VSAW34HNXPYG7Q/ref=cm_cr_getr_d_gw_btm?ie=UTF8,2020-10-05 15:56:53.541482,2020-10-05 15:56:53.683978,GILDAN Men's Classic Heavy Cotton T-Shirt (Pack of 12),4.3,,Clothing & Accessories,B010E8CFVE,Gildan,"5,803"
128,AFH3TPIGILYBPC3M327NZ5NERYBQ,True,One Star,"Definitely not ‘heavy’, these shirts were low quality almost see through and scratchy to the touch for cotton.","August 9, 2018",Chandra Cutter,1.0,0,https://www.amazon.ca/gp/profile/amzn1.account.AFH3TPIGILYBPC3M327NZ5NERYBQ/ref=cm_cr_getr_d_gw_btm?ie=UTF8,2020-10-05 15:56:53.689833,2020-10-05 15:56:53.866489,GILDAN Men's Classic Heavy Cotton T-Shirt (Pack of 12),4.3,,Clothing & Accessories,B010E8CFVE,Gildan,"5,803"
129,AHS67LHPQXPWW7U4PBTSJB5AKF5Q,True,Buy better quality the first time,They shrink substantially after first wash. Purchased 36. I now have 36 rags,"October 13, 2018",Amazon Customer,1.0,0,https://www.amazon.ca/gp/profile/amzn1.account.AHS67LHPQXPWW7U4PBTSJB5AKF5Q/ref=cm_cr_getr_d_gw_btm?ie=UTF8,2020-10-05 15:56:53.871369,2020-10-05 15:56:54.015817,GILDAN Men's Classic Heavy Cotton T-Shirt (Pack of 12),4.3,,Clothing & Accessories,B010E8CFVE,Gildan,"5,803"
130,AFYEFMUUTCIL2R5IRWG2RKYEUGJQ,True,It's colorful,Makes your days happier.,"August 5, 2019",Gibson039,5.0,0,https://www.amazon.ca/gp/profile/amzn1.account.AFYEFMUUTCIL2R5IRWG2RKYEUGJQ/ref=cm_cr_getr_d_gw_btm?ie=UTF8,2020-10-05 15:56:57.169657,2020-10-05 15:56:57.303452,GILDAN Men's Classic Heavy Cotton T-Shirt (Pack of 12),4.3,,Clothing & Accessories,B010E8CFVE,Gildan,"5,803"
131,AEQIIMBYKXBXFIWIVCTB6TCLDQUA,True,Super value for the money!,Found in a color I needed for work. Can't beat the price!,"October 13, 2018",Anthony G Morris,5.0,0,https://www.amazon.ca/gp/profile/amzn1.account.AEQIIMBYKXBXFIWIVCTB6TCLDQUA/ref=cm_cr_getr_d_gw_btm?ie=UTF8,2020-10-05 15:56:57.308332,2020-10-05 15:56:57.442043,GILDAN Men's Classic Heavy Cotton T-Shirt (Pack of 12),4.3,,Clothing & Accessories,B010E8CFVE,Gildan,"5,803"
132,AG57EZ6BUCUSKAUBPF7ZSKEA7FAA,True,They shrunk in the wash,They shrunk in the wash,"January 20, 2018",Jonathan King,1.0,0,https://www.amazon.ca/gp/profile/amzn1.account.AG57EZ6BUCUSKAUBPF7ZSKEA7FAA/ref=cm_cr_getr_d_gw_btm?ie=UTF8,2020-10-05 15:56:57.446924,2020-10-05 15:56:57.576731,GILDAN Men's Classic Heavy Cotton T-Shirt (Pack of 12),4.3,,Clothing & Accessories,B010E8CFVE,Gildan,"5,803"
133,AHUCAH6ISOOEDSGI72BPZVFJA7NA,True,Worth it!,"Great material, more than reasonable price.","October 24, 2019",Edmonton,5.0,0,https://www.amazon.ca/gp/profile/amzn1.account.AHUCAH6ISOOEDSGI72BPZVFJA7NA/ref=cm_cr_getr_d_gw_btm?ie=UTF8,2020-10-05 15:56:57.581611,2020-10-05 15:56:57.746554,GILDAN Men's Classic Heavy Cotton T-Shirt (Pack of 12),4.3,,Clothing & Accessories,B010E8CFVE,Gildan,"5,803"
134,AGAXVMQFBXEB6SVL6JMX57WPIPQQ,True,Can be considered acceptable,Just fine. Quality is barely to reach the acceptability.,"February 20, 2019",Amazon Customer,3.0,0,https://www.amazon.ca/gp/profile/amzn1.account.AGAXVMQFBXEB6SVL6JMX57WPIPQQ/ref=cm_cr_getr_d_gw_btm?ie=UTF8,2020-10-05 15:56:57.751436,2020-10-05 15:56:57.884171,GILDAN Men's Classic Heavy Cotton T-Shirt (Pack of 12),4.3,,Clothing & Accessories,B010E8CFVE,Gildan,"5,803"
135,AFJA6TV4PSS364KVQGST4LAFXZMQ,True,Good product.,like it!,"July 18, 2019",Master,5.0,0,https://www.amazon.ca/gp/profile/amzn1.account.AFJA6TV4PSS364KVQGST4LAFXZMQ/ref=cm_cr_getr_d_gw_btm?ie=UTF8,2020-10-05 15:56:57.889050,2020-10-05 15:56:58.032525,GILDAN Men's Classic Heavy Cotton T-Shirt (Pack of 12),4.3,,Clothing & Accessories,B010E8CFVE,Gildan,"5,803"
136,AFF6HJRLZXCB7GQ37PHHENJJIUUA,True,Comfortable,Chest is 37-40 I’m 5’6 and about 150 pounds and the shirts fit well.,"October 15, 2019",Evan,5.0,0,https://www.amazon.ca/gp/profile/amzn1.account.AFF6HJRLZXCB7GQ37PHHENJJIUUA/ref=cm_cr_getr_d_gw_btm?ie=UTF8,2020-10-05 15:56:58.037402,2020-10-05 15:56:58.216010,GILDAN Men's Classic Heavy Cotton T-Shirt (Pack of 12),4.3,,Clothing & Accessories,B010E8CFVE,Gildan,"5,803"
137,AFTCZOR5GQBE42ST4BJ7EMAN6HQA,True,No shrinkage.,"Heavy weight, fits as expected, and great quality.","March 29, 2019",Cher,5.0,0,https://www.amazon.ca/gp/profile/amzn1.account.AFTCZOR5GQBE42ST4BJ7EMAN6HQA/ref=cm_cr_getr_d_gw_btm?ie=UTF8,2020-10-05 15:56:58.220890,2020-10-05 15:56:58.361434,GILDAN Men's Classic Heavy Cotton T-Shirt (Pack of 12),4.3,,Clothing & Accessories,B010E8CFVE,Gildan,"5,803"
138,AFAYQDN7L5HKQ3XDMTPFMRF5AUJA,True,5star,Bless shirts,"April 1, 2019",Amazon Customer,5.0,0,https://www.amazon.ca/gp/profile/amzn1.account.AFAYQDN7L5HKQ3XDMTPFMRF5AUJA/ref=cm_cr_getr_d_gw_btm?ie=UTF8,2020-10-05 15:56:58.366314,2020-10-05 15:56:58.510761,GILDAN Men's Classic Heavy Cotton T-Shirt (Pack of 12),4.3,,Clothing & Accessories,B010E8CFVE,Gildan,"5,803"
139,AGSCNFNNMXAFYLC3LPJ7XCMNIDGQ,True,Good Deal,"A good deal. Quality is good, not phenomenal. Fit as expected. Wind up a little shorter than I’d have liked after washing.","December 2, 2018",Lewis,4.0,0,https://www.amazon.ca/gp/profile/amzn1.account.AGSCNFNNMXAFYLC3LPJ7XCMNIDGQ/ref=cm_cr_getr_d_gw_btm?ie=UTF8,2020-10-05 15:56:58.514665,2020-10-05 15:56:58.702058,GILDAN Men's Classic Heavy Cotton T-Shirt (Pack of 12),4.3,,Clothing & Accessories,B010E8CFVE,Gildan,"5,803"
140,AGTFCXR5DSVHBBEKN7VKGWMD3RXQ,True,only got half order,product said pack of 12 but only 6 arrived,"June 29, 2019",Stefan Embleton,1.0,0,https://www.amazon.ca/gp/profile/amzn1.account.AGTFCXR5DSVHBBEKN7VKGWMD3RXQ/ref=cm_cr_getr_d_gw_btm?ie=UTF8,2020-10-05 15:57:01.852661,2020-10-05 15:57:01.985486,GILDAN Men's Classic Heavy Cotton T-Shirt (Pack of 12),4.3,,Clothing & Accessories,B010E8CFVE,Gildan,"5,803"
141,AHNQJ6RINALZLRMGXZCLG73BGLMA,True,Excellent product for price,No problem at all. Excellent product for price. Super for my job. Thank you,"August 24, 2018",Petr,5.0,0,https://www.amazon.ca/gp/profile/amzn1.account.AHNQJ6RINALZLRMGXZCLG73BGLMA/ref=cm_cr_getr_d_gw_btm?ie=UTF8,2020-10-05 15:57:01.990365,2020-10-05 15:57:02.121150,GILDAN Men's Classic Heavy Cotton T-Shirt (Pack of 12),4.3,,Clothing & Accessories,B010E8CFVE,Gildan,"5,803"
142,AE4KBHJW7CNEE6KGDE2ZXKFHXNCQ,True,Great shirts,"Really nice, good quality. Suggest not putting in dryer.","September 6, 2017",P. Raecke-Baro,5.0,0,https://www.amazon.ca/gp/profile/amzn1.account.AE4KBHJW7CNEE6KGDE2ZXKFHXNCQ/ref=cm_cr_getr_d_gw_btm?ie=UTF8,2020-10-05 15:57:02.126028,2020-10-05 15:57:02.256839,GILDAN Men's Classic Heavy Cotton T-Shirt (Pack of 12),4.3,,Clothing & Accessories,B010E8CFVE,Gildan,"5,803"
143,AHQ3XVYKXFBTXGILP2LM644SS6WQ,True,Nice,The fit was perfect and wide collection of colors,"August 13, 2019",sujith sasi,3.0,0,https://www.amazon.ca/gp/profile/amzn1.account.AHQ3XVYKXFBTXGILP2LM644SS6WQ/ref=cm_cr_getr_d_gw_btm?ie=UTF8,2020-10-05 15:57:02.260716,2020-10-05 15:57:02.392477,GILDAN Men's Classic Heavy Cotton T-Shirt (Pack of 12),4.3,,Clothing & Accessories,B010E8CFVE,Gildan,"5,803"
144,AG3OBIAGEHG3KHJQDBWICZMESHRA,True,Excellent rapport qualité prix!,Excellent rapport qualité prix!,"November 8, 2019",Amazon Customer,5.0,0,https://www.amazon.ca/gp/profile/amzn1.account.AG3OBIAGEHG3KHJQDBWICZMESHRA/ref=cm_cr_getr_d_gw_btm?ie=UTF8,2020-10-05 15:57:02.397357,2020-10-05 15:57:02.562299,GILDAN Men's Classic Heavy Cotton T-Shirt (Pack of 12),4.3,,Clothing & Accessories,B010E8CFVE,Gildan,"5,803"
145,AEMG76FF2TGC4YKLJ62GU6VJ3KMA,True,Five Stars,Great item,"September 21, 2017",Amazon Customer,5.0,0,https://www.amazon.ca/gp/profile/amzn1.account.AEMG76FF2TGC4YKLJ62GU6VJ3KMA/ref=cm_cr_getr_d_gw_btm?ie=UTF8,2020-10-05 15:57:02.568156,2020-10-05 15:57:02.701867,GILDAN Men's Classic Heavy Cotton T-Shirt (Pack of 12),4.3,,Clothing & Accessories,B010E8CFVE,Gildan,"5,803"
146,AGHD5ODN4UY3WYCW3CL4JFVWFTKQ,True,Get a larger size,I liked the t shirts. Fabric was a little thin and the size a little tight. The quality is good,"August 26, 2019",Tennes Hamre,4.0,0,https://www.amazon.ca/gp/profile/amzn1.account.AGHD5ODN4UY3WYCW3CL4JFVWFTKQ/ref=cm_cr_getr_d_gw_btm?ie=UTF8,2020-10-05 15:57:02.706749,2020-10-05 15:57:02.835579,GILDAN Men's Classic Heavy Cotton T-Shirt (Pack of 12),4.3,,Clothing & Accessories,B010E8CFVE,Gildan,"5,803"
147,AH4TMFNM3KTNURSJBPUD7BDPR3HQ,True,Arrived quickly,Fits a little short. Order one size bigger,"January 12, 2019",William W,4.0,0,https://www.amazon.ca/gp/profile/amzn1.account.AH4TMFNM3KTNURSJBPUD7BDPR3HQ/ref=cm_cr_getr_d_gw_btm?ie=UTF8,2020-10-05 15:57:02.840459,2020-10-05 15:57:02.970267,GILDAN Men's Classic Heavy Cotton T-Shirt (Pack of 12),4.3,,Clothing & Accessories,B010E8CFVE,Gildan,"5,803"
148,AHT55O2RKT6FZRZWBFPITPZDS5WA,True,Delivery was fine but the shirt was of low quality which is ...,Delivery was fine but the shirt was of low quality which is about what you would expect for the price,"November 8, 2017",Mr. V Wayne Morrison,3.0,0,https://www.amazon.ca/gp/profile/amzn1.account.AHT55O2RKT6FZRZWBFPITPZDS5WA/ref=cm_cr_getr_d_gw_btm?ie=UTF8,2020-10-05 15:57:02.975147,2020-10-05 15:57:03.104956,GILDAN Men's Classic Heavy Cotton T-Shirt (Pack of 12),4.3,,Clothing & Accessories,B010E8CFVE,Gildan,"5,803"
149,AHGVVPQZR73SHNOJVQZOUA6HPMIA,True,Could be thicker,Almost unusable because of thickness.,"September 13, 2020",Amazon Customer,4.0,0,https://www.amazon.ca/gp/profile/amzn1.account.AHGVVPQZR73SHNOJVQZOUA6HPMIA/ref=cm_cr_getr_d_gw_btm?ie=UTF8,2020-10-05 15:57:03.109836,2020-10-05 15:57:03.269899,GILDAN Men's Classic Heavy Cotton T-Shirt (Pack of 12),4.3,,Clothing & Accessories,B010E8CFVE,Gildan,"5,803"
150,AFYU224XFYKCQJ44E24EQKRFTYYA,True,thank You for the T-shirts,the product arrived and i got package thanks,"June 1, 2019",Serubis,5.0,0,https://www.amazon.ca/gp/profile/amzn1.account.AFYU224XFYKCQJ44E24EQKRFTYYA/ref=cm_cr_getr_d_gw_btm?ie=UTF8,2020-10-05 15:57:08.379314,2020-10-05 15:57:08.510160,GILDAN Men's Classic Heavy Cotton T-Shirt (Pack of 12),4.3,,Clothing & Accessories,B010E8CFVE,Gildan,"5,803"
151,AFP3TO5DEPPSXMKFRXQ3B6M7CB5Q,True,These are comfy to wear!,I really like how these shirts fit. The colour assortment isn’t the greatest.,"May 17, 2019",Kindle Customer,4.0,0,https://www.amazon.ca/gp/profile/amzn1.account.AFP3TO5DEPPSXMKFRXQ3B6M7CB5Q/ref=cm_cr_getr_d_gw_btm?ie=UTF8,2020-10-05 15:57:08.515041,2020-10-05 15:57:08.643873,GILDAN Men's Classic Heavy Cotton T-Shirt (Pack of 12),4.3,,Clothing & Accessories,B010E8CFVE,Gildan,"5,803"
152,AGJKNGQQZZR2QFAGQBW6OK5GKPJQ,True,You get what you pay for...,These are not heavy cotton I find them rather light...,"May 17, 2019",Avtar Badesha,2.0,0,https://www.amazon.ca/gp/profile/amzn1.account.AGJKNGQQZZR2QFAGQBW6OK5GKPJQ/ref=cm_cr_getr_d_gw_btm?ie=UTF8,2020-10-05 15:57:08.648752,2020-10-05 15:57:08.785393,GILDAN Men's Classic Heavy Cotton T-Shirt (Pack of 12),4.3,,Clothing & Accessories,B010E8CFVE,Gildan,"5,803"
153,AERCLLKDUCL534LY2CMQ7HRMO6YQ,True,Five Stars,Very pleased,"July 24, 2018",Amazon Customer,5.0,0,https://www.amazon.ca/gp/profile/amzn1.account.AERCLLKDUCL534LY2CMQ7HRMO6YQ/ref=cm_cr_getr_d_gw_btm?ie=UTF8,2020-10-05 15:57:08.790272,2020-10-05 15:57:08.919103,GILDAN Men's Classic Heavy Cotton T-Shirt (Pack of 12),4.3,,Clothing & Accessories,B010E8CFVE,Gildan,"5,803"
154,AEHE4GOFFO5N34VOJOC6XEOVRT2Q,True,Sizes are correct,"Nice heavy cotton, comfortable shirt","February 5, 2019",Barry N.,5.0,0,https://www.amazon.ca/gp/profile/amzn1.account.AEHE4GOFFO5N34VOJOC6XEOVRT2Q/ref=cm_cr_getr_d_gw_btm?ie=UTF8,2020-10-05 15:57:08.923984,2020-10-05 15:57:09.084048,GILDAN Men's Classic Heavy Cotton T-Shirt (Pack of 12),4.3,,Clothing & Accessories,B010E8CFVE,Gildan,"5,803"
155,AHM3IBRCXEDC2D5YURK2PDC5SRYQ,True,Qualité prix,tout les jours de détente très confortable,"June 5, 2019",J.R,5.0,0,https://www.amazon.ca/gp/profile/amzn1.account.AHM3IBRCXEDC2D5YURK2PDC5SRYQ/ref=cm_cr_getr_d_gw_btm?ie=UTF8,2020-10-05 15:57:09.089903,2020-10-05 15:57:09.217759,GILDAN Men's Classic Heavy Cotton T-Shirt (Pack of 12),4.3,,Clothing & Accessories,B010E8CFVE,Gildan,"5,803"
156,AGGF5JKZB4ST5WMPY6BWRGMRJWHQ,True,You get what you paid for,12 different colored shirts is great for the price,"August 22, 2018",Zory Arrindell,4.0,0,https://www.amazon.ca/gp/profile/amzn1.account.AGGF5JKZB4ST5WMPY6BWRGMRJWHQ/ref=cm_cr_getr_d_gw_btm?ie=UTF8,2020-10-05 15:57:09.223644,2020-10-05 15:57:09.352450,GILDAN Men's Classic Heavy Cotton T-Shirt (Pack of 12),4.3,,Clothing & Accessories,B010E8CFVE,Gildan,"5,803"
157,AFHAW4AWCHCL7G26FQY5OWA73OKA,True,super,cool pour partir ma marque de vêtements,"October 28, 2018",Hugo,4.0,0,https://www.amazon.ca/gp/profile/amzn1.account.AFHAW4AWCHCL7G26FQY5OWA73OKA/ref=cm_cr_getr_d_gw_btm?ie=UTF8,2020-10-05 15:57:09.357326,2020-10-05 15:57:09.513486,GILDAN Men's Classic Heavy Cotton T-Shirt (Pack of 12),4.3,,Clothing & Accessories,B010E8CFVE,Gildan,"5,803"
158,AFYHIW6L3HG7TLIDDHJJDTFUVXJA,True,Ok 👍,Ok 👍,"March 23, 2019",Gilbert Cabotmenuisier ,5.0,0,https://www.amazon.ca/gp/profile/amzn1.account.AFYHIW6L3HG7TLIDDHJJDTFUVXJA/ref=cm_cr_getr_d_gw_btm?ie=UTF8,2020-10-05 15:57:09.519376,2020-10-05 15:57:09.651102,GILDAN Men's Classic Heavy Cotton T-Shirt (Pack of 12),4.3,,Clothing & Accessories,B010E8CFVE,Gildan,"5,803"
159,AEKSQ3GOGHQT4U5LGZYQAKVE7GRA,True,Mauvais size... Medium d'enfant sûrement!,Très étroit,"September 4, 2019",Alex,1.0,0,https://www.amazon.ca/gp/profile/amzn1.account.AEKSQ3GOGHQT4U5LGZYQAKVE7GRA/ref=cm_cr_getr_d_gw_btm?ie=UTF8,2020-10-05 15:57:09.655981,2020-10-05 15:57:09.790670,GILDAN Men's Classic Heavy Cotton T-Shirt (Pack of 12),4.3,,Clothing & Accessories,B010E8CFVE,Gildan,"5,803"
160,AGK2EWSCQD75TN3Y6MB5L2ARDTPQ,True,True size,Exactement la taille souhaité,"December 15, 2018",Steven Audet,5.0,0,https://www.amazon.ca/gp/profile/amzn1.account.AGK2EWSCQD75TN3Y6MB5L2ARDTPQ/ref=cm_cr_getr_d_gw_btm?ie=UTF8,2020-10-05 15:57:13.907343,2020-10-05 15:57:14.047887,GILDAN Men's Classic Heavy Cotton T-Shirt (Pack of 12),4.3,,Clothing & Accessories,B010E8CFVE,Gildan,"5,803"
161,AEENQQDVUY6J6LJAB3HOXQ6GZ2TQ,True,Got What I ordered,I use the product - T-shirts as undershirts.,"December 5, 2019",David Henry Ragobar,3.0,0,https://www.amazon.ca/gp/profile/amzn1.account.AEENQQDVUY6J6LJAB3HOXQ6GZ2TQ/ref=cm_cr_getr_d_gw_btm?ie=UTF8,2020-10-05 15:57:14.052767,2020-10-05 15:57:14.198191,GILDAN Men's Classic Heavy Cotton T-Shirt (Pack of 12),4.3,,Clothing & Accessories,B010E8CFVE,Gildan,"5,803"
162,AHFTEXXQFUEMRVMV5ZU7VYZW2XAA,True,Shrinks in the wash,"Washed on warm, cool dry shrunk to unwearable.","April 24, 2019",Robert B.,1.0,0,https://www.amazon.ca/gp/profile/amzn1.account.AHFTEXXQFUEMRVMV5ZU7VYZW2XAA/ref=cm_cr_getr_d_gw_btm?ie=UTF8,2020-10-05 15:57:14.203069,2020-10-05 15:57:14.354350,GILDAN Men's Classic Heavy Cotton T-Shirt (Pack of 12),4.3,,Clothing & Accessories,B010E8CFVE,Gildan,"5,803"
163,AFGJMV2OIC3VQZ4AH5OVWZX3ETVA,True,correct,parfait,"April 2, 2019",Chris,4.0,0,https://www.amazon.ca/gp/profile/amzn1.account.AFGJMV2OIC3VQZ4AH5OVWZX3ETVA/ref=cm_cr_getr_d_gw_btm?ie=UTF8,2020-10-05 15:57:14.359230,2020-10-05 15:57:14.507581,GILDAN Men's Classic Heavy Cotton T-Shirt (Pack of 12),4.3,,Clothing & Accessories,B010E8CFVE,Gildan,"5,803"
164,AGXGFSWBGPCQQYGXUYT5QYA7VTAQ,True,comfortable and fits good,The T shirts are a nice weight for summer wear,"August 18, 2019",George Briggs,5.0,0,https://www.amazon.ca/gp/profile/amzn1.account.AGXGFSWBGPCQQYGXUYT5QYA7VTAQ/ref=cm_cr_getr_d_gw_btm?ie=UTF8,2020-10-05 15:57:14.512460,2020-10-05 15:57:14.667645,GILDAN Men's Classic Heavy Cotton T-Shirt (Pack of 12),4.3,,Clothing & Accessories,B010E8CFVE,Gildan,"5,803"
165,AHCJ3MA3HBH5EVKK4MATCQCMXKTA,True,Worth the money.,Outstanding deal.,"June 18, 2020",George Czank,5.0,0,https://www.amazon.ca/gp/profile/amzn1.account.AHCJ3MA3HBH5EVKK4MATCQCMXKTA/ref=cm_cr_getr_d_gw_btm?ie=UTF8,2020-10-05 15:57:14.673501,2020-10-05 15:57:14.872604,GILDAN Men's Classic Heavy Cotton T-Shirt (Pack of 12),4.3,,Clothing & Accessories,B010E8CFVE,Gildan,"5,803"
166,AFJBVJXVEKZNPSEUTPNUQFA6IBPQ,True,Product was good!,Everyday shirt,"October 26, 2018",Christian L.,5.0,0,https://www.amazon.ca/gp/profile/amzn1.account.AFJBVJXVEKZNPSEUTPNUQFA6IBPQ/ref=cm_cr_getr_d_gw_btm?ie=UTF8,2020-10-05 15:57:14.877484,2020-10-05 15:57:15.044380,GILDAN Men's Classic Heavy Cotton T-Shirt (Pack of 12),4.3,,Clothing & Accessories,B010E8CFVE,Gildan,"5,803"
167,AGZ7TSPBPH4UWROT7MPKIRFT2KUA,True,Great,Love them best shirts ever,"May 26, 2019",Samantha,5.0,0,https://www.amazon.ca/gp/profile/amzn1.account.AGZ7TSPBPH4UWROT7MPKIRFT2KUA/ref=cm_cr_getr_d_gw_btm?ie=UTF8,2020-10-05 15:57:15.050235,2020-10-05 15:57:15.222987,GILDAN Men's Classic Heavy Cotton T-Shirt (Pack of 12),4.3,,Clothing & Accessories,B010E8CFVE,Gildan,"5,803"
168,AHU44Y6LMR5O3EMTLLQNL7DEJKIQ,True,Great quality but a little tight on the front of my neck.,Nice colours.,"March 4, 2020",Kevin Montgomery,4.0,0,https://www.amazon.ca/gp/profile/amzn1.account.AHU44Y6LMR5O3EMTLLQNL7DEJKIQ/ref=cm_cr_getr_d_gw_btm?ie=UTF8,2020-10-05 15:57:15.227867,2020-10-05 15:57:15.402571,GILDAN Men's Classic Heavy Cotton T-Shirt (Pack of 12),4.3,,Clothing & Accessories,B010E8CFVE,Gildan,"5,803"
169,AFVUSZO4QB3HKRZHJBUYD53XS7JQ,True,It is exactly what you would expect...,"No surprises, just a dozen decent t-shirts for a good price.","January 25, 2019",Adrian Sperling,5.0,0,https://www.amazon.ca/gp/profile/amzn1.account.AFVUSZO4QB3HKRZHJBUYD53XS7JQ/ref=cm_cr_getr_d_gw_btm?ie=UTF8,2020-10-05 15:57:15.409404,2020-10-05 15:57:15.611434,GILDAN Men's Classic Heavy Cotton T-Shirt (Pack of 12),4.3,,Clothing & Accessories,B010E8CFVE,Gildan,"5,803"
170,AECKK6P7ISEXSIJXS7Y6SKTDFIXA,True,Awesome,Awesome,"November 10, 2018",Amazon Customer,5.0,0,https://www.amazon.ca/gp/profile/amzn1.account.AECKK6P7ISEXSIJXS7Y6SKTDFIXA/ref=cm_cr_getr_d_gw_btm?ie=UTF8,2020-10-05 15:57:18.766559,2020-10-05 15:57:18.917839,GILDAN Men's Classic Heavy Cotton T-Shirt (Pack of 12),4.3,,Clothing & Accessories,B010E8CFVE,Gildan,"5,803"
171,AEXG3KMKTEQKHX6OHETQR37OFSPQ,True,Five Stars,Material is as expected.,"July 27, 2018",Morteza,5.0,0,https://www.amazon.ca/gp/profile/amzn1.account.AEXG3KMKTEQKHX6OHETQR37OFSPQ/ref=cm_cr_getr_d_gw_btm?ie=UTF8,2020-10-05 15:57:18.926624,2020-10-05 15:57:19.063263,GILDAN Men's Classic Heavy Cotton T-Shirt (Pack of 12),4.3,,Clothing & Accessories,B010E8CFVE,Gildan,"5,803"
172,AHMB742G66U76LHXVDHYEXRQCYFQ,True,Five Stars,👌👌👌,"May 11, 2018",Jordan Joseph,5.0,0,https://www.amazon.ca/gp/profile/amzn1.account.AHMB742G66U76LHXVDHYEXRQCYFQ/ref=cm_cr_getr_d_gw_btm?ie=UTF8,2020-10-05 15:57:19.068142,2020-10-05 15:57:19.211614,GILDAN Men's Classic Heavy Cotton T-Shirt (Pack of 12),4.3,,Clothing & Accessories,B010E8CFVE,Gildan,"5,803"
173,AFVGVAUVY6RO6YOA47YSOSV6KDWQ,True,Five Stars,"reasonable price wih good quality fast shipment, i am happy so far.","February 12, 2018",Amazon Customer,5.0,0,https://www.amazon.ca/gp/profile/amzn1.account.AFVGVAUVY6RO6YOA47YSOSV6KDWQ/ref=cm_cr_getr_d_gw_btm?ie=UTF8,2020-10-05 15:57:19.216495,2020-10-05 15:57:19.357039,GILDAN Men's Classic Heavy Cotton T-Shirt (Pack of 12),4.3,,Clothing & Accessories,B010E8CFVE,Gildan,"5,803"
174,AEK3O6Z2VVSNZMRRJ4NAQ2BQNRGA,True,Good price.,Good product,"September 30, 2018",Jas ,4.0,0,https://www.amazon.ca/gp/profile/amzn1.account.AEK3O6Z2VVSNZMRRJ4NAQ2BQNRGA/ref=cm_cr_getr_d_gw_btm?ie=UTF8,2020-10-05 15:57:19.361918,2020-10-05 15:57:19.504415,GILDAN Men's Classic Heavy Cotton T-Shirt (Pack of 12),4.3,,Clothing & Accessories,B010E8CFVE,Gildan,"5,803"
175,AHYVUTE5PQMAOSHARMMQDECBFSKQ,True,The price,Work,"October 31, 2018",Jeff Belanger,5.0,0,https://www.amazon.ca/gp/profile/amzn1.account.AHYVUTE5PQMAOSHARMMQDECBFSKQ/ref=cm_cr_getr_d_gw_btm?ie=UTF8,2020-10-05 15:57:19.509294,2020-10-05 15:57:19.657645,GILDAN Men's Classic Heavy Cotton T-Shirt (Pack of 12),4.3,,Clothing & Accessories,B010E8CFVE,Gildan,"5,803"
176,AGCQW5X3WJ4QFSAB67YKTETURMJA,True,Five Stars,Perfect,"December 1, 2016",Don,5.0,0,https://www.amazon.ca/gp/profile/amzn1.account.AGCQW5X3WJ4QFSAB67YKTETURMJA/ref=cm_cr_getr_d_gw_btm?ie=UTF8,2020-10-05 15:57:19.663501,2020-10-05 15:57:19.815757,GILDAN Men's Classic Heavy Cotton T-Shirt (Pack of 12),4.3,,Clothing & Accessories,B010E8CFVE,Gildan,"5,803"
177,AG6ULKI6HR3QDPUD3W2XA2U55QKQ,True,Si ça ne fait pas je dois payer les frais ...,Si ça ne fait pas je dois payer les frais de shipping pour le renvoyer à la compagnie. Service pourri. Pas satisfaite du tout,"February 6, 2018",Isabelle L.,1.0,0,https://www.amazon.ca/gp/profile/amzn1.account.AG6ULKI6HR3QDPUD3W2XA2U55QKQ/ref=cm_cr_getr_d_gw_btm?ie=UTF8,2020-10-05 15:57:19.821612,2020-10-05 15:57:19.998268,GILDAN Men's Classic Heavy Cotton T-Shirt (Pack of 12),4.3,,Clothing & Accessories,B010E8CFVE,Gildan,"5,803"
178,AEAO2XE5MDO7J5GRDEDWG3OUGOUQ,True,FALSE ADVERTISING,False advertising. .. not pack of 12 ...,"January 24, 2018",steven,2.0,One,https://www.amazon.ca/gp/profile/amzn1.account.AEAO2XE5MDO7J5GRDEDWG3OUGOUQ/ref=cm_cr_getr_d_gw_btm?ie=UTF8,2020-10-05 15:57:20.003149,2020-10-05 15:57:20.152477,GILDAN Men's Classic Heavy Cotton T-Shirt (Pack of 12),4.3,,Clothing & Accessories,B010E8CFVE,Gildan,"5,803"
179,AE2QM26MRKSGODOMGLSYUS2V2FYA,False,Not X-Large fit,"I usually take a large, but wanted extra room so ordered X-Large. I hang dry all clothing that has shrink potential. After doing this, the XL still turned out to be more of a Large fit and too small after several washings and air drying. I've had to re-order, but in XXL and hope that this will do the job. Otherwise, good product and colour choice.","February 8, 2019",Stretch,3.0,0,https://www.amazon.ca/gp/profile/amzn1.account.AE2QM26MRKSGODOMGLSYUS2V2FYA/ref=cm_cr_getr_d_gw_btm?ie=UTF8,2020-10-05 15:57:20.160284,2020-10-05 15:57:20.295946,GILDAN Men's Classic Heavy Cotton T-Shirt (Pack of 12),4.3,,Clothing & Accessories,B010E8CFVE,Gildan,"5,803"
180,AEJI5OVOL3QFXRBSSTHIOFMBAKMQ,False,These shirts are fire,"I'm a big cheapo and I was just looking to buy a bulk pack of good quality shirts that don't fit weird or shrink awkwardly. These shirts are perfect, super durable and comfortable to wear. 6'1 about 215lbs size Large fits me comfortably.","January 17, 2019",Shane Callaghan,5.0,0,https://www.amazon.ca/gp/profile/amzn1.account.AEJI5OVOL3QFXRBSSTHIOFMBAKMQ/ref=cm_cr_getr_d_gw_btm?ie=UTF8,2020-10-05 15:57:25.432403,2020-10-05 15:57:25.570019,GILDAN Men's Classic Heavy Cotton T-Shirt (Pack of 12),4.3,,Clothing & Accessories,B010E8CFVE,Gildan,"5,803"
181,AFEXISJ74SIKIJAHPFRRM6H5ZWIQ,False,A great buy!,Nice quality shirts. Fit great. Excellent value.,"January 3, 2019",OneEyedWillie,5.0,0,https://www.amazon.ca/gp/profile/amzn1.account.AFEXISJ74SIKIJAHPFRRM6H5ZWIQ/ref=cm_cr_getr_d_gw_btm?ie=UTF8,2020-10-05 15:57:25.574898,2020-10-05 15:57:25.694945,GILDAN Men's Classic Heavy Cotton T-Shirt (Pack of 12),4.3,,Clothing & Accessories,B010E8CFVE,Gildan,"5,803"
182,AEO2TCZWN5DEM3XOMB7T7DO4XLYA,False,Happy Customer,"Happy with the buy.
Loved the colours.
Fast delivery","July 5, 2020",CeeC,5.0,0,https://www.amazon.ca/gp/profile/amzn1.account.AEO2TCZWN5DEM3XOMB7T7DO4XLYA/ref=cm_cr_getr_d_gw_btm?ie=UTF8,2020-10-05 15:57:25.700801,2020-10-05 15:57:25.823777,GILDAN Men's Classic Heavy Cotton T-Shirt (Pack of 12),4.3,,Clothing & Accessories,B010E8CFVE,Gildan,"5,803"
183,AHSMMMPSPDHE2OHZNXEMQW5AD7ZA,False,Excellent,Excellent value for $$,"February 1, 2019",Amazon Customer,4.0,0,https://www.amazon.ca/gp/profile/amzn1.account.AHSMMMPSPDHE2OHZNXEMQW5AD7ZA/ref=cm_cr_getr_d_gw_btm?ie=UTF8,2020-10-05 15:57:25.828658,2020-10-05 15:57:25.957489,GILDAN Men's Classic Heavy Cotton T-Shirt (Pack of 12),4.3,,Clothing & Accessories,B010E8CFVE,Gildan,"5,803"
184,AF2T3CP5TDOBV6RYF535RZX73RYA,False,Great price for quality shirts!,"Great basic shirts! Fit as expected!
Great price for quality shirts!","July 25, 2019",Elvira S.,5.0,0,https://www.amazon.ca/gp/profile/amzn1.account.AF2T3CP5TDOBV6RYF535RZX73RYA/ref=cm_cr_getr_d_gw_btm?ie=UTF8,2020-10-05 15:57:25.962369,2020-10-05 15:57:26.099009,GILDAN Men's Classic Heavy Cotton T-Shirt (Pack of 12),4.3,,Clothing & Accessories,B010E8CFVE,Gildan,"5,803"
185,AHXMQL5GN4A3ST3M6AZRGLPPIEOA,False,Cheap.,Worked good.,"October 29, 2018",garth w.,5.0,0,https://www.amazon.ca/gp/profile/amzn1.account.AHXMQL5GN4A3ST3M6AZRGLPPIEOA/ref=cm_cr_getr_d_gw_btm?ie=UTF8,2020-10-05 15:57:26.103888,2020-10-05 15:57:26.229823,GILDAN Men's Classic Heavy Cotton T-Shirt (Pack of 12),4.3,,Clothing & Accessories,B010E8CFVE,Gildan,"5,803"
186,AFFO3CIOBVNL5X5HO6ZXUXAHZJZQ,True,"I don't know if I'd call it ""heavy"" cotton....","...but maybe that's an industry standard. In any case, this is a great deal. Shirts fit, the colour is accurate (sand=light tan), they have tear-off collar tags, and they're the usual quality you expect of Gildan. I've bought a couple dozen of their ""safety green"" (yeah, yellow) tees over the years and I've always been very happy. The price just can't be beat.","July 12, 2019",Joe Kinaydjin,5.0,One,https://www.amazon.ca/gp/profile/amzn1.account.AFFO3CIOBVNL5X5HO6ZXUXAHZJZQ/ref=cm_cr_getr_d_gw_btm?ie=UTF8,2020-10-05 15:57:26.235676,2020-10-05 15:57:26.430875,GILDAN Men's Classic Heavy Cotton T-Shirt (Pack of 12),4.3,,Clothing & Accessories,B010E8CFVE,Gildan,"5,803"
187,AE2XPZUQRKHOPMQEMPRRUWGU7REA,True,Good cotton quality,Good cotton quality. Thicker than other products. The shirts shrank a bit after washing them especially in terms of length. But still suitable. It would be better if they make 2XT... Quick delivery service. Beware that Canada Post will charge you 20.85 for taxes. They should have asked for around 10 $. Will ask for a refund.,"December 8, 2017",Amazon Customer,4.0,One,https://www.amazon.ca/gp/profile/amzn1.account.AE2XPZUQRKHOPMQEMPRRUWGU7REA/ref=cm_cr_getr_d_gw_btm?ie=UTF8,2020-10-05 15:57:26.437708,2020-10-05 15:57:26.580202,GILDAN Men's Classic Heavy Cotton T-Shirt (Pack of 12),4.3,,Clothing & Accessories,B010E8CFVE,Gildan,"5,803"
188,AH6QDANUOXTFAY5QWIZIJ537ECWA,True,"Good fit, decent quality","Good fit, decent quality.","March 8, 2019",Lucas S,5.0,0,https://www.amazon.ca/gp/profile/amzn1.account.AH6QDANUOXTFAY5QWIZIJ537ECWA/ref=cm_cr_getr_d_gw_btm?ie=UTF8,2020-10-05 15:57:26.584106,2020-10-05 15:57:26.790043,GILDAN Men's Classic Heavy Cotton T-Shirt (Pack of 12),4.3,,Clothing & Accessories,B010E8CFVE,Gildan,"5,803"
