,author_id,verified_purchase,review_title,reviews,date,reviewer_name,ratings,people_find_helpful,reviewer_profile_url,start_time,end_time,product_name,average_rating,total_reviews,product_category,product_id,brand_name,rank
0,AHRQLVIU2YYMGO72YZLAL6PN5O5Q,True,Great shirt for work!,"The hubby loves this K126 style. I hate to say they fit large because the sizing to me is correct. But in the real world with cheaper clothing, these fit larger. My hubby is, 5'10-5'11 & 190 lbs and the Large Regular fits perfectly. The shrink factor is fairly minimal especially for 100% cotton, the fabric just tightens up a bit and feels thicker after you've washed & dried it. Good generous sleeve & torso length even in just the Regular length. All the colours are great too. A quality product for sure!","October 23, 2018",Poppy,5.0,6,https://www.amazon.ca/gp/profile/amzn1.account.AHRQLVIU2YYMGO72YZLAL6PN5O5Q/ref=cm_cr_arp_d_gw_btm?ie=UTF8,2020-09-28 20:03:14.371608,2020-09-28 20:03:14.504344,Carhartt Women's Workwear Pocket Long Sleeve T-Shirt,4.6,,Clothing & Accessories,B01BXDSS24,Carhartt Sportswear - Mens,"1,335"
1,AF777J7AN6ENCK4MNU35S3HBWIXQ,True,Fits a bit larger than I thought but one of my fav shirts,Fits a bit larger than I thought it would and the sleeve have the linen hairs curling and turning into lint balls. But I think it’s more that I used the shirt for work and it rubs against things. But where some of my shirts have ripped on metal at my work this one has resisted very well. Front pocket is secure and hasn’t stretched yet with lots of used to it. And any ash/embers I’ve gotten on it hasn’t burnt it yet! So very happy,"November 19, 2018",Connor knox,5.0,3,https://www.amazon.ca/gp/profile/amzn1.account.AF777J7AN6ENCK4MNU35S3HBWIXQ/ref=cm_cr_arp_d_gw_btm?ie=UTF8,2020-09-28 20:03:14.509223,2020-09-28 20:03:14.663432,Carhartt Women's Workwear Pocket Long Sleeve T-Shirt,4.6,,Clothing & Accessories,B01BXDSS24,Carhartt Sportswear - Mens,"1,335"
2,AEZ3EX456BZHUJTLAUNLERCBRAUA,True,Sizing errors seem to emanate from the factory.,"Is supposed to be LT size, but the body width is more like XLT. Sleeve length is good. Material and stitching is good. Color is good too.

I ordered another one in a different color and had to return it because although labelled size LT, it was a M (medium regular).

I think the problem is factory mislabelling of sizing. Carhart's needs to fix this glix.","January 31, 2018",Andrew in Calgary,4.0,5,https://www.amazon.ca/gp/profile/amzn1.account.AEZ3EX456BZHUJTLAUNLERCBRAUA/ref=cm_cr_arp_d_gw_btm?ie=UTF8,2020-09-28 20:03:14.669287,2020-09-28 20:03:14.852774,Carhartt Women's Workwear Pocket Long Sleeve T-Shirt,4.6,,Clothing & Accessories,B01BXDSS24,Carhartt Sportswear - Mens,"1,335"
3,AEDW5ULB76UAHSUWDTRYB7VGUGRA,True,"Amazon is the Best store ever. Thay have good deals and great service, welcome to Canada amazon, we need you. The North does too","I swear to you Austin Augie of team FITBIKECO. was wearing a Carhartt jacket in a FIT bicycles vlog called a ""Flog"".:) He is smart to wear the Carhartt jacket also, for falls, skids, scratches, etc. The Carhartt canvas is bulletproof, and could save your ass bigtime on the ramp. Carhartt is right on trend right now, again. Quality clothing built for carpentry, construction & hard God damn work. This brand commands a certain kind of respect when dirty or dusty. Its meant to get dirty, when they see Carhartt they think your a tradesman, because on the construction sight Carhartt is like the Chanel, Dolce & Gabbana of fashion. I like that. 5 stars, so nice my strict ass parents let me wear to a 5 star French restaurant. And they even said nice shirt. Cannot wait to wear it, it will look better when its broken in, shredded. I love amazon. Saved me money, therefore putting food into my mouth. They help you if they can anytime also. Thanks Amazon, your the best.:) Also, this is insane, Carhartt has a bmx team???????????Youtube it.","April 18, 2018",J. Peters,5.0,One,https://www.amazon.ca/gp/profile/amzn1.account.AEDW5ULB76UAHSUWDTRYB7VGUGRA/ref=cm_cr_arp_d_gw_btm?ie=UTF8,2020-09-28 20:03:14.858630,2020-09-28 20:03:15.037239,Carhartt Women's Workwear Pocket Long Sleeve T-Shirt,4.6,,Clothing & Accessories,B01BXDSS24,Carhartt Sportswear - Mens,"1,335"
4,AE3Z4JHVT5F5D6XPOUYO3JVXB7LA,True,"Fits large, order a size down. Updated, still large.","It's legit, great material. It just fits too big. I'm 6'3 200lbs and always wear large.
I was hesitant to order my usual size as I heard Carhartt fits bigger, but the description said it fits true to size and to order my regular size.
Quite disappointed.
I will be exchanging for a Medium.

UPDATE:
Amazon was quick to exchange my original order with a size smaller.
However, I still find it quite baggy. I own another Carhartt long sleeve in Medium and it is fitted well. I am not a skinny person but this is the first time I wear a medium that feels too big for me .","June 9, 2020",Mo Zein,4.0,0,https://www.amazon.ca/gp/profile/amzn1.account.AE3Z4JHVT5F5D6XPOUYO3JVXB7LA/ref=cm_cr_arp_d_gw_btm?ie=UTF8,2020-09-28 20:03:15.042118,2020-09-28 20:03:15.213895,Carhartt Women's Workwear Pocket Long Sleeve T-Shirt,4.6,,Clothing & Accessories,B01BXDSS24,Carhartt Sportswear - Mens,"1,335"
5,AH72IN3YBOLMJS7ZCI2AJDTD5DEA,True,"Nice material, fits a bit large","Good quality, thick durable feeling cotton yet still comfortable. Product fits slightly larger than normal (baggy sleeves and longer in the torso area). I am 5'9"" 170lbs and I got a medium. It fits more like a large, but I put it in the drier and it shrunk down to more of a medium size which is what I wanted.","April 25, 2018",Bo,4.0,5,https://www.amazon.ca/gp/profile/amzn1.account.AH72IN3YBOLMJS7ZCI2AJDTD5DEA/ref=cm_cr_arp_d_gw_btm?ie=UTF8,2020-09-28 20:03:15.218775,2020-09-28 20:03:15.413973,Carhartt Women's Workwear Pocket Long Sleeve T-Shirt,4.6,,Clothing & Accessories,B01BXDSS24,Carhartt Sportswear - Mens,"1,335"
6,AFY7DUE42RH5FZGBDRH3RQFBGJBQ,True,Love it,"As a giant I've been wearing ill-fitting shirts for far too long. I'm very pleased with how this shirt fits me and I plan to buy more; hopefully they go on sale sometime soon.

For reference I'm 6'6"" 305lbs and the Large Long fits me perfectly.","March 4, 2018",Brian,5.0,3,https://www.amazon.ca/gp/profile/amzn1.account.AFY7DUE42RH5FZGBDRH3RQFBGJBQ/ref=cm_cr_arp_d_gw_btm?ie=UTF8,2020-09-28 20:03:15.419829,2020-09-28 20:03:15.586726,Carhartt Women's Workwear Pocket Long Sleeve T-Shirt,4.6,,Clothing & Accessories,B01BXDSS24,Carhartt Sportswear - Mens,"1,335"
7,AFJKTDKPN6WBREHHJKARPF32S5LA,True,product is very good im looking for size chart that will tell me ...,"product is very good
im looking for size chart that will tell me difference between large and medium size
i purchase large which is appearing to be a bit loose on me , i want to avoid hassle of returning or rebuyung
as far as product quality cincern its 5 stars
fabric is great and style is exactly what i need","November 28, 2017",kamikim,4.0,One,https://www.amazon.ca/gp/profile/amzn1.account.AFJKTDKPN6WBREHHJKARPF32S5LA/ref=cm_cr_arp_d_gw_btm?ie=UTF8,2020-09-28 20:03:15.591604,2020-09-28 20:03:15.779972,Carhartt Women's Workwear Pocket Long Sleeve T-Shirt,4.6,,Clothing & Accessories,B01BXDSS24,Carhartt Sportswear - Mens,"1,335"
8,AHJPWKPO3JUWPZP66M32ESNICF4A,True,Size down for perfect fit,"Carhartt is know to make bigger size products, so make sure you size down respectively. I usually buy Large, but with Carhartt I get size Medium; which fits perfectly.","December 28, 2019",Jimmy LaFleur,5.0,One,https://www.amazon.ca/gp/profile/amzn1.account.AHJPWKPO3JUWPZP66M32ESNICF4A/ref=cm_cr_arp_d_gw_btm?ie=UTF8,2020-09-28 20:03:15.785829,2020-09-28 20:03:15.950772,Carhartt Women's Workwear Pocket Long Sleeve T-Shirt,4.6,,Clothing & Accessories,B01BXDSS24,Carhartt Sportswear - Mens,"1,335"
9,AH7RV6GF6HRNPMS2TGJL2PKMQO4Q,True,much bigger than a regular Large,"pretty nice shirt and even bigger than i was expecting. I'm 6'4'' 205lbs and it's still long in the arms and waist, which i like, but in the chest and waist it is quite big as others have said. it's close enough that it's not to baggy to return but it's close. I'd say if you're under 220lbs this might be to big and under 6'2'' too long.","July 27, 2020",kyle b.,4.0,0,https://www.amazon.ca/gp/profile/amzn1.account.AH7RV6GF6HRNPMS2TGJL2PKMQO4Q/ref=cm_cr_arp_d_gw_btm?ie=UTF8,2020-09-28 20:03:15.955652,2020-09-28 20:03:16.116692,Carhartt Women's Workwear Pocket Long Sleeve T-Shirt,4.6,,Clothing & Accessories,B01BXDSS24,Carhartt Sportswear - Mens,"1,335"
10,AHCPYOSS2K4SRHK3RPZJT6X7MTGA,True,Comfortable,"I ordered large/tall because I hate it when my shirts ride up. This was the perfect length. I'm 5'9"" and it fit about mid-bum. Well made/comfortable. I'm very happy with it.","October 12, 2019",Shap,5.0,One,https://www.amazon.ca/gp/profile/amzn1.account.AHCPYOSS2K4SRHK3RPZJT6X7MTGA/ref=cm_cr_getr_d_gw_btm?ie=UTF8,2020-09-28 20:03:19.344530,2020-09-28 20:03:19.497758,Carhartt Women's Workwear Pocket Long Sleeve T-Shirt,4.6,,Clothing & Accessories,B01BXDSS24,Carhartt Sportswear - Mens,"1,335"
11,AFONFBMVOUD6O4ZYR3C7TJDXBZTA,True,"Great work shirt, unsure on sizing being sent","I ordered 2 small of these Carhartt shirts in 2 different colours. I always buy medium shirts/jackets except for Carhartt because I know that the shirts run a little big (5'8"" male, 155lbs.) and that's what I've ordered in the past. Even though the shirts had small printed on them one fit like an XS and was tight even for me while the other fit perfectly, a little loose but comfortable.
Great work shirt, just unsure how the ""same size"" shirt came in two different sizes.","October 23, 2019",KB,4.0,0,https://www.amazon.ca/gp/profile/amzn1.account.AFONFBMVOUD6O4ZYR3C7TJDXBZTA/ref=cm_cr_getr_d_gw_btm?ie=UTF8,2020-09-28 20:03:19.501662,2020-09-28 20:03:19.628543,Carhartt Women's Workwear Pocket Long Sleeve T-Shirt,4.6,,Clothing & Accessories,B01BXDSS24,Carhartt Sportswear - Mens,"1,335"
12,AESVMDFM7UCUNHIYLCIP763WOUQA,True,I still wear it long or not.,"Unless your close to 7' the large is fine. I payed for the Large and tall version MMmmk. I'm 6'2"" and the sleeves hang down and it looks like a dress. Better be a tucker and tuck it in lol.","November 24, 2017",Amazonian,4.0,3,https://www.amazon.ca/gp/profile/amzn1.account.AESVMDFM7UCUNHIYLCIP763WOUQA/ref=cm_cr_getr_d_gw_btm?ie=UTF8,2020-09-28 20:03:19.633422,2020-09-28 20:03:19.776896,Carhartt Women's Workwear Pocket Long Sleeve T-Shirt,4.6,,Clothing & Accessories,B01BXDSS24,Carhartt Sportswear - Mens,"1,335"
13,AHPJWSWVHGWSOTURSX5G5K67OINQ,True,Fits a bit big but so comfy!,"My boyfriend loved this shirt! I got him a large originally but then returned it for a medium, as it fit pretty big. He is usually a large in most shirts from American Eagle, etc. I recommend sizing down if you want a clean fit","September 14, 2020",Nicole Golloher,5.0,0,https://www.amazon.ca/gp/profile/amzn1.account.AHPJWSWVHGWSOTURSX5G5K67OINQ/ref=cm_cr_getr_d_gw_btm?ie=UTF8,2020-09-28 20:03:19.781800,2020-09-28 20:03:19.910605,Carhartt Women's Workwear Pocket Long Sleeve T-Shirt,4.6,,Clothing & Accessories,B01BXDSS24,Carhartt Sportswear - Mens,"1,335"
14,AHMQEKKTGBNPUPCJYM47UIPKU4UA,True,hybrid between a sweater and a long sleeve tee,"I like the Carhartt heavy cotton, but was expecting a usual long sleeves tee with just a hem at the sleeves, not the usual sweater sleeve cuffs. Still a nice long tee for fall nights","July 28, 2020",Buyer,4.0,0,https://www.amazon.ca/gp/profile/amzn1.account.AHMQEKKTGBNPUPCJYM47UIPKU4UA/ref=cm_cr_getr_d_gw_btm?ie=UTF8,2020-09-28 20:03:19.915485,2020-09-28 20:03:20.042366,Carhartt Women's Workwear Pocket Long Sleeve T-Shirt,4.6,,Clothing & Accessories,B01BXDSS24,Carhartt Sportswear - Mens,"1,335"
15,AEPNW7VAY4KKJDHUSYTIC6EXEKHQ,True,Good purchase / boyfriend is happy with it as a work shirt,"My boyfriend loves the Hunter Green one I got for him. It’s quite roomy but great for work , he said it was warm enough but not overly warm. Good fall / winter shirt.
Good quality, nice fit. May get him more colors!","December 29, 2019",Taylor,5.0,0,https://www.amazon.ca/gp/profile/amzn1.account.AEPNW7VAY4KKJDHUSYTIC6EXEKHQ/ref=cm_cr_getr_d_gw_btm?ie=UTF8,2020-09-28 20:03:20.045293,2020-09-28 20:03:20.181934,Carhartt Women's Workwear Pocket Long Sleeve T-Shirt,4.6,,Clothing & Accessories,B01BXDSS24,Carhartt Sportswear - Mens,"1,335"
16,AGCW4J4UB3JACMW5DX45XSR3UCFQ,True,Great “T-shirts”,I wanted several long sleeved t-shirt type of tops and these two have fit the bill. I am now contemplating purchasing more.,"October 20, 2019",Little King,4.0,0,https://www.amazon.ca/gp/profile/amzn1.account.AGCW4J4UB3JACMW5DX45XSR3UCFQ/ref=cm_cr_getr_d_gw_btm?ie=UTF8,2020-09-28 20:03:20.187789,2020-09-28 20:03:20.315644,Carhartt Women's Workwear Pocket Long Sleeve T-Shirt,4.6,,Clothing & Accessories,B01BXDSS24,Carhartt Sportswear - Mens,"1,335"
17,AFA7M5WXL3BOTS2CNI3MOJ65USSA,True,Happy purchaser,My boyfriend likes Carhartt and has several of their basic shirts. He’s 5’10 and orders a L because he likes it to be oversized.,"June 4, 2020",Amazon Customer,5.0,0,https://www.amazon.ca/gp/profile/amzn1.account.AFA7M5WXL3BOTS2CNI3MOJ65USSA/ref=cm_cr_getr_d_gw_btm?ie=UTF8,2020-09-28 20:03:20.320525,2020-09-28 20:03:20.449382,Carhartt Women's Workwear Pocket Long Sleeve T-Shirt,4.6,,Clothing & Accessories,B01BXDSS24,Carhartt Sportswear - Mens,"1,335"
18,AH4MKFS4MVBWAQQR56TVCMPMVW2A,True,Bonne qualitée,"Commender une taille en dessou et vous aller être correct . Les vêtements Carhartt on un fit asser large , il ne faut pas oublier que ce sont des vêtements qui sont conçu pour les travailleurs ( construction , fermier ect... ) . La qualitée est vraiment bonne pour le prix","April 1, 2019",NickFish26,4.0,0,https://www.amazon.ca/gp/profile/amzn1.account.AH4MKFS4MVBWAQQR56TVCMPMVW2A/ref=cm_cr_getr_d_gw_btm?ie=UTF8,2020-09-28 20:03:20.453260,2020-09-28 20:03:20.582092,Carhartt Women's Workwear Pocket Long Sleeve T-Shirt,4.6,,Clothing & Accessories,B01BXDSS24,Carhartt Sportswear - Mens,"1,335"
19,AHL5LRMKVU7ZY6CWFMIJ5FMERTZQ,True,Fits large,I didn't know that Carhardt shirts fit alot bigger than other shirts. If I had known I would have ordered my son in law a medium instead of a large which is what he wears in all of his other shirts.,"December 26, 2019",Sandra T Redman,3.0,0,https://www.amazon.ca/gp/profile/amzn1.account.AHL5LRMKVU7ZY6CWFMIJ5FMERTZQ/ref=cm_cr_getr_d_gw_btm?ie=UTF8,2020-09-28 20:03:20.586972,2020-09-28 20:03:20.725564,Carhartt Women's Workwear Pocket Long Sleeve T-Shirt,4.6,,Clothing & Accessories,B01BXDSS24,Carhartt Sportswear - Mens,"1,335"
20,AE3NYZI6N5IWAF2Q2UH3ZS5MKAGA,True,I liked it so much I bought another one,"What a great shirt. Well-made, perfectly fitting, and reasonably priced. I liked the colours too.","November 7, 2019",Prairie Pal,5.0,0,https://www.amazon.ca/gp/profile/amzn1.account.AE3NYZI6N5IWAF2Q2UH3ZS5MKAGA/ref=cm_cr_getr_d_gw_btm?ie=UTF8,2020-09-28 20:03:22.857143,2020-09-28 20:03:22.985974,Carhartt Women's Workwear Pocket Long Sleeve T-Shirt,4.6,,Clothing & Accessories,B01BXDSS24,Carhartt Sportswear - Mens,"1,335"
21,AEQLNM2FMSPRTLIOBF7DGKCFYREA,True,Good deal,Like this shirt. It was quite a bit longer than the other one we purchased but still very happy,"December 26, 2019",Amazon Customer,5.0,0,https://www.amazon.ca/gp/profile/amzn1.account.AEQLNM2FMSPRTLIOBF7DGKCFYREA/ref=cm_cr_getr_d_gw_btm?ie=UTF8,2020-09-28 20:03:22.990856,2020-09-28 20:03:23.129446,Carhartt Women's Workwear Pocket Long Sleeve T-Shirt,4.6,,Clothing & Accessories,B01BXDSS24,Carhartt Sportswear - Mens,"1,335"
22,AHN2L54KWQGHZJGS3ZZXFBRTTL2Q,True,utilisation,Ce chandail n'est vraiment pas tel que démontrer il est deux fois trop grand que les mesures décrites et le tissus n'est pas de qualité je l'ai retourné.,"January 9, 2020",Denise Leclair,1.0,0,https://www.amazon.ca/gp/profile/amzn1.account.AHN2L54KWQGHZJGS3ZZXFBRTTL2Q/ref=cm_cr_getr_d_gw_btm?ie=UTF8,2020-09-28 20:03:23.133350,2020-09-28 20:03:23.259255,Carhartt Women's Workwear Pocket Long Sleeve T-Shirt,4.6,,Clothing & Accessories,B01BXDSS24,Carhartt Sportswear - Mens,"1,335"
23,AFM3GLQHJTBCJY7VVXTMJMUUOHCQ,True,Authentic,"Authentic product. Thought it would've been thicker, but still heavy cotton felt. I'm a 5'5, 105 lbs girl, and I bought small, like all my other Carhartt products. I like my close a bit oversized, so for me it's good fit.","January 7, 2019",Maude,4.0,0,https://www.amazon.ca/gp/profile/amzn1.account.AFM3GLQHJTBCJY7VVXTMJMUUOHCQ/ref=cm_cr_getr_d_gw_btm?ie=UTF8,2020-09-28 20:03:23.263157,2020-09-28 20:03:23.391990,Carhartt Women's Workwear Pocket Long Sleeve T-Shirt,4.6,,Clothing & Accessories,B01BXDSS24,Carhartt Sportswear - Mens,"1,335"
24,AHN2E4KOPRN46LV6R5IGGRXJWCYQ,True,Fit perfectly even with a size down,"After carefully reading others reviews on the shirts I ordered an xl- tall for my husband, he normally fits a 2xl perfect. He had doubts it would fit but once we got it, it actually was quite baggy still which works perfectly. So if ordering a tall go down a size.","April 28, 2020",Jvanity,5.0,0,https://www.amazon.ca/gp/profile/amzn1.account.AHN2E4KOPRN46LV6R5IGGRXJWCYQ/ref=cm_cr_getr_d_gw_btm?ie=UTF8,2020-09-28 20:03:23.396870,2020-09-28 20:03:23.532533,Carhartt Women's Workwear Pocket Long Sleeve T-Shirt,4.6,,Clothing & Accessories,B01BXDSS24,Carhartt Sportswear - Mens,"1,335"
25,AEF433KNIY6NYOZ5LF6CSGRFWQ7Q,True,"I'm 6'4"", 205lbs, & I usually wear 2XL ...","I'm 6'4"", 205lbs, & I usually wear 2XL or 2XL-T, and I got XL-T after reading reviews. Fits perfectly. Material is rough, but I got what I expected. Would buy again.","February 15, 2018",Amazon Customer,4.0,One,https://www.amazon.ca/gp/profile/amzn1.account.AEF433KNIY6NYOZ5LF6CSGRFWQ7Q/ref=cm_cr_getr_d_gw_btm?ie=UTF8,2020-09-28 20:03:23.536437,2020-09-28 20:03:23.671125,Carhartt Women's Workwear Pocket Long Sleeve T-Shirt,4.6,,Clothing & Accessories,B01BXDSS24,Carhartt Sportswear - Mens,"1,335"
26,AHG27GYJK6KEE5MCGFL7NIBUFTRA,True,Good,Weird fit but that’s expected with carhartt. Just like the standard carhartt pocket tee but in long sleeve form.,"August 28, 2020",Timothy ,5.0,0,https://www.amazon.ca/gp/profile/amzn1.account.AHG27GYJK6KEE5MCGFL7NIBUFTRA/ref=cm_cr_getr_d_gw_btm?ie=UTF8,2020-09-28 20:03:23.676026,2020-09-28 20:03:23.805812,Carhartt Women's Workwear Pocket Long Sleeve T-Shirt,4.6,,Clothing & Accessories,B01BXDSS24,Carhartt Sportswear - Mens,"1,335"
27,AFFAWE4AN6YSZWLV45TZYAPHAGZA,True,5/5,I’m usually a medium but had to get small. Small fits perfectly.,"November 4, 2019",Nuv,5.0,0,https://www.amazon.ca/gp/profile/amzn1.account.AFFAWE4AN6YSZWLV45TZYAPHAGZA/ref=cm_cr_getr_d_gw_btm?ie=UTF8,2020-09-28 20:03:23.810693,2020-09-28 20:03:23.949285,Carhartt Women's Workwear Pocket Long Sleeve T-Shirt,4.6,,Clothing & Accessories,B01BXDSS24,Carhartt Sportswear - Mens,"1,335"
28,AFRUZMPLW23MAYBU2B3IQMQMYUMQ,True,good quality,"good thickness of material and good cuffs
looks very nice hard to find quality with a good size pocket","December 27, 2017",Garry Charette,4.0,0,https://www.amazon.ca/gp/profile/amzn1.account.AFRUZMPLW23MAYBU2B3IQMQMYUMQ/ref=cm_cr_getr_d_gw_btm?ie=UTF8,2020-09-28 20:03:23.953188,2020-09-28 20:03:24.085989,Carhartt Women's Workwear Pocket Long Sleeve T-Shirt,4.6,,Clothing & Accessories,B01BXDSS24,Carhartt Sportswear - Mens,"1,335"
29,AFL2Z7JK4K3A4A7K3C4HGOMYGNPA,True,Soft and comfortable,Fits just as I thought on my s.o. Be careful when washing and don't put it in the dryer to avoid shrinkage. Overall great quality.,"February 28, 2020",Alexa Tantrum,4.0,0,https://www.amazon.ca/gp/profile/amzn1.account.AFL2Z7JK4K3A4A7K3C4HGOMYGNPA/ref=cm_cr_getr_d_gw_btm?ie=UTF8,2020-09-28 20:03:24.090869,2020-09-28 20:03:24.218725,Carhartt Women's Workwear Pocket Long Sleeve T-Shirt,4.6,,Clothing & Accessories,B01BXDSS24,Carhartt Sportswear - Mens,"1,335"
30,AETWALG54KJ3MTHJVC4U7ZN4L2IQ,True,Size down,My husband is usually a medium but this was way too big. Size down. Great quality tho.,"March 24, 2019",Jackie Goerk,3.0,0,https://www.amazon.ca/gp/profile/amzn1.account.AETWALG54KJ3MTHJVC4U7ZN4L2IQ/ref=cm_cr_getr_d_gw_btm?ie=UTF8,2020-09-28 20:03:29.370285,2020-09-28 20:03:29.521565,Carhartt Women's Workwear Pocket Long Sleeve T-Shirt,4.6,,Clothing & Accessories,B01BXDSS24,Carhartt Sportswear - Mens,"1,335"
31,AGU2DJWYYCWEA53RHIFD5KXY43NQ,True,"As Described, good quality","Great quality, fits as expected and shipped on time.","January 11, 2020",c m long,5.0,0,https://www.amazon.ca/gp/profile/amzn1.account.AGU2DJWYYCWEA53RHIFD5KXY43NQ/ref=cm_cr_getr_d_gw_btm?ie=UTF8,2020-09-28 20:03:29.531324,2020-09-28 20:03:29.657229,Carhartt Women's Workwear Pocket Long Sleeve T-Shirt,4.6,,Clothing & Accessories,B01BXDSS24,Carhartt Sportswear - Mens,"1,335"
32,AG7C6BL76I6MVZJP4RVFEMBUZ7LQ,True,"Makes a good gift for someone, or yourself!",Bought as a birthday gift for my dad. Fits pretty good and he likes the overall quality!,"December 5, 2019",Brian,5.0,0,https://www.amazon.ca/gp/profile/amzn1.account.AG7C6BL76I6MVZJP4RVFEMBUZ7LQ/ref=cm_cr_getr_d_gw_btm?ie=UTF8,2020-09-28 20:03:29.661133,2020-09-28 20:03:29.789964,Carhartt Women's Workwear Pocket Long Sleeve T-Shirt,4.6,,Clothing & Accessories,B01BXDSS24,Carhartt Sportswear - Mens,"1,335"
33,AFRV7X3MOQ7UWUUP2GMTAICDV4DA,True,good shirt,"nice shirt ,little loose but I like it that way.","October 17, 2019",kenneth smith,5.0,0,https://www.amazon.ca/gp/profile/amzn1.account.AFRV7X3MOQ7UWUUP2GMTAICDV4DA/ref=cm_cr_getr_d_gw_btm?ie=UTF8,2020-09-28 20:03:29.793870,2020-09-28 20:03:29.924684,Carhartt Women's Workwear Pocket Long Sleeve T-Shirt,4.6,,Clothing & Accessories,B01BXDSS24,Carhartt Sportswear - Mens,"1,335"
34,AFJPAAQXO6EADFW5QE5C2UYTUGAA,True,Nice and comfortable,"Nice and comfortable, however I regret not getting a medium, as large size fits more like an XL in the shirts I'm accustomed to wearing. Recommended!","November 23, 2017",Burl,4.0,0,https://www.amazon.ca/gp/profile/amzn1.account.AFJPAAQXO6EADFW5QE5C2UYTUGAA/ref=cm_cr_getr_d_gw_btm?ie=UTF8,2020-09-28 20:03:29.928558,2020-09-28 20:03:30.048604,Carhartt Women's Workwear Pocket Long Sleeve T-Shirt,4.6,,Clothing & Accessories,B01BXDSS24,Carhartt Sportswear - Mens,"1,335"
35,AFRMVYPXDXBZWHNVZUTKINILD4SA,True,Fit as expected,Bought as a gift and it was a perfect fit and excellent quality.,"October 2, 2018",bcstew,4.0,0,https://www.amazon.ca/gp/profile/amzn1.account.AFRMVYPXDXBZWHNVZUTKINILD4SA/ref=cm_cr_getr_d_gw_btm?ie=UTF8,2020-09-28 20:03:30.052508,2020-09-28 20:03:30.166700,Carhartt Women's Workwear Pocket Long Sleeve T-Shirt,4.6,,Clothing & Accessories,B01BXDSS24,Carhartt Sportswear - Mens,"1,335"
36,AHVR6YFHW3GEYFLXN3B5LPETDF6Q,True,ORDER TWO OR THREE SIZES SMALLER THAN NORMAL!!!,Waaaaaayyyy too big. Husband usually takes a size large in Carharrt but this was more like a 2XL when opened. Very disappointing Christmas gift !!!,"January 5, 2020",Amazon Customer,1.0,0,https://www.amazon.ca/gp/profile/amzn1.account.AHVR6YFHW3GEYFLXN3B5LPETDF6Q/ref=cm_cr_getr_d_gw_btm?ie=UTF8,2020-09-28 20:03:30.170603,2020-09-28 20:03:30.299436,Carhartt Women's Workwear Pocket Long Sleeve T-Shirt,4.6,,Clothing & Accessories,B01BXDSS24,Carhartt Sportswear - Mens,"1,335"
37,AFP2HXGOTH6SNVHXO7EFMCI766TQ,True,Great fit,Love this top. Perfect fit and stylish. Just right thickness to be comfortable under winter jacket. Recommend it,"December 10, 2018",Robert Rhynold,5.0,0,https://www.amazon.ca/gp/profile/amzn1.account.AFP2HXGOTH6SNVHXO7EFMCI766TQ/ref=cm_cr_getr_d_gw_btm?ie=UTF8,2020-09-28 20:03:30.303338,2020-09-28 20:03:30.420459,Carhartt Women's Workwear Pocket Long Sleeve T-Shirt,4.6,,Clothing & Accessories,B01BXDSS24,Carhartt Sportswear - Mens,"1,335"
38,AGNBXLPFEL4VI3FSXA5E4MDQHZYQ,True,Great quality,Get what you pay for good quality,"June 24, 2019",Linda E.,5.0,0,https://www.amazon.ca/gp/profile/amzn1.account.AGNBXLPFEL4VI3FSXA5E4MDQHZYQ/ref=cm_cr_getr_d_gw_btm?ie=UTF8,2020-09-28 20:03:30.424363,2020-09-28 20:03:30.544410,Carhartt Women's Workwear Pocket Long Sleeve T-Shirt,4.6,,Clothing & Accessories,B01BXDSS24,Carhartt Sportswear - Mens,"1,335"
39,AGO7IA6LY5QQTM2DGU4X27O3IAHQ,True,Great shirt!,"Fell in love with this shirt! 5ft.10, 180 lbs and large size fit perfectly! Will buy one again different colour for sure","October 2, 2018",Lapoiss,5.0,0,https://www.amazon.ca/gp/profile/amzn1.account.AGO7IA6LY5QQTM2DGU4X27O3IAHQ/ref=cm_cr_getr_d_gw_btm?ie=UTF8,2020-09-28 20:03:30.548314,2020-09-28 20:03:30.683979,Carhartt Women's Workwear Pocket Long Sleeve T-Shirt,4.6,,Clothing & Accessories,B01BXDSS24,Carhartt Sportswear - Mens,"1,335"
40,AFLQ6IALLKCBA5FE4KOQP2ACIXGQ,True,New tee,Delivery was quick and the shirt is top quality,"June 2, 2020",Danny Pella,5.0,0,https://www.amazon.ca/gp/profile/amzn1.account.AFLQ6IALLKCBA5FE4KOQP2ACIXGQ/ref=cm_cr_getr_d_gw_btm?ie=UTF8,2020-09-28 20:03:36.842751,2020-09-28 20:03:36.995008,Carhartt Women's Workwear Pocket Long Sleeve T-Shirt,4.6,,Clothing & Accessories,B01BXDSS24,Carhartt Sportswear - Mens,"1,335"
41,AGRLLOWWBZ5SMW33YMNFJ6FIJ73A,True,great!,The only thing I would change is creating an XS size option. Love it!,"October 17, 2018",Kendra,5.0,0,https://www.amazon.ca/gp/profile/amzn1.account.AGRLLOWWBZ5SMW33YMNFJ6FIJ73A/ref=cm_cr_getr_d_gw_btm?ie=UTF8,2020-09-28 20:03:37.005743,2020-09-28 20:03:37.133599,Carhartt Women's Workwear Pocket Long Sleeve T-Shirt,4.6,,Clothing & Accessories,B01BXDSS24,Carhartt Sportswear - Mens,"1,335"
42,AEB5MPXAA32UU2PP434U57JTVQEQ,True,Exactly as shown,Exactly as shown and stated.,"January 6, 2020",Amazon Customer,5.0,0,https://www.amazon.ca/gp/profile/amzn1.account.AEB5MPXAA32UU2PP434U57JTVQEQ/ref=cm_cr_getr_d_gw_btm?ie=UTF8,2020-09-28 20:03:37.137502,2020-09-28 20:03:37.264382,Carhartt Women's Workwear Pocket Long Sleeve T-Shirt,4.6,,Clothing & Accessories,B01BXDSS24,Carhartt Sportswear - Mens,"1,335"
43,AF3TKUTH2N7ZMUZ6VOJ27NRS7P6Q,True,Size,Seems this brand Carhartt is not normal sizes. Large us for husky large size.,"January 27, 2019",Angelica,4.0,0,https://www.amazon.ca/gp/profile/amzn1.account.AF3TKUTH2N7ZMUZ6VOJ27NRS7P6Q/ref=cm_cr_getr_d_gw_btm?ie=UTF8,2020-09-28 20:03:37.268287,2020-09-28 20:03:37.404926,Carhartt Women's Workwear Pocket Long Sleeve T-Shirt,4.6,,Clothing & Accessories,B01BXDSS24,Carhartt Sportswear - Mens,"1,335"
44,AG6BUFJDPSHQTVTJ5FND44A43MVQ,True,Quality not good as promised,I bought this item because I thought high price high quality. That wasn't the case.,"October 11, 2018",Victor Cala,3.0,0,https://www.amazon.ca/gp/profile/amzn1.account.AG6BUFJDPSHQTVTJ5FND44A43MVQ/ref=cm_cr_getr_d_gw_btm?ie=UTF8,2020-09-28 20:03:37.408830,2020-09-28 20:03:37.531805,Carhartt Women's Workwear Pocket Long Sleeve T-Shirt,4.6,,Clothing & Accessories,B01BXDSS24,Carhartt Sportswear - Mens,"1,335"
45,AFJK3FZIKOAJFK27C4EUMIQU4TMQ,True,Nice quality,Fits great. 6 ft tall ordered XLG,"April 2, 2019",Hammer70,5.0,0,https://www.amazon.ca/gp/profile/amzn1.account.AFJK3FZIKOAJFK27C4EUMIQU4TMQ/ref=cm_cr_getr_d_gw_btm?ie=UTF8,2020-09-28 20:03:37.536686,2020-09-28 20:03:37.662615,Carhartt Women's Workwear Pocket Long Sleeve T-Shirt,4.6,,Clothing & Accessories,B01BXDSS24,Carhartt Sportswear - Mens,"1,335"
46,AFBQQZPNZTC36B7KPELGNC6AU23A,True,Awes😊me,I want to buy more colors. The torso is long but there is a smart reason why. All tees should be designed like this.,"October 24, 2018",J.Beetz,5.0,0,https://www.amazon.ca/gp/profile/amzn1.account.AFBQQZPNZTC36B7KPELGNC6AU23A/ref=cm_cr_getr_d_gw_btm?ie=UTF8,2020-09-28 20:03:37.666494,2020-09-28 20:03:37.805086,Carhartt Women's Workwear Pocket Long Sleeve T-Shirt,4.6,,Clothing & Accessories,B01BXDSS24,Carhartt Sportswear - Mens,"1,335"
47,AHMM6INMXY7FBLOLI3VKCXBJRGEQ,True,Good buy!,Great shirt,"June 12, 2019",Amazon Customer,5.0,0,https://www.amazon.ca/gp/profile/amzn1.account.AHMM6INMXY7FBLOLI3VKCXBJRGEQ/ref=cm_cr_getr_d_gw_btm?ie=UTF8,2020-09-28 20:03:37.810941,2020-09-28 20:03:37.932940,Carhartt Women's Workwear Pocket Long Sleeve T-Shirt,4.6,,Clothing & Accessories,B01BXDSS24,Carhartt Sportswear - Mens,"1,335"
48,AG5WRTU7HAG2AIZ45ZWLHAUCJAUA,True,Excellent quality,Fits on the big size consider sizing down,"January 31, 2019",Satisfied customer,5.0,0,https://www.amazon.ca/gp/profile/amzn1.account.AG5WRTU7HAG2AIZ45ZWLHAUCJAUA/ref=cm_cr_getr_d_gw_btm?ie=UTF8,2020-09-28 20:03:37.936845,2020-09-28 20:03:38.062749,Carhartt Women's Workwear Pocket Long Sleeve T-Shirt,4.6,,Clothing & Accessories,B01BXDSS24,Carhartt Sportswear - Mens,"1,335"
49,AFWT3WJVRLUGXKFIGEMLSAP7JX4Q,True,perfecgt,perfect fit!,"January 31, 2019",Rpiche,5.0,0,https://www.amazon.ca/gp/profile/amzn1.account.AFWT3WJVRLUGXKFIGEMLSAP7JX4Q/ref=cm_cr_getr_d_gw_btm?ie=UTF8,2020-09-28 20:03:38.067655,2020-09-28 20:03:38.204268,Carhartt Women's Workwear Pocket Long Sleeve T-Shirt,4.6,,Clothing & Accessories,B01BXDSS24,Carhartt Sportswear - Mens,"1,335"
50,AFUF76YEVG64CWVDDMT7CCCXR3WQ,True,Great quality,It’s exactly what you order,"January 5, 2020",Ashley,5.0,0,https://www.amazon.ca/gp/profile/amzn1.account.AFUF76YEVG64CWVDDMT7CCCXR3WQ/ref=cm_cr_getr_d_gw_btm?ie=UTF8,2020-09-28 20:03:43.367302,2020-09-28 20:03:43.551766,Carhartt Women's Workwear Pocket Long Sleeve T-Shirt,4.6,,Clothing & Accessories,B01BXDSS24,Carhartt Sportswear - Mens,"1,335"
51,AEIVWCKKCDIZ7J2JMAVJZFXQHRXQ,True,Great Quality Work Shirt,Sized perfectly. Great Quality. Will order more.,"November 13, 2019",L. Klein,5.0,0,https://www.amazon.ca/gp/profile/amzn1.account.AEIVWCKKCDIZ7J2JMAVJZFXQHRXQ/ref=cm_cr_getr_d_gw_btm?ie=UTF8,2020-09-28 20:03:43.556646,2020-09-28 20:03:43.677696,Carhartt Women's Workwear Pocket Long Sleeve T-Shirt,4.6,,Clothing & Accessories,B01BXDSS24,Carhartt Sportswear - Mens,"1,335"
52,AG3P2EWFHSXFZSMOI2TRFQHRB5UA,True,but other than that great shirt.,"Wish it was a bit heavier, but other than that great shirt.","January 29, 2018",Brenda,4.0,0,https://www.amazon.ca/gp/profile/amzn1.account.AG3P2EWFHSXFZSMOI2TRFQHRB5UA/ref=cm_cr_getr_d_gw_btm?ie=UTF8,2020-09-28 20:03:43.681574,2020-09-28 20:03:43.804551,Carhartt Women's Workwear Pocket Long Sleeve T-Shirt,4.6,,Clothing & Accessories,B01BXDSS24,Carhartt Sportswear - Mens,"1,335"
53,AGG4DD76YH3MXLRNQQSTIC2LQZMQ,True,good buy,4lx a bit long but fits great,"January 8, 2020",LBS,5.0,0,https://www.amazon.ca/gp/profile/amzn1.account.AGG4DD76YH3MXLRNQQSTIC2LQZMQ/ref=cm_cr_getr_d_gw_btm?ie=UTF8,2020-09-28 20:03:43.809430,2020-09-28 20:03:43.943142,Carhartt Women's Workwear Pocket Long Sleeve T-Shirt,4.6,,Clothing & Accessories,B01BXDSS24,Carhartt Sportswear - Mens,"1,335"
54,AGAQH6OPL5KM6Z7JNR5RY625GK5A,True,.,Order a size down,"November 26, 2018",Matthew ,3.0,0,https://www.amazon.ca/gp/profile/amzn1.account.AGAQH6OPL5KM6Z7JNR5RY625GK5A/ref=cm_cr_getr_d_gw_btm?ie=UTF8,2020-09-28 20:03:43.948022,2020-09-28 20:03:44.071998,Carhartt Women's Workwear Pocket Long Sleeve T-Shirt,4.6,,Clothing & Accessories,B01BXDSS24,Carhartt Sportswear - Mens,"1,335"
55,AHB3UJD2NWUNCGZUKYX4YGCJ4IZQ,True,One Star,"The small fits me like a large, these are meant for BIG people.","February 17, 2018",rené gosselin,1.0,0,https://www.amazon.ca/gp/profile/amzn1.account.AHB3UJD2NWUNCGZUKYX4YGCJ4IZQ/ref=cm_cr_getr_d_gw_btm?ie=UTF8,2020-09-28 20:03:44.075902,2020-09-28 20:03:44.200837,Carhartt Women's Workwear Pocket Long Sleeve T-Shirt,4.6,,Clothing & Accessories,B01BXDSS24,Carhartt Sportswear - Mens,"1,335"
56,AHIRAMJW46KT36SBK4YOMMN4C6IA,True,Quality.,Casual wear. Good quality.,"October 23, 2018",Roy Bricker,4.0,0,https://www.amazon.ca/gp/profile/amzn1.account.AHIRAMJW46KT36SBK4YOMMN4C6IA/ref=cm_cr_getr_d_gw_btm?ie=UTF8,2020-09-28 20:03:44.204741,2020-09-28 20:03:44.340404,Carhartt Women's Workwear Pocket Long Sleeve T-Shirt,4.6,,Clothing & Accessories,B01BXDSS24,Carhartt Sportswear - Mens,"1,335"
57,AG4XBVEGPMESZMXYJL6HAKP7Z7HQ,True,Five Stars,"Super Durable Material, Great Color and i got the real size i wanted not some foreign measurement.","April 4, 2018",James maxwell,5.0,0,https://www.amazon.ca/gp/profile/amzn1.account.AG4XBVEGPMESZMXYJL6HAKP7Z7HQ/ref=cm_cr_getr_d_gw_btm?ie=UTF8,2020-09-28 20:03:44.344309,2020-09-28 20:03:44.468260,Carhartt Women's Workwear Pocket Long Sleeve T-Shirt,4.6,,Clothing & Accessories,B01BXDSS24,Carhartt Sportswear - Mens,"1,335"
58,AED7XIO34XUTR6LOF3KWQ55MUBGQ,True,Great shirt. I wish there was a bit more ...,"Great shirt. I wish there was a bit more elastic in the cuffs, but overall great. The RED is very RED much more than the average red shirt.","August 24, 2018",George Richards,5.0,0,https://www.amazon.ca/gp/profile/amzn1.account.AED7XIO34XUTR6LOF3KWQ55MUBGQ/ref=cm_cr_getr_d_gw_btm?ie=UTF8,2020-09-28 20:03:44.472165,2020-09-28 20:03:44.599045,Carhartt Women's Workwear Pocket Long Sleeve T-Shirt,4.6,,Clothing & Accessories,B01BXDSS24,Carhartt Sportswear - Mens,"1,335"
59,AGSWPT4EBPGTWTMUZP4JZOSBJZAA,True,Great quality.,Love the shirt. Fits great. Well made.,"July 18, 2019",Sheri Baccari,5.0,0,https://www.amazon.ca/gp/profile/amzn1.account.AGSWPT4EBPGTWTMUZP4JZOSBJZAA/ref=cm_cr_getr_d_gw_btm?ie=UTF8,2020-09-28 20:03:44.602948,2020-09-28 20:03:44.753251,Carhartt Women's Workwear Pocket Long Sleeve T-Shirt,4.6,,Clothing & Accessories,B01BXDSS24,Carhartt Sportswear - Mens,"1,335"
60,AHGXPU3ZZ4MVC2G5NMMJC4XJWKWA,True,Replace,"There was a black stain on my new shirt, can I get a replacement.","May 18, 2020",Kevin Christmas,1.0,0,https://www.amazon.ca/gp/profile/amzn1.account.AHGXPU3ZZ4MVC2G5NMMJC4XJWKWA/ref=cm_cr_getr_d_gw_btm?ie=UTF8,2020-09-28 20:03:46.886302,2020-09-28 20:03:47.049290,Carhartt Women's Workwear Pocket Long Sleeve T-Shirt,4.6,,Clothing & Accessories,B01BXDSS24,Carhartt Sportswear - Mens,"1,335"
61,AEG75M252DY7YUY54O7JFFNSC24Q,True,Quality and fits perfectly,Great shirt! I have a hard time finding shirts that fit my husband as they're either too short or too tight. He is a big man and this shirt fit perfectly,"January 17, 2020",Kim Thacker,5.0,0,https://www.amazon.ca/gp/profile/amzn1.account.AEG75M252DY7YUY54O7JFFNSC24Q/ref=cm_cr_getr_d_gw_btm?ie=UTF8,2020-09-28 20:03:47.054172,2020-09-28 20:03:47.200570,Carhartt Women's Workwear Pocket Long Sleeve T-Shirt,4.6,,Clothing & Accessories,B01BXDSS24,Carhartt Sportswear - Mens,"1,335"
62,AGMDOCQ2OJVRQH2MM2C67AZOH7SA,True,"Looks good, washes good and he really likes it","Bought for my husband. Looks good, washes good and he really likes it.","January 14, 2018",Sharon B,5.0,0,https://www.amazon.ca/gp/profile/amzn1.account.AGMDOCQ2OJVRQH2MM2C67AZOH7SA/ref=cm_cr_getr_d_gw_btm?ie=UTF8,2020-09-28 20:03:47.205450,2020-09-28 20:03:47.373322,Carhartt Women's Workwear Pocket Long Sleeve T-Shirt,4.6,,Clothing & Accessories,B01BXDSS24,Carhartt Sportswear - Mens,"1,335"
63,AGSTI6SYGHIFFY3BNOX26XV5BY4A,True,Disappointed,Wasn’t the same size as other carhartt shirts I’ve purchased,"December 16, 2018",Steve,2.0,0,https://www.amazon.ca/gp/profile/amzn1.account.AGSTI6SYGHIFFY3BNOX26XV5BY4A/ref=cm_cr_getr_d_gw_btm?ie=UTF8,2020-09-28 20:03:47.379178,2020-09-28 20:03:47.575353,Carhartt Women's Workwear Pocket Long Sleeve T-Shirt,4.6,,Clothing & Accessories,B01BXDSS24,Carhartt Sportswear - Mens,"1,335"
64,AH53XBEO6YXIFRUERDPDU2SRS26Q,True,"Comfortable, durable, and look great",Sizes run larger than normal. Would reccommend ordering a size down for a good fit.,"April 28, 2019",D S,5.0,0,https://www.amazon.ca/gp/profile/amzn1.account.AH53XBEO6YXIFRUERDPDU2SRS26Q/ref=cm_cr_getr_d_gw_btm?ie=UTF8,2020-09-28 20:03:47.583162,2020-09-28 20:03:47.765673,Carhartt Women's Workwear Pocket Long Sleeve T-Shirt,4.6,,Clothing & Accessories,B01BXDSS24,Carhartt Sportswear - Mens,"1,335"
65,AFLCNK3WBL22UNHCAQLIRENWCHSA,True,Just what I ordered and they fit perfect. Nice and heavy for the cold weather.,Liked them .,"January 9, 2020",Angela Devoy,5.0,0,https://www.amazon.ca/gp/profile/amzn1.account.AFLCNK3WBL22UNHCAQLIRENWCHSA/ref=cm_cr_getr_d_gw_btm?ie=UTF8,2020-09-28 20:03:47.771529,2020-09-28 20:03:48.014553,Carhartt Women's Workwear Pocket Long Sleeve T-Shirt,4.6,,Clothing & Accessories,B01BXDSS24,Carhartt Sportswear - Mens,"1,335"
66,AHOB6JMAOPDLWE4NJVV53HHLEQ5Q,True,Great,Great product,"February 20, 2019",Michelle,5.0,0,https://www.amazon.ca/gp/profile/amzn1.account.AHOB6JMAOPDLWE4NJVV53HHLEQ5Q/ref=cm_cr_getr_d_gw_btm?ie=UTF8,2020-09-28 20:03:48.069208,2020-09-28 20:03:48.519143,Carhartt Women's Workwear Pocket Long Sleeve T-Shirt,4.6,,Clothing & Accessories,B01BXDSS24,Carhartt Sportswear - Mens,"1,335"
67,AG5WV6QKHNWBBWDNSOJWTNJKB45A,True,Too short in the sleeve,"I'm 6'3"". Torso and sleeve could be longer.","December 5, 2019",Slamazon,3.0,0,https://www.amazon.ca/gp/profile/amzn1.account.AG5WV6QKHNWBBWDNSOJWTNJKB45A/ref=cm_cr_getr_d_gw_btm?ie=UTF8,2020-09-28 20:03:48.530855,2020-09-28 20:03:48.761191,Carhartt Women's Workwear Pocket Long Sleeve T-Shirt,4.6,,Clothing & Accessories,B01BXDSS24,Carhartt Sportswear - Mens,"1,335"
68,AHNEUFABTAT5BETO6XJGUVJOP7AQ,True,Great Quality.,Great quality. Like most Carhartt shirts this fits larger than size.,"July 21, 2019",Jeff Graham,5.0,0,https://www.amazon.ca/gp/profile/amzn1.account.AHNEUFABTAT5BETO6XJGUVJOP7AQ/ref=cm_cr_getr_d_gw_btm?ie=UTF8,2020-09-28 20:03:48.767047,2020-09-28 20:03:48.943702,Carhartt Women's Workwear Pocket Long Sleeve T-Shirt,4.6,,Clothing & Accessories,B01BXDSS24,Carhartt Sportswear - Mens,"1,335"
69,AFA5JHMJDRB5V6XLPFGIIECNF57A,True,Perfect !,Perfect !,"August 25, 2019",sabrina,5.0,0,https://www.amazon.ca/gp/profile/amzn1.account.AFA5JHMJDRB5V6XLPFGIIECNF57A/ref=cm_cr_getr_d_gw_btm?ie=UTF8,2020-09-28 20:03:48.948584,2020-09-28 20:03:49.133046,Carhartt Women's Workwear Pocket Long Sleeve T-Shirt,4.6,,Clothing & Accessories,B01BXDSS24,Carhartt Sportswear - Mens,"1,335"
70,AGVSL2SK4YQEOI5GERFA2TJ423ZQ,True,Fits large,"Love it, just size down","September 5, 2020",Kelsey Pezzola,5.0,0,https://www.amazon.ca/gp/profile/amzn1.account.AGVSL2SK4YQEOI5GERFA2TJ423ZQ/ref=cm_cr_getr_d_gw_btm?ie=UTF8,2020-09-28 20:03:54.300999,2020-09-28 20:03:54.445448,Carhartt Women's Workwear Pocket Long Sleeve T-Shirt,4.6,,Clothing & Accessories,B01BXDSS24,Carhartt Sportswear - Mens,"1,335"
71,AG2J7EAD7IUCGYMXG5TIWIG2J7RQ,True,Durable shirt,"Solid durable shirt from this company. The shirt is bigger than your slim fit style, but it's meant to be.","June 25, 2019",Amazon Customer,5.0,0,https://www.amazon.ca/gp/profile/amzn1.account.AG2J7EAD7IUCGYMXG5TIWIG2J7RQ/ref=cm_cr_getr_d_gw_btm?ie=UTF8,2020-09-28 20:03:54.451302,2020-09-28 20:03:54.588918,Carhartt Women's Workwear Pocket Long Sleeve T-Shirt,4.6,,Clothing & Accessories,B01BXDSS24,Carhartt Sportswear - Mens,"1,335"
72,AEDHVXXEDZK3MA6H4KDCW56VCQ7A,True,Great shirt,Order a size down,"January 4, 2019",Claire,5.0,0,https://www.amazon.ca/gp/profile/amzn1.account.AEDHVXXEDZK3MA6H4KDCW56VCQ7A/ref=cm_cr_getr_d_gw_btm?ie=UTF8,2020-09-28 20:03:54.593801,2020-09-28 20:03:54.737269,Carhartt Women's Workwear Pocket Long Sleeve T-Shirt,4.6,,Clothing & Accessories,B01BXDSS24,Carhartt Sportswear - Mens,"1,335"
73,AHCEAA2QBZP64NPA5WJPPMPV3TQQ,True,Always trust Carhartt!,"Love this shirt, might buy another one!! Fits big but thats what I was expecting. Very durable feel, fabric is not thin.","January 14, 2019",Tin C.,5.0,0,https://www.amazon.ca/gp/profile/amzn1.account.AHCEAA2QBZP64NPA5WJPPMPV3TQQ/ref=cm_cr_getr_d_gw_btm?ie=UTF8,2020-09-28 20:03:54.741173,2020-09-28 20:03:54.860245,Carhartt Women's Workwear Pocket Long Sleeve T-Shirt,4.6,,Clothing & Accessories,B01BXDSS24,Carhartt Sportswear - Mens,"1,335"
74,AEY3MBQELUKX4SST6UON3G6QRAVQ,True,Five Stars,👍,"August 31, 2018",Ross,5.0,0,https://www.amazon.ca/gp/profile/amzn1.account.AEY3MBQELUKX4SST6UON3G6QRAVQ/ref=cm_cr_getr_d_gw_btm?ie=UTF8,2020-09-28 20:03:54.864150,2020-09-28 20:03:54.995909,Carhartt Women's Workwear Pocket Long Sleeve T-Shirt,4.6,,Clothing & Accessories,B01BXDSS24,Carhartt Sportswear - Mens,"1,335"
75,AFAOAE5WIJPNXKC3I7TLI2IMIB7Q,True,Men’s shirt,Product good but sizing was off,"August 8, 2019",Scriver,4.0,0,https://www.amazon.ca/gp/profile/amzn1.account.AFAOAE5WIJPNXKC3I7TLI2IMIB7Q/ref=cm_cr_getr_d_gw_btm?ie=UTF8,2020-09-28 20:03:54.999812,2020-09-28 20:03:55.116932,Carhartt Women's Workwear Pocket Long Sleeve T-Shirt,4.6,,Clothing & Accessories,B01BXDSS24,Carhartt Sportswear - Mens,"1,335"
76,AHY5J5UKSO5IVCBHTPBCJ57VAQDQ,True,Beau gilet,Travailles,"October 15, 2018",roger,5.0,0,https://www.amazon.ca/gp/profile/amzn1.account.AHY5J5UKSO5IVCBHTPBCJ57VAQDQ/ref=cm_cr_getr_d_gw_btm?ie=UTF8,2020-09-28 20:03:55.120837,2020-09-28 20:03:55.235062,Carhartt Women's Workwear Pocket Long Sleeve T-Shirt,4.6,,Clothing & Accessories,B01BXDSS24,Carhartt Sportswear - Mens,"1,335"
77,AGR5NPNZ7E64CO7JCW2WPSTHDUXA,True,Comfortable long sleeved t-shirt,"Was exactly what I expected. Very comfortable shirt, well made.","March 22, 2019",Amazon Customer,5.0,0,https://www.amazon.ca/gp/profile/amzn1.account.AGR5NPNZ7E64CO7JCW2WPSTHDUXA/ref=cm_cr_getr_d_gw_btm?ie=UTF8,2020-09-28 20:03:55.239942,2020-09-28 20:03:55.368774,Carhartt Women's Workwear Pocket Long Sleeve T-Shirt,4.6,,Clothing & Accessories,B01BXDSS24,Carhartt Sportswear - Mens,"1,335"
78,AG7SVCOCFI3V3VLFYY4PWRLTDKUQ,True,durable but itchy,I'm a large. I bought a large. Fits like XL. A bit rough to the skin but durable. Good for work clothes,"March 26, 2019",Richard Pound,3.0,0,https://www.amazon.ca/gp/profile/amzn1.account.AG7SVCOCFI3V3VLFYY4PWRLTDKUQ/ref=cm_cr_getr_d_gw_btm?ie=UTF8,2020-09-28 20:03:55.372678,2020-09-28 20:03:55.492725,Carhartt Women's Workwear Pocket Long Sleeve T-Shirt,4.6,,Clothing & Accessories,B01BXDSS24,Carhartt Sportswear - Mens,"1,335"
79,AE2SI5K7TWF56P3NF2POHA4M67HA,True,Comfortable,Good weight. Nice quality. Comfortable fit.,"December 23, 2018",J D C,5.0,0,https://www.amazon.ca/gp/profile/amzn1.account.AE2SI5K7TWF56P3NF2POHA4M67HA/ref=cm_cr_getr_d_gw_btm?ie=UTF8,2020-09-28 20:03:55.496630,2020-09-28 20:03:55.612773,Carhartt Women's Workwear Pocket Long Sleeve T-Shirt,4.6,,Clothing & Accessories,B01BXDSS24,Carhartt Sportswear - Mens,"1,335"
80,AGCSGKZDROAHCNCTPV6FJUEG733A,True,Good deal,All good,"February 3, 2019",geo,5.0,0,https://www.amazon.ca/gp/profile/amzn1.account.AGCSGKZDROAHCNCTPV6FJUEG733A/ref=cm_cr_getr_d_gw_btm?ie=UTF8,2020-09-28 20:03:59.722295,2020-09-28 20:03:59.867718,Carhartt Women's Workwear Pocket Long Sleeve T-Shirt,4.6,,Clothing & Accessories,B01BXDSS24,Carhartt Sportswear - Mens,"1,335"
81,AFC2HTL4ITLNMFEXAENOLQ4M7NJQ,True,Gift,"It is a gift for Christmas. The color is nice, but it seems a bit big for it's size.","December 15, 2018",Erika T.,2.0,0,https://www.amazon.ca/gp/profile/amzn1.account.AFC2HTL4ITLNMFEXAENOLQ4M7NJQ/ref=cm_cr_getr_d_gw_btm?ie=UTF8,2020-09-28 20:03:59.872598,2020-09-28 20:04:00.012167,Carhartt Women's Workwear Pocket Long Sleeve T-Shirt,4.6,,Clothing & Accessories,B01BXDSS24,Carhartt Sportswear - Mens,"1,335"
82,AE4GZM7A7CJX7KADMQNED4AB5GQA,True,Excellent fit for the big and tall,My Son loves these shirts. They offer him room and length just as advertised,"December 30, 2018",Amazon Customer,5.0,0,https://www.amazon.ca/gp/profile/amzn1.account.AE4GZM7A7CJX7KADMQNED4AB5GQA/ref=cm_cr_getr_d_gw_btm?ie=UTF8,2020-09-28 20:04:00.018022,2020-09-28 20:04:00.171253,Carhartt Women's Workwear Pocket Long Sleeve T-Shirt,4.6,,Clothing & Accessories,B01BXDSS24,Carhartt Sportswear - Mens,"1,335"
83,AEWMZVIQLY3ULVYPXTFK3KJPBCMQ,True,Great,Fit Well,"January 8, 2019",Shane Taylor,5.0,0,https://www.amazon.ca/gp/profile/amzn1.account.AEWMZVIQLY3ULVYPXTFK3KJPBCMQ/ref=cm_cr_getr_d_gw_btm?ie=UTF8,2020-09-28 20:04:00.177110,2020-09-28 20:04:00.313749,Carhartt Women's Workwear Pocket Long Sleeve T-Shirt,4.6,,Clothing & Accessories,B01BXDSS24,Carhartt Sportswear - Mens,"1,335"
84,AHYNVNIKX5GBYBIWOMVTPC4CXVEQ,True,Four Stars,"Decent quality, very dark blue.","April 7, 2018",PeterK,4.0,0,https://www.amazon.ca/gp/profile/amzn1.account.AHYNVNIKX5GBYBIWOMVTPC4CXVEQ/ref=cm_cr_getr_d_gw_btm?ie=UTF8,2020-09-28 20:04:00.317652,2020-09-28 20:04:00.426966,Carhartt Women's Workwear Pocket Long Sleeve T-Shirt,4.6,,Clothing & Accessories,B01BXDSS24,Carhartt Sportswear - Mens,"1,335"
85,AGCFZDMT2G6MQ5YUWP6SLKLSQHHQ,True,Five Stars,great long lasting material in this workshirt,"March 5, 2018",V,5.0,0,https://www.amazon.ca/gp/profile/amzn1.account.AGCFZDMT2G6MQ5YUWP6SLKLSQHHQ/ref=cm_cr_getr_d_gw_btm?ie=UTF8,2020-09-28 20:04:00.431870,2020-09-28 20:04:00.546036,Carhartt Women's Workwear Pocket Long Sleeve T-Shirt,4.6,,Clothing & Accessories,B01BXDSS24,Carhartt Sportswear - Mens,"1,335"
86,AHYJJJ7L6WLL4O3UYLITD4Q7WDXQ,True,Love our Carhartt purchase!,"Bought this for our daughter’s boyfriend and he loved it! Great fit and soft material. Happy with the price, too!","December 28, 2019",Stace Ingham,5.0,0,https://www.amazon.ca/gp/profile/amzn1.account.AHYJJJ7L6WLL4O3UYLITD4Q7WDXQ/ref=cm_cr_getr_d_gw_btm?ie=UTF8,2020-09-28 20:04:00.549939,2020-09-28 20:04:00.705124,Carhartt Women's Workwear Pocket Long Sleeve T-Shirt,4.6,,Clothing & Accessories,B01BXDSS24,Carhartt Sportswear - Mens,"1,335"
87,AH3RN3U4VWSKEKCD2S5JANGPMFQQ,True,Five Stars,"great quality but fits large , I should have ordered 1xl instead of 2xl","January 25, 2018",fuzzybarnes,5.0,0,https://www.amazon.ca/gp/profile/amzn1.account.AH3RN3U4VWSKEKCD2S5JANGPMFQQ/ref=cm_cr_getr_d_gw_btm?ie=UTF8,2020-09-28 20:04:00.709028,2020-09-28 20:04:00.858356,Carhartt Women's Workwear Pocket Long Sleeve T-Shirt,4.6,,Clothing & Accessories,B01BXDSS24,Carhartt Sportswear - Mens,"1,335"
88,AGUSQUS4RXMWQ5764DKDFGW6SFEQ,True,Great shirt!,"Great shirt, they are worn a lot !","July 23, 2019",marie,5.0,0,https://www.amazon.ca/gp/profile/amzn1.account.AGUSQUS4RXMWQ5764DKDFGW6SFEQ/ref=cm_cr_getr_d_gw_btm?ie=UTF8,2020-09-28 20:04:00.861283,2020-09-28 20:04:00.973524,Carhartt Women's Workwear Pocket Long Sleeve T-Shirt,4.6,,Clothing & Accessories,B01BXDSS24,Carhartt Sportswear - Mens,"1,335"
89,AENYEWXY3NH7BQITIUK4H7ZL4HLQ,True,Made for large person,"Nice looking, good quality","December 23, 2019",Geoffrey G Marois,4.0,0,https://www.amazon.ca/gp/profile/amzn1.account.AENYEWXY3NH7BQITIUK4H7ZL4HLQ/ref=cm_cr_getr_d_gw_btm?ie=UTF8,2020-09-28 20:04:00.978406,2020-09-28 20:04:01.107234,Carhartt Women's Workwear Pocket Long Sleeve T-Shirt,4.6,,Clothing & Accessories,B01BXDSS24,Carhartt Sportswear - Mens,"1,335"
90,AG6C25MBR6IPNN23ODIITJIJT2RQ,True,Un peu trop grand,"Un peu trop grand, par contre je l'adore.","April 21, 2020",Vinny,4.0,0,https://www.amazon.ca/gp/profile/amzn1.account.AG6C25MBR6IPNN23ODIITJIJT2RQ/ref=cm_cr_getr_d_gw_btm?ie=UTF8,2020-09-28 20:04:05.271362,2020-09-28 20:04:05.424546,Carhartt Women's Workwear Pocket Long Sleeve T-Shirt,4.6,,Clothing & Accessories,B01BXDSS24,Carhartt Sportswear - Mens,"1,335"
91,AFL7H6OHRXIXZUHB4ZJA2AJ64SAQ,True,Great,Work,"March 13, 2019",stephen wayvon,5.0,0,https://www.amazon.ca/gp/profile/amzn1.account.AFL7H6OHRXIXZUHB4ZJA2AJ64SAQ/ref=cm_cr_getr_d_gw_btm?ie=UTF8,2020-09-28 20:04:05.429426,2020-09-28 20:04:05.568994,Carhartt Women's Workwear Pocket Long Sleeve T-Shirt,4.6,,Clothing & Accessories,B01BXDSS24,Carhartt Sportswear - Mens,"1,335"
92,AHGPWGUNGJWDRDL6BYKLCB5XH76Q,True,Fits way too big,"Good quality shirt, but fits one or two sizes bigger than expected, so I could not even wear this.","October 15, 2018",Simon Lindberg,2.0,0,https://www.amazon.ca/gp/profile/amzn1.account.AHGPWGUNGJWDRDL6BYKLCB5XH76Q/ref=cm_cr_getr_d_gw_btm?ie=UTF8,2020-09-28 20:04:05.573873,2020-09-28 20:04:05.708561,Carhartt Women's Workwear Pocket Long Sleeve T-Shirt,4.6,,Clothing & Accessories,B01BXDSS24,Carhartt Sportswear - Mens,"1,335"
93,AGBYKB2CBIOPAGUF6ZNTYMB6T7GQ,True,Perfect,Great shirt !,"January 9, 2020",Amazon Customer,5.0,0,https://www.amazon.ca/gp/profile/amzn1.account.AGBYKB2CBIOPAGUF6ZNTYMB6T7GQ/ref=cm_cr_getr_d_gw_btm?ie=UTF8,2020-09-28 20:04:05.713442,2020-09-28 20:04:05.870577,Carhartt Women's Workwear Pocket Long Sleeve T-Shirt,4.6,,Clothing & Accessories,B01BXDSS24,Carhartt Sportswear - Mens,"1,335"
94,AHYYONW3Q5UGAF7ZUKLG2DMWCKRA,True,Five Stars,good quality,"May 8, 2018",MichaelJ,5.0,0,https://www.amazon.ca/gp/profile/amzn1.account.AHYYONW3Q5UGAF7ZUKLG2DMWCKRA/ref=cm_cr_getr_d_gw_btm?ie=UTF8,2020-09-28 20:04:05.875458,2020-09-28 20:04:06.008193,Carhartt Women's Workwear Pocket Long Sleeve T-Shirt,4.6,,Clothing & Accessories,B01BXDSS24,Carhartt Sportswear - Mens,"1,335"
95,AHIWK4THFOSWFZG6CNJJRHJCLCUA,True,Arrived with 2 small holes,Exactly like photo a bit larger than expected but that’s ok! Was very disappointed to find 2 small holes on the back side of this shirt.,"November 13, 2018",Jess,2.0,0,https://www.amazon.ca/gp/profile/amzn1.account.AHIWK4THFOSWFZG6CNJJRHJCLCUA/ref=cm_cr_getr_d_gw_btm?ie=UTF8,2020-09-28 20:04:06.013075,2020-09-28 20:04:06.150690,Carhartt Women's Workwear Pocket Long Sleeve T-Shirt,4.6,,Clothing & Accessories,B01BXDSS24,Carhartt Sportswear - Mens,"1,335"
96,AH2V2SEOXOXPXTHBXGXJTWPCAK6Q,True,Five Stars,Awesome service and product,"June 30, 2018",Bill C.,5.0,0,https://www.amazon.ca/gp/profile/amzn1.account.AH2V2SEOXOXPXTHBXGXJTWPCAK6Q/ref=cm_cr_getr_d_gw_btm?ie=UTF8,2020-09-28 20:04:06.155570,2020-09-28 20:04:06.308800,Carhartt Women's Workwear Pocket Long Sleeve T-Shirt,4.6,,Clothing & Accessories,B01BXDSS24,Carhartt Sportswear - Mens,"1,335"
97,AH4APGDQVQSDWG2LJ5CWA37I25JA,True,One Star,I received the wrong shirt ... wrong size too just and not even that same brand as described,"March 27, 2018",Client d'Amazon,1.0,0,https://www.amazon.ca/gp/profile/amzn1.account.AH4APGDQVQSDWG2LJ5CWA37I25JA/ref=cm_cr_getr_d_gw_btm?ie=UTF8,2020-09-28 20:04:06.313681,2020-09-28 20:04:06.454224,Carhartt Women's Workwear Pocket Long Sleeve T-Shirt,4.6,,Clothing & Accessories,B01BXDSS24,Carhartt Sportswear - Mens,"1,335"
98,AF5D4SG23R5AF54YJAHR3ZIC2D7A,True,Good,Good stuff,"January 2, 2019",wulffie,4.0,0,https://www.amazon.ca/gp/profile/amzn1.account.AF5D4SG23R5AF54YJAHR3ZIC2D7A/ref=cm_cr_getr_d_gw_btm?ie=UTF8,2020-09-28 20:04:06.459104,2020-09-28 20:04:06.618191,Carhartt Women's Workwear Pocket Long Sleeve T-Shirt,4.6,,Clothing & Accessories,B01BXDSS24,Carhartt Sportswear - Mens,"1,335"
99,AFB53GYG25FXZIDRWEPHGOQGL57A,True,I would like the 2nd shirt that I paid for,"I ordered 2 shirts and only received 1.
I would like the 2nd shirt that I paid for.","September 25, 2018",Barry,1.0,0,https://www.amazon.ca/gp/profile/amzn1.account.AFB53GYG25FXZIDRWEPHGOQGL57A/ref=cm_cr_getr_d_gw_btm?ie=UTF8,2020-09-28 20:04:06.623072,2020-09-28 20:04:06.804606,Carhartt Women's Workwear Pocket Long Sleeve T-Shirt,4.6,,Clothing & Accessories,B01BXDSS24,Carhartt Sportswear - Mens,"1,335"
100,AGNTAAYXXBIQCPGBHTQNUFD7KCKQ,True,Didn’t see it was big and tall,Huge,"October 21, 2019",Annika,5.0,0,https://www.amazon.ca/gp/profile/amzn1.account.AGNTAAYXXBIQCPGBHTQNUFD7KCKQ/ref=cm_cr_getr_d_gw_btm?ie=UTF8,2020-09-28 20:04:08.985425,2020-09-28 20:04:09.155251,Carhartt Women's Workwear Pocket Long Sleeve T-Shirt,4.6,,Clothing & Accessories,B01BXDSS24,Carhartt Sportswear - Mens,"1,335"
101,AGIDWAY2JT2FBXKPBCYDV7XWHJEA,True,Buy small,Way to big,"September 21, 2018",Cody New,3.0,0,https://www.amazon.ca/gp/profile/amzn1.account.AGIDWAY2JT2FBXKPBCYDV7XWHJEA/ref=cm_cr_getr_d_gw_btm?ie=UTF8,2020-09-28 20:04:09.160128,2020-09-28 20:04:09.298720,Carhartt Women's Workwear Pocket Long Sleeve T-Shirt,4.6,,Clothing & Accessories,B01BXDSS24,Carhartt Sportswear - Mens,"1,335"
102,AEPACUB5T72KX466CVSWYBQM2E6A,True,comfy,just the right weight of fabric,"November 18, 2018",Amazon Customer,5.0,0,https://www.amazon.ca/gp/profile/amzn1.account.AEPACUB5T72KX466CVSWYBQM2E6A/ref=cm_cr_getr_d_gw_btm?ie=UTF8,2020-09-28 20:04:09.302624,2020-09-28 20:04:09.420719,Carhartt Women's Workwear Pocket Long Sleeve T-Shirt,4.6,,Clothing & Accessories,B01BXDSS24,Carhartt Sportswear - Mens,"1,335"
103,AFVXGIDSAI2E6NUBIGYY2UBU36WQ,True,Carhart is one of the best clothing lines that fit,"My son is 6’5”. Carhart is one of the best clothing lines that fit, love it","January 12, 2018",Amazon Customer,5.0,0,https://www.amazon.ca/gp/profile/amzn1.account.AFVXGIDSAI2E6NUBIGYY2UBU36WQ/ref=cm_cr_getr_d_gw_btm?ie=UTF8,2020-09-28 20:04:09.424623,2020-09-28 20:04:09.539792,Carhartt Women's Workwear Pocket Long Sleeve T-Shirt,4.6,,Clothing & Accessories,B01BXDSS24,Carhartt Sportswear - Mens,"1,335"
104,AEGUDQJBIJ3RNDTD65TAXRURBT4A,True,True to size. Washes well with no shrinkage.,Fit and colour,"June 13, 2019",Gary Roe,5.0,0,https://www.amazon.ca/gp/profile/amzn1.account.AEGUDQJBIJ3RNDTD65TAXRURBT4A/ref=cm_cr_getr_d_gw_btm?ie=UTF8,2020-09-28 20:04:09.543696,2020-09-28 20:04:09.672527,Carhartt Women's Workwear Pocket Long Sleeve T-Shirt,4.6,,Clothing & Accessories,B01BXDSS24,Carhartt Sportswear - Mens,"1,335"
105,AFTQMSBNFXKKPMLUFDJE6VYNI3BA,True,Good quality at a good price,Good quality at a good price,"January 13, 2019",Amazon Customer,5.0,0,https://www.amazon.ca/gp/profile/amzn1.account.AFTQMSBNFXKKPMLUFDJE6VYNI3BA/ref=cm_cr_getr_d_gw_btm?ie=UTF8,2020-09-28 20:04:09.676431,2020-09-28 20:04:09.803311,Carhartt Women's Workwear Pocket Long Sleeve T-Shirt,4.6,,Clothing & Accessories,B01BXDSS24,Carhartt Sportswear - Mens,"1,335"
106,AFCAWCOBWKKI5T7FJXD64MJQV2BQ,True,"Nice, but...","Very nice material, Comfy but way to big. I thought that M will be small to me but its way too big.","September 11, 2018",jan,3.0,0,https://www.amazon.ca/gp/profile/amzn1.account.AFCAWCOBWKKI5T7FJXD64MJQV2BQ/ref=cm_cr_getr_d_gw_btm?ie=UTF8,2020-09-28 20:04:09.809168,2020-09-28 20:04:09.931167,Carhartt Women's Workwear Pocket Long Sleeve T-Shirt,4.6,,Clothing & Accessories,B01BXDSS24,Carhartt Sportswear - Mens,"1,335"
107,AFOZEJLZYSVNXMPM64MF6H33EGEQ,True,Fits perfect,Good quality,"October 9, 2018",Amazon Customer,5.0,0,https://www.amazon.ca/gp/profile/amzn1.account.AFOZEJLZYSVNXMPM64MF6H33EGEQ/ref=cm_cr_getr_d_gw_btm?ie=UTF8,2020-09-28 20:04:09.934094,2020-09-28 20:04:10.057110,Carhartt Women's Workwear Pocket Long Sleeve T-Shirt,4.6,,Clothing & Accessories,B01BXDSS24,Carhartt Sportswear - Mens,"1,335"
108,AELZSOPQAWOQWO5XSMO7RMBEEF5Q,True,Sizing,"Fit rather large before machine wash and dry, but after it fits very well, i ordered 2xl tall which was really long but like i said fits better after a wash and dry.","May 3, 2018",Davin Dumas,4.0,0,https://www.amazon.ca/gp/profile/amzn1.account.AELZSOPQAWOQWO5XSMO7RMBEEF5Q/ref=cm_cr_getr_d_gw_btm?ie=UTF8,2020-09-28 20:04:10.066871,2020-09-28 20:04:10.185942,Carhartt Women's Workwear Pocket Long Sleeve T-Shirt,4.6,,Clothing & Accessories,B01BXDSS24,Carhartt Sportswear - Mens,"1,335"
109,AFD6F23NZV7YRHEMQAFLS6OBW47A,True,😎👍,"Great quality, black is a bit less than black but nice shirt. Carhartt quality.","December 11, 2018",Mljames,5.0,0,https://www.amazon.ca/gp/profile/amzn1.account.AFD6F23NZV7YRHEMQAFLS6OBW47A/ref=cm_cr_getr_d_gw_btm?ie=UTF8,2020-09-28 20:04:10.189846,2020-09-28 20:04:10.306965,Carhartt Women's Workwear Pocket Long Sleeve T-Shirt,4.6,,Clothing & Accessories,B01BXDSS24,Carhartt Sportswear - Mens,"1,335"
110,AGHA2NQUVS53VL4QTOOY6QU2ADUA,True,Size is bigger,Size is bigger than nominal M,"July 8, 2020",Amazon Customer,3.0,0,https://www.amazon.ca/gp/profile/amzn1.account.AGHA2NQUVS53VL4QTOOY6QU2ADUA/ref=cm_cr_getr_d_gw_btm?ie=UTF8,2020-09-28 20:04:14.450394,2020-09-28 20:04:14.607529,Carhartt Women's Workwear Pocket Long Sleeve T-Shirt,4.6,,Clothing & Accessories,B01BXDSS24,Carhartt Sportswear - Mens,"1,335"
111,AFEQFVMUQ4Q77TCM3G3J7KN5U3EA,True,Product just as expected,Nice shirt,"June 2, 2020",Amazon Customer,5.0,0,https://www.amazon.ca/gp/profile/amzn1.account.AFEQFVMUQ4Q77TCM3G3J7KN5U3EA/ref=cm_cr_getr_d_gw_btm?ie=UTF8,2020-09-28 20:04:14.611434,2020-09-28 20:04:14.745147,Carhartt Women's Workwear Pocket Long Sleeve T-Shirt,4.6,,Clothing & Accessories,B01BXDSS24,Carhartt Sportswear - Mens,"1,335"
112,AGHAUDIO2ZKNPCSVWU524PIG3YXA,True,Carhartt is best!,I absolutely love Carhartt!,"January 12, 2020",Jason,5.0,0,https://www.amazon.ca/gp/profile/amzn1.account.AGHAUDIO2ZKNPCSVWU524PIG3YXA/ref=cm_cr_getr_d_gw_btm?ie=UTF8,2020-09-28 20:04:14.751000,2020-09-28 20:04:14.877925,Carhartt Women's Workwear Pocket Long Sleeve T-Shirt,4.6,,Clothing & Accessories,B01BXDSS24,Carhartt Sportswear - Mens,"1,335"
113,AHBL5PDSULVMIVEJ6JPRCQCYX42Q,True,Always Good Quality.,"Great quality, a little baggy but I prefer that.","August 15, 2019",Happy Customer. ,4.0,0,https://www.amazon.ca/gp/profile/amzn1.account.AHBL5PDSULVMIVEJ6JPRCQCYX42Q/ref=cm_cr_getr_d_gw_btm?ie=UTF8,2020-09-28 20:04:14.881830,2020-09-28 20:04:15.007733,Carhartt Women's Workwear Pocket Long Sleeve T-Shirt,4.6,,Clothing & Accessories,B01BXDSS24,Carhartt Sportswear - Mens,"1,335"
114,AEC66VAOPX5MRDC4WXLWMXTX6YQA,True,"Fits large, great quality though",Runs very large,"January 10, 2020",Bill Williams,4.0,0,https://www.amazon.ca/gp/profile/amzn1.account.AEC66VAOPX5MRDC4WXLWMXTX6YQA/ref=cm_cr_getr_d_gw_btm?ie=UTF8,2020-09-28 20:04:15.011638,2020-09-28 20:04:15.140495,Carhartt Women's Workwear Pocket Long Sleeve T-Shirt,4.6,,Clothing & Accessories,B01BXDSS24,Carhartt Sportswear - Mens,"1,335"
115,AFIOVYMPNZD2YGTTTZOH6VBRWAZQ,True,Great shirt!,"I like the comfort of the shirt, nice and warm.","March 23, 2019",Gordon Tucker,5.0,0,https://www.amazon.ca/gp/profile/amzn1.account.AFIOVYMPNZD2YGTTTZOH6VBRWAZQ/ref=cm_cr_getr_d_gw_btm?ie=UTF8,2020-09-28 20:04:15.144399,2020-09-28 20:04:15.273232,Carhartt Women's Workwear Pocket Long Sleeve T-Shirt,4.6,,Clothing & Accessories,B01BXDSS24,Carhartt Sportswear - Mens,"1,335"
116,AFABNP3S7GH6JFFXK4EJHO6TIQOQ,True,quality,quality product at a great price,"May 8, 2019",Kathy,5.0,0,https://www.amazon.ca/gp/profile/amzn1.account.AFABNP3S7GH6JFFXK4EJHO6TIQOQ/ref=cm_cr_getr_d_gw_btm?ie=UTF8,2020-09-28 20:04:15.278112,2020-09-28 20:04:15.418659,Carhartt Women's Workwear Pocket Long Sleeve T-Shirt,4.6,,Clothing & Accessories,B01BXDSS24,Carhartt Sportswear - Mens,"1,335"
117,AFELZAYPJX2WI7EXR7F3NQWS4VLA,True,Three Stars,Ok,"March 28, 2018",Jim Olafson,3.0,0,https://www.amazon.ca/gp/profile/amzn1.account.AFELZAYPJX2WI7EXR7F3NQWS4VLA/ref=cm_cr_getr_d_gw_btm?ie=UTF8,2020-09-28 20:04:15.423543,2020-09-28 20:04:15.548471,Carhartt Women's Workwear Pocket Long Sleeve T-Shirt,4.6,,Clothing & Accessories,B01BXDSS24,Carhartt Sportswear - Mens,"1,335"
118,AEDGC4UO4BIDJK5KNSYHBMUNO2MQ,True,Great quality,"Great quality, super durable shirt.","September 2, 2019",Lyndsey,5.0,0,https://www.amazon.ca/gp/profile/amzn1.account.AEDGC4UO4BIDJK5KNSYHBMUNO2MQ/ref=cm_cr_getr_d_gw_btm?ie=UTF8,2020-09-28 20:04:15.552374,2020-09-28 20:04:15.683158,Carhartt Women's Workwear Pocket Long Sleeve T-Shirt,4.6,,Clothing & Accessories,B01BXDSS24,Carhartt Sportswear - Mens,"1,335"
119,AFRA6OBLWONHIRCMZ6K45MB3XXMA,True,Good purchase,Exactly what I was expecting!,"March 11, 2019",Rachel,5.0,0,https://www.amazon.ca/gp/profile/amzn1.account.AFRA6OBLWONHIRCMZ6K45MB3XXMA/ref=cm_cr_getr_d_gw_btm?ie=UTF8,2020-09-28 20:04:15.687062,2020-09-28 20:04:15.834437,Carhartt Women's Workwear Pocket Long Sleeve T-Shirt,4.6,,Clothing & Accessories,B01BXDSS24,Carhartt Sportswear - Mens,"1,335"
120,AGFZ6XIWJ2EN5E4AUPHOZ5CGX5IA,True,Great fit,"Great color, very durable!","January 2, 2020",Jodi Harris Robertson,5.0,0,https://www.amazon.ca/gp/profile/amzn1.account.AGFZ6XIWJ2EN5E4AUPHOZ5CGX5IA/ref=cm_cr_getr_d_gw_btm?ie=UTF8,2020-09-28 20:04:19.942989,2020-09-28 20:04:20.112812,Carhartt Women's Workwear Pocket Long Sleeve T-Shirt,4.6,,Clothing & Accessories,B01BXDSS24,Carhartt Sportswear - Mens,"1,335"
121,AGNWHKHMFL543YQ4MTMDONUML5SQ,True,Awsome,Perfect fit great buy,"December 19, 2018",Jess Cordova,5.0,0,https://www.amazon.ca/gp/profile/amzn1.account.AGNWHKHMFL543YQ4MTMDONUML5SQ/ref=cm_cr_getr_d_gw_btm?ie=UTF8,2020-09-28 20:04:20.117693,2020-09-28 20:04:20.262141,Carhartt Women's Workwear Pocket Long Sleeve T-Shirt,4.6,,Clothing & Accessories,B01BXDSS24,Carhartt Sportswear - Mens,"1,335"
122,AF5XCG3RPO2MKFZ4STF3Z3QO73NA,True,Pruduct is great washes well,Has very large wrists,"January 4, 2020",Tara storsater,5.0,0,https://www.amazon.ca/gp/profile/amzn1.account.AF5XCG3RPO2MKFZ4STF3Z3QO73NA/ref=cm_cr_getr_d_gw_btm?ie=UTF8,2020-09-28 20:04:20.267021,2020-09-28 20:04:20.409516,Carhartt Women's Workwear Pocket Long Sleeve T-Shirt,4.6,,Clothing & Accessories,B01BXDSS24,Carhartt Sportswear - Mens,"1,335"
123,AEWPUH3QIZVLJPUHQ2ZJOPULNQXQ,True,Prendre taille large pour les 5p11,Beau et confortable🔥,"March 14, 2019",TontonSergio,4.0,0,https://www.amazon.ca/gp/profile/amzn1.account.AEWPUH3QIZVLJPUHQ2ZJOPULNQXQ/ref=cm_cr_getr_d_gw_btm?ie=UTF8,2020-09-28 20:04:20.414397,2020-09-28 20:04:20.577387,Carhartt Women's Workwear Pocket Long Sleeve T-Shirt,4.6,,Clothing & Accessories,B01BXDSS24,Carhartt Sportswear - Mens,"1,335"
124,AE7GVY6RGRUGNSVBMLN5AVDFGWHQ,True,It is what it is what it is.,Exactly as advertised. Great long sleeve work shirt.,"September 29, 2019",The Assembly Reps,5.0,0,https://www.amazon.ca/gp/profile/amzn1.account.AE7GVY6RGRUGNSVBMLN5AVDFGWHQ/ref=cm_cr_getr_d_gw_btm?ie=UTF8,2020-09-28 20:04:20.583244,2020-09-28 20:04:20.729645,Carhartt Women's Workwear Pocket Long Sleeve T-Shirt,4.6,,Clothing & Accessories,B01BXDSS24,Carhartt Sportswear - Mens,"1,335"
125,AEXUPEQB6NCOHFNGNCUXH475JSXQ,True,Would recommend,10/10,"January 7, 2020",Kasra Rayani,5.0,0,https://www.amazon.ca/gp/profile/amzn1.account.AEXUPEQB6NCOHFNGNCUXH475JSXQ/ref=cm_cr_getr_d_gw_btm?ie=UTF8,2020-09-28 20:04:20.735500,2020-09-28 20:04:20.889707,Carhartt Women's Workwear Pocket Long Sleeve T-Shirt,4.6,,Clothing & Accessories,B01BXDSS24,Carhartt Sportswear - Mens,"1,335"
126,AHZVHNENYNC5BTI3RULMAY46ZTBA,True,Good price good quality,Fits perfect,"February 26, 2020",Amazon Customer,5.0,0,https://www.amazon.ca/gp/profile/amzn1.account.AHZVHNENYNC5BTI3RULMAY46ZTBA/ref=cm_cr_getr_d_gw_btm?ie=UTF8,2020-09-28 20:04:20.893611,2020-09-28 20:04:21.048795,Carhartt Women's Workwear Pocket Long Sleeve T-Shirt,4.6,,Clothing & Accessories,B01BXDSS24,Carhartt Sportswear - Mens,"1,335"
127,AFGKAC3MY7SBUEQHCCKUGD4OGB4Q,True,Awesom,Awesom,"October 21, 2019",mathieu dube,5.0,0,https://www.amazon.ca/gp/profile/amzn1.account.AFGKAC3MY7SBUEQHCCKUGD4OGB4Q/ref=cm_cr_getr_d_gw_btm?ie=UTF8,2020-09-28 20:04:21.052699,2020-09-28 20:04:21.200075,Carhartt Women's Workwear Pocket Long Sleeve T-Shirt,4.6,,Clothing & Accessories,B01BXDSS24,Carhartt Sportswear - Mens,"1,335"
128,AG3QSKZFQPW7NQFDJRNSH322CLOQ,True,Carhaart shirt,The shirt is a great weight and size,"March 5, 2019",Rick Klassen,5.0,0,https://www.amazon.ca/gp/profile/amzn1.account.AG3QSKZFQPW7NQFDJRNSH322CLOQ/ref=cm_cr_getr_d_gw_btm?ie=UTF8,2020-09-28 20:04:21.203978,2020-09-28 20:04:21.345498,Carhartt Women's Workwear Pocket Long Sleeve T-Shirt,4.6,,Clothing & Accessories,B01BXDSS24,Carhartt Sportswear - Mens,"1,335"
129,AHSZE3LKJESP2SA3QV4RW4DX75MA,True,Good,Its good,"September 12, 2019",inessa makiadi,4.0,0,https://www.amazon.ca/gp/profile/amzn1.account.AHSZE3LKJESP2SA3QV4RW4DX75MA/ref=cm_cr_getr_d_gw_btm?ie=UTF8,2020-09-28 20:04:21.350378,2020-09-28 20:04:21.510443,Carhartt Women's Workwear Pocket Long Sleeve T-Shirt,4.6,,Clothing & Accessories,B01BXDSS24,Carhartt Sportswear - Mens,"1,335"
130,AEXP3B3IDHRJHMTWUN6KZ7MQKBPQ,True,Five Stars,Great quality. Tall sizes fit well,"November 23, 2017",Rob Bauer,5.0,0,https://www.amazon.ca/gp/profile/amzn1.account.AEXP3B3IDHRJHMTWUN6KZ7MQKBPQ/ref=cm_cr_getr_d_gw_btm?ie=UTF8,2020-09-28 20:04:27.665726,2020-09-28 20:04:27.802365,Carhartt Women's Workwear Pocket Long Sleeve T-Shirt,4.6,,Clothing & Accessories,B01BXDSS24,Carhartt Sportswear - Mens,"1,335"
131,AHOJFRHM2JCLJKENF7CCDJLWXDLA,True,??,Gifted,"January 15, 2019",Amazon Customer,5.0,0,https://www.amazon.ca/gp/profile/amzn1.account.AHOJFRHM2JCLJKENF7CCDJLWXDLA/ref=cm_cr_getr_d_gw_btm?ie=UTF8,2020-09-28 20:04:27.808222,2020-09-28 20:04:27.934125,Carhartt Women's Workwear Pocket Long Sleeve T-Shirt,4.6,,Clothing & Accessories,B01BXDSS24,Carhartt Sportswear - Mens,"1,335"
132,AE34HDCK4QXD27U63QPPFSUIK5GQ,True,Nice quality but long,This shirt seems to be great quality material. However the sleeves and body were way too long (xl on 5’11” 190lb male). My significant other was swimming in it. He said it felt like a dress. Had to return due to the fit.,"January 11, 2018",Janae,3.0,0,https://www.amazon.ca/gp/profile/amzn1.account.AE34HDCK4QXD27U63QPPFSUIK5GQ/ref=cm_cr_getr_d_gw_btm?ie=UTF8,2020-09-28 20:04:27.939012,2020-09-28 20:04:28.071741,Carhartt Women's Workwear Pocket Long Sleeve T-Shirt,4.6,,Clothing & Accessories,B01BXDSS24,Carhartt Sportswear - Mens,"1,335"
133,AETG5Z5J6C5YNQ4MG63YJKOHHSWA,False,SIZE IS WAY LARGER AND SMALLER THAN IT SPECIFIES,NOT BEING GREAT WITH COMPUTERS AND LITTLE KNOWLEDGE OF AMAZON I PURCHASED TWO OF THESE FOR CHRISTMAS PRESENTS AND THEY ARE ONE TO LARGE THE OTHER TO SMALL WAITED TO LONG FOR AN EXCHANGE AND VERY DISAPPOINTED WITH THE FACT WE CANNOT EVEN TRY THE PRODUCT BECAUSE OF SIZING AND MY LACK OF CONFIDENCE TO KNOW WHAT TO DO TO EXCHANGE ON TIME,"April 16, 2019",Angela Graham,1.0,0,https://www.amazon.ca/gp/profile/amzn1.account.AETG5Z5J6C5YNQ4MG63YJKOHHSWA/ref=cm_cr_getr_d_gw_btm?ie=UTF8,2020-09-28 20:04:28.075645,2020-09-28 20:04:28.202525,Carhartt Women's Workwear Pocket Long Sleeve T-Shirt,4.6,,Clothing & Accessories,B01BXDSS24,Carhartt Sportswear - Mens,"1,335"
134,AG32DS5D4FGMZPEKCOQ3AAGVDVQQ,False,Always seems slightly big at first but finally a good quality l/s T that isn't short in the body,"6'3"" tall and 220 lb. hubby, loves it. Ordered him a large in this brand. Over time these very durable T's soften and shrink slightly. Always seems slightly big at first but finally a good quality l/s T that isn't short in the body. They last and last.","March 1, 2018",Nona,5.0,0,https://www.amazon.ca/gp/profile/amzn1.account.AG32DS5D4FGMZPEKCOQ3AAGVDVQQ/ref=cm_cr_getr_d_gw_btm?ie=UTF8,2020-09-28 20:04:28.206429,2020-09-28 20:04:28.322572,Carhartt Women's Workwear Pocket Long Sleeve T-Shirt,4.6,,Clothing & Accessories,B01BXDSS24,Carhartt Sportswear - Mens,"1,335"
135,AEECWRPEH2ZQMK6ZC4UQOP6EQPTQ,False,Good but like x-large,"5pied 11, 200 lbs.. le large ressemble a un extra-large mais confortable..","November 27, 2017",Client d'Amazon1,4.0,One,https://www.amazon.ca/gp/profile/amzn1.account.AEECWRPEH2ZQMK6ZC4UQOP6EQPTQ/ref=cm_cr_getr_d_gw_btm?ie=UTF8,2020-09-28 20:04:28.327452,2020-09-28 20:04:28.439692,Carhartt Women's Workwear Pocket Long Sleeve T-Shirt,4.6,,Clothing & Accessories,B01BXDSS24,Carhartt Sportswear - Mens,"1,335"
136,AGZREOZ24UJ5EV5K4VXV3LMBCTSQ,False,Beware of Big&Tall,I’m 6ft and 155lb and I went with the small and it fits perfect for me.,"March 15, 2018",Chris,5.0,0,https://www.amazon.ca/gp/profile/amzn1.account.AGZREOZ24UJ5EV5K4VXV3LMBCTSQ/ref=cm_cr_getr_d_gw_btm?ie=UTF8,2020-09-28 20:04:28.444576,2020-09-28 20:04:28.572429,Carhartt Women's Workwear Pocket Long Sleeve T-Shirt,4.6,,Clothing & Accessories,B01BXDSS24,Carhartt Sportswear - Mens,"1,335"
137,AF5D2P3JDFPVX4WYMBSZWILTWNPQ,False,Excellent guality,Great product,"February 2, 2018",Wayne H.,5.0,0,https://www.amazon.ca/gp/profile/amzn1.account.AF5D2P3JDFPVX4WYMBSZWILTWNPQ/ref=cm_cr_getr_d_gw_btm?ie=UTF8,2020-09-28 20:04:28.577308,2020-09-28 20:04:28.687595,Carhartt Women's Workwear Pocket Long Sleeve T-Shirt,4.6,,Clothing & Accessories,B01BXDSS24,Carhartt Sportswear - Mens,"1,335"
138,AGIN32SF5FJXV3CCW5P5WSUBB5WQ,True,Five Stars,"Very nice for the price, makes your shoulder look big","September 8, 2018",Erik-Olivier D Riendeau,5.0,0,https://www.amazon.ca/gp/profile/amzn1.account.AGIN32SF5FJXV3CCW5P5WSUBB5WQ/ref=cm_cr_getr_d_gw_btm?ie=UTF8,2020-09-28 20:04:28.691500,2020-09-28 20:04:28.818379,Carhartt Women's Workwear Pocket Long Sleeve T-Shirt,4.6,,Clothing & Accessories,B01BXDSS24,Carhartt Sportswear - Mens,"1,335"
