,author_id,verified_purchase,review_title,reviews,date,reviewer_name,ratings,people_find_helpful,reviewer_profile_url,start_time,end_time,product_name,average_rating,total_reviews,product_category,product_id,brand_name,rank
0,AG3TEYLTLRKVWJ6TCV3WHL5BOL2A,True,Bit Snugger than expected.,"I didn't know what to expect when getting this. I just wanted a basic hoodies to wear that has a loose relaxed fit.
This hoodie seems to be a bit snugger than expected and is kind of stiff (probably just because it's new).
I wouldn't shy away from buying a second hoodie but I'll also look into other ones of this basic style.
The neck is pretty small, i got about 3/4 of a inch of space from my neck which makes it hard to quickly pull on, and is a nightmare if you're wearing glasses. Thinking about cutting it a little for more room, but I've never did that with a shirt before and I don't want to just have it continuously tear down the sweater little by little.","October 4, 2017",Amazon Customer,3.0,9,https://www.amazon.ca/gp/profile/amzn1.account.AG3TEYLTLRKVWJ6TCV3WHL5BOL2A/ref=cm_cr_arp_d_gw_btm?ie=UTF8,2020-09-28 19:30:00.607123,2020-09-28 19:30:00.809155,Hanes Mens Pullover EcoSmart Fleece Hooded Sweatshirt Hoody,4.4,,Clothing & Accessories,B01L8JJ59S,Hanes Branded Printwear,"2,485"
1,AEPCJBKQBYHUQU43PUHKMSN37ZFQ,True,Good quality. Great value.,"Good quality. Great value. I purposely ordered an XXL even though I'm a medium fit. However I think I should have ordered an XL instead as it was slightly too large. An XL would have been perfect for me. I like my sweatshirts to be a little loose fitting, not so snug.5","January 27, 2020",Edward,5.0,3,https://www.amazon.ca/gp/profile/amzn1.account.AEPCJBKQBYHUQU43PUHKMSN37ZFQ/ref=cm_cr_arp_d_gw_btm?ie=UTF8,2020-09-28 19:30:00.813059,2020-09-28 19:30:00.938962,Hanes Mens Pullover EcoSmart Fleece Hooded Sweatshirt Hoody,4.4,,Clothing & Accessories,B01L8JJ59S,Hanes Branded Printwear,"2,485"
2,AHULURXXIOEOVSHN4SYDHOYLXPOQ,True,Cute on women!,I know this is a mens sweater but I just needed a hoodie to throw on while camping and I didnt have alot of time so the 1 day shipping was perfect. I am a size 12 38D and xl fits so good!! Its not crazy thick but just the perfect thickness and the inside is so soft! I'm not sure how the inside will wash because it is kind of fuzzy but I plan to hang dry so it should be fine. Its just the right amount of baggy without being too big and I can't wait to cuddle up in it!,"August 13, 2020",Crash test mommy,5.0,One,https://www.amazon.ca/gp/profile/amzn1.account.AHULURXXIOEOVSHN4SYDHOYLXPOQ/ref=cm_cr_arp_d_gw_btm?ie=UTF8,2020-09-28 19:30:00.942866,2020-09-28 19:30:01.075648,Hanes Mens Pullover EcoSmart Fleece Hooded Sweatshirt Hoody,4.4,,Clothing & Accessories,B01L8JJ59S,Hanes Branded Printwear,"2,485"
3,AGV65RKGNSM5NJXFWIHBYV2P6FBQ,True,EXACTLY as described and what I wanted😃,I am so happy I took the chance on this! I never have luck ordering clothes and this time I got it right! The size is perfect. I ordered a medium and there is ample room if I want to wear a t or long sleeved shirt underneath. It is very comfy and the colour is nice (charcoal gray). The price was also perfect.,"January 8, 2020",Sean,5.0,2,https://www.amazon.ca/gp/profile/amzn1.account.AGV65RKGNSM5NJXFWIHBYV2P6FBQ/ref=cm_cr_arp_d_gw_btm?ie=UTF8,2020-09-28 19:30:01.080529,2020-09-28 19:30:01.239617,Hanes Mens Pullover EcoSmart Fleece Hooded Sweatshirt Hoody,4.4,,Clothing & Accessories,B01L8JJ59S,Hanes Branded Printwear,"2,485"
4,AEVKWZRVPROX4KYEOYEGAQAQVNOQ,True,Great fit,"It fit great! I’m 6’1 and 190 lbs (I look lighter then 190 more like 170 - 180) it fit good from the sides and from the height which is hard to find because sometimes they are too baggy and make me look like 220lbs, but this one fit great. I’m about to buy another one in white.","February 26, 2018",Amazon Customer,5.0,8,https://www.amazon.ca/gp/profile/amzn1.account.AEVKWZRVPROX4KYEOYEGAQAQVNOQ/ref=cm_cr_arp_d_gw_btm?ie=UTF8,2020-09-28 19:30:01.243520,2020-09-28 19:30:01.380161,Hanes Mens Pullover EcoSmart Fleece Hooded Sweatshirt Hoody,4.4,,Clothing & Accessories,B01L8JJ59S,Hanes Branded Printwear,"2,485"
5,AF2XPUWLRL33YPORS4RAZU3AXCLQ,True,"Thin sweater, great for overcast weather","I really like these sweaters! They’re a bit thin, so they’re perfect for overcast weather.
The only issue I have is that they make the pocket really small (even in the larger sizes, I have a large and XL) so my phone has fallen out while bending over on a few occasions.","May 21, 2019",t,4.0,2,https://www.amazon.ca/gp/profile/amzn1.account.AF2XPUWLRL33YPORS4RAZU3AXCLQ/ref=cm_cr_arp_d_gw_btm?ie=UTF8,2020-09-28 19:30:01.385041,2020-09-28 19:30:01.540224,Hanes Mens Pullover EcoSmart Fleece Hooded Sweatshirt Hoody,4.4,,Clothing & Accessories,B01L8JJ59S,Hanes Branded Printwear,"2,485"
6,AHQ3DCAXEKNOQ7E7FTWG3DM4BTGQ,True,Fits quite small BUT excellent soft hoodie,"Fits quite smaller compare to other similar hoodies in the same size BUT overall excellent hoodie, not too thick or too thin, its nice for spring kind of weather, the interior is really soft and comfy. Would absolutely recommend it and would buy more of it.","May 12, 2017",Client d'Amazon,5.0,5,https://www.amazon.ca/gp/profile/amzn1.account.AHQ3DCAXEKNOQ7E7FTWG3DM4BTGQ/ref=cm_cr_arp_d_gw_btm?ie=UTF8,2020-09-28 19:30:01.544129,2020-09-28 19:30:01.707120,Hanes Mens Pullover EcoSmart Fleece Hooded Sweatshirt Hoody,4.4,,Clothing & Accessories,B01L8JJ59S,Hanes Branded Printwear,"2,485"
7,AEPML364XNMM4NRGLOELAYXS7EMA,True,Super Comfy,"Bought this along with two other higher priced sweaters and was surprised at how soft and comfortable this was to wear. I'm finding I'm wearing it a lot more than the other ones which cost 3 or 4 times more than this one. Will be ordering more for sure, especially at this price point! Excellent value for a hoodie sweater!","November 28, 2018",G. Knowles,5.0,One,https://www.amazon.ca/gp/profile/amzn1.account.AEPML364XNMM4NRGLOELAYXS7EMA/ref=cm_cr_arp_d_gw_btm?ie=UTF8,2020-09-28 19:30:01.711999,2020-09-28 19:30:01.897439,Hanes Mens Pullover EcoSmart Fleece Hooded Sweatshirt Hoody,4.4,,Clothing & Accessories,B01L8JJ59S,Hanes Branded Printwear,"2,485"
8,AFL7XSYXFGLPUDEUAUCCWATDGK6A,True,Lots of room,I ordered a size up for winter and it's wonderful! Great fit and product. Made well and PURPLE!!! My roommate also got the grey and it's quite nice as well.,"October 23, 2019",Tracy,5.0,One,https://www.amazon.ca/gp/profile/amzn1.account.AFL7XSYXFGLPUDEUAUCCWATDGK6A/ref=cm_cr_arp_d_gw_btm?ie=UTF8,2020-09-28 19:30:01.903295,2020-09-28 19:30:02.103375,Hanes Mens Pullover EcoSmart Fleece Hooded Sweatshirt Hoody,4.4,,Clothing & Accessories,B01L8JJ59S,Hanes Branded Printwear,"2,485"
9,AFSJME72E2FMH3PCZG2Q7TPETA6Q,True,Great,"The colour is perfect, just as I expected and imagined as ""charcoal heather"". I know this is men’s size but it’s pretty long. Material is soft and comfortable, not itchy at all. The price (I think I bought it at $20) is really good for what you get.","June 15, 2020",Amazon Customer,4.0,0,https://www.amazon.ca/gp/profile/amzn1.account.AFSJME72E2FMH3PCZG2Q7TPETA6Q/ref=cm_cr_arp_d_gw_btm?ie=UTF8,2020-09-28 19:30:02.109230,2020-09-28 19:30:02.297598,Hanes Mens Pullover EcoSmart Fleece Hooded Sweatshirt Hoody,4.4,,Clothing & Accessories,B01L8JJ59S,Hanes Branded Printwear,"2,485"
10,AE6T7JAAP6ZEHMWWFIYRMS6VKHBQ,True,Terrible Quality,"I am genuinely surprised by the terrible quality of this product. I guess ever since MJ stopped doing commercials, Hanes products have gone seriously down hill. The front hand pocket looked like it had been stitched on by someone working in the dark with a dull needle. I was hoping for better.","March 20, 2020",IrishMilan,1.0,0,https://www.amazon.ca/gp/profile/amzn1.account.AE6T7JAAP6ZEHMWWFIYRMS6VKHBQ/ref=cm_cr_getr_d_gw_btm?ie=UTF8,2020-09-28 19:30:08.490803,2020-09-28 19:30:08.645011,Hanes Mens Pullover EcoSmart Fleece Hooded Sweatshirt Hoody,4.4,,Clothing & Accessories,B01L8JJ59S,Hanes Branded Printwear,"2,485"
11,AEJPBLJBQCJESZTV7NRXOGZFHD2A,True,Great material. Soft inner lining,Great material. Soft inner lining. Great for the gym. Keep in mind the sizes are not normal. I was looking for an XL for the gym as I like them loose but the xl was too big and the large was perfect. I recently bought a bunch of these.,"April 1, 2018",Baljinder Singh Hayer,5.0,0,https://www.amazon.ca/gp/profile/amzn1.account.AEJPBLJBQCJESZTV7NRXOGZFHD2A/ref=cm_cr_getr_d_gw_btm?ie=UTF8,2020-09-28 19:30:08.649891,2020-09-28 19:30:08.800194,Hanes Mens Pullover EcoSmart Fleece Hooded Sweatshirt Hoody,4.4,,Clothing & Accessories,B01L8JJ59S,Hanes Branded Printwear,"2,485"
12,AFT2CY7LV6FMHSYKYNTHB2FWOGOA,True,Buy a better sweater,"I was proud of myself for buying a couple cheaper sweaters instead of my normal brand name ones. Reaffirmed the saying “you get what you pay for”. After one wash the bottom is already rolling in. The inside is soft,I’ll give it that. This is not a warm sweater though.","January 31, 2020",Dylan S,3.0,0,https://www.amazon.ca/gp/profile/amzn1.account.AFT2CY7LV6FMHSYKYNTHB2FWOGOA/ref=cm_cr_getr_d_gw_btm?ie=UTF8,2020-09-28 19:30:08.805074,2020-09-28 19:30:08.919266,Hanes Mens Pullover EcoSmart Fleece Hooded Sweatshirt Hoody,4.4,,Clothing & Accessories,B01L8JJ59S,Hanes Branded Printwear,"2,485"
13,AEUZS2GA2AN4OWVTDHRH2PYFSOMA,True,Just ok,"Ordered 2X but, fits above the waist and yes it shrunk a little so, not too happy, arms are fine, chest area little tight, I always get 2X as I like them loose,","February 5, 2020",Sandy,3.0,0,https://www.amazon.ca/gp/profile/amzn1.account.AEUZS2GA2AN4OWVTDHRH2PYFSOMA/ref=cm_cr_getr_d_gw_btm?ie=UTF8,2020-09-28 19:30:08.923171,2020-09-28 19:30:09.047121,Hanes Mens Pullover EcoSmart Fleece Hooded Sweatshirt Hoody,4.4,,Clothing & Accessories,B01L8JJ59S,Hanes Branded Printwear,"2,485"
14,AEGHKXZXHGRYAZOZYVSP2OXK4CCA,True,The white one is SEE THROUGH!!,"Guys! I have ordered 2 hoodies - The white one is SEE THROUGH!! Do not order!!

They dark grey is perfect ! The fit of both is good, i have orderd 2 XL for a oversize fit.
Alsoo NOT at all comparable to an adidas one !! It’s pretty thin but soft inside :)
hope it helps","May 11, 2020",andreea,3.0,0,https://www.amazon.ca/gp/profile/amzn1.account.AEGHKXZXHGRYAZOZYVSP2OXK4CCA/ref=cm_cr_getr_d_gw_btm?ie=UTF8,2020-09-28 19:30:09.051025,2020-09-28 19:30:09.178881,Hanes Mens Pullover EcoSmart Fleece Hooded Sweatshirt Hoody,4.4,,Clothing & Accessories,B01L8JJ59S,Hanes Branded Printwear,"2,485"
15,AGINLTQZ7PA5I4UKOP5TLLPVN23Q,True,The colour is the exact same! I would order again,"I ordered a size bigger to leave it a little baggy in case of shrinkage, i have washed it and it did not shrink. I do still appreciate it being loose. Definitely warm, comfortable. Love the colour and i actually had people stop to tell me they liked the colour too!","November 15, 2019",Amazon Customer,5.0,0,https://www.amazon.ca/gp/profile/amzn1.account.AGINLTQZ7PA5I4UKOP5TLLPVN23Q/ref=cm_cr_getr_d_gw_btm?ie=UTF8,2020-09-28 19:30:09.183763,2020-09-28 19:30:09.321377,Hanes Mens Pullover EcoSmart Fleece Hooded Sweatshirt Hoody,4.4,,Clothing & Accessories,B01L8JJ59S,Hanes Branded Printwear,"2,485"
16,AG4HEGSG2UUFBDKOUFHQ4GLX7KUA,True,Gift,We bought this as a gift for a son for christmas. We havent taken it out of the package. We will make a comment in Dec.,"September 20, 2020",Karen-Ruth Sutherland,5.0,0,https://www.amazon.ca/gp/profile/amzn1.account.AG4HEGSG2UUFBDKOUFHQ4GLX7KUA/ref=cm_cr_getr_d_gw_btm?ie=UTF8,2020-09-28 19:30:09.325281,2020-09-28 19:30:09.472657,Hanes Mens Pullover EcoSmart Fleece Hooded Sweatshirt Hoody,4.4,,Clothing & Accessories,B01L8JJ59S,Hanes Branded Printwear,"2,485"
17,AFP4QDFX4KCOKAQNSBTAVWQQBSCA,True,Loud in a good way,"soft inside feel, color is very accurate, fits well (i prefer clothes that fit very large and loosely so this size will accurately fit larger people properly)","February 1, 2020",Kellie JD,5.0,0,https://www.amazon.ca/gp/profile/amzn1.account.AFP4QDFX4KCOKAQNSBTAVWQQBSCA/ref=cm_cr_getr_d_gw_btm?ie=UTF8,2020-09-28 19:30:09.478513,2020-09-28 19:30:09.655168,Hanes Mens Pullover EcoSmart Fleece Hooded Sweatshirt Hoody,4.4,,Clothing & Accessories,B01L8JJ59S,Hanes Branded Printwear,"2,485"
18,AHOZVMDJ54L44TAY6BKBBDE37X2A,True,good for knocking over the local 7-11,"meh, must be made in Texas, this wouldnt fly as a sweater here in Canada. very light. good for knocking over the local 7-11, or if you want to get shot at by police in usa. cheap and light.","August 5, 2018",Amazon Customer,2.0,One,https://www.amazon.ca/gp/profile/amzn1.account.AHOZVMDJ54L44TAY6BKBBDE37X2A/ref=cm_cr_getr_d_gw_btm?ie=UTF8,2020-09-28 19:30:09.660049,2020-09-28 19:30:09.839632,Hanes Mens Pullover EcoSmart Fleece Hooded Sweatshirt Hoody,4.4,,Clothing & Accessories,B01L8JJ59S,Hanes Branded Printwear,"2,485"
19,AECDOZBQS5GPSKEVPFTO3SRSGVRQ,True,Worth it,I love oversized hoodies. Absolutely my fav. I bought this for a trip to the north and its really soft. I highly recommend this hoodie ❤️,"June 29, 2020",James Mangubat,5.0,0,https://www.amazon.ca/gp/profile/amzn1.account.AECDOZBQS5GPSKEVPFTO3SRSGVRQ/ref=cm_cr_getr_d_gw_btm?ie=UTF8,2020-09-28 19:30:09.843535,2020-09-28 19:30:10.008479,Hanes Mens Pullover EcoSmart Fleece Hooded Sweatshirt Hoody,4.4,,Clothing & Accessories,B01L8JJ59S,Hanes Branded Printwear,"2,485"
20,AFZBJKOHXVDOBXMLDZEW5OM3PELA,True,Light weight hoodie,"It's a great hoodie for work, not too heavy not too light, it pills very easy though, but that doesn't matter to me","April 27, 2020",Hutt604,3.0,0,https://www.amazon.ca/gp/profile/amzn1.account.AFZBJKOHXVDOBXMLDZEW5OM3PELA/ref=cm_cr_getr_d_gw_btm?ie=UTF8,2020-09-28 19:30:12.172543,2020-09-28 19:30:12.305279,Hanes Mens Pullover EcoSmart Fleece Hooded Sweatshirt Hoody,4.4,,Clothing & Accessories,B01L8JJ59S,Hanes Branded Printwear,"2,485"
21,AECDG5XZMD2ED3CR6GLR3SXKVZNA,True,Size up,Id probably make sure to order a size up but they are super soft and comfy I’ve ordered more in a couple different colours,"August 26, 2020",Bruno Ross,5.0,0,https://www.amazon.ca/gp/profile/amzn1.account.AECDG5XZMD2ED3CR6GLR3SXKVZNA/ref=cm_cr_getr_d_gw_btm?ie=UTF8,2020-09-28 19:30:12.309183,2020-09-28 19:30:12.434110,Hanes Mens Pullover EcoSmart Fleece Hooded Sweatshirt Hoody,4.4,,Clothing & Accessories,B01L8JJ59S,Hanes Branded Printwear,"2,485"
22,AEHQEGSVWCFTE4IBW2LLF56ZU5JA,True,Great Sweat shirt,I had previously bought this sweat shirt and love the fit and the comfort. I recommend this great shirt to anyone...,"December 22, 2019",c k,4.0,0,https://www.amazon.ca/gp/profile/amzn1.account.AEHQEGSVWCFTE4IBW2LLF56ZU5JA/ref=cm_cr_getr_d_gw_btm?ie=UTF8,2020-09-28 19:30:12.438014,2020-09-28 19:30:12.575629,Hanes Mens Pullover EcoSmart Fleece Hooded Sweatshirt Hoody,4.4,,Clothing & Accessories,B01L8JJ59S,Hanes Branded Printwear,"2,485"
23,AEDNIYAMAT2XC2L63FAFSBF2GUUA,True,"Size is irrelevant, you’ll get smaller than you expected","Sweater is fine, I got a 3xl because I like my sweaters to be baggy but this is barely a 2xl the way it fits. Really concerned about how much it will shrink after it gets washed because the length is just enough to get to my waist any shrinkage and it will be on my stomach.","September 21, 2020",lol3caring,3.0,0,https://www.amazon.ca/gp/profile/amzn1.account.AEDNIYAMAT2XC2L63FAFSBF2GUUA/ref=cm_cr_getr_d_gw_btm?ie=UTF8,2020-09-28 19:30:12.579534,2020-09-28 19:30:12.707389,Hanes Mens Pullover EcoSmart Fleece Hooded Sweatshirt Hoody,4.4,,Clothing & Accessories,B01L8JJ59S,Hanes Branded Printwear,"2,485"
24,AGSRKKVIDN6WL4QOYCXLH4U32WSA,True,Achat correct,"À ce prix, évidemment il ne fallait pas s'attendre à un produit haut de gamme. La qualité est correct sans plus.","April 15, 2020",David,3.0,0,https://www.amazon.ca/gp/profile/amzn1.account.AGSRKKVIDN6WL4QOYCXLH4U32WSA/ref=cm_cr_getr_d_gw_btm?ie=UTF8,2020-09-28 19:30:12.711293,2020-09-28 19:30:12.851837,Hanes Mens Pullover EcoSmart Fleece Hooded Sweatshirt Hoody,4.4,,Clothing & Accessories,B01L8JJ59S,Hanes Branded Printwear,"2,485"
25,AECJAZGGFI6DPYEXLUHKML2PKJ7Q,True,I love it!,"this is a very good deal. Yes, it isn't the thickest sweater, but you do get what you pay for. I am a small and was going to get the men's large to wear around the house. I ended up getting an XXL, and it is perfect for wearing around the house.","April 29, 2020",Pots for my plants,4.0,0,https://www.amazon.ca/gp/profile/amzn1.account.AECJAZGGFI6DPYEXLUHKML2PKJ7Q/ref=cm_cr_getr_d_gw_btm?ie=UTF8,2020-09-28 19:30:12.855741,2020-09-28 19:30:12.979694,Hanes Mens Pullover EcoSmart Fleece Hooded Sweatshirt Hoody,4.4,,Clothing & Accessories,B01L8JJ59S,Hanes Branded Printwear,"2,485"
26,AHWQWEUS4ZFQPU3ZHP5ILXLC2LGA,True,"Riley's review of, Hanes Men's Pullover Eco Smart Fleece Hoodie (Purple) Also, I'm female. Lol","Well, I don't dislike anything about this hoodie, works in my washer very nicely. I wanted something big so I got an L or XL I can't remember, lol. It's big and baggy, long too, the hoodie reaches my upper thighs. :) (which was what I wanted) I love it!","September 4, 2019",Riley4983,5.0,0,https://www.amazon.ca/gp/profile/amzn1.account.AHWQWEUS4ZFQPU3ZHP5ILXLC2LGA/ref=cm_cr_getr_d_gw_btm?ie=UTF8,2020-09-28 19:30:12.984601,2020-09-28 19:30:13.121213,Hanes Mens Pullover EcoSmart Fleece Hooded Sweatshirt Hoody,4.4,,Clothing & Accessories,B01L8JJ59S,Hanes Branded Printwear,"2,485"
27,AGTPA7U552GLI33BNKTMUVUZU4TQ,True,Do yourself a favour. Get one.,Very comfortable and we'll fitting hoodie. Hanes always comes through with good clothing.,"June 14, 2020",Adam James,5.0,0,https://www.amazon.ca/gp/profile/amzn1.account.AGTPA7U552GLI33BNKTMUVUZU4TQ/ref=cm_cr_getr_d_gw_btm?ie=UTF8,2020-09-28 19:30:13.126092,2020-09-28 19:30:13.251020,Hanes Mens Pullover EcoSmart Fleece Hooded Sweatshirt Hoody,4.4,,Clothing & Accessories,B01L8JJ59S,Hanes Branded Printwear,"2,485"
28,AGF7AA5PFSTCUUEVP3NYDK2C5SFA,True,Great hoodie,Have got these many times from amazon I am very happy with them all the colours are nice and the price is great. Perfect for work back yard or relaxing at home,"May 17, 2019",Nicolas john tsarouhas,5.0,0,https://www.amazon.ca/gp/profile/amzn1.account.AGF7AA5PFSTCUUEVP3NYDK2C5SFA/ref=cm_cr_getr_d_gw_btm?ie=UTF8,2020-09-28 19:30:13.254924,2020-09-28 19:30:13.378875,Hanes Mens Pullover EcoSmart Fleece Hooded Sweatshirt Hoody,4.4,,Clothing & Accessories,B01L8JJ59S,Hanes Branded Printwear,"2,485"
29,AHDN7IKP3PLZQ3BU43UP43LDPS5A,True,So soft and a little better than I expected,This came suuuper fast I ordered it on a Saturday and got it on the following Thursday. I ordered a 4xl and it is perfect. It’s nice a warm. It’s not heavy at all but has a good weight to it. And the color is vibrant as hell. I love it.,"October 20, 2018",Morgan Muliings,5.0,0,https://www.amazon.ca/gp/profile/amzn1.account.AHDN7IKP3PLZQ3BU43UP43LDPS5A/ref=cm_cr_getr_d_gw_btm?ie=UTF8,2020-09-28 19:30:13.383784,2020-09-28 19:30:13.519420,Hanes Mens Pullover EcoSmart Fleece Hooded Sweatshirt Hoody,4.4,,Clothing & Accessories,B01L8JJ59S,Hanes Branded Printwear,"2,485"
30,AGUQO36D4B5YXLZUJ2SBKUWKSAHA,True,Very cozy and great for the price,"Very cozy and great for the price. Leaves a layer of fluff on your clothing, so don't wear this over a light coloured tee if you anticipate taking it off. This will probably fix itself after a washing though. For the record, I'm a size S-M woman and ordered XL because I wanted something bum-covering for lazy days and this fits the bill!","June 9, 2018",Amanda R,5.0,0,https://www.amazon.ca/gp/profile/amzn1.account.AGUQO36D4B5YXLZUJ2SBKUWKSAHA/ref=cm_cr_getr_d_gw_btm?ie=UTF8,2020-09-28 19:30:15.619767,2020-09-28 19:30:15.807159,Hanes Mens Pullover EcoSmart Fleece Hooded Sweatshirt Hoody,4.4,,Clothing & Accessories,B01L8JJ59S,Hanes Branded Printwear,"2,485"
31,AFG5Y53VJSCTDWPBHDMIHJC23MIA,True,Favourite hoodie!!,Buy these sweaters to crop/DIY and save your money! I got size XXXL in orange and I’m a tall& slim size 8 female. So comfy and perfectly oversized on me. I ordered more!,"April 26, 2020",Cami,5.0,0,https://www.amazon.ca/gp/profile/amzn1.account.AFG5Y53VJSCTDWPBHDMIHJC23MIA/ref=cm_cr_getr_d_gw_btm?ie=UTF8,2020-09-28 19:30:15.811064,2020-09-28 19:30:15.956486,Hanes Mens Pullover EcoSmart Fleece Hooded Sweatshirt Hoody,4.4,,Clothing & Accessories,B01L8JJ59S,Hanes Branded Printwear,"2,485"
32,AG5LRNBDZ4MU6DOPMOZCPZNORIJA,True,Cute!,I took a bigger size to be confortable and it's so soft i like it alot bu the neck is a little tight,"January 30, 2020",Pastel VHS,4.0,0,https://www.amazon.ca/gp/profile/amzn1.account.AG5LRNBDZ4MU6DOPMOZCPZNORIJA/ref=cm_cr_getr_d_gw_btm?ie=UTF8,2020-09-28 19:30:15.960391,2020-09-28 19:30:16.091174,Hanes Mens Pullover EcoSmart Fleece Hooded Sweatshirt Hoody,4.4,,Clothing & Accessories,B01L8JJ59S,Hanes Branded Printwear,"2,485"
33,AESYPDQP6T5H6EYSET5BSG5G37UA,True,Will buy more,Great hoodie for what I remember. Comfortable and fit my extra long arms. Wish my girlfriend didn’t steal it haha,"April 11, 2020",R Bowen,5.0,One,https://www.amazon.ca/gp/profile/amzn1.account.AESYPDQP6T5H6EYSET5BSG5G37UA/ref=cm_cr_getr_d_gw_btm?ie=UTF8,2020-09-28 19:30:16.096054,2020-09-28 19:30:16.252213,Hanes Mens Pullover EcoSmart Fleece Hooded Sweatshirt Hoody,4.4,,Clothing & Accessories,B01L8JJ59S,Hanes Branded Printwear,"2,485"
34,AGHWBWT43YBSKE4625PQRT3EHN4A,True,Very nice 👍🏻,"Honestly wasn’t sure about what it would be like, but I love it! It will probably shrink a bunch in the wash but I planed ahead for that lol really good quality, love the colours 👌🏼Well done 😊 thanks","April 26, 2020",kyle sims,4.0,0,https://www.amazon.ca/gp/profile/amzn1.account.AGHWBWT43YBSKE4625PQRT3EHN4A/ref=cm_cr_getr_d_gw_btm?ie=UTF8,2020-09-28 19:30:16.257093,2020-09-28 19:30:16.389829,Hanes Mens Pullover EcoSmart Fleece Hooded Sweatshirt Hoody,4.4,,Clothing & Accessories,B01L8JJ59S,Hanes Branded Printwear,"2,485"
35,AHEBS4UEPMHUYTE7IDEKOILBMMUA,True,more white than pink,"I had to look very closely when I received it, it looked like it was white.","November 7, 2019",Shayne Bouchard,4.0,0,https://www.amazon.ca/gp/profile/amzn1.account.AHEBS4UEPMHUYTE7IDEKOILBMMUA/ref=cm_cr_getr_d_gw_btm?ie=UTF8,2020-09-28 19:30:16.393732,2020-09-28 19:30:16.545995,Hanes Mens Pullover EcoSmart Fleece Hooded Sweatshirt Hoody,4.4,,Clothing & Accessories,B01L8JJ59S,Hanes Branded Printwear,"2,485"
36,AENLSH5UTHER7AH4RISHTXKHVB7A,True,Fitted small,"I bought this for a family member in XL and it fit like a large. Was too small, and head opening too tight.
Well made but size is off.
Definitely order a size up and don’t put it in the dryer.","November 19, 2019",dawn,4.0,0,https://www.amazon.ca/gp/profile/amzn1.account.AENLSH5UTHER7AH4RISHTXKHVB7A/ref=cm_cr_getr_d_gw_btm?ie=UTF8,2020-09-28 19:30:16.549893,2020-09-28 19:30:16.708980,Hanes Mens Pullover EcoSmart Fleece Hooded Sweatshirt Hoody,4.4,,Clothing & Accessories,B01L8JJ59S,Hanes Branded Printwear,"2,485"
37,AE5PQLPHMAITDJN3YDVDSTXTHB2Q,True,Comfy and will buy again,"Fits to sizing chart, really soft and comfy. Kid approved. Will buy again.","January 6, 2020",Alexandra S-B,5.0,0,https://www.amazon.ca/gp/profile/amzn1.account.AE5PQLPHMAITDJN3YDVDSTXTHB2Q/ref=cm_cr_getr_d_gw_btm?ie=UTF8,2020-09-28 19:30:16.712884,2020-09-28 19:30:17.027155,Hanes Mens Pullover EcoSmart Fleece Hooded Sweatshirt Hoody,4.4,,Clothing & Accessories,B01L8JJ59S,Hanes Branded Printwear,"2,485"
38,AHQYG55EWKNDRO5EUYFCDG3GZWFQ,True,Good quality sweater.,Not too heavy but not too light either. The price cannot be beat.,"March 22, 2020",erwinjames,5.0,0,https://www.amazon.ca/gp/profile/amzn1.account.AHQYG55EWKNDRO5EUYFCDG3GZWFQ/ref=cm_cr_getr_d_gw_btm?ie=UTF8,2020-09-28 19:30:17.032037,2020-09-28 19:30:17.206739,Hanes Mens Pullover EcoSmart Fleece Hooded Sweatshirt Hoody,4.4,,Clothing & Accessories,B01L8JJ59S,Hanes Branded Printwear,"2,485"
39,AGVH3BHYYCJFI5SBUDKUB4HRPZEA,True,Coton ouaté,C'était un cadeau d'anniversaire et mon copain l'adore,"June 13, 2020",Lyne Robinson,5.0,0,https://www.amazon.ca/gp/profile/amzn1.account.AGVH3BHYYCJFI5SBUDKUB4HRPZEA/ref=cm_cr_getr_d_gw_btm?ie=UTF8,2020-09-28 19:30:17.211619,2020-09-28 19:30:17.380466,Hanes Mens Pullover EcoSmart Fleece Hooded Sweatshirt Hoody,4.4,,Clothing & Accessories,B01L8JJ59S,Hanes Branded Printwear,"2,485"
40,AEURCGKYFRZ655WQWSUGAB367YTA,True,"Good quality, fair price and it’s ECO!","Quality is great. It’s super comfy. Can’t complain. This product is great, and at fair price. Love it and will definitely purchase some more. Even the wife uses it.","December 28, 2019",Dom,5.0,0,https://www.amazon.ca/gp/profile/amzn1.account.AEURCGKYFRZ655WQWSUGAB367YTA/ref=cm_cr_getr_d_gw_btm?ie=UTF8,2020-09-28 19:30:23.537713,2020-09-28 19:30:23.696800,Hanes Mens Pullover EcoSmart Fleece Hooded Sweatshirt Hoody,4.4,,Clothing & Accessories,B01L8JJ59S,Hanes Branded Printwear,"2,485"
41,AEZ26UZENDAZ67CZSZWMNXACFM4A,True,A sweater for winter,Solid fit of winter sweater. Made by Hanes,"February 20, 2020",Aj,5.0,0,https://www.amazon.ca/gp/profile/amzn1.account.AEZ26UZENDAZ67CZSZWMNXACFM4A/ref=cm_cr_getr_d_gw_btm?ie=UTF8,2020-09-28 19:30:23.700702,2020-09-28 19:30:23.866625,Hanes Mens Pullover EcoSmart Fleece Hooded Sweatshirt Hoody,4.4,,Clothing & Accessories,B01L8JJ59S,Hanes Branded Printwear,"2,485"
42,AHJZ5STNWUGHYIKXE2XODJWUB67A,True,Just what you'd expect,"Its a warm and confortable pullover hoody. Ordered two different colours, mainly for working out, outdoors in vold weather. Ive actually be lounging in them more than anything, as they are quite comfy.","December 9, 2018",Rob,4.0,0,https://www.amazon.ca/gp/profile/amzn1.account.AHJZ5STNWUGHYIKXE2XODJWUB67A/ref=cm_cr_getr_d_gw_btm?ie=UTF8,2020-09-28 19:30:23.870526,2020-09-28 19:30:24.031566,Hanes Mens Pullover EcoSmart Fleece Hooded Sweatshirt Hoody,4.4,,Clothing & Accessories,B01L8JJ59S,Hanes Branded Printwear,"2,485"
43,AFXMTH4JCVAZV67QXKL27PCASS7Q,True,I guess it's okay for the price.,"The sticker they taped on the chest peeled some of the fabric when taken off. The arm is too long.

The rest of the fit is good. The feel is nice.

I guess it's okay for the price.","March 5, 2020",Micky,3.0,0,https://www.amazon.ca/gp/profile/amzn1.account.AFXMTH4JCVAZV67QXKL27PCASS7Q/ref=cm_cr_getr_d_gw_btm?ie=UTF8,2020-09-28 19:30:24.035470,2020-09-28 19:30:24.180893,Hanes Mens Pullover EcoSmart Fleece Hooded Sweatshirt Hoody,4.4,,Clothing & Accessories,B01L8JJ59S,Hanes Branded Printwear,"2,485"
44,AGJLAWSHRN6LKQTKHXB6BRYYQKTQ,True,This hoodie is very warm and fits comfortably. My one problem is that the sleeves are ...,This hoodie is very warm and fits comfortably. My one problem is that the sleeves are a little long but they can be pushed up.,"December 7, 2017",P. M. MacPherson,5.0,0,https://www.amazon.ca/gp/profile/amzn1.account.AGJLAWSHRN6LKQTKHXB6BRYYQKTQ/ref=cm_cr_getr_d_gw_btm?ie=UTF8,2020-09-28 19:30:24.188701,2020-09-28 19:30:24.339007,Hanes Mens Pullover EcoSmart Fleece Hooded Sweatshirt Hoody,4.4,,Clothing & Accessories,B01L8JJ59S,Hanes Branded Printwear,"2,485"
45,AG5ERNKJV6FQRU6CQSXCVT5J6OGQ,True,I will be one more,Very nice hoodie. Not too thick or thin,"March 16, 2020",Amazon Customer,5.0,0,https://www.amazon.ca/gp/profile/amzn1.account.AG5ERNKJV6FQRU6CQSXCVT5J6OGQ/ref=cm_cr_getr_d_gw_btm?ie=UTF8,2020-09-28 19:30:24.342909,2020-09-28 19:30:24.506878,Hanes Mens Pullover EcoSmart Fleece Hooded Sweatshirt Hoody,4.4,,Clothing & Accessories,B01L8JJ59S,Hanes Branded Printwear,"2,485"
46,AHSVK5JJNOORRFWZEOA2HGM5I2UQ,True,Decent,Quality feels weird but it's really good for the price tag. Hoodie is a big tight around my head but won't be an issue if you've got a smaller head.,"September 23, 2018",Parvir Gill,3.0,0,https://www.amazon.ca/gp/profile/amzn1.account.AHSVK5JJNOORRFWZEOA2HGM5I2UQ/ref=cm_cr_getr_d_gw_btm?ie=UTF8,2020-09-28 19:30:24.511756,2020-09-28 19:30:24.665964,Hanes Mens Pullover EcoSmart Fleece Hooded Sweatshirt Hoody,4.4,,Clothing & Accessories,B01L8JJ59S,Hanes Branded Printwear,"2,485"
47,AHZ2KRZNQ3NK4ITZ7XST3W5VRJ2A,True,great,came exactly as shown and fits perfect,"January 6, 2020",Bernadette Trimble,5.0,0,https://www.amazon.ca/gp/profile/amzn1.account.AHZ2KRZNQ3NK4ITZ7XST3W5VRJ2A/ref=cm_cr_getr_d_gw_btm?ie=UTF8,2020-09-28 19:30:24.670844,2020-09-28 19:30:24.850427,Hanes Mens Pullover EcoSmart Fleece Hooded Sweatshirt Hoody,4.4,,Clothing & Accessories,B01L8JJ59S,Hanes Branded Printwear,"2,485"
48,AGLFUIFSTZSBVSWZ3IFVIGJ5E6OQ,True,Great inexpensive sweatshirt,Love this sweater. Fits very well and cozy. Not as thick as I had hoped but very decent for the price.,"November 8, 2018",Jess,4.0,0,https://www.amazon.ca/gp/profile/amzn1.account.AGLFUIFSTZSBVSWZ3IFVIGJ5E6OQ/ref=cm_cr_getr_d_gw_btm?ie=UTF8,2020-09-28 19:30:24.855308,2020-09-28 19:30:24.995852,Hanes Mens Pullover EcoSmart Fleece Hooded Sweatshirt Hoody,4.4,,Clothing & Accessories,B01L8JJ59S,Hanes Branded Printwear,"2,485"
49,AGEHC7ABEJHEHJSCTCLGRMX6PNHQ,True,Nice,Nice and lightweight but still warm. Perfect for summer,"May 30, 2020",GG,5.0,0,https://www.amazon.ca/gp/profile/amzn1.account.AGEHC7ABEJHEHJSCTCLGRMX6PNHQ/ref=cm_cr_getr_d_gw_btm?ie=UTF8,2020-09-28 19:30:25.000732,2020-09-28 19:30:25.168603,Hanes Mens Pullover EcoSmart Fleece Hooded Sweatshirt Hoody,4.4,,Clothing & Accessories,B01L8JJ59S,Hanes Branded Printwear,"2,485"
50,AEXH6KRZZQ3GW5HGZZOTPUCCIVVA,True,Moyen,3xxx étroit sous les bras et poignet trop serré 3X pour largeur des épaules mais trop serré sous le bras,"September 12, 2018",Mystra,4.0,0,https://www.amazon.ca/gp/profile/amzn1.account.AEXH6KRZZQ3GW5HGZZOTPUCCIVVA/ref=cm_cr_getr_d_gw_btm?ie=UTF8,2020-09-28 19:30:31.308249,2020-09-28 19:30:31.458552,Hanes Mens Pullover EcoSmart Fleece Hooded Sweatshirt Hoody,4.4,,Clothing & Accessories,B01L8JJ59S,Hanes Branded Printwear,"2,485"
51,AGUEJHY4ZHPS7GIIDRYO2IFD5XKA,True,Good product,Bought for my niece and she really loves it. Fits great.,"December 26, 2019",Amanda Wilson,5.0,0,https://www.amazon.ca/gp/profile/amzn1.account.AGUEJHY4ZHPS7GIIDRYO2IFD5XKA/ref=cm_cr_getr_d_gw_btm?ie=UTF8,2020-09-28 19:30:31.463432,2020-09-28 19:30:32.564357,Hanes Mens Pullover EcoSmart Fleece Hooded Sweatshirt Hoody,4.4,,Clothing & Accessories,B01L8JJ59S,Hanes Branded Printwear,"2,485"
52,AH6EAX6W7OORCWC52GYTFKBKGDHA,True,"belle qualité, mais trop petit","belle qualité, mais trop petit","July 9, 2020",Pierre Bilodeau,2.0,0,https://www.amazon.ca/gp/profile/amzn1.account.AH6EAX6W7OORCWC52GYTFKBKGDHA/ref=cm_cr_getr_d_gw_btm?ie=UTF8,2020-09-28 19:30:32.570214,2020-09-28 19:30:32.820069,Hanes Mens Pullover EcoSmart Fleece Hooded Sweatshirt Hoody,4.4,,Clothing & Accessories,B01L8JJ59S,Hanes Branded Printwear,"2,485"
53,AG6CXUH4ARORCENP5PT3HNXIWCEQ,True,very soft and nice color,very soft and nice color,"November 30, 2019",Jeanie D,5.0,0,https://www.amazon.ca/gp/profile/amzn1.account.AG6CXUH4ARORCENP5PT3HNXIWCEQ/ref=cm_cr_getr_d_gw_btm?ie=UTF8,2020-09-28 19:30:32.824949,2020-09-28 19:30:33.036741,Hanes Mens Pullover EcoSmart Fleece Hooded Sweatshirt Hoody,4.4,,Clothing & Accessories,B01L8JJ59S,Hanes Branded Printwear,"2,485"
54,AG34I6HLO2P43R3KQCR6BOJME7GA,True,Good price and quality,Warm and normal quality great fit,"June 13, 2020",Nick,5.0,0,https://www.amazon.ca/gp/profile/amzn1.account.AG34I6HLO2P43R3KQCR6BOJME7GA/ref=cm_cr_getr_d_gw_btm?ie=UTF8,2020-09-28 19:30:33.042597,2020-09-28 19:30:33.239748,Hanes Mens Pullover EcoSmart Fleece Hooded Sweatshirt Hoody,4.4,,Clothing & Accessories,B01L8JJ59S,Hanes Branded Printwear,"2,485"
55,AFD7EZ6K4MJTJMCYMNZYUJKFEWDQ,True,nice,"super comfortable hoodie, the size was correct","July 8, 2020",Lisa,5.0,0,https://www.amazon.ca/gp/profile/amzn1.account.AFD7EZ6K4MJTJMCYMNZYUJKFEWDQ/ref=cm_cr_getr_d_gw_btm?ie=UTF8,2020-09-28 19:30:33.244629,2020-09-28 19:30:33.509124,Hanes Mens Pullover EcoSmart Fleece Hooded Sweatshirt Hoody,4.4,,Clothing & Accessories,B01L8JJ59S,Hanes Branded Printwear,"2,485"
56,AHKLPNK73NIJGUU5YKHADNU3VCOQ,True,Poor quality,I want refund for this the product was bad and poor quality its too big from me I order medium got large ..,"January 7, 2020",Markus,1.0,0,https://www.amazon.ca/gp/profile/amzn1.account.AHKLPNK73NIJGUU5YKHADNU3VCOQ/ref=cm_cr_getr_d_gw_btm?ie=UTF8,2020-09-28 19:30:33.514980,2020-09-28 19:30:33.722868,Hanes Mens Pullover EcoSmart Fleece Hooded Sweatshirt Hoody,4.4,,Clothing & Accessories,B01L8JJ59S,Hanes Branded Printwear,"2,485"
57,AGW2CAWVSYJHGXVJMMD5QMHVL5DQ,True,Very comfortable,This is my third time purchasing this hoodie... I absolutely love them and they are my go-to hoodies for comfy days. Would recommend to everyone! Very soft and comfortable.,"January 12, 2020",Sidney,5.0,0,https://www.amazon.ca/gp/profile/amzn1.account.AGW2CAWVSYJHGXVJMMD5QMHVL5DQ/ref=cm_cr_getr_d_gw_btm?ie=UTF8,2020-09-28 19:30:33.728724,2020-09-28 19:30:33.948330,Hanes Mens Pullover EcoSmart Fleece Hooded Sweatshirt Hoody,4.4,,Clothing & Accessories,B01L8JJ59S,Hanes Branded Printwear,"2,485"
58,AFJLKHREEBLP5I4SQ36OWGLSFGJA,True,Order 1 size up,"I order 2 sizes up just in case it was made smaller, abit big but other then that it's super soft. Could be thicker.","November 12, 2019",Allison MacKenzie,5.0,0,https://www.amazon.ca/gp/profile/amzn1.account.AFJLKHREEBLP5I4SQ36OWGLSFGJA/ref=cm_cr_getr_d_gw_btm?ie=UTF8,2020-09-28 19:30:33.953202,2020-09-28 19:30:34.097650,Hanes Mens Pullover EcoSmart Fleece Hooded Sweatshirt Hoody,4.4,,Clothing & Accessories,B01L8JJ59S,Hanes Branded Printwear,"2,485"
59,AHW2IRYQ7XYRECIQGF5OJL4LXS7A,True,Will buy again!,Love this sweater!,"September 22, 2020",chris costa,5.0,0,https://www.amazon.ca/gp/profile/amzn1.account.AHW2IRYQ7XYRECIQGF5OJL4LXS7A/ref=cm_cr_getr_d_gw_btm?ie=UTF8,2020-09-28 19:30:34.102530,2020-09-28 19:30:34.240146,Hanes Mens Pullover EcoSmart Fleece Hooded Sweatshirt Hoody,4.4,,Clothing & Accessories,B01L8JJ59S,Hanes Branded Printwear,"2,485"
60,AGI2LT7GYQJ7L2HZN7R4MUOJQTMA,True,Perfect fit,A bit on the pricey side but very good quality nevertheless.,"May 13, 2020",Francis Lippe,5.0,0,https://www.amazon.ca/gp/profile/amzn1.account.AGI2LT7GYQJ7L2HZN7R4MUOJQTMA/ref=cm_cr_getr_d_gw_btm?ie=UTF8,2020-09-28 19:30:40.376433,2020-09-28 19:30:40.534545,Hanes Mens Pullover EcoSmart Fleece Hooded Sweatshirt Hoody,4.4,,Clothing & Accessories,B01L8JJ59S,Hanes Branded Printwear,"2,485"
61,AF34RWN5PEADULEHYKK5NPIZ3NPA,True,Colour is wonderful,"This is a great product. It was a little smaller than expected but, overall comfortable and great.","March 31, 2019",Ape,4.0,0,https://www.amazon.ca/gp/profile/amzn1.account.AF34RWN5PEADULEHYKK5NPIZ3NPA/ref=cm_cr_getr_d_gw_btm?ie=UTF8,2020-09-28 19:30:40.539424,2020-09-28 19:30:40.700463,Hanes Mens Pullover EcoSmart Fleece Hooded Sweatshirt Hoody,4.4,,Clothing & Accessories,B01L8JJ59S,Hanes Branded Printwear,"2,485"
62,AEOX2VG64TSQOMUG3FFYOEC2HSPQ,True,Not overly impressed,"Ordered this for my S.O for christmas
Its on the smaller side. The neck hole is TIGHT and around the wrists are tight and the fabric is sewed funny.","January 11, 2019",Bohochic709,2.0,0,https://www.amazon.ca/gp/profile/amzn1.account.AEOX2VG64TSQOMUG3FFYOEC2HSPQ/ref=cm_cr_getr_d_gw_btm?ie=UTF8,2020-09-28 19:30:40.705343,2020-09-28 19:30:40.895663,Hanes Mens Pullover EcoSmart Fleece Hooded Sweatshirt Hoody,4.4,,Clothing & Accessories,B01L8JJ59S,Hanes Branded Printwear,"2,485"
63,AFQCGQQOJQP5Q75JHBG54Y2X46MQ,True,really love that hoodie,I love that it's dark grey keep's me warm and look good.,"November 29, 2018",Amazon Customer,5.0,0,https://www.amazon.ca/gp/profile/amzn1.account.AFQCGQQOJQP5Q75JHBG54Y2X46MQ/ref=cm_cr_getr_d_gw_btm?ie=UTF8,2020-09-28 19:30:40.900543,2020-09-28 19:30:41.035230,Hanes Mens Pullover EcoSmart Fleece Hooded Sweatshirt Hoody,4.4,,Clothing & Accessories,B01L8JJ59S,Hanes Branded Printwear,"2,485"
64,AHBSBTEMEYJOEPPVL2FFVEIMSU2Q,True,👍🏼👍🏼👍🏼👍🏼👍🏼👍🏼👍🏼👍🏼,I love it,"October 30, 2019",Amazon Customer,5.0,0,https://www.amazon.ca/gp/profile/amzn1.account.AHBSBTEMEYJOEPPVL2FFVEIMSU2Q/ref=cm_cr_getr_d_gw_btm?ie=UTF8,2020-09-28 19:30:41.040111,2020-09-28 19:30:41.175774,Hanes Mens Pullover EcoSmart Fleece Hooded Sweatshirt Hoody,4.4,,Clothing & Accessories,B01L8JJ59S,Hanes Branded Printwear,"2,485"
65,AH5IPCXX22HFYYO4KIXTJ6QFEBFA,True,sweatshirt,sweat shirt,"September 26, 2020",Keith Scott,4.0,0,https://www.amazon.ca/gp/profile/amzn1.account.AH5IPCXX22HFYYO4KIXTJ6QFEBFA/ref=cm_cr_getr_d_gw_btm?ie=UTF8,2020-09-28 19:30:41.183583,2020-09-28 19:30:41.342669,Hanes Mens Pullover EcoSmart Fleece Hooded Sweatshirt Hoody,4.4,,Clothing & Accessories,B01L8JJ59S,Hanes Branded Printwear,"2,485"
66,AHHOKDGWKNZUDM6O6UTNEGDU2KQA,True,perfect,"loves it, will continue to order them as they wear out or rip.","February 1, 2019",Kody neeb,5.0,0,https://www.amazon.ca/gp/profile/amzn1.account.AHHOKDGWKNZUDM6O6UTNEGDU2KQA/ref=cm_cr_getr_d_gw_btm?ie=UTF8,2020-09-28 19:30:41.346573,2020-09-28 19:30:41.456861,Hanes Mens Pullover EcoSmart Fleece Hooded Sweatshirt Hoody,4.4,,Clothing & Accessories,B01L8JJ59S,Hanes Branded Printwear,"2,485"
67,AFGDI3MDBONGQFPPCX7WZXQYNWEQ,True,Super Soft!,Had a funny smell when I opened it but one wash did the trick! Sweater still remained super soft afterwards too. The sweater is a little on the thin side but is still totally worth it!,"October 15, 2018",Zoe Sjolund,5.0,0,https://www.amazon.ca/gp/profile/amzn1.account.AFGDI3MDBONGQFPPCX7WZXQYNWEQ/ref=cm_cr_getr_d_gw_btm?ie=UTF8,2020-09-28 19:30:41.460765,2020-09-28 19:30:41.591549,Hanes Mens Pullover EcoSmart Fleece Hooded Sweatshirt Hoody,4.4,,Clothing & Accessories,B01L8JJ59S,Hanes Branded Printwear,"2,485"
68,AFE3TNJIKXLQZ7OAF7J3EC42Q67Q,True,I Love It says wife!,Neckline a little tight but otherwise Perfect.,"December 15, 2018",gordy,5.0,0,https://www.amazon.ca/gp/profile/amzn1.account.AFE3TNJIKXLQZ7OAF7J3EC42Q67Q/ref=cm_cr_getr_d_gw_btm?ie=UTF8,2020-09-28 19:30:41.595453,2020-09-28 19:30:41.724285,Hanes Mens Pullover EcoSmart Fleece Hooded Sweatshirt Hoody,4.4,,Clothing & Accessories,B01L8JJ59S,Hanes Branded Printwear,"2,485"
69,AGRJHA3UQ4HBI7FCCWNMX4BZ4PHQ,True,I LOVE THIS HOODIE!!!!,I love this hoodie!!!! it fits great for the size i ordered. it arrived a few days earlier then listed :),"January 19, 2018",Tanya,5.0,One,https://www.amazon.ca/gp/profile/amzn1.account.AGRJHA3UQ4HBI7FCCWNMX4BZ4PHQ/ref=cm_cr_getr_d_gw_btm?ie=UTF8,2020-09-28 19:30:41.730141,2020-09-28 19:30:41.891180,Hanes Mens Pullover EcoSmart Fleece Hooded Sweatshirt Hoody,4.4,,Clothing & Accessories,B01L8JJ59S,Hanes Branded Printwear,"2,485"
70,AGFUNJS6SNL6PE24FMHRKWITMZQA,True,chandail,tres satisfait,"August 11, 2019",Andre Pelletier,5.0,0,https://www.amazon.ca/gp/profile/amzn1.account.AGFUNJS6SNL6PE24FMHRKWITMZQA/ref=cm_cr_getr_d_gw_btm?ie=UTF8,2020-09-28 19:30:48.015593,2020-09-28 19:30:48.196152,Hanes Mens Pullover EcoSmart Fleece Hooded Sweatshirt Hoody,4.4,,Clothing & Accessories,B01L8JJ59S,Hanes Branded Printwear,"2,485"
71,AH4FEQ5YIQPCK3ST2QAACGW47O2A,True,un peu grand mais co fortable,repos,"February 21, 2020",claude,4.0,0,https://www.amazon.ca/gp/profile/amzn1.account.AH4FEQ5YIQPCK3ST2QAACGW47O2A/ref=cm_cr_getr_d_gw_btm?ie=UTF8,2020-09-28 19:30:48.200054,2020-09-28 19:30:48.333766,Hanes Mens Pullover EcoSmart Fleece Hooded Sweatshirt Hoody,4.4,,Clothing & Accessories,B01L8JJ59S,Hanes Branded Printwear,"2,485"
72,AHJUSK5V4RRT7E5GL37UPQNHQTDA,True,Just right,Good quality,"September 27, 2019",Tna Jay,5.0,0,https://www.amazon.ca/gp/profile/amzn1.account.AHJUSK5V4RRT7E5GL37UPQNHQTDA/ref=cm_cr_getr_d_gw_btm?ie=UTF8,2020-09-28 19:30:48.338646,2020-09-28 19:30:48.478238,Hanes Mens Pullover EcoSmart Fleece Hooded Sweatshirt Hoody,4.4,,Clothing & Accessories,B01L8JJ59S,Hanes Branded Printwear,"2,485"
73,AFCADBSEILAA5BNAXBXCQPO64EGA,True,It is super comfortable fits well thanks Amazon,It fits great the texture is good and the price is reasonable just one thing I got the wrong color but that's ok still like,"February 4, 2020",Dwayne Davis,4.0,0,https://www.amazon.ca/gp/profile/amzn1.account.AFCADBSEILAA5BNAXBXCQPO64EGA/ref=cm_cr_getr_d_gw_btm?ie=UTF8,2020-09-28 19:30:48.482118,2020-09-28 19:30:48.612901,Hanes Mens Pullover EcoSmart Fleece Hooded Sweatshirt Hoody,4.4,,Clothing & Accessories,B01L8JJ59S,Hanes Branded Printwear,"2,485"
74,AFNNWNVKDPF6JAMN3LBWKH6KLE4Q,True,Not true to size fit,I felt this sweatshirt was built for a box! Not a very good size. Not a true to size fit.,"March 6, 2020",Brandy,1.0,0,https://www.amazon.ca/gp/profile/amzn1.account.AFNNWNVKDPF6JAMN3LBWKH6KLE4Q/ref=cm_cr_getr_d_gw_btm?ie=UTF8,2020-09-28 19:30:48.618758,2020-09-28 19:30:48.753445,Hanes Mens Pullover EcoSmart Fleece Hooded Sweatshirt Hoody,4.4,,Clothing & Accessories,B01L8JJ59S,Hanes Branded Printwear,"2,485"
75,AFQOGCEBEDE673F5OA654DKRAJLQ,True,Nice color,"Fits nice, but a little tight on neck","November 18, 2019",Jeff,4.0,0,https://www.amazon.ca/gp/profile/amzn1.account.AFQOGCEBEDE673F5OA654DKRAJLQ/ref=cm_cr_getr_d_gw_btm?ie=UTF8,2020-09-28 19:30:48.757349,2020-09-28 19:30:48.869589,Hanes Mens Pullover EcoSmart Fleece Hooded Sweatshirt Hoody,4.4,,Clothing & Accessories,B01L8JJ59S,Hanes Branded Printwear,"2,485"
76,AEOTMCYQWY2SMP4VNYBN7DLS2RIQ,True,Appearance,Overall okay except the front area started fuzzing up after 2x. Now looks worn out.,"January 9, 2019",FHW,3.0,0,https://www.amazon.ca/gp/profile/amzn1.account.AEOTMCYQWY2SMP4VNYBN7DLS2RIQ/ref=cm_cr_getr_d_gw_btm?ie=UTF8,2020-09-28 19:30:48.874469,2020-09-28 19:30:49.028677,Hanes Mens Pullover EcoSmart Fleece Hooded Sweatshirt Hoody,4.4,,Clothing & Accessories,B01L8JJ59S,Hanes Branded Printwear,"2,485"
77,AESDHCRZLFKUCYE6G5ZN4DB6ZTEA,True,very well-made for the price,"very affordable, and well-made, although a bit tight around the wrists","July 10, 2018",Nyanroro,5.0,0,https://www.amazon.ca/gp/profile/amzn1.account.AESDHCRZLFKUCYE6G5ZN4DB6ZTEA/ref=cm_cr_getr_d_gw_btm?ie=UTF8,2020-09-28 19:30:49.032581,2020-09-28 19:30:49.188740,Hanes Mens Pullover EcoSmart Fleece Hooded Sweatshirt Hoody,4.4,,Clothing & Accessories,B01L8JJ59S,Hanes Branded Printwear,"2,485"
78,AEK6RSJAE5PJWUADPM63BMGTIWLQ,True,Ok...,Bon mais manches trop courtes!!,"December 29, 2019",Benoit Collard,5.0,0,https://www.amazon.ca/gp/profile/amzn1.account.AEK6RSJAE5PJWUADPM63BMGTIWLQ/ref=cm_cr_getr_d_gw_btm?ie=UTF8,2020-09-28 19:30:49.193621,2020-09-28 19:30:49.354661,Hanes Mens Pullover EcoSmart Fleece Hooded Sweatshirt Hoody,4.4,,Clothing & Accessories,B01L8JJ59S,Hanes Branded Printwear,"2,485"
79,AFMGV26WWWTD2WCFZZ7JNCG3HTTQ,True,Five Stars,Quality product -fits well!,"January 24, 2018",K. Smart,5.0,One,https://www.amazon.ca/gp/profile/amzn1.account.AFMGV26WWWTD2WCFZZ7JNCG3HTTQ/ref=cm_cr_getr_d_gw_btm?ie=UTF8,2020-09-28 19:30:49.359540,2020-09-28 19:30:49.503987,Hanes Mens Pullover EcoSmart Fleece Hooded Sweatshirt Hoody,4.4,,Clothing & Accessories,B01L8JJ59S,Hanes Branded Printwear,"2,485"
80,AECRCE3A6NQMWHE552C2CE5FGUGA,True,Perfect for winter,Extremely good value,"July 16, 2020",Eric Dahl,5.0,0,https://www.amazon.ca/gp/profile/amzn1.account.AECRCE3A6NQMWHE552C2CE5FGUGA/ref=cm_cr_getr_d_gw_btm?ie=UTF8,2020-09-28 19:30:52.656340,2020-09-28 19:30:52.785171,Hanes Mens Pullover EcoSmart Fleece Hooded Sweatshirt Hoody,4.4,,Clothing & Accessories,B01L8JJ59S,Hanes Branded Printwear,"2,485"
81,AGYLWCAAOSFIFRUCBZ7WGGKZRG7A,True,Decent hoodie for the price,"Light weight, but nice purple colour. Quality is good.","November 20, 2019",HEATHER,5.0,0,https://www.amazon.ca/gp/profile/amzn1.account.AGYLWCAAOSFIFRUCBZ7WGGKZRG7A/ref=cm_cr_getr_d_gw_btm?ie=UTF8,2020-09-28 19:30:52.789076,2020-09-28 19:30:52.914979,Hanes Mens Pullover EcoSmart Fleece Hooded Sweatshirt Hoody,4.4,,Clothing & Accessories,B01L8JJ59S,Hanes Branded Printwear,"2,485"
82,AEBKJ7RHBPNJGD3WDBE3D5AM363Q,True,perfect fitte avec ma bedaine,"lisez le titre. et XXL c un vrai XXL, en tout cas au Québec.
yé douuuuu ….. juste hate de l'essayer dehors de chez mois ….. vive le confinement ….","April 23, 2020",Antoine Lévesque,5.0,0,https://www.amazon.ca/gp/profile/amzn1.account.AEBKJ7RHBPNJGD3WDBE3D5AM363Q/ref=cm_cr_getr_d_gw_btm?ie=UTF8,2020-09-28 19:30:52.920835,2020-09-28 19:30:53.061465,Hanes Mens Pullover EcoSmart Fleece Hooded Sweatshirt Hoody,4.4,,Clothing & Accessories,B01L8JJ59S,Hanes Branded Printwear,"2,485"
83,AHLUPTREFE77VGPZ6HZ5RESMQOJA,True,Too short,Had to return it,"March 25, 2020",Stephane Lachapelle,1.0,0,https://www.amazon.ca/gp/profile/amzn1.account.AHLUPTREFE77VGPZ6HZ5RESMQOJA/ref=cm_cr_getr_d_gw_btm?ie=UTF8,2020-09-28 19:30:53.065339,2020-09-28 19:30:53.189289,Hanes Mens Pullover EcoSmart Fleece Hooded Sweatshirt Hoody,4.4,,Clothing & Accessories,B01L8JJ59S,Hanes Branded Printwear,"2,485"
84,AGROJXTWIU4AUVNSBVDODC4S4RMA,True,Petit,Petit,"November 6, 2019",Serge Blanchet,3.0,0,https://www.amazon.ca/gp/profile/amzn1.account.AGROJXTWIU4AUVNSBVDODC4S4RMA/ref=cm_cr_getr_d_gw_btm?ie=UTF8,2020-09-28 19:30:53.194170,2020-09-28 19:30:53.334712,Hanes Mens Pullover EcoSmart Fleece Hooded Sweatshirt Hoody,4.4,,Clothing & Accessories,B01L8JJ59S,Hanes Branded Printwear,"2,485"
85,AFE3IG3MWFEHKVBTXVOUJFQPSWIQ,True,Rapport qualité prix excellent,Super beau même après plusieurs lavages! Excellent service et rapidité!,"October 18, 2019",nathalie ouellette,5.0,0,https://www.amazon.ca/gp/profile/amzn1.account.AFE3IG3MWFEHKVBTXVOUJFQPSWIQ/ref=cm_cr_getr_d_gw_btm?ie=UTF8,2020-09-28 19:30:53.339593,2020-09-28 19:30:53.462569,Hanes Mens Pullover EcoSmart Fleece Hooded Sweatshirt Hoody,4.4,,Clothing & Accessories,B01L8JJ59S,Hanes Branded Printwear,"2,485"
86,AGEHBRFL66GT4VVKMDE7LZJ22BRQ,True,Great hoodie,6’2 male got Xlarge. When I first got it thought neck hole was a little too tight. But it’s stretched out and now it’s a perfect hoodie,"February 11, 2020",nfoysztgrmeg,5.0,0,https://www.amazon.ca/gp/profile/amzn1.account.AGEHBRFL66GT4VVKMDE7LZJ22BRQ/ref=cm_cr_getr_d_gw_btm?ie=UTF8,2020-09-28 19:30:53.468427,2020-09-28 19:30:53.612884,Hanes Mens Pullover EcoSmart Fleece Hooded Sweatshirt Hoody,4.4,,Clothing & Accessories,B01L8JJ59S,Hanes Branded Printwear,"2,485"
87,AGTPSEA3Q3NMGJJ2CU5FG4UZQFYQ,True,"Arrived within the dates given, arrived in good condition","We've bought several in different colors. They wash and wear very well.
Good quality for the price.","January 14, 2019",Eleanor McLellan,5.0,0,https://www.amazon.ca/gp/profile/amzn1.account.AGTPSEA3Q3NMGJJ2CU5FG4UZQFYQ/ref=cm_cr_getr_d_gw_btm?ie=UTF8,2020-09-28 19:30:53.618741,2020-09-28 19:30:53.751476,Hanes Mens Pullover EcoSmart Fleece Hooded Sweatshirt Hoody,4.4,,Clothing & Accessories,B01L8JJ59S,Hanes Branded Printwear,"2,485"
88,AEXJF3P46TPBGP4WL64IBRQXNTKA,True,Great value,Great hoodie,"November 26, 2019",basil burton,5.0,0,https://www.amazon.ca/gp/profile/amzn1.account.AEXJF3P46TPBGP4WL64IBRQXNTKA/ref=cm_cr_getr_d_gw_btm?ie=UTF8,2020-09-28 19:30:53.755381,2020-09-28 19:30:53.871524,Hanes Mens Pullover EcoSmart Fleece Hooded Sweatshirt Hoody,4.4,,Clothing & Accessories,B01L8JJ59S,Hanes Branded Printwear,"2,485"
89,AH6S3Q7SBZ3KYOPQ34EAE4HYJ3FQ,True,Great product,Love the fit and the color,"October 26, 2018",Eileen Gignac,5.0,0,https://www.amazon.ca/gp/profile/amzn1.account.AH6S3Q7SBZ3KYOPQ34EAE4HYJ3FQ/ref=cm_cr_getr_d_gw_btm?ie=UTF8,2020-09-28 19:30:53.875427,2020-09-28 19:30:54.009155,Hanes Mens Pullover EcoSmart Fleece Hooded Sweatshirt Hoody,4.4,,Clothing & Accessories,B01L8JJ59S,Hanes Branded Printwear,"2,485"
90,AGYVVCPBVGFD6AU3MN6CU56ORSGQ,True,BAD QUALITY DO NOT BUY,This hoodie is extremely thin and not good for colder weather. Feels cheap. Save your money. Was not the color described,"January 12, 2020",Amazon Customer,1.0,0,https://www.amazon.ca/gp/profile/amzn1.account.AGYVVCPBVGFD6AU3MN6CU56ORSGQ/ref=cm_cr_getr_d_gw_btm?ie=UTF8,2020-09-28 19:31:00.107988,2020-09-28 19:31:00.238772,Hanes Mens Pullover EcoSmart Fleece Hooded Sweatshirt Hoody,4.4,,Clothing & Accessories,B01L8JJ59S,Hanes Branded Printwear,"2,485"
91,AFSCJYO5L32AX4ILX47CTALLZ76A,True,super comfy would buy again in different colours,"super comfy sweater, love the colours","June 5, 2020",tps,5.0,0,https://www.amazon.ca/gp/profile/amzn1.account.AFSCJYO5L32AX4ILX47CTALLZ76A/ref=cm_cr_getr_d_gw_btm?ie=UTF8,2020-09-28 19:31:00.246579,2020-09-28 19:31:00.383219,Hanes Mens Pullover EcoSmart Fleece Hooded Sweatshirt Hoody,4.4,,Clothing & Accessories,B01L8JJ59S,Hanes Branded Printwear,"2,485"
92,AGBELZOYYOCWED277MDOP5R5UR2Q,True,The XXL white sweatshirt fit as expected.,Like the color and it keeps me warm.,"March 25, 2019",Terry A.,5.0,0,https://www.amazon.ca/gp/profile/amzn1.account.AGBELZOYYOCWED277MDOP5R5UR2Q/ref=cm_cr_getr_d_gw_btm?ie=UTF8,2020-09-28 19:31:00.387123,2020-09-28 19:31:00.525714,Hanes Mens Pullover EcoSmart Fleece Hooded Sweatshirt Hoody,4.4,,Clothing & Accessories,B01L8JJ59S,Hanes Branded Printwear,"2,485"
93,AEKOOONCRI2E3UOR6K3S4QF2MIZQ,True,Great quality,For my work !!!,"March 6, 2019",julien beland,5.0,0,https://www.amazon.ca/gp/profile/amzn1.account.AEKOOONCRI2E3UOR6K3S4QF2MIZQ/ref=cm_cr_getr_d_gw_btm?ie=UTF8,2020-09-28 19:31:00.529619,2020-09-28 19:31:00.676019,Hanes Mens Pullover EcoSmart Fleece Hooded Sweatshirt Hoody,4.4,,Clothing & Accessories,B01L8JJ59S,Hanes Branded Printwear,"2,485"
94,AHVLYXZMDL4WEGS5F3FHX3XJNXBQ,True,not bad,Colour is a nice bright white but is a little too loose fitting short for me at 6'4,"November 26, 2019",Amazon Customer,3.0,0,https://www.amazon.ca/gp/profile/amzn1.account.AHVLYXZMDL4WEGS5F3FHX3XJNXBQ/ref=cm_cr_getr_d_gw_btm?ie=UTF8,2020-09-28 19:31:00.679922,2020-09-28 19:31:00.844866,Hanes Mens Pullover EcoSmart Fleece Hooded Sweatshirt Hoody,4.4,,Clothing & Accessories,B01L8JJ59S,Hanes Branded Printwear,"2,485"
95,AEDFECPQYFQRW4X5V3K3RG2OGHPQ,True,Poorly fitted,"A bad fit, super thin material, also runs small and flairs out loose at the bottom where the elastic hem should be fitted.","July 19, 2020",Owen,1.0,0,https://www.amazon.ca/gp/profile/amzn1.account.AEDFECPQYFQRW4X5V3K3RG2OGHPQ/ref=cm_cr_getr_d_gw_btm?ie=UTF8,2020-09-28 19:31:00.847793,2020-09-28 19:31:00.967842,Hanes Mens Pullover EcoSmart Fleece Hooded Sweatshirt Hoody,4.4,,Clothing & Accessories,B01L8JJ59S,Hanes Branded Printwear,"2,485"
96,AFYGX2IA2SHNOKDKGTRFI26T5QYQ,True,Fabric too thin,Good fit and fairly warm but too thin for my liking. Not what I was looking for,"September 13, 2018",Jennifer Amo-Mann,2.0,0,https://www.amazon.ca/gp/profile/amzn1.account.AFYGX2IA2SHNOKDKGTRFI26T5QYQ/ref=cm_cr_getr_d_gw_btm?ie=UTF8,2020-09-28 19:31:00.972744,2020-09-28 19:31:01.124977,Hanes Mens Pullover EcoSmart Fleece Hooded Sweatshirt Hoody,4.4,,Clothing & Accessories,B01L8JJ59S,Hanes Branded Printwear,"2,485"
97,AGN2NITYMGV6CD3SWW3OEHIMVYEQ,True,Great quality,Good value for the money.,"May 22, 2019",Angelo,5.0,0,https://www.amazon.ca/gp/profile/amzn1.account.AGN2NITYMGV6CD3SWW3OEHIMVYEQ/ref=cm_cr_getr_d_gw_btm?ie=UTF8,2020-09-28 19:31:01.128881,2020-09-28 19:31:01.291873,Hanes Mens Pullover EcoSmart Fleece Hooded Sweatshirt Hoody,4.4,,Clothing & Accessories,B01L8JJ59S,Hanes Branded Printwear,"2,485"
98,AGNFNDE3R7OQPM73TIXSQIUU7SYQ,True,Nice,"Decent quality, nice fabric and fit. Amazon didn't ship the size I ordered, but even 1 size down it fit decently.","December 31, 2019",Jaskaran Chohan,5.0,0,https://www.amazon.ca/gp/profile/amzn1.account.AGNFNDE3R7OQPM73TIXSQIUU7SYQ/ref=cm_cr_getr_d_gw_btm?ie=UTF8,2020-09-28 19:31:01.295777,2020-09-28 19:31:01.449009,Hanes Mens Pullover EcoSmart Fleece Hooded Sweatshirt Hoody,4.4,,Clothing & Accessories,B01L8JJ59S,Hanes Branded Printwear,"2,485"
99,AEP5UDURIGPM27ECNLTS7BCFQ2XA,True,review,little short,"February 12, 2020",Terry Mckenzie,3.0,0,https://www.amazon.ca/gp/profile/amzn1.account.AEP5UDURIGPM27ECNLTS7BCFQ2XA/ref=cm_cr_getr_d_gw_btm?ie=UTF8,2020-09-28 19:31:01.455841,2020-09-28 19:31:01.622736,Hanes Mens Pullover EcoSmart Fleece Hooded Sweatshirt Hoody,4.4,,Clothing & Accessories,B01L8JJ59S,Hanes Branded Printwear,"2,485"
100,AGAP76YORFPAXSAPT2BADJXQBNWQ,True,Sweet,Perfect,"November 27, 2018",Vishnu,5.0,0,https://www.amazon.ca/gp/profile/amzn1.account.AGAP76YORFPAXSAPT2BADJXQBNWQ/ref=cm_cr_getr_d_gw_btm?ie=UTF8,2020-09-28 19:31:05.772898,2020-09-28 19:31:05.917347,Hanes Mens Pullover EcoSmart Fleece Hooded Sweatshirt Hoody,4.4,,Clothing & Accessories,B01L8JJ59S,Hanes Branded Printwear,"2,485"
101,AHPZ57O55VFQYJNMDTK7KDTDNSBA,True,Great value and quality,Great quality and fit. Will order again. Great value.,"January 12, 2020",Nicole Laderoute,5.0,0,https://www.amazon.ca/gp/profile/amzn1.account.AHPZ57O55VFQYJNMDTK7KDTDNSBA/ref=cm_cr_getr_d_gw_btm?ie=UTF8,2020-09-28 19:31:05.921250,2020-09-28 19:31:06.043250,Hanes Mens Pullover EcoSmart Fleece Hooded Sweatshirt Hoody,4.4,,Clothing & Accessories,B01L8JJ59S,Hanes Branded Printwear,"2,485"
102,AF3WLXLIAORNBK4VRN6JGWCRDYCA,True,Can order from home,Good quality,"October 27, 2019",Joan Mackenzie,5.0,0,https://www.amazon.ca/gp/profile/amzn1.account.AF3WLXLIAORNBK4VRN6JGWCRDYCA/ref=cm_cr_getr_d_gw_btm?ie=UTF8,2020-09-28 19:31:06.047153,2020-09-28 19:31:06.188674,Hanes Mens Pullover EcoSmart Fleece Hooded Sweatshirt Hoody,4.4,,Clothing & Accessories,B01L8JJ59S,Hanes Branded Printwear,"2,485"
103,AHXH6DT5NSLCZ4BTT4FM6LIDYDEQ,True,Fantastic Sweater,Fantastic sweater,"December 24, 2018",Erica,5.0,0,https://www.amazon.ca/gp/profile/amzn1.account.AHXH6DT5NSLCZ4BTT4FM6LIDYDEQ/ref=cm_cr_getr_d_gw_btm?ie=UTF8,2020-09-28 19:31:06.193555,2020-09-28 19:31:06.318481,Hanes Mens Pullover EcoSmart Fleece Hooded Sweatshirt Hoody,4.4,,Clothing & Accessories,B01L8JJ59S,Hanes Branded Printwear,"2,485"
104,AEZ2ICQU7J5O3ASLDFV4WMZO4JYA,True,Its a hoodie,"Perfect basic pullover hoodie , does what it needs to","May 6, 2019",Zach Hehn,5.0,0,https://www.amazon.ca/gp/profile/amzn1.account.AEZ2ICQU7J5O3ASLDFV4WMZO4JYA/ref=cm_cr_getr_d_gw_btm?ie=UTF8,2020-09-28 19:31:06.323361,2020-09-28 19:31:06.446338,Hanes Mens Pullover EcoSmart Fleece Hooded Sweatshirt Hoody,4.4,,Clothing & Accessories,B01L8JJ59S,Hanes Branded Printwear,"2,485"
105,AFEKWAOWK2T7F4QUI4DGAU3J5ZXQ,True,small but cute,"runs small, size up","March 28, 2019",Tatyanna,1.0,0,https://www.amazon.ca/gp/profile/amzn1.account.AFEKWAOWK2T7F4QUI4DGAU3J5ZXQ/ref=cm_cr_getr_d_gw_btm?ie=UTF8,2020-09-28 19:31:06.450240,2020-09-28 19:31:06.596671,Hanes Mens Pullover EcoSmart Fleece Hooded Sweatshirt Hoody,4.4,,Clothing & Accessories,B01L8JJ59S,Hanes Branded Printwear,"2,485"
106,AFXXMIAXQUYPU4J66UGVP6PAJA6Q,True,Comfy,So comfy and great fit.,"June 21, 2020",Tam,5.0,0,https://www.amazon.ca/gp/profile/amzn1.account.AFXXMIAXQUYPU4J66UGVP6PAJA6Q/ref=cm_cr_getr_d_gw_btm?ie=UTF8,2020-09-28 19:31:06.601550,2020-09-28 19:31:06.735313,Hanes Mens Pullover EcoSmart Fleece Hooded Sweatshirt Hoody,4.4,,Clothing & Accessories,B01L8JJ59S,Hanes Branded Printwear,"2,485"
107,AG5P5HHFNAUDG3H4PFLM4U6QIHXQ,True,Soft,So soft,"October 3, 2019",Jeaneen,5.0,0,https://www.amazon.ca/gp/profile/amzn1.account.AG5P5HHFNAUDG3H4PFLM4U6QIHXQ/ref=cm_cr_getr_d_gw_btm?ie=UTF8,2020-09-28 19:31:06.741169,2020-09-28 19:31:06.879760,Hanes Mens Pullover EcoSmart Fleece Hooded Sweatshirt Hoody,4.4,,Clothing & Accessories,B01L8JJ59S,Hanes Branded Printwear,"2,485"
108,AEKPFV4LDY667MUUHOOHNNLBSPBQ,True,Good an comfortable hoodie. 5/5.,"It's a comfortable pullover shirt, I will reorder an other one soon.","November 6, 2017",Stéphane Gagné,5.0,0,https://www.amazon.ca/gp/profile/amzn1.account.AEKPFV4LDY667MUUHOOHNNLBSPBQ/ref=cm_cr_getr_d_gw_btm?ie=UTF8,2020-09-28 19:31:06.883664,2020-09-28 19:31:06.991999,Hanes Mens Pullover EcoSmart Fleece Hooded Sweatshirt Hoody,4.4,,Clothing & Accessories,B01L8JJ59S,Hanes Branded Printwear,"2,485"
109,AEKDIEEHJUBTPWJYD33U5YBRZEBQ,True,Hanes Hoodie,All good! As expected.,"January 27, 2020",Ray,5.0,0,https://www.amazon.ca/gp/profile/amzn1.account.AEKDIEEHJUBTPWJYD33U5YBRZEBQ/ref=cm_cr_getr_d_gw_btm?ie=UTF8,2020-09-28 19:31:06.995904,2020-09-28 19:31:07.136447,Hanes Mens Pullover EcoSmart Fleece Hooded Sweatshirt Hoody,4.4,,Clothing & Accessories,B01L8JJ59S,Hanes Branded Printwear,"2,485"
110,AHO5GMQDN4JXUBLW2YTPU7BEU66A,True,Good calue hoodie,Great value...would get 5 stars if neck a bit wider...would buy again,"January 26, 2020",Wuggie,4.0,0,https://www.amazon.ca/gp/profile/amzn1.account.AHO5GMQDN4JXUBLW2YTPU7BEU66A/ref=cm_cr_getr_d_gw_btm?ie=UTF8,2020-09-28 19:31:11.281284,2020-09-28 19:31:11.421827,Hanes Mens Pullover EcoSmart Fleece Hooded Sweatshirt Hoody,4.4,,Clothing & Accessories,B01L8JJ59S,Hanes Branded Printwear,"2,485"
111,AGIS37O7JVFRHXNIZGZWQ4CVTZDA,True,Purple!!,Love the Color!!,"January 4, 2020",Supermommy,5.0,0,https://www.amazon.ca/gp/profile/amzn1.account.AGIS37O7JVFRHXNIZGZWQ4CVTZDA/ref=cm_cr_getr_d_gw_btm?ie=UTF8,2020-09-28 19:31:11.425731,2020-09-28 19:31:11.589699,Hanes Mens Pullover EcoSmart Fleece Hooded Sweatshirt Hoody,4.4,,Clothing & Accessories,B01L8JJ59S,Hanes Branded Printwear,"2,485"
112,AHPDWFNHXKJ42BZIPTREWROEGDSA,True,Five Stars,Wonderful,"June 13, 2018",Amazon Customer,5.0,0,https://www.amazon.ca/gp/profile/amzn1.account.AHPDWFNHXKJ42BZIPTREWROEGDSA/ref=cm_cr_getr_d_gw_btm?ie=UTF8,2020-09-28 19:31:11.595555,2020-09-28 19:31:11.714626,Hanes Mens Pullover EcoSmart Fleece Hooded Sweatshirt Hoody,4.4,,Clothing & Accessories,B01L8JJ59S,Hanes Branded Printwear,"2,485"
113,AEJWZL6FYR6HZAOFK2MY22IWUQWQ,True,Product was what I expected,Product was what i expected,"December 18, 2019",Shoppig girl,5.0,0,https://www.amazon.ca/gp/profile/amzn1.account.AEJWZL6FYR6HZAOFK2MY22IWUQWQ/ref=cm_cr_getr_d_gw_btm?ie=UTF8,2020-09-28 19:31:11.718530,2020-09-28 19:31:11.856146,Hanes Mens Pullover EcoSmart Fleece Hooded Sweatshirt Hoody,4.4,,Clothing & Accessories,B01L8JJ59S,Hanes Branded Printwear,"2,485"
114,AGYGDYAEVOALP4F26EXWN4TRNLZA,True,Three Stars,"Very thin and cold, and it's larger than most XL hoodies I've bought.","November 24, 2017",Buizel10,3.0,0,https://www.amazon.ca/gp/profile/amzn1.account.AGYGDYAEVOALP4F26EXWN4TRNLZA/ref=cm_cr_getr_d_gw_btm?ie=UTF8,2020-09-28 19:31:11.862002,2020-09-28 19:31:12.008401,Hanes Mens Pullover EcoSmart Fleece Hooded Sweatshirt Hoody,4.4,,Clothing & Accessories,B01L8JJ59S,Hanes Branded Printwear,"2,485"
115,AFXQJIPHUWOBW5D4DV4US5I2FBDQ,True,Great pullover,"Fit, style, comfort and price all great! Fantastic pullover","March 9, 2020",Amazon Customer,5.0,0,https://www.amazon.ca/gp/profile/amzn1.account.AFXQJIPHUWOBW5D4DV4US5I2FBDQ/ref=cm_cr_getr_d_gw_btm?ie=UTF8,2020-09-28 19:31:12.012305,2020-09-28 19:31:12.123569,Hanes Mens Pullover EcoSmart Fleece Hooded Sweatshirt Hoody,4.4,,Clothing & Accessories,B01L8JJ59S,Hanes Branded Printwear,"2,485"
116,AHVUH65JJJ5CRILNXWTMY3NATJUQ,True,Three Stars,not the best material,"December 8, 2017",Andrewlo Aird,3.0,0,https://www.amazon.ca/gp/profile/amzn1.account.AHVUH65JJJ5CRILNXWTMY3NATJUQ/ref=cm_cr_getr_d_gw_btm?ie=UTF8,2020-09-28 19:31:12.128449,2020-09-28 19:31:12.269969,Hanes Mens Pullover EcoSmart Fleece Hooded Sweatshirt Hoody,4.4,,Clothing & Accessories,B01L8JJ59S,Hanes Branded Printwear,"2,485"
117,AEM7N2LDVQLI74JFNELYIEGORC7A,True,Doesn't fit,I usually fit a large with extra room and I ordered an XL and it didn't fit me at all,"June 11, 2018",Gage,2.0,0,https://www.amazon.ca/gp/profile/amzn1.account.AEM7N2LDVQLI74JFNELYIEGORC7A/ref=cm_cr_getr_d_gw_btm?ie=UTF8,2020-09-28 19:31:12.272896,2020-09-28 19:31:12.390992,Hanes Mens Pullover EcoSmart Fleece Hooded Sweatshirt Hoody,4.4,,Clothing & Accessories,B01L8JJ59S,Hanes Branded Printwear,"2,485"
118,AHDIXNDZSN4JFDCZ5GLCVVZ6GR6A,True,Comfortable. Stylish,"Its very comfy. I wear it to the gym in the cold Toronto weather on top of two shirts, and its warm enough.","November 13, 2018",Amazon Customer,5.0,0,https://www.amazon.ca/gp/profile/amzn1.account.AHDIXNDZSN4JFDCZ5GLCVVZ6GR6A/ref=cm_cr_getr_d_gw_btm?ie=UTF8,2020-09-28 19:31:12.394896,2020-09-28 19:31:12.528608,Hanes Mens Pullover EcoSmart Fleece Hooded Sweatshirt Hoody,4.4,,Clothing & Accessories,B01L8JJ59S,Hanes Branded Printwear,"2,485"
119,AGPRHPJLXWNYK6ILSRMAE7A744FA,True,Correct,Bien,"September 28, 2019",Steve Sarrazin,3.0,0,https://www.amazon.ca/gp/profile/amzn1.account.AGPRHPJLXWNYK6ILSRMAE7A744FA/ref=cm_cr_getr_d_gw_btm?ie=UTF8,2020-09-28 19:31:12.534465,2020-09-28 19:31:12.657439,Hanes Mens Pullover EcoSmart Fleece Hooded Sweatshirt Hoody,4.4,,Clothing & Accessories,B01L8JJ59S,Hanes Branded Printwear,"2,485"
120,AGHQQUUWPVV3BMEDK2LMQ3R3V5JA,True,One Star,This sweater is extremely short,"January 17, 2018",Rachel Shier,1.0,One,https://www.amazon.ca/gp/profile/amzn1.account.AGHQQUUWPVV3BMEDK2LMQ3R3V5JA/ref=cm_cr_getr_d_gw_btm?ie=UTF8,2020-09-28 19:31:14.775898,2020-09-28 19:31:14.906685,Hanes Mens Pullover EcoSmart Fleece Hooded Sweatshirt Hoody,4.4,,Clothing & Accessories,B01L8JJ59S,Hanes Branded Printwear,"2,485"
121,AFIFBSWNLUY5BUDG4FS4PMP2PT6A,True,"No branded, who cares",Good quality for fair price,"October 14, 2017",Alain Lafond,5.0,0,https://www.amazon.ca/gp/profile/amzn1.account.AFIFBSWNLUY5BUDG4FS4PMP2PT6A/ref=cm_cr_getr_d_gw_btm?ie=UTF8,2020-09-28 19:31:14.910587,2020-09-28 19:31:15.032586,Hanes Mens Pullover EcoSmart Fleece Hooded Sweatshirt Hoody,4.4,,Clothing & Accessories,B01L8JJ59S,Hanes Branded Printwear,"2,485"
122,AH5Y6QDXMOU4OXTHVIXHOGPTMLSA,True,Love the Hoodie!,For the price these hoodies are awesome amd wash amazing with very little shrinkage!,"August 26, 2020",Smileym,5.0,0,https://www.amazon.ca/gp/profile/amzn1.account.AH5Y6QDXMOU4OXTHVIXHOGPTMLSA/ref=cm_cr_getr_d_gw_btm?ie=UTF8,2020-09-28 19:31:15.036490,2020-09-28 19:31:15.178010,Hanes Mens Pullover EcoSmart Fleece Hooded Sweatshirt Hoody,4.4,,Clothing & Accessories,B01L8JJ59S,Hanes Branded Printwear,"2,485"
123,AFD5UIJXMMZSJPWAH4QPCODL6CYQ,True,Works great as sweater. Not suggested for use as pants.,Almost good enough to eat.,"January 13, 2019",Dylan,4.0,0,https://www.amazon.ca/gp/profile/amzn1.account.AFD5UIJXMMZSJPWAH4QPCODL6CYQ/ref=cm_cr_getr_d_gw_btm?ie=UTF8,2020-09-28 19:31:15.181914,2020-09-28 19:31:15.308794,Hanes Mens Pullover EcoSmart Fleece Hooded Sweatshirt Hoody,4.4,,Clothing & Accessories,B01L8JJ59S,Hanes Branded Printwear,"2,485"
124,AF4RXPJGVID7VUHRHH64B3S74F3Q,True,Price,All good,"January 19, 2020",Gary,4.0,0,https://www.amazon.ca/gp/profile/amzn1.account.AF4RXPJGVID7VUHRHH64B3S74F3Q/ref=cm_cr_getr_d_gw_btm?ie=UTF8,2020-09-28 19:31:15.313674,2020-09-28 19:31:15.486425,Hanes Mens Pullover EcoSmart Fleece Hooded Sweatshirt Hoody,4.4,,Clothing & Accessories,B01L8JJ59S,Hanes Branded Printwear,"2,485"
125,AFTAOAP5HZKYVUNDYDUIM2TYJDCA,True,It’s fine,Bought it for a cosplay and it worked pretty well,"November 20, 2019",Paul fonz,5.0,0,https://www.amazon.ca/gp/profile/amzn1.account.AFTAOAP5HZKYVUNDYDUIM2TYJDCA/ref=cm_cr_getr_d_gw_btm?ie=UTF8,2020-09-28 19:31:15.490330,2020-09-28 19:31:15.635753,Hanes Mens Pullover EcoSmart Fleece Hooded Sweatshirt Hoody,4.4,,Clothing & Accessories,B01L8JJ59S,Hanes Branded Printwear,"2,485"
126,AEP773NUT4ONAQS2FH3K5EZ7G3QA,True,Five Stars,perfect fit,"October 13, 2017",kareem0011,5.0,0,https://www.amazon.ca/gp/profile/amzn1.account.AEP773NUT4ONAQS2FH3K5EZ7G3QA/ref=cm_cr_getr_d_gw_btm?ie=UTF8,2020-09-28 19:31:15.640633,2020-09-28 19:31:15.823146,Hanes Mens Pullover EcoSmart Fleece Hooded Sweatshirt Hoody,4.4,,Clothing & Accessories,B01L8JJ59S,Hanes Branded Printwear,"2,485"
127,AE6NJNKPAKXU2NF3HX2VTIPFDUJQ,True,Love it,Very warm! Love the colour,"June 19, 2018",Van,5.0,0,https://www.amazon.ca/gp/profile/amzn1.account.AE6NJNKPAKXU2NF3HX2VTIPFDUJQ/ref=cm_cr_getr_d_gw_btm?ie=UTF8,2020-09-28 19:31:15.835832,2020-09-28 19:31:15.974425,Hanes Mens Pullover EcoSmart Fleece Hooded Sweatshirt Hoody,4.4,,Clothing & Accessories,B01L8JJ59S,Hanes Branded Printwear,"2,485"
128,AEC65NNZ5OSHMISF2HHPVSBGCCZQ,True,Good,Soft and well made,"May 8, 2019",Amazon Customer,5.0,0,https://www.amazon.ca/gp/profile/amzn1.account.AEC65NNZ5OSHMISF2HHPVSBGCCZQ/ref=cm_cr_getr_d_gw_btm?ie=UTF8,2020-09-28 19:31:15.978328,2020-09-28 19:31:16.146200,Hanes Mens Pullover EcoSmart Fleece Hooded Sweatshirt Hoody,4.4,,Clothing & Accessories,B01L8JJ59S,Hanes Branded Printwear,"2,485"
129,AHGR2C3B35DJHM22FAUFYSWQN22A,True,Just what I ordered!!,"Perfect hoodie, delivered on time.","November 26, 2018",Amazon Customer,5.0,0,https://www.amazon.ca/gp/profile/amzn1.account.AHGR2C3B35DJHM22FAUFYSWQN22A/ref=cm_cr_getr_d_gw_btm?ie=UTF8,2020-09-28 19:31:16.151080,2020-09-28 19:31:16.329687,Hanes Mens Pullover EcoSmart Fleece Hooded Sweatshirt Hoody,4.4,,Clothing & Accessories,B01L8JJ59S,Hanes Branded Printwear,"2,485"
130,AHNDRYD2IJRL4LT5OHAZI2XYSAPA,True,Soft and comfortable,Love the color and is so comfortable. The hood is a little puffy for me but that's okay,"October 10, 2018",Thank you,5.0,0,https://www.amazon.ca/gp/profile/amzn1.account.AHNDRYD2IJRL4LT5OHAZI2XYSAPA/ref=cm_cr_getr_d_gw_btm?ie=UTF8,2020-09-28 19:31:20.443265,2020-09-28 19:31:20.644325,Hanes Mens Pullover EcoSmart Fleece Hooded Sweatshirt Hoody,4.4,,Clothing & Accessories,B01L8JJ59S,Hanes Branded Printwear,"2,485"
131,AHHL6CODAKDS25QITYMBVNR3MDFQ,True,Five Stars,very nice...,"March 23, 2018",Kleo,5.0,0,https://www.amazon.ca/gp/profile/amzn1.account.AHHL6CODAKDS25QITYMBVNR3MDFQ/ref=cm_cr_getr_d_gw_btm?ie=UTF8,2020-09-28 19:31:20.651151,2020-09-28 19:31:20.809263,Hanes Mens Pullover EcoSmart Fleece Hooded Sweatshirt Hoody,4.4,,Clothing & Accessories,B01L8JJ59S,Hanes Branded Printwear,"2,485"
132,AFDWSDRWO4YKKE2VWLJCHBEZFBBQ,True,Four Stars,For the price its a Bargain.,"January 3, 2018",Brian Smith,4.0,0,https://www.amazon.ca/gp/profile/amzn1.account.AFDWSDRWO4YKKE2VWLJCHBEZFBBQ/ref=cm_cr_getr_d_gw_btm?ie=UTF8,2020-09-28 19:31:20.814143,2020-09-28 19:31:20.953711,Hanes Mens Pullover EcoSmart Fleece Hooded Sweatshirt Hoody,4.4,,Clothing & Accessories,B01L8JJ59S,Hanes Branded Printwear,"2,485"
133,AE6C4UOXDAYF2WK6ERKIH3HKTBNQ,True,J’adore,Super confortable,"May 14, 2020",Salma,5.0,0,https://www.amazon.ca/gp/profile/amzn1.account.AE6C4UOXDAYF2WK6ERKIH3HKTBNQ/ref=cm_cr_getr_d_gw_btm?ie=UTF8,2020-09-28 19:31:20.959567,2020-09-28 19:31:21.154766,Hanes Mens Pullover EcoSmart Fleece Hooded Sweatshirt Hoody,4.4,,Clothing & Accessories,B01L8JJ59S,Hanes Branded Printwear,"2,485"
134,AFQHRDMB7HMFKM4EZARWB6UDHZSA,True,Five Stars,Très satisfait. Merci,"November 21, 2017",Luc Proulx,5.0,0,https://www.amazon.ca/gp/profile/amzn1.account.AFQHRDMB7HMFKM4EZARWB6UDHZSA/ref=cm_cr_getr_d_gw_btm?ie=UTF8,2020-09-28 19:31:21.158670,2020-09-28 19:31:21.298238,Hanes Mens Pullover EcoSmart Fleece Hooded Sweatshirt Hoody,4.4,,Clothing & Accessories,B01L8JJ59S,Hanes Branded Printwear,"2,485"
135,AEQXMU2DV33PRTGP6S4VYP7DIEZQ,True,Four Stars,good fit,"September 26, 2017",frances greeley,4.0,0,https://www.amazon.ca/gp/profile/amzn1.account.AEQXMU2DV33PRTGP6S4VYP7DIEZQ/ref=cm_cr_getr_d_gw_btm?ie=UTF8,2020-09-28 19:31:21.303118,2020-09-28 19:31:21.491486,Hanes Mens Pullover EcoSmart Fleece Hooded Sweatshirt Hoody,4.4,,Clothing & Accessories,B01L8JJ59S,Hanes Branded Printwear,"2,485"
136,AF5EF6URIJDZTBCFTQVGBLHDVWGQ,True,Great buy,"Perfect fit, great quality. If you're a larger guy, then this is the perfect hoodie","November 15, 2018",Stephanie Ellerton,5.0,0,https://www.amazon.ca/gp/profile/amzn1.account.AF5EF6URIJDZTBCFTQVGBLHDVWGQ/ref=cm_cr_getr_d_gw_btm?ie=UTF8,2020-09-28 19:31:21.497342,2020-09-28 19:31:21.649597,Hanes Mens Pullover EcoSmart Fleece Hooded Sweatshirt Hoody,4.4,,Clothing & Accessories,B01L8JJ59S,Hanes Branded Printwear,"2,485"
137,AHLPOHLMYSAJLKJZ6IXUEGTLETNA,True,Reasonable and nyc,Like it,"January 16, 2020",Sukhmeet Singh hora,5.0,0,https://www.amazon.ca/gp/profile/amzn1.account.AHLPOHLMYSAJLKJZ6IXUEGTLETNA/ref=cm_cr_getr_d_gw_btm?ie=UTF8,2020-09-28 19:31:21.654477,2020-09-28 19:31:21.839916,Hanes Mens Pullover EcoSmart Fleece Hooded Sweatshirt Hoody,4.4,,Clothing & Accessories,B01L8JJ59S,Hanes Branded Printwear,"2,485"
138,AGNEOAOW2424PVV5GBNBF6D2WY6Q,True,Great product!,My son loves this hoodie! Says it is perfect!,"November 26, 2019",Amazon Customer,5.0,0,https://www.amazon.ca/gp/profile/amzn1.account.AGNEOAOW2424PVV5GBNBF6D2WY6Q/ref=cm_cr_getr_d_gw_btm?ie=UTF8,2020-09-28 19:31:21.851628,2020-09-28 19:31:21.984364,Hanes Mens Pullover EcoSmart Fleece Hooded Sweatshirt Hoody,4.4,,Clothing & Accessories,B01L8JJ59S,Hanes Branded Printwear,"2,485"
139,AFA22PBCRNHD3SDGLQ6OCK7MA5UA,True,Perfect fit,Great value,"December 25, 2018",Josh Smeltzer ,5.0,0,https://www.amazon.ca/gp/profile/amzn1.account.AFA22PBCRNHD3SDGLQ6OCK7MA5UA/ref=cm_cr_getr_d_gw_btm?ie=UTF8,2020-09-28 19:31:21.988268,2020-09-28 19:31:22.100508,Hanes Mens Pullover EcoSmart Fleece Hooded Sweatshirt Hoody,4.4,,Clothing & Accessories,B01L8JJ59S,Hanes Branded Printwear,"2,485"
140,AEZWGUBSOWEYDIZ3B643PYDCIR2Q,True,Comfortable,I bought for my son .he loves .,"November 12, 2018",Poonam Ray,5.0,0,https://www.amazon.ca/gp/profile/amzn1.account.AEZWGUBSOWEYDIZ3B643PYDCIR2Q/ref=cm_cr_getr_d_gw_btm?ie=UTF8,2020-09-28 19:31:24.241505,2020-09-28 19:31:24.403519,Hanes Mens Pullover EcoSmart Fleece Hooded Sweatshirt Hoody,4.4,,Clothing & Accessories,B01L8JJ59S,Hanes Branded Printwear,"2,485"
141,AH4JSEXI422LZKQ5DS2I5ETN2CMQ,True,Great,Great,"November 20, 2019",Amazon Customer,5.0,0,https://www.amazon.ca/gp/profile/amzn1.account.AH4JSEXI422LZKQ5DS2I5ETN2CMQ/ref=cm_cr_getr_d_gw_btm?ie=UTF8,2020-09-28 19:31:24.409375,2020-09-28 19:31:24.561631,Hanes Mens Pullover EcoSmart Fleece Hooded Sweatshirt Hoody,4.4,,Clothing & Accessories,B01L8JJ59S,Hanes Branded Printwear,"2,485"
142,AFNXOA36AG25PXN7PTRUQ7YEGB5A,True,Good product,Good product,"February 5, 2020",Abdelatif Abualya,5.0,0,https://www.amazon.ca/gp/profile/amzn1.account.AFNXOA36AG25PXN7PTRUQ7YEGB5A/ref=cm_cr_getr_d_gw_btm?ie=UTF8,2020-09-28 19:31:24.567487,2020-09-28 19:31:24.690463,Hanes Mens Pullover EcoSmart Fleece Hooded Sweatshirt Hoody,4.4,,Clothing & Accessories,B01L8JJ59S,Hanes Branded Printwear,"2,485"
143,AGNOUR2AC3KOHPUYT2C6JBDJD2AQ,True,Five Stars,"Good, thin.","March 1, 2017",Iam Karl,5.0,0,https://www.amazon.ca/gp/profile/amzn1.account.AGNOUR2AC3KOHPUYT2C6JBDJD2AQ/ref=cm_cr_getr_d_gw_btm?ie=UTF8,2020-09-28 19:31:24.694368,2020-09-28 19:31:24.813439,Hanes Mens Pullover EcoSmart Fleece Hooded Sweatshirt Hoody,4.4,,Clothing & Accessories,B01L8JJ59S,Hanes Branded Printwear,"2,485"
144,AGBW6P2FAD6CNU5X37QCT4LWWVLA,True,Embedded smell,The material has a smell you can't was out,"January 6, 2020",Renate,2.0,0,https://www.amazon.ca/gp/profile/amzn1.account.AGBW6P2FAD6CNU5X37QCT4LWWVLA/ref=cm_cr_getr_d_gw_btm?ie=UTF8,2020-09-28 19:31:24.817342,2020-09-28 19:31:24.954958,Hanes Mens Pullover EcoSmart Fleece Hooded Sweatshirt Hoody,4.4,,Clothing & Accessories,B01L8JJ59S,Hanes Branded Printwear,"2,485"
145,AEAMOYERLMV5C7OWCRYETOSSNPJA,True,So comfortable,"Very soft fabric inside, super comfy. A bit smaller than expected","January 18, 2019",Charles Dumont,4.0,0,https://www.amazon.ca/gp/profile/amzn1.account.AEAMOYERLMV5C7OWCRYETOSSNPJA/ref=cm_cr_getr_d_gw_btm?ie=UTF8,2020-09-28 19:31:24.958862,2020-09-28 19:31:25.077934,Hanes Mens Pullover EcoSmart Fleece Hooded Sweatshirt Hoody,4.4,,Clothing & Accessories,B01L8JJ59S,Hanes Branded Printwear,"2,485"
146,AEUTQAAJY5EKHDY7YZOR6BTNR7NA,True,Came on time,Good hoodie,"January 22, 2019",zane noseworthy,5.0,0,https://www.amazon.ca/gp/profile/amzn1.account.AEUTQAAJY5EKHDY7YZOR6BTNR7NA/ref=cm_cr_getr_d_gw_btm?ie=UTF8,2020-09-28 19:31:25.081839,2020-09-28 19:31:25.222383,Hanes Mens Pullover EcoSmart Fleece Hooded Sweatshirt Hoody,4.4,,Clothing & Accessories,B01L8JJ59S,Hanes Branded Printwear,"2,485"
147,AETCV3Y3TKZI4SIKIQJNGYMRQ5LQ,True,Exactly what I expected,Nice quality. Very comfy and thin. Great for chilly summer nights 👍🏾,"May 29, 2018",Mark,5.0,0,https://www.amazon.ca/gp/profile/amzn1.account.AETCV3Y3TKZI4SIKIQJNGYMRQ5LQ/ref=cm_cr_getr_d_gw_btm?ie=UTF8,2020-09-28 19:31:25.227261,2020-09-28 19:31:25.347309,Hanes Mens Pullover EcoSmart Fleece Hooded Sweatshirt Hoody,4.4,,Clothing & Accessories,B01L8JJ59S,Hanes Branded Printwear,"2,485"
148,AGCH5WVKBWKGYO3P4TWI32KTN7IQ,True,Son loves this. Will be ordering another in a ...,Son loves this . Will be ordering another in a different colour.,"May 24, 2017",Amazon Customer,4.0,0,https://www.amazon.ca/gp/profile/amzn1.account.AGCH5WVKBWKGYO3P4TWI32KTN7IQ/ref=cm_cr_getr_d_gw_btm?ie=UTF8,2020-09-28 19:31:25.351213,2020-09-28 19:31:25.480045,Hanes Mens Pullover EcoSmart Fleece Hooded Sweatshirt Hoody,4.4,,Clothing & Accessories,B01L8JJ59S,Hanes Branded Printwear,"2,485"
149,AG2NMMWEGGDBACO2SAFHECN2CYDQ,True,Five Stars,Bought for husband for work and he's happy with it.,"January 5, 2018",Katrina Collier,5.0,0,https://www.amazon.ca/gp/profile/amzn1.account.AG2NMMWEGGDBACO2SAFHECN2CYDQ/ref=cm_cr_getr_d_gw_btm?ie=UTF8,2020-09-28 19:31:25.489804,2020-09-28 19:31:25.614733,Hanes Mens Pullover EcoSmart Fleece Hooded Sweatshirt Hoody,4.4,,Clothing & Accessories,B01L8JJ59S,Hanes Branded Printwear,"2,485"
150,AFFRVIELYOA2QNWQUR7OTAVT4DAQ,True,Sizing,Sizing up just makes it wider not longer. Sits a little higher on the waste then desired.,"January 9, 2019",Raymae,5.0,0,https://www.amazon.ca/gp/profile/amzn1.account.AFFRVIELYOA2QNWQUR7OTAVT4DAQ/ref=cm_cr_getr_d_gw_btm?ie=UTF8,2020-09-28 19:31:31.741227,2020-09-28 19:31:31.867163,Hanes Mens Pullover EcoSmart Fleece Hooded Sweatshirt Hoody,4.4,,Clothing & Accessories,B01L8JJ59S,Hanes Branded Printwear,"2,485"
151,AH4SFJAU7XSBILGHWRGK4A2KAICA,True,Five Stars,Goo price fits nice. Very happy,"January 15, 2017",Tracy,5.0,0,https://www.amazon.ca/gp/profile/amzn1.account.AH4SFJAU7XSBILGHWRGK4A2KAICA/ref=cm_cr_getr_d_gw_btm?ie=UTF8,2020-09-28 19:31:31.871066,2020-09-28 19:31:32.017466,Hanes Mens Pullover EcoSmart Fleece Hooded Sweatshirt Hoody,4.4,,Clothing & Accessories,B01L8JJ59S,Hanes Branded Printwear,"2,485"
152,AGPGB3JNNR7G7M22GCOHJAZT6CEQ,True,👌,Très très bien,"December 6, 2019",Keaven,5.0,0,https://www.amazon.ca/gp/profile/amzn1.account.AGPGB3JNNR7G7M22GCOHJAZT6CEQ/ref=cm_cr_getr_d_gw_btm?ie=UTF8,2020-09-28 19:31:32.022346,2020-09-28 19:31:32.146300,Hanes Mens Pullover EcoSmart Fleece Hooded Sweatshirt Hoody,4.4,,Clothing & Accessories,B01L8JJ59S,Hanes Branded Printwear,"2,485"
153,AHBRDEEGUYUK6I56UJSOFZIXX25Q,True,Five Stars,dur a battre pour moins de 20$,"November 20, 2017",Client d'Amazon,5.0,0,https://www.amazon.ca/gp/profile/amzn1.account.AHBRDEEGUYUK6I56UJSOFZIXX25Q/ref=cm_cr_getr_d_gw_btm?ie=UTF8,2020-09-28 19:31:32.151178,2020-09-28 19:31:32.280009,Hanes Mens Pullover EcoSmart Fleece Hooded Sweatshirt Hoody,4.4,,Clothing & Accessories,B01L8JJ59S,Hanes Branded Printwear,"2,485"
154,AGI2LLGGMPCFPFGD6ZZFC6NFHA4Q,True,Great,This product is really great,"September 13, 2020",Ghiath,4.0,0,https://www.amazon.ca/gp/profile/amzn1.account.AGI2LLGGMPCFPFGD6ZZFC6NFHA4Q/ref=cm_cr_getr_d_gw_btm?ie=UTF8,2020-09-28 19:31:32.283914,2020-09-28 19:31:32.425433,Hanes Mens Pullover EcoSmart Fleece Hooded Sweatshirt Hoody,4.4,,Clothing & Accessories,B01L8JJ59S,Hanes Branded Printwear,"2,485"
155,AGTUTRMSSIDAWYBY4IQNWKD4DT5A,True,Good fit,Wow,"December 25, 2019",Nicole Magnusson,5.0,0,https://www.amazon.ca/gp/profile/amzn1.account.AGTUTRMSSIDAWYBY4IQNWKD4DT5A/ref=cm_cr_getr_d_gw_btm?ie=UTF8,2020-09-28 19:31:32.429337,2020-09-28 19:31:32.570857,Hanes Mens Pullover EcoSmart Fleece Hooded Sweatshirt Hoody,4.4,,Clothing & Accessories,B01L8JJ59S,Hanes Branded Printwear,"2,485"
156,AEJQX5ADDKHB3CWA5N2YUENGRU6A,True,Good purchase,Very comfortable,"February 8, 2020",Amazon Customer,5.0,0,https://www.amazon.ca/gp/profile/amzn1.account.AEJQX5ADDKHB3CWA5N2YUENGRU6A/ref=cm_cr_getr_d_gw_btm?ie=UTF8,2020-09-28 19:31:32.575737,2020-09-28 19:31:32.795337,Hanes Mens Pullover EcoSmart Fleece Hooded Sweatshirt Hoody,4.4,,Clothing & Accessories,B01L8JJ59S,Hanes Branded Printwear,"2,485"
157,AFF2E5UKG47M5K6FES4L56D6ZRQQ,True,Five Stars,Good,"February 28, 2018",Wicky,5.0,One,https://www.amazon.ca/gp/profile/amzn1.account.AFF2E5UKG47M5K6FES4L56D6ZRQQ/ref=cm_cr_getr_d_gw_btm?ie=UTF8,2020-09-28 19:31:32.800218,2020-09-28 19:31:32.941736,Hanes Mens Pullover EcoSmart Fleece Hooded Sweatshirt Hoody,4.4,,Clothing & Accessories,B01L8JJ59S,Hanes Branded Printwear,"2,485"
158,AGNF7YYDE4G4NGFTEH472P7TZU7Q,True,One Star,Extremely small ordered 4xl fits like xl,"December 7, 2017",GURDAT,1.0,One,https://www.amazon.ca/gp/profile/amzn1.account.AGNF7YYDE4G4NGFTEH472P7TZU7Q/ref=cm_cr_getr_d_gw_btm?ie=UTF8,2020-09-28 19:31:32.945640,2020-09-28 19:31:33.153528,Hanes Mens Pullover EcoSmart Fleece Hooded Sweatshirt Hoody,4.4,,Clothing & Accessories,B01L8JJ59S,Hanes Branded Printwear,"2,485"
159,AENRYROMYZEKAUSKAEYR6IGHSGDA,True,short torso,the sweater has a short torso,"December 19, 2018",dale,3.0,0,https://www.amazon.ca/gp/profile/amzn1.account.AENRYROMYZEKAUSKAEYR6IGHSGDA/ref=cm_cr_getr_d_gw_btm?ie=UTF8,2020-09-28 19:31:33.166216,2020-09-28 19:31:33.336039,Hanes Mens Pullover EcoSmart Fleece Hooded Sweatshirt Hoody,4.4,,Clothing & Accessories,B01L8JJ59S,Hanes Branded Printwear,"2,485"
160,AGR7CKOEVQ3SPUAOAMV3Y2DNBVKA,True,Decent,Material started to rip on sleeve,"December 11, 2018",Amrit gill,1.0,0,https://www.amazon.ca/gp/profile/amzn1.account.AGR7CKOEVQ3SPUAOAMV3Y2DNBVKA/ref=cm_cr_getr_d_gw_btm?ie=UTF8,2020-09-28 19:31:38.478819,2020-09-28 19:31:38.624239,Hanes Mens Pullover EcoSmart Fleece Hooded Sweatshirt Hoody,4.4,,Clothing & Accessories,B01L8JJ59S,Hanes Branded Printwear,"2,485"
161,AGV5LYJTCW6GF37TEGTDQW4NIIIA,True,Five Stars,Fit nicely and very soft,"October 17, 2017",Amazon Customer,5.0,0,https://www.amazon.ca/gp/profile/amzn1.account.AGV5LYJTCW6GF37TEGTDQW4NIIIA/ref=cm_cr_getr_d_gw_btm?ie=UTF8,2020-09-28 19:31:38.629119,2020-09-28 19:31:38.786255,Hanes Mens Pullover EcoSmart Fleece Hooded Sweatshirt Hoody,4.4,,Clothing & Accessories,B01L8JJ59S,Hanes Branded Printwear,"2,485"
162,AGQ3EOAY3R7KNDMQXDCEGNZ6VCSQ,True,really good simple hoodie,"Really, really good simple hoodie.","December 7, 2017",Ethiopia,5.0,0,https://www.amazon.ca/gp/profile/amzn1.account.AGQ3EOAY3R7KNDMQXDCEGNZ6VCSQ/ref=cm_cr_getr_d_gw_btm?ie=UTF8,2020-09-28 19:31:38.790158,2020-09-28 19:31:38.905327,Hanes Mens Pullover EcoSmart Fleece Hooded Sweatshirt Hoody,4.4,,Clothing & Accessories,B01L8JJ59S,Hanes Branded Printwear,"2,485"
163,AEHOPPFLMFANZO4GHEUH7E5VUMQA,True,Four Stars,good product but little bit large,"December 13, 2017",arsh,4.0,0,https://www.amazon.ca/gp/profile/amzn1.account.AEHOPPFLMFANZO4GHEUH7E5VUMQA/ref=cm_cr_getr_d_gw_btm?ie=UTF8,2020-09-28 19:31:38.908254,2020-09-28 19:31:39.052732,Hanes Mens Pullover EcoSmart Fleece Hooded Sweatshirt Hoody,4.4,,Clothing & Accessories,B01L8JJ59S,Hanes Branded Printwear,"2,485"
164,AGTW5HRBQKGGJZRJ4ZHOFYUDCGKA,True,Five Stars,is comfy men,"March 9, 2017",Bel,5.0,0,https://www.amazon.ca/gp/profile/amzn1.account.AGTW5HRBQKGGJZRJ4ZHOFYUDCGKA/ref=cm_cr_getr_d_gw_btm?ie=UTF8,2020-09-28 19:31:39.057612,2020-09-28 19:31:39.177659,Hanes Mens Pullover EcoSmart Fleece Hooded Sweatshirt Hoody,4.4,,Clothing & Accessories,B01L8JJ59S,Hanes Branded Printwear,"2,485"
165,AGOK2M2CNW733XTWJ4HTANX6QYRA,True,"Quality is OK, but way too small for the size listed.","I ordered an XL because i normally take a L. The XL is somewhere between a M and L. So definitely order bigger than you usually buy. Quality is OK, but not what I expected from a brand name product. Cheapo-depot ripoff..... not worth returning.","April 3, 2018",Andy1,3.0,One,https://www.amazon.ca/gp/profile/amzn1.account.AGOK2M2CNW733XTWJ4HTANX6QYRA/ref=cm_cr_getr_d_gw_btm?ie=UTF8,2020-09-28 19:31:39.181563,2020-09-28 19:31:39.306491,Hanes Mens Pullover EcoSmart Fleece Hooded Sweatshirt Hoody,4.4,,Clothing & Accessories,B01L8JJ59S,Hanes Branded Printwear,"2,485"
166,AEQXF64QFCHUC3OJPI2WEQVLJAQQ,True,"Comfortable, soft on the inside","Comfortable, soft on the inside. Loved the black as I used it for a project or two. I'm very happy with the large pocket at the front. I wear it very frequently.","December 22, 2017",Client d'Amazon,4.0,2,https://www.amazon.ca/gp/profile/amzn1.account.AEQXF64QFCHUC3OJPI2WEQVLJAQQ/ref=cm_cr_getr_d_gw_btm?ie=UTF8,2020-09-28 19:31:39.310394,2020-09-28 19:31:39.450939,Hanes Mens Pullover EcoSmart Fleece Hooded Sweatshirt Hoody,4.4,,Clothing & Accessories,B01L8JJ59S,Hanes Branded Printwear,"2,485"
167,AFSQNWROKM7W2A52BF3E7EAMZWCQ,False,Would buy again,True to size. Nice color. Sleves are good and long. Soft inside. Happy thx.,"October 11, 2018",AmazonShopper,5.0,0,https://www.amazon.ca/gp/profile/amzn1.account.AFSQNWROKM7W2A52BF3E7EAMZWCQ/ref=cm_cr_getr_d_gw_btm?ie=UTF8,2020-09-28 19:31:39.455819,2020-09-28 19:31:39.569034,Hanes Mens Pullover EcoSmart Fleece Hooded Sweatshirt Hoody,4.4,,Clothing & Accessories,B01L8JJ59S,Hanes Branded Printwear,"2,485"
168,AE2QNMQRG2WS72NKX3XDBU4ZWQEA,False,Good buy,Good buy,"December 8, 2019",Dave and Melissa Ivanore,4.0,0,https://www.amazon.ca/gp/profile/amzn1.account.AE2QNMQRG2WS72NKX3XDBU4ZWQEA/ref=cm_cr_getr_d_gw_btm?ie=UTF8,2020-09-28 19:31:39.573914,2020-09-28 19:31:39.708602,Hanes Mens Pullover EcoSmart Fleece Hooded Sweatshirt Hoody,4.4,,Clothing & Accessories,B01L8JJ59S,Hanes Branded Printwear,"2,485"
169,AHHFIBH7MJI3UCMAKKWCQRQRQHNA,False,LOVE IT,I love this sweater. I bought this sweater in men's XL because women's stuff is always too small for my chest. I would highly recommend. It's perfect.,"January 17, 2018",Elisha,5.0,0,https://www.amazon.ca/gp/profile/amzn1.account.AHHFIBH7MJI3UCMAKKWCQRQRQHNA/ref=cm_cr_getr_d_gw_btm?ie=UTF8,2020-09-28 19:31:39.714457,2020-09-28 19:31:39.824745,Hanes Mens Pullover EcoSmart Fleece Hooded Sweatshirt Hoody,4.4,,Clothing & Accessories,B01L8JJ59S,Hanes Branded Printwear,"2,485"
170,AHTGRMGCLPDCB46MBHV72VN3JU4A,False,Nice,"Looks good, feels good. Fast shipping with prime. Great product.","January 12, 2018",Brandon Boudreau,5.0,0,https://www.amazon.ca/gp/profile/amzn1.account.AHTGRMGCLPDCB46MBHV72VN3JU4A/ref=cm_cr_getr_d_gw_btm?ie=UTF8,2020-09-28 19:31:42.934805,2020-09-28 19:31:43.071444,Hanes Mens Pullover EcoSmart Fleece Hooded Sweatshirt Hoody,4.4,,Clothing & Accessories,B01L8JJ59S,Hanes Branded Printwear,"2,485"
171,AFOGKEJYXP2E4QFL3LMCOHD2I4DQ,False,merci,merci,"November 22, 2018",verry fast!,5.0,0,https://www.amazon.ca/gp/profile/amzn1.account.AFOGKEJYXP2E4QFL3LMCOHD2I4DQ/ref=cm_cr_getr_d_gw_btm?ie=UTF8,2020-09-28 19:31:43.075348,2020-09-28 19:31:43.186613,Hanes Mens Pullover EcoSmart Fleece Hooded Sweatshirt Hoody,4.4,,Clothing & Accessories,B01L8JJ59S,Hanes Branded Printwear,"2,485"
172,AFFEGTM63H73WPO3YVKKJDE5J4NA,False,Five Stars,Will buy more,"February 4, 2017",Amazon Customer,5.0,0,https://www.amazon.ca/gp/profile/amzn1.account.AFFEGTM63H73WPO3YVKKJDE5J4NA/ref=cm_cr_getr_d_gw_btm?ie=UTF8,2020-09-28 19:31:43.190516,2020-09-28 19:31:43.325247,Hanes Mens Pullover EcoSmart Fleece Hooded Sweatshirt Hoody,4.4,,Clothing & Accessories,B01L8JJ59S,Hanes Branded Printwear,"2,485"
