,author_id,verified_purchase,review_title,reviews,date,reviewer_name,ratings,people_find_helpful,reviewer_profile_url,start_time,end_time,product_name,average_rating,total_reviews,product_category,product_id,brand_name,rank
0,AF6UVLXQ4RQT6GNLALU2XUSFIX3Q,True,Perfect fit!,"Amazing fit! Like a dupe for the brandy melville hoodies, its super comfy, oversized as i like it. Its perfect quality and its light and goes with any outfit! I have multiple colors.","July 2, 2020",Diya,5.0,43,https://www.amazon.ca/gp/profile/amzn1.account.AF6UVLXQ4RQT6GNLALU2XUSFIX3Q/ref=cm_cr_arp_d_gw_btm?ie=UTF8,2020-10-05 16:14:08.723150,2020-10-05 16:14:08.892972,Gildan Mens Fleece Zip Hooded Sweatshirt Shirt,4.5,,Clothing & Accessories,B01M0240TV,Gildan Men's Activewear,70
1,AGBSDK7OV66IIHXEDMCIB35DILUA,True,Can't complain at this price.,"There is no such thing as a perfect product and reading reviews can get into a persons head if you look long enough. I was a little gun shy on pulling the trigger for this after some of the reviews I read but I'm glad I eventually did. This hoodie is fantastic. Especially at this price point. I usually have a really hard time finding cloths that fit me because I have a bit of meat on my bones and I'm not into this ""slim fit"" phase that seems to be plaguing our planet. Thankfully, this hoodie fits exactly how I wanted it to. Not too tight yet not too baggy making me look like my crisscross high school years. Just an all around great and comy fit. I am ordering another color.","June 5, 2019",MAK,5.0,9,https://www.amazon.ca/gp/profile/amzn1.account.AGBSDK7OV66IIHXEDMCIB35DILUA/ref=cm_cr_arp_d_gw_btm?ie=UTF8,2020-10-05 16:14:08.897854,2020-10-05 16:14:09.046204,Gildan Mens Fleece Zip Hooded Sweatshirt Shirt,4.5,,Clothing & Accessories,B01M0240TV,Gildan Men's Activewear,70
2,AEZVCY3OH6DUMNMH5RL6GU5J7P7Q,True,"Exactly as advertised, very satisfied.","Exactly as advertised.
Fits perfectly the way I like it (a teensy bit lose) so I can wear other things beneath it.
Came out of the first wash w/o any pilling.
Color was stable (black), no light spots.
Hood fits well.
Cuffs are good.
Zipper is a good quality zipper.
For that price, not bad. Will order again.
Took some time to reach me, but free shipping, so there is that.","December 5, 2017",JC,5.0,8,https://www.amazon.ca/gp/profile/amzn1.account.AEZVCY3OH6DUMNMH5RL6GU5J7P7Q/ref=cm_cr_arp_d_gw_btm?ie=UTF8,2020-10-05 16:14:09.051085,2020-10-05 16:14:09.199436,Gildan Mens Fleece Zip Hooded Sweatshirt Shirt,4.5,,Clothing & Accessories,B01M0240TV,Gildan Men's Activewear,70
3,AEA5AROYRT45NCGAZTVHFPX52PZQ,True,Well Made but Fits Small and was Too Long for Me,"I normally wear a medium but found this hoodie to be on the small side. I liked the orange color, it's brighter and more vibrant than the Fruit of the Loom Hoodie but sadly the fit just didn't feel comfortable.

This hoodie is well made and has matching orange pull string through the hoodie. The zipper feels lightweight and cheps but for the price should last as long as the material of the jacket.

I would recommend ordering one size larger than you would normally wear. Also if you're short this hoodie is longer than some so take that into account.

The price is right however based on the fit ... I wouldn't buy it again","June 17, 2019",The Tech Guy,3.0,2,https://www.amazon.ca/gp/profile/amzn1.account.AEA5AROYRT45NCGAZTVHFPX52PZQ/ref=cm_cr_arp_d_gw_btm?ie=UTF8,2020-10-05 16:14:09.204316,2020-10-05 16:14:09.364380,Gildan Mens Fleece Zip Hooded Sweatshirt Shirt,4.5,,Clothing & Accessories,B01M0240TV,Gildan Men's Activewear,70
4,AFZHVSPK7S6QWEBBGJVPMEADXZ4Q,True,Great Quality Hoodie!,"What the rest of these reviews are saying is accurate. This is a quality hoodie that fits great all around. I'm also 5'6 and around 145lb and a small fits perfectly. It's snug but not uncomfortable at all. If you like a more loose fit go for a medium. There also wasn't any significant shrinkage after washing and drying.

My only complaint is that the zipper doesn't go as high as I'd normally like. There's a big gap around the neck which looks a little weird to me, but honestly it's pretty minor.","May 11, 2019",Brandon Lopes,5.0,4,https://www.amazon.ca/gp/profile/amzn1.account.AFZHVSPK7S6QWEBBGJVPMEADXZ4Q/ref=cm_cr_arp_d_gw_btm?ie=UTF8,2020-10-05 16:14:09.369260,2020-10-05 16:14:09.519563,Gildan Mens Fleece Zip Hooded Sweatshirt Shirt,4.5,,Clothing & Accessories,B01M0240TV,Gildan Men's Activewear,70
5,AHFKGPWJ2Y37NVVIGQH7BPO2TERQ,True,Get what u pay for,"Overall it's just ok. If you are between sizes go bigger. I bought a med and should of went with the lrg and they are made slim. The zipper is not smooth so need to pull up and down slowly or it will catch. Last but not least, both of them seem to have worn at the same place on the stomach area right of the zipper. Washed them only once so that's not the cause. Wouldn't buy them again.","January 26, 2020",JMac,3.0,3,https://www.amazon.ca/gp/profile/amzn1.account.AHFKGPWJ2Y37NVVIGQH7BPO2TERQ/ref=cm_cr_arp_d_gw_btm?ie=UTF8,2020-10-05 16:14:09.523471,2020-10-05 16:14:09.718667,Gildan Mens Fleece Zip Hooded Sweatshirt Shirt,4.5,,Clothing & Accessories,B01M0240TV,Gildan Men's Activewear,70
6,AF4AZWCGQVVNECDUGN5GJLWL3B3A,True,Excellent value!!,I’ve had this hoodie for 9 months now and it’s still in fantastic condition. I’ve found that zip up hoodies are usually a little more expensive but for $20 this garment is very high quality. It’s got a very good zipper and that’s usually where my hoodies and jackets start to break down. I’d have to say this is one of the top 2 hoodies I’ve ever owned. I have a lot of hoodies and I don’t need any more but I’m almost tempted to buy another just because they’re such a great value!,"July 2, 2020",C. Scott,5.0,0,https://www.amazon.ca/gp/profile/amzn1.account.AF4AZWCGQVVNECDUGN5GJLWL3B3A/ref=cm_cr_arp_d_gw_btm?ie=UTF8,2020-10-05 16:14:09.723547,2020-10-05 16:14:09.888494,Gildan Mens Fleece Zip Hooded Sweatshirt Shirt,4.5,,Clothing & Accessories,B01M0240TV,Gildan Men's Activewear,70
7,AFX46ZD7YAKQ7YRSCI2INGF3B76Q,True,Your girlfriend will steal this hoodie,"I'm writing this review because as I was scrolling through the review section I didn't see many reviews for people my size. I'm 5'10, 74.5 kg (164 lbs). I saw in the reviews many people recommend going a size up. Normally I'm a size Medium however, after seeing the reviews I got a Large. First off, I found the hoodie very comfortable, I really like the texture of it and it feels nice, I didn't find it feeling cheap. Length wise it perfect in my opinion! I'm very picky when it comes to lengths, I hate it when it's too short and I'm constantly pulling it down to convince people it's not a crop top that being said, I don't want to look like Cinderella either. My biggest issue is in the shoulder length. It's not even close to fitting me! Granted, I have pretty small shoulders (should really train those more often :/ ) however, even if I had boulder shoulders it'd still probably be off.

Overall, I'm giving this three out of five. Does it work as an oversized casual hoodie that your girlfriend will probably steal from you in two weeks, it definitely does! However, I wouldn't want to wear this to any sort of social event even a casual one. I hope someone found this review helpful!","September 15, 2020",Amazon Customer,3.0,0,https://www.amazon.ca/gp/profile/amzn1.account.AFX46ZD7YAKQ7YRSCI2INGF3B76Q/ref=cm_cr_arp_d_gw_btm?ie=UTF8,2020-10-05 16:14:09.894347,2020-10-05 16:14:10.048555,Gildan Mens Fleece Zip Hooded Sweatshirt Shirt,4.5,,Clothing & Accessories,B01M0240TV,Gildan Men's Activewear,70
8,AFDORWA2A2RMYCXFLHFR3Y7USUGQ,True,Buy one size larger than your normal size for a looser fit.,"X large fitted more like a large, but was okay. If you prefer a loose fit best to add one size to your normal fit. Quality was good for the price. Not a super heavy lining if you are looking for a heavy hoodie.","April 10, 2020",Sally Ali,4.0,One,https://www.amazon.ca/gp/profile/amzn1.account.AFDORWA2A2RMYCXFLHFR3Y7USUGQ/ref=cm_cr_arp_d_gw_btm?ie=UTF8,2020-10-05 16:14:10.053434,2020-10-05 16:14:10.215451,Gildan Mens Fleece Zip Hooded Sweatshirt Shirt,4.5,,Clothing & Accessories,B01M0240TV,Gildan Men's Activewear,70
9,AEQQ4VFVWDFEEZV6T6WOYKJTXRDQ,True,Excellent Zip Hoodie.,"Gildan makes a great hoodie. I'm 5'6 130 lbs I ordered the small and it fits great. This doesn't have the ""manly"" fit thats boxy and loose. Great basic zip hoodie for a super great price. I will def be ordering more in different colors. The length is at the hip and fits snug, doesn't feel like it will stretch out and end up looking raggy. HIGHLY recommend. Gildan won't disappoint.","January 25, 2019",Kimberly Musu,5.0,0,https://www.amazon.ca/gp/profile/amzn1.account.AEQQ4VFVWDFEEZV6T6WOYKJTXRDQ/ref=cm_cr_arp_d_gw_btm?ie=UTF8,2020-10-05 16:14:10.221305,2020-10-05 16:14:10.358921,Gildan Mens Fleece Zip Hooded Sweatshirt Shirt,4.5,,Clothing & Accessories,B01M0240TV,Gildan Men's Activewear,70
10,AH5N2NAOCPCNNV4NU6AEEWUT75UQ,True,Looks nice - Pills quickly,"After about 5 washes it started to pill. I would opt for a better quality sweater next time as I probably can't wear this one for much longer. Also, hair and pet hair stick to it quite a lot and I have to lint roll it more than any other of my clothing.","September 15, 2020",Jessica,4.0,0,https://www.amazon.ca/gp/profile/amzn1.account.AH5N2NAOCPCNNV4NU6AEEWUT75UQ/ref=cm_cr_getr_d_gw_btm?ie=UTF8,2020-10-05 16:14:16.493035,2020-10-05 16:14:16.628698,Gildan Mens Fleece Zip Hooded Sweatshirt Shirt,4.5,,Clothing & Accessories,B01M0240TV,Gildan Men's Activewear,70
11,AEA4Z5CRJBX5B645LUYTD6UCFF6Q,True,Bang for the buck,"These are great for the money. I'm 6'3"" 215 lbs and the XL was exactly the size and fit I wanted. It will shrink in the dryer though, but after washing it again and hang drying it the original size returned, which I prefer.","September 12, 2020",Matthew G.,5.0,0,https://www.amazon.ca/gp/profile/amzn1.account.AEA4Z5CRJBX5B645LUYTD6UCFF6Q/ref=cm_cr_getr_d_gw_btm?ie=UTF8,2020-10-05 16:14:16.633578,2020-10-05 16:14:16.767301,Gildan Mens Fleece Zip Hooded Sweatshirt Shirt,4.5,,Clothing & Accessories,B01M0240TV,Gildan Men's Activewear,70
12,AGE5PZKYNB7QB2DHMWIIQXXNALSA,True,"Too pale, misleading image.","I purchased this for hunting, and we have strict rules on orange clothing. This sweater may be too pale for regulations. See photo (right). I purchased this at the same time as the hat (Carhartt Fleece Hat), and I was worried that the hat would be too pale based on the store images, but it turns out that the opposite is true. Strangely enough, the inner material is a more intense colour than the outer. I guess I'll just have to wear this rag inside out.","June 23, 2020",Kindle Customer,1.0,0,https://www.amazon.ca/gp/profile/amzn1.account.AGE5PZKYNB7QB2DHMWIIQXXNALSA/ref=cm_cr_getr_d_gw_btm?ie=UTF8,2020-10-05 16:14:16.772181,2020-10-05 16:14:16.925413,Gildan Mens Fleece Zip Hooded Sweatshirt Shirt,4.5,,Clothing & Accessories,B01M0240TV,Gildan Men's Activewear,70
13,AFE2PULSXHDIMGAPTZEQBTD6JZUA,True,Bigger than expected,"I bought XL (which is my regular size) but it was waaaaaaaaay bigger than expected. But I could give it as a gift at least, apart from that in general is good quality, light, for mid season since is more on the thin side.","July 20, 2020",fsepu87,3.0,0,https://www.amazon.ca/gp/profile/amzn1.account.AFE2PULSXHDIMGAPTZEQBTD6JZUA/ref=cm_cr_getr_d_gw_btm?ie=UTF8,2020-10-05 16:14:16.931268,2020-10-05 16:14:17.075715,Gildan Mens Fleece Zip Hooded Sweatshirt Shirt,4.5,,Clothing & Accessories,B01M0240TV,Gildan Men's Activewear,70
14,AFE2PULSXHDIMGAPTZEQBTD6JZUA,True,Bigger than expected,"I bought XL (which is my regular size) but it was waaaaaaaaay bigger than expected. But I could give it as a gift at least, apart from that in general is good quality, light, for mid season since is more on the thin side.","July 20, 2020",fsepu87,3.0,0,https://www.amazon.ca/gp/profile/amzn1.account.AFE2PULSXHDIMGAPTZEQBTD6JZUA/ref=cm_cr_getr_d_gw_btm?ie=UTF8,2020-10-05 16:14:17.079620,2020-10-05 16:14:17.212355,Gildan Mens Fleece Zip Hooded Sweatshirt Shirt,4.5,,Clothing & Accessories,B01M0240TV,Gildan Men's Activewear,70
15,AGTCF7BHLLGAQEVSROR663YFGROQ,True,Decent but awful zipper,"I’d like it a lot more with a different zipper. The zipper on this sweater is heavy duty metal with sharp teeth. It’s way too heavy duty for a mid weight sweater like this. If it has a smooth plastic tooth zipper, I’d rate it much higher.","October 23, 2018",Amazon Customer,3.0,One,https://www.amazon.ca/gp/profile/amzn1.account.AGTCF7BHLLGAQEVSROR663YFGROQ/ref=cm_cr_getr_d_gw_btm?ie=UTF8,2020-10-05 16:14:17.217235,2020-10-05 16:14:17.366564,Gildan Mens Fleece Zip Hooded Sweatshirt Shirt,4.5,,Clothing & Accessories,B01M0240TV,Gildan Men's Activewear,70
16,AE33CPSUS2J657R4GJFLNEDSLS5A,True,Hi-Vis for cycling med. weight,"Bought for my teen son for cycling. He was wearing a black hoodie before but as a worried mother I want him to be safe. It is super bright and he thinks I am crazy but he likes it! The brighter the better when cycling I say!
Now for some orange shorts and blue socks ;0).
Oh it's super soft inside. A medium weight for summer evenings or fall. & a good metal zipper too","July 26, 2020",Mrs. R.,4.0,0,https://www.amazon.ca/gp/profile/amzn1.account.AE33CPSUS2J657R4GJFLNEDSLS5A/ref=cm_cr_getr_d_gw_btm?ie=UTF8,2020-10-05 16:14:17.372451,2020-10-05 16:14:17.509058,Gildan Mens Fleece Zip Hooded Sweatshirt Shirt,4.5,,Clothing & Accessories,B01M0240TV,Gildan Men's Activewear,70
17,AGZGS74DMK7RSJG2EM5W3QLSD7SQ,True,Very nice basic hoodie with well working zipper. Looks like the picture,Medium thick so good for any weather. My daughter likes it. I ordered other kinds different colors for myself and my son. All washes and wear well. Good deal. Thank you!,"July 20, 2020",IW,5.0,0,https://www.amazon.ca/gp/profile/amzn1.account.AGZGS74DMK7RSJG2EM5W3QLSD7SQ/ref=cm_cr_getr_d_gw_btm?ie=UTF8,2020-10-05 16:14:17.513939,2020-10-05 16:14:17.647681,Gildan Mens Fleece Zip Hooded Sweatshirt Shirt,4.5,,Clothing & Accessories,B01M0240TV,Gildan Men's Activewear,70
18,AHOKDNIEYCX3MCJKN4VCWBWIFL5A,True,Disappointment City!,"My zipper fell off after 2 months & I can't fix it. The material's thin. the hood fits weird & looks stupid bc it has a pointy top, like an Elf's hat. Don't buy it.","August 15, 2020",Natasha,1.0,0,https://www.amazon.ca/gp/profile/amzn1.account.AHOKDNIEYCX3MCJKN4VCWBWIFL5A/ref=cm_cr_getr_d_gw_btm?ie=UTF8,2020-10-05 16:14:17.652530,2020-10-05 16:14:17.804788,Gildan Mens Fleece Zip Hooded Sweatshirt Shirt,4.5,,Clothing & Accessories,B01M0240TV,Gildan Men's Activewear,70
19,AGQ2P6OIHY362A4KMYGYY4JQ4VGA,True,Not Pleased,I did like the quality and style but the fit is frankly ridiculous. It was supposed to be an Extra Large and it's nowhere near that size. It does not fit me at all. The problem with overseas products is that their sizing is far too small. If there had been a 2XL I would have ordered that. I am a big man but at 6 feet tall and 220 pounds this should have fit me.,"July 22, 2020",Robert D.,3.0,0,https://www.amazon.ca/gp/profile/amzn1.account.AGQ2P6OIHY362A4KMYGYY4JQ4VGA/ref=cm_cr_getr_d_gw_btm?ie=UTF8,2020-10-05 16:14:17.809666,2020-10-05 16:14:17.943377,Gildan Mens Fleece Zip Hooded Sweatshirt Shirt,4.5,,Clothing & Accessories,B01M0240TV,Gildan Men's Activewear,70
20,AFVYH6ULUNFNAJDG3BTP5GHMTI7Q,True,Acceptable considering the price,"My hubby wears for camping . Warm but light weight for cool mornings.
Zipper a bit oversized for the hoody.. but seems sturdy and since not worn for dressy occasions it is acceptable!
I will reserve further judgement til after the first wash","July 1, 2020",MD,4.0,0,https://www.amazon.ca/gp/profile/amzn1.account.AFVYH6ULUNFNAJDG3BTP5GHMTI7Q/ref=cm_cr_getr_d_gw_btm?ie=UTF8,2020-10-05 16:14:20.084869,2020-10-05 16:14:20.241030,Gildan Mens Fleece Zip Hooded Sweatshirt Shirt,4.5,,Clothing & Accessories,B01M0240TV,Gildan Men's Activewear,70
21,AEJ67XIGRBIVTZPQ6SG5CHQEUAMA,True,Very bright,"Got the orange, probably should have not. It's a loud colour. The sweater itself is very simple and very comfortable. Would get again when this one gets ruined.","May 18, 2020",Andy H,5.0,0,https://www.amazon.ca/gp/profile/amzn1.account.AEJ67XIGRBIVTZPQ6SG5CHQEUAMA/ref=cm_cr_getr_d_gw_btm?ie=UTF8,2020-10-05 16:14:20.244933,2020-10-05 16:14:20.390357,Gildan Mens Fleece Zip Hooded Sweatshirt Shirt,4.5,,Clothing & Accessories,B01M0240TV,Gildan Men's Activewear,70
22,AEUCVKSLTO65ZEHK2VY22DXVMT5A,True,"Very pleased with Glidan, once again.","For years I have been wearing Gildan t-shirts & sought them out because of the outstanding quality & fit. This follows the pattern. The zipper is robust & made in the USA. I am 6 ft. & 145 lb. , chest 38"". Medium is just a ""tad "" big, as it should be. Sleeves the right length.It is a very comfortable fit. I feel great wearing it.Money well spent.","January 22, 2020",Jim,5.0,0,https://www.amazon.ca/gp/profile/amzn1.account.AEUCVKSLTO65ZEHK2VY22DXVMT5A/ref=cm_cr_getr_d_gw_btm?ie=UTF8,2020-10-05 16:14:20.394261,2020-10-05 16:14:20.555302,Gildan Mens Fleece Zip Hooded Sweatshirt Shirt,4.5,,Clothing & Accessories,B01M0240TV,Gildan Men's Activewear,70
23,AEASU6TEIACPDD4ARPIWOG2JJLPA,True,Great quality,"Fantastic quality hoody. I was looking for a lighter weight, but still wanted it to be cozy/fleecy on the inside.
Sturdy zipper.
Fits as expected.
Fast delivery.","May 22, 2020",steven naylor,5.0,0,https://www.amazon.ca/gp/profile/amzn1.account.AEASU6TEIACPDD4ARPIWOG2JJLPA/ref=cm_cr_getr_d_gw_btm?ie=UTF8,2020-10-05 16:14:20.561156,2020-10-05 16:14:20.732932,Gildan Mens Fleece Zip Hooded Sweatshirt Shirt,4.5,,Clothing & Accessories,B01M0240TV,Gildan Men's Activewear,70
24,AGJBAP2F35RZQFTQQ5YZG2CL2ZGQ,True,Great sweater!,"I bought this for work as I wanted something looser to wear, I’m a girl so I was expecting this to be “boyfriend fit”... I’ve worn it now outside of work and at work and have gotten so many compliments, the material is so nice, it has a great fit and Doesn’t look cheap! Would recommend!","August 19, 2020",Jessica,5.0,0,https://www.amazon.ca/gp/profile/amzn1.account.AGJBAP2F35RZQFTQQ5YZG2CL2ZGQ/ref=cm_cr_getr_d_gw_btm?ie=UTF8,2020-10-05 16:14:20.738789,2020-10-05 16:14:20.896900,Gildan Mens Fleece Zip Hooded Sweatshirt Shirt,4.5,,Clothing & Accessories,B01M0240TV,Gildan Men's Activewear,70
25,AEVR3Q4ZD365JSQJYD5U4PSLWTSQ,True,It shrinks in the dryer!,It was too big but it shrunk in the dryer which was awesome. Now it fits great. It does have some cotton which allowed it to shrink. Do not put this in the dryer if it is fitting you good already.,"December 21, 2017",Pink sunset,4.0,3,https://www.amazon.ca/gp/profile/amzn1.account.AEVR3Q4ZD365JSQJYD5U4PSLWTSQ/ref=cm_cr_getr_d_gw_btm?ie=UTF8,2020-10-05 16:14:20.901779,2020-10-05 16:14:21.124307,Gildan Mens Fleece Zip Hooded Sweatshirt Shirt,4.5,,Clothing & Accessories,B01M0240TV,Gildan Men's Activewear,70
26,AE6GO5G3A4MNPERRSJRQNWOQNRDQ,True,Poor material,"Thin material and not good quality. Its already have loose trends on the sleeves and I only had this for less than a week. Though the zipper is ykk, it looks cheap.","December 12, 2019",Amazon Customer,1.0,0,https://www.amazon.ca/gp/profile/amzn1.account.AE6GO5G3A4MNPERRSJRQNWOQNRDQ/ref=cm_cr_getr_d_gw_btm?ie=UTF8,2020-10-05 16:14:21.130163,2020-10-05 16:14:21.277539,Gildan Mens Fleece Zip Hooded Sweatshirt Shirt,4.5,,Clothing & Accessories,B01M0240TV,Gildan Men's Activewear,70
27,AFRHKHJXSKSWTVCW3EGZXYIYUPUA,True,Exact Fit,"This item is vary well made, pockets are large and deep, exact great fit, I would highly recommend this item, as I am wearing it every day now","January 1, 2020",VGG,5.0,0,https://www.amazon.ca/gp/profile/amzn1.account.AFRHKHJXSKSWTVCW3EGZXYIYUPUA/ref=cm_cr_getr_d_gw_btm?ie=UTF8,2020-10-05 16:14:21.282418,2020-10-05 16:14:21.418083,Gildan Mens Fleece Zip Hooded Sweatshirt Shirt,4.5,,Clothing & Accessories,B01M0240TV,Gildan Men's Activewear,70
28,AECOWKVDDAHAFYZRTSMJANR55JNQ,True,Very nice,"I like it a lot.
Nice fit, very comfy.
I could pass for a construction worker, but orange is the new black, right? Lol.","January 10, 2020",Amazon Customer,5.0,0,https://www.amazon.ca/gp/profile/amzn1.account.AECOWKVDDAHAFYZRTSMJANR55JNQ/ref=cm_cr_getr_d_gw_btm?ie=UTF8,2020-10-05 16:14:21.422962,2020-10-05 16:14:21.586930,Gildan Mens Fleece Zip Hooded Sweatshirt Shirt,4.5,,Clothing & Accessories,B01M0240TV,Gildan Men's Activewear,70
29,AEOMHKHKXAS2ATRF6ULQ37FE3AKA,True,Very comfortable hoodie,I use it to work outside and it keeps warms. It is good quality as it doesnt seem to deteriorate too much even when handling wood and cement. Not my first Gildan hoodie and definitely not my last. Woul recommand 10/10. Very great fit I am 6'1 and got a large which is perfect fit.,"September 4, 2020",Victor Palomar,5.0,0,https://www.amazon.ca/gp/profile/amzn1.account.AEOMHKHKXAS2ATRF6ULQ37FE3AKA/ref=cm_cr_getr_d_gw_btm?ie=UTF8,2020-10-05 16:14:21.591810,2020-10-05 16:14:21.757729,Gildan Mens Fleece Zip Hooded Sweatshirt Shirt,4.5,,Clothing & Accessories,B01M0240TV,Gildan Men's Activewear,70
30,AHLGSV4PDT3UW22AXDVSCGIBR73A,True,Super!,"Super quality.
Fits true to size.
Nice touch feelings.
A zipper is YKK zipper made in Japan.
Stylish, warm and comfy!
I do recommend.","April 13, 2019","Roudnev, Serguei Fedorovich (rsfwater), Ph D, oceanographer ",5.0,0,https://www.amazon.ca/gp/profile/amzn1.account.AHLGSV4PDT3UW22AXDVSCGIBR73A/ref=cm_cr_getr_d_gw_btm?ie=UTF8,2020-10-05 16:14:26.924063,2020-10-05 16:14:27.083151,Gildan Mens Fleece Zip Hooded Sweatshirt Shirt,4.5,,Clothing & Accessories,B01M0240TV,Gildan Men's Activewear,70
31,AEHUO32ER3URGHVNON6M55F2JQ7Q,True,Decent sweater.,I thought it would be a bit bigger. It guys but I ordered an XL and it fits like a large.,"September 30, 2020",Anonymous ,5.0,0,https://www.amazon.ca/gp/profile/amzn1.account.AEHUO32ER3URGHVNON6M55F2JQ7Q/ref=cm_cr_getr_d_gw_btm?ie=UTF8,2020-10-05 16:14:27.088031,2020-10-05 16:14:27.217837,Gildan Mens Fleece Zip Hooded Sweatshirt Shirt,4.5,,Clothing & Accessories,B01M0240TV,Gildan Men's Activewear,70
32,AGJRB4T2T5IGALNZBHDZCCKEFBOQ,True,Good fit and comfy,I like most is that it's very soft inside. Sometimes I sleep in it. Pants fit good too.,"August 27, 2020",BK,5.0,0,https://www.amazon.ca/gp/profile/amzn1.account.AGJRB4T2T5IGALNZBHDZCCKEFBOQ/ref=cm_cr_getr_d_gw_btm?ie=UTF8,2020-10-05 16:14:27.222718,2020-10-05 16:14:27.364239,Gildan Mens Fleece Zip Hooded Sweatshirt Shirt,4.5,,Clothing & Accessories,B01M0240TV,Gildan Men's Activewear,70
33,AHFOB5SXJPYZ36KJQZN6YPJYHNGA,True,Ca vaut ce que ca vaut!,Pas plus ni moins. Très mince et pas chaud. Faut pas trop s'attendre pour ce prix.,"September 23, 2020",Client d'Amazon,3.0,0,https://www.amazon.ca/gp/profile/amzn1.account.AHFOB5SXJPYZ36KJQZN6YPJYHNGA/ref=cm_cr_getr_d_gw_btm?ie=UTF8,2020-10-05 16:14:27.373023,2020-10-05 16:14:27.521374,Gildan Mens Fleece Zip Hooded Sweatshirt Shirt,4.5,,Clothing & Accessories,B01M0240TV,Gildan Men's Activewear,70
34,AEFY362AMAZMB46JWSNLNLOWF7UA,True,It does its job,I have a lot of hoodies and I wish this one zipped closer up the neck like the others do. I have washed this one already but the material sheds on my hats and shirts etc.,"November 22, 2019",Leroy W.,2.0,0,https://www.amazon.ca/gp/profile/amzn1.account.AEFY362AMAZMB46JWSNLNLOWF7UA/ref=cm_cr_getr_d_gw_btm?ie=UTF8,2020-10-05 16:14:27.527229,2020-10-05 16:14:27.660941,Gildan Mens Fleece Zip Hooded Sweatshirt Shirt,4.5,,Clothing & Accessories,B01M0240TV,Gildan Men's Activewear,70
35,AFT37566FGERVK6S45GLFIOLBRRQ,True,Good value,It's nice. It's bright colors but on first wear the fleece sheds like a dog. My black t shirt was covered in green fibres,"August 21, 2019",Amazon Customer,4.0,0,https://www.amazon.ca/gp/profile/amzn1.account.AFT37566FGERVK6S45GLFIOLBRRQ/ref=cm_cr_getr_d_gw_btm?ie=UTF8,2020-10-05 16:14:27.666797,2020-10-05 16:14:27.825885,Gildan Mens Fleece Zip Hooded Sweatshirt Shirt,4.5,,Clothing & Accessories,B01M0240TV,Gildan Men's Activewear,70
36,AEBKHATS2V5ZR7FARRYQZY2VFSCA,True,Nice,"If your 5'11 -6'0 feet, 180 - 190 lbs I would consider you buy XL fits well","September 16, 2020",Lory,5.0,0,https://www.amazon.ca/gp/profile/amzn1.account.AEBKHATS2V5ZR7FARRYQZY2VFSCA/ref=cm_cr_getr_d_gw_btm?ie=UTF8,2020-10-05 16:14:27.829789,2020-10-05 16:14:27.963500,Gildan Mens Fleece Zip Hooded Sweatshirt Shirt,4.5,,Clothing & Accessories,B01M0240TV,Gildan Men's Activewear,70
37,AF5IMAHGKKHXXR4QTUDUJZGHOXHQ,True,Great and so comfy!!!,"Perfect oversized hoodie. I’m 5’1 female and got a Large, goes down to my thigh","October 1, 2020",rebeccab,5.0,0,https://www.amazon.ca/gp/profile/amzn1.account.AF5IMAHGKKHXXR4QTUDUJZGHOXHQ/ref=cm_cr_getr_d_gw_btm?ie=UTF8,2020-10-05 16:14:27.968381,2020-10-05 16:14:28.118716,Gildan Mens Fleece Zip Hooded Sweatshirt Shirt,4.5,,Clothing & Accessories,B01M0240TV,Gildan Men's Activewear,70
38,AHU63TUGILGYSBL6QYTOURCNF3NQ,True,PERFECT,Super cute and good quality. 5'5 and size L fits perfectly as an oversized fit.,"June 22, 2020",Ami,5.0,0,https://www.amazon.ca/gp/profile/amzn1.account.AHU63TUGILGYSBL6QYTOURCNF3NQ/ref=cm_cr_getr_d_gw_btm?ie=UTF8,2020-10-05 16:14:28.123564,2020-10-05 16:14:28.271916,Gildan Mens Fleece Zip Hooded Sweatshirt Shirt,4.5,,Clothing & Accessories,B01M0240TV,Gildan Men's Activewear,70
39,AHJQXZ66SVBKSLR7CWOGLHY4ZJKA,True,Stunning Blue,"Very sharp coloured hoody! Looks great on him! A must colour for any man wanting to look sleek, yet, comfortable ! !","July 22, 2019",Missy05,5.0,0,https://www.amazon.ca/gp/profile/amzn1.account.AHJQXZ66SVBKSLR7CWOGLHY4ZJKA/ref=cm_cr_getr_d_gw_btm?ie=UTF8,2020-10-05 16:14:28.276796,2020-10-05 16:14:28.407581,Gildan Mens Fleece Zip Hooded Sweatshirt Shirt,4.5,,Clothing & Accessories,B01M0240TV,Gildan Men's Activewear,70
40,AFSKN44NK6S3GYFYY7C2RLK5QSQA,True,Replacement hoodie,"It took a long time to deliver,( no problem ,no hurry) looks good, excellent Price all is good","July 29, 2020",Amazon Customer,5.0,0,https://www.amazon.ca/gp/profile/amzn1.account.AFSKN44NK6S3GYFYY7C2RLK5QSQA/ref=cm_cr_getr_d_gw_btm?ie=UTF8,2020-10-05 16:14:32.529773,2020-10-05 16:14:32.664460,Gildan Mens Fleece Zip Hooded Sweatshirt Shirt,4.5,,Clothing & Accessories,B01M0240TV,Gildan Men's Activewear,70
41,AG4QZL6NNYQ5XRRIZZTHDKJDDIPA,True,Exactement comme un Brandy Melville,"Je l’ai acheté pour mon adolescente en grandeur large. À défaut de pouvoir trouver un Brandy Melville, celui-ci est identique et juste parfait pour le look recherché. Nous en avons commandé en plusieurs couleurs. Super achat, livraison super rapide :)","September 10, 2020",nancy vachon,5.0,0,https://www.amazon.ca/gp/profile/amzn1.account.AG4QZL6NNYQ5XRRIZZTHDKJDDIPA/ref=cm_cr_getr_d_gw_btm?ie=UTF8,2020-10-05 16:14:32.670316,2020-10-05 16:14:32.801099,Gildan Mens Fleece Zip Hooded Sweatshirt Shirt,4.5,,Clothing & Accessories,B01M0240TV,Gildan Men's Activewear,70
42,AG7MGXYB3EGJROMQSKE4WLINMDYA,True,Not to heavy,"It was a little lighter than I had expected, but on par with the price. So all in all, I am pleased","September 13, 2020",Ronald ,3.0,0,https://www.amazon.ca/gp/profile/amzn1.account.AG7MGXYB3EGJROMQSKE4WLINMDYA/ref=cm_cr_getr_d_gw_btm?ie=UTF8,2020-10-05 16:14:32.805980,2020-10-05 16:14:32.968972,Gildan Mens Fleece Zip Hooded Sweatshirt Shirt,4.5,,Clothing & Accessories,B01M0240TV,Gildan Men's Activewear,70
43,AHI3GZDWGXPSU4UKJJVFJHZJODCQ,True,Great fit and value,Really like this. Comfortable and fits well. Colour is accurate to pictures. Good value will buy again.,"October 3, 2020",Stan T.,5.0,0,https://www.amazon.ca/gp/profile/amzn1.account.AHI3GZDWGXPSU4UKJJVFJHZJODCQ/ref=cm_cr_getr_d_gw_btm?ie=UTF8,2020-10-05 16:14:32.979707,2020-10-05 16:14:33.116347,Gildan Mens Fleece Zip Hooded Sweatshirt Shirt,4.5,,Clothing & Accessories,B01M0240TV,Gildan Men's Activewear,70
44,AFDC236SU5QBASUIPRI4CKZG4MYQ,True,is confortable,"fits great, washes well, quality zipper. Good product.","September 25, 2020",Streaky,4.0,0,https://www.amazon.ca/gp/profile/amzn1.account.AFDC236SU5QBASUIPRI4CKZG4MYQ/ref=cm_cr_getr_d_gw_btm?ie=UTF8,2020-10-05 16:14:33.121227,2020-10-05 16:14:33.259818,Gildan Mens Fleece Zip Hooded Sweatshirt Shirt,4.5,,Clothing & Accessories,B01M0240TV,Gildan Men's Activewear,70
45,AEIKJFS74MSNTNAONHU537JWXFCQ,True,Classic fit,Decent quality. Medium weight. Classic fit. Not trendy tight.,"June 27, 2020",Grunt,5.0,0,https://www.amazon.ca/gp/profile/amzn1.account.AEIKJFS74MSNTNAONHU537JWXFCQ/ref=cm_cr_getr_d_gw_btm?ie=UTF8,2020-10-05 16:14:33.263722,2020-10-05 16:14:33.473563,Gildan Mens Fleece Zip Hooded Sweatshirt Shirt,4.5,,Clothing & Accessories,B01M0240TV,Gildan Men's Activewear,70
46,AESOWBOTOLOOXQ7CYTJ72NTCLDLQ,True,Satisfait,Pour renouveler et remplacer de vieux morceaux de vêtements.,"May 22, 2020",François Tremblay,5.0,0,https://www.amazon.ca/gp/profile/amzn1.account.AESOWBOTOLOOXQ7CYTJ72NTCLDLQ/ref=cm_cr_getr_d_gw_btm?ie=UTF8,2020-10-05 16:14:33.478443,2020-10-05 16:14:33.620938,Gildan Mens Fleece Zip Hooded Sweatshirt Shirt,4.5,,Clothing & Accessories,B01M0240TV,Gildan Men's Activewear,70
47,AFILLW6MHYSTR6CA43T4K7DDV73A,True,Price was great,This is great. Bought it for my son and he loves it.,"September 7, 2020",Rose Chepkwony,5.0,0,https://www.amazon.ca/gp/profile/amzn1.account.AFILLW6MHYSTR6CA43T4K7DDV73A/ref=cm_cr_getr_d_gw_btm?ie=UTF8,2020-10-05 16:14:33.626793,2020-10-05 16:14:33.774169,Gildan Mens Fleece Zip Hooded Sweatshirt Shirt,4.5,,Clothing & Accessories,B01M0240TV,Gildan Men's Activewear,70
48,AF7HNXUDYDDOKLQJPBFRXUJ7BWMQ,True,Sheds too much lint - not recommended,"The fit is great and the size chart is accurate. Love the colour. However, the sweatshirt sheds too much lint fibers - it is everywhere! I ddi not expect such poor quality, would not recommend.","September 20, 2020",thejunejaster,2.0,0,https://www.amazon.ca/gp/profile/amzn1.account.AF7HNXUDYDDOKLQJPBFRXUJ7BWMQ/ref=cm_cr_getr_d_gw_btm?ie=UTF8,2020-10-05 16:14:33.779050,2020-10-05 16:14:33.933258,Gildan Mens Fleece Zip Hooded Sweatshirt Shirt,4.5,,Clothing & Accessories,B01M0240TV,Gildan Men's Activewear,70
49,AF2G5BLSV6LIRWK2DOAPTJJKRE3Q,True,Super Comfortable,Super comfortable sweater. Great price. No regrets.,"August 3, 2020",Please try a different name,5.0,0,https://www.amazon.ca/gp/profile/amzn1.account.AF2G5BLSV6LIRWK2DOAPTJJKRE3Q/ref=cm_cr_getr_d_gw_btm?ie=UTF8,2020-10-05 16:14:33.938138,2020-10-05 16:14:34.081609,Gildan Mens Fleece Zip Hooded Sweatshirt Shirt,4.5,,Clothing & Accessories,B01M0240TV,Gildan Men's Activewear,70
50,AF2XH3IG4PTC4M5QT42COGZRBK2A,True,Great quality hoodie,I usually buy my clothes at name brand retailers for triple the price of this sweater. This hoodie is great quality for the price. Comfortable and the right size I will be buying a lot more of this.,"July 28, 2020",benny d,5.0,0,https://www.amazon.ca/gp/profile/amzn1.account.AF2XH3IG4PTC4M5QT42COGZRBK2A/ref=cm_cr_getr_d_gw_btm?ie=UTF8,2020-10-05 16:14:40.290511,2020-10-05 16:14:40.430078,Gildan Mens Fleece Zip Hooded Sweatshirt Shirt,4.5,,Clothing & Accessories,B01M0240TV,Gildan Men's Activewear,70
51,AE3BFPTXSEKXV5VIQTBXTEDMDETQ,True,gave most sweatshirts away needed to replace with new ones.,need warmer item change from summer to winter.,"September 5, 2020",ken,4.0,0,https://www.amazon.ca/gp/profile/amzn1.account.AE3BFPTXSEKXV5VIQTBXTEDMDETQ/ref=cm_cr_getr_d_gw_btm?ie=UTF8,2020-10-05 16:14:40.433982,2020-10-05 16:14:40.617470,Gildan Mens Fleece Zip Hooded Sweatshirt Shirt,4.5,,Clothing & Accessories,B01M0240TV,Gildan Men's Activewear,70
52,AF45ORFKVOKWCU2BQCNI2FTTUU4Q,True,Exactly as shown,The material is soft although a little thinner than I expected. The hoodie is nice and fits my husband well.,"March 22, 2019",Amazon Customer,5.0,0,https://www.amazon.ca/gp/profile/amzn1.account.AF45ORFKVOKWCU2BQCNI2FTTUU4Q/ref=cm_cr_getr_d_gw_btm?ie=UTF8,2020-10-05 16:14:40.629182,2020-10-05 16:14:40.811693,Gildan Mens Fleece Zip Hooded Sweatshirt Shirt,4.5,,Clothing & Accessories,B01M0240TV,Gildan Men's Activewear,70
53,AF3GYSZ44NEWT45WTEJBFZ5P4NMQ,True,Cool look,"This is very classy looking and it looks like an expensive designer.
Highly recommend","July 13, 2019",Anne Fletcher,5.0,0,https://www.amazon.ca/gp/profile/amzn1.account.AF3GYSZ44NEWT45WTEJBFZ5P4NMQ/ref=cm_cr_getr_d_gw_btm?ie=UTF8,2020-10-05 16:14:40.831215,2020-10-05 16:14:41.093757,Gildan Mens Fleece Zip Hooded Sweatshirt Shirt,4.5,,Clothing & Accessories,B01M0240TV,Gildan Men's Activewear,70
54,AFQDSY3H76EFOP72MBEL4RIKWENQ,True,Good value,"Very nice everyday hoodie
Good quality","July 30, 2020",BMK,5.0,0,https://www.amazon.ca/gp/profile/amzn1.account.AFQDSY3H76EFOP72MBEL4RIKWENQ/ref=cm_cr_getr_d_gw_btm?ie=UTF8,2020-10-05 16:14:41.099613,2020-10-05 16:14:41.641292,Gildan Mens Fleece Zip Hooded Sweatshirt Shirt,4.5,,Clothing & Accessories,B01M0240TV,Gildan Men's Activewear,70
55,AE2U572SI7XKDG2HP4X6SKM7TPTQ,True,A Bit Big,"A little too big, and expected it be more lightweight. Pretty disappointed, but fair price.","July 16, 2019",david laufer,3.0,0,https://www.amazon.ca/gp/profile/amzn1.account.AE2U572SI7XKDG2HP4X6SKM7TPTQ/ref=cm_cr_getr_d_gw_btm?ie=UTF8,2020-10-05 16:14:41.646173,2020-10-05 16:14:42.649498,Gildan Mens Fleece Zip Hooded Sweatshirt Shirt,4.5,,Clothing & Accessories,B01M0240TV,Gildan Men's Activewear,70
56,AH6MHGM6WEKRHJUYSEVHXJLBPDRA,True,Nice and comfortable but material is light,The material of the cloth could be heavier. Its is not what it seems in the picture . bit lighter than what I expected,"August 7, 2020",Regina,5.0,0,https://www.amazon.ca/gp/profile/amzn1.account.AH6MHGM6WEKRHJUYSEVHXJLBPDRA/ref=cm_cr_getr_d_gw_btm?ie=UTF8,2020-10-05 16:14:42.667065,2020-10-05 16:14:42.877881,Gildan Mens Fleece Zip Hooded Sweatshirt Shirt,4.5,,Clothing & Accessories,B01M0240TV,Gildan Men's Activewear,70
57,AEPKNOOCPVTQCYOGVE4CDK3TZVFQ,True,I bougth this as a gift for my brother.,It fits him like a glove--that makes me happy. I recommend this sweat top.,"October 17, 2019",Michael Rossetti,5.0,0,https://www.amazon.ca/gp/profile/amzn1.account.AEPKNOOCPVTQCYOGVE4CDK3TZVFQ/ref=cm_cr_getr_d_gw_btm?ie=UTF8,2020-10-05 16:14:42.882763,2020-10-05 16:14:43.027208,Gildan Mens Fleece Zip Hooded Sweatshirt Shirt,4.5,,Clothing & Accessories,B01M0240TV,Gildan Men's Activewear,70
58,AGIJDGHUOSTJ3DHXPHT6RW7TAE2Q,True,Mind Blown,I got it in Black & Grey and they are my go too hoodies this summer to throw over absolutely everything. I got a size L in both because I like the baggy fit and its great!,"June 27, 2020",Sydney Wills,5.0,0,https://www.amazon.ca/gp/profile/amzn1.account.AGIJDGHUOSTJ3DHXPHT6RW7TAE2Q/ref=cm_cr_getr_d_gw_btm?ie=UTF8,2020-10-05 16:14:43.032090,2020-10-05 16:14:43.191177,Gildan Mens Fleece Zip Hooded Sweatshirt Shirt,4.5,,Clothing & Accessories,B01M0240TV,Gildan Men's Activewear,70
59,AGHZFIFTT3YJLTVH2RKSGO7YBWVA,True,beautiful,Beautiful product. Great for running !,"July 10, 2020",Dan  Ed,5.0,0,https://www.amazon.ca/gp/profile/amzn1.account.AGHZFIFTT3YJLTVH2RKSGO7YBWVA/ref=cm_cr_getr_d_gw_btm?ie=UTF8,2020-10-05 16:14:43.196056,2020-10-05 16:14:43.372711,Gildan Mens Fleece Zip Hooded Sweatshirt Shirt,4.5,,Clothing & Accessories,B01M0240TV,Gildan Men's Activewear,70
60,AEGDXFMY7NLN66FKYKN5FNV4GLDQ,True,always order XL but this is more like 3XL - still love it and just put another ...,always order XL but this is more like 3XL - still love it and just put another hoodie under it. Great quality,"November 5, 2017",ADM,3.0,One,https://www.amazon.ca/gp/profile/amzn1.account.AEGDXFMY7NLN66FKYKN5FNV4GLDQ/ref=cm_cr_getr_d_gw_btm?ie=UTF8,2020-10-05 16:14:45.507298,2020-10-05 16:14:45.736658,Gildan Mens Fleece Zip Hooded Sweatshirt Shirt,4.5,,Clothing & Accessories,B01M0240TV,Gildan Men's Activewear,70
61,AEHMHCLJGJ6AABUZL2JVWGT7DVRA,True,Good item,Typical hoodie. Shrunk a bit after it was laundered but I bought bigger to account for it.,"March 7, 2019",Amazon Customer,5.0,0,https://www.amazon.ca/gp/profile/amzn1.account.AEHMHCLJGJ6AABUZL2JVWGT7DVRA/ref=cm_cr_getr_d_gw_btm?ie=UTF8,2020-10-05 16:14:45.741543,2020-10-05 16:14:45.877200,Gildan Mens Fleece Zip Hooded Sweatshirt Shirt,4.5,,Clothing & Accessories,B01M0240TV,Gildan Men's Activewear,70
62,AFQBT6W6GN5MELBOIUIPXM5ARINA,True,It's normal,It's so normal that there's nothing special or anything to complain about.,"January 20, 2020",Edmon Abdul Nur,4.0,0,https://www.amazon.ca/gp/profile/amzn1.account.AFQBT6W6GN5MELBOIUIPXM5ARINA/ref=cm_cr_getr_d_gw_btm?ie=UTF8,2020-10-05 16:14:45.882081,2020-10-05 16:14:46.013841,Gildan Mens Fleece Zip Hooded Sweatshirt Shirt,4.5,,Clothing & Accessories,B01M0240TV,Gildan Men's Activewear,70
63,AHSR67EZADQL4OEQ46ZGOASXPFMQ,True,Best cheap hoodie,For 20 bucks no name hoodie for day to day It's perfect,"July 6, 2020",Karlos,5.0,0,https://www.amazon.ca/gp/profile/amzn1.account.AHSR67EZADQL4OEQ46ZGOASXPFMQ/ref=cm_cr_getr_d_gw_btm?ie=UTF8,2020-10-05 16:14:46.019697,2020-10-05 16:14:46.168049,Gildan Mens Fleece Zip Hooded Sweatshirt Shirt,4.5,,Clothing & Accessories,B01M0240TV,Gildan Men's Activewear,70
64,AE7P65EAOJGRYFPSZ4TTBJCONXGQ,True,Very nice hoodie,Good product and good price,"July 20, 2020",Anne Marie Ellis,5.0,0,https://www.amazon.ca/gp/profile/amzn1.account.AE7P65EAOJGRYFPSZ4TTBJCONXGQ/ref=cm_cr_getr_d_gw_btm?ie=UTF8,2020-10-05 16:14:46.172928,2020-10-05 16:14:46.306640,Gildan Mens Fleece Zip Hooded Sweatshirt Shirt,4.5,,Clothing & Accessories,B01M0240TV,Gildan Men's Activewear,70
65,AGGR4R7SICCVI5MIZNXHLYWNYB5A,True,Great!,Good quality. Color is just like advertised. Just what I wanted.,"July 10, 2020",Lynn H.,5.0,0,https://www.amazon.ca/gp/profile/amzn1.account.AGGR4R7SICCVI5MIZNXHLYWNYB5A/ref=cm_cr_getr_d_gw_btm?ie=UTF8,2020-10-05 16:14:46.311520,2020-10-05 16:14:46.458895,Gildan Mens Fleece Zip Hooded Sweatshirt Shirt,4.5,,Clothing & Accessories,B01M0240TV,Gildan Men's Activewear,70
66,AEOFRVKNRFVD2EN33TAA4LOE46CQ,True,Doesn’t fit snug.,Not too heavy. Very comfortable. Wears well.,"August 30, 2020",Amazon Customer,5.0,0,https://www.amazon.ca/gp/profile/amzn1.account.AEOFRVKNRFVD2EN33TAA4LOE46CQ/ref=cm_cr_getr_d_gw_btm?ie=UTF8,2020-10-05 16:14:46.464752,2020-10-05 16:14:46.596511,Gildan Mens Fleece Zip Hooded Sweatshirt Shirt,4.5,,Clothing & Accessories,B01M0240TV,Gildan Men's Activewear,70
67,AGA4KO7XFZXF77D5X66EYXC62SEQ,True,Too big,The XL fits like at least a 2XL! Take a size down. But its great love it,"June 14, 2020",Kelly-Ann,4.0,0,https://www.amazon.ca/gp/profile/amzn1.account.AGA4KO7XFZXF77D5X66EYXC62SEQ/ref=cm_cr_getr_d_gw_btm?ie=UTF8,2020-10-05 16:14:46.601392,2020-10-05 16:14:46.759503,Gildan Mens Fleece Zip Hooded Sweatshirt Shirt,4.5,,Clothing & Accessories,B01M0240TV,Gildan Men's Activewear,70
68,AFODPDYQCEDHJ3TXTXK4PR5WS7UQ,True,Definitely one of my favourites!,I love that hoodie. It is comfortable and it fits perfectly. I will certainly order another in the future. Definitely one of my favourites!,"June 26, 2019",Andre,5.0,0,https://www.amazon.ca/gp/profile/amzn1.account.AFODPDYQCEDHJ3TXTXK4PR5WS7UQ/ref=cm_cr_getr_d_gw_btm?ie=UTF8,2020-10-05 16:14:46.764382,2020-10-05 16:14:46.908830,Gildan Mens Fleece Zip Hooded Sweatshirt Shirt,4.5,,Clothing & Accessories,B01M0240TV,Gildan Men's Activewear,70
69,AHQPDJ5C7RRIHRDSSHNYTCVD32IA,True,good,very comfortable,"September 20, 2020",mhproman,5.0,0,https://www.amazon.ca/gp/profile/amzn1.account.AHQPDJ5C7RRIHRDSSHNYTCVD32IA/ref=cm_cr_getr_d_gw_btm?ie=UTF8,2020-10-05 16:14:46.914713,2020-10-05 16:14:47.047423,Gildan Mens Fleece Zip Hooded Sweatshirt Shirt,4.5,,Clothing & Accessories,B01M0240TV,Gildan Men's Activewear,70
70,AF6JCUSPNMJAUNAPY7ZAQ42V5DYQ,True,Quality Product.,I bought this for my son who lives across the country and I asked him if he liked his gift and he said he was happy with it.,"April 15, 2019",Turbo Trish,1.0,0,https://www.amazon.ca/gp/profile/amzn1.account.AF6JCUSPNMJAUNAPY7ZAQ42V5DYQ/ref=cm_cr_getr_d_gw_btm?ie=UTF8,2020-10-05 16:14:52.174245,2020-10-05 16:14:52.315765,Gildan Mens Fleece Zip Hooded Sweatshirt Shirt,4.5,,Clothing & Accessories,B01M0240TV,Gildan Men's Activewear,70
71,AEMANKLSZ5JJZZBAFPSFXJKNTHZA,True,Worth the money,Comfortable,"September 17, 2020",Amazon Customer,5.0,0,https://www.amazon.ca/gp/profile/amzn1.account.AEMANKLSZ5JJZZBAFPSFXJKNTHZA/ref=cm_cr_getr_d_gw_btm?ie=UTF8,2020-10-05 16:14:52.320643,2020-10-05 16:14:52.472899,Gildan Mens Fleece Zip Hooded Sweatshirt Shirt,4.5,,Clothing & Accessories,B01M0240TV,Gildan Men's Activewear,70
72,AEJKACDL5MGAQDO3UC6FYCPTUCXQ,True,Sweater was not new,The sweater came in new packaging not Gildan packaging and had a bleach stain on the sleeve. This appeared to be used or damage product.,"September 3, 2020",Brandon Blythe,1.0,0,https://www.amazon.ca/gp/profile/amzn1.account.AEJKACDL5MGAQDO3UC6FYCPTUCXQ/ref=cm_cr_getr_d_gw_btm?ie=UTF8,2020-10-05 16:14:52.477778,2020-10-05 16:14:52.640770,Gildan Mens Fleece Zip Hooded Sweatshirt Shirt,4.5,,Clothing & Accessories,B01M0240TV,Gildan Men's Activewear,70
73,AFFTZA7Y6JPV7WGVU64QMHV4W5EQ,True,Highly Recommend!,"Excellent quality, and feel, good for the price!","September 24, 2019",Theguy,5.0,0,https://www.amazon.ca/gp/profile/amzn1.account.AFFTZA7Y6JPV7WGVU64QMHV4W5EQ/ref=cm_cr_getr_d_gw_btm?ie=UTF8,2020-10-05 16:14:52.645650,2020-10-05 16:14:52.784280,Gildan Mens Fleece Zip Hooded Sweatshirt Shirt,4.5,,Clothing & Accessories,B01M0240TV,Gildan Men's Activewear,70
74,AHPY3EIQF7W7LZTO2XSHQITXV2CA,True,nice hoodies,"they are nice hoodies, I had a problem with mine but seller took care of the problem right away thanks","July 26, 2018",KLUB,3.0,0,https://www.amazon.ca/gp/profile/amzn1.account.AHPY3EIQF7W7LZTO2XSHQITXV2CA/ref=cm_cr_getr_d_gw_btm?ie=UTF8,2020-10-05 16:14:52.789160,2020-10-05 16:14:52.930679,Gildan Mens Fleece Zip Hooded Sweatshirt Shirt,4.5,,Clothing & Accessories,B01M0240TV,Gildan Men's Activewear,70
75,AETKG5TZUJ6C5CRVDKHGALQDKJWQ,True,Good Product,Very well made product. Great color and fits very well.,"February 3, 2020",Gilbert Bridger,4.0,0,https://www.amazon.ca/gp/profile/amzn1.account.AETKG5TZUJ6C5CRVDKHGALQDKJWQ/ref=cm_cr_getr_d_gw_btm?ie=UTF8,2020-10-05 16:14:52.935560,2020-10-05 16:14:53.066343,Gildan Mens Fleece Zip Hooded Sweatshirt Shirt,4.5,,Clothing & Accessories,B01M0240TV,Gildan Men's Activewear,70
76,AGGJ5GYCDFFT5UQGHFUMTXTFXPUA,True,Good,Fit just right,"August 5, 2020",James wright,5.0,0,https://www.amazon.ca/gp/profile/amzn1.account.AGGJ5GYCDFFT5UQGHFUMTXTFXPUA/ref=cm_cr_getr_d_gw_btm?ie=UTF8,2020-10-05 16:14:53.071223,2020-10-05 16:14:53.212780,Gildan Mens Fleece Zip Hooded Sweatshirt Shirt,4.5,,Clothing & Accessories,B01M0240TV,Gildan Men's Activewear,70
77,AHNCWRQCDCGESHXBFPUZ45S7CFOQ,True,Good for what I paid,I have come to really like Gildan from long sleeve t to boxers now these,"January 28, 2019",mattus maximus,4.0,0,https://www.amazon.ca/gp/profile/amzn1.account.AHNCWRQCDCGESHXBFPUZ45S7CFOQ/ref=cm_cr_getr_d_gw_btm?ie=UTF8,2020-10-05 16:14:53.222538,2020-10-05 16:14:53.399194,Gildan Mens Fleece Zip Hooded Sweatshirt Shirt,4.5,,Clothing & Accessories,B01M0240TV,Gildan Men's Activewear,70
78,AGVYX5RVVGQPR2V637OHEJNWETVA,True,comfortable,Nice fitting but wish it was a little bit thicker material,"May 16, 2019",Ron Fulk,4.0,0,https://www.amazon.ca/gp/profile/amzn1.account.AGVYX5RVVGQPR2V637OHEJNWETVA/ref=cm_cr_getr_d_gw_btm?ie=UTF8,2020-10-05 16:14:53.406027,2020-10-05 16:14:53.590490,Gildan Mens Fleece Zip Hooded Sweatshirt Shirt,4.5,,Clothing & Accessories,B01M0240TV,Gildan Men's Activewear,70
79,AHD5JTRB7DT2YVGJ3J7UNB4FKNOQ,True,Great deal.,"Son still wears it after 6mos, so must be good !","July 22, 2019",Chris A,5.0,0,https://www.amazon.ca/gp/profile/amzn1.account.AHD5JTRB7DT2YVGJ3J7UNB4FKNOQ/ref=cm_cr_getr_d_gw_btm?ie=UTF8,2020-10-05 16:14:53.595370,2020-10-05 16:14:53.809113,Gildan Mens Fleece Zip Hooded Sweatshirt Shirt,4.5,,Clothing & Accessories,B01M0240TV,Gildan Men's Activewear,70
80,AG3LNGTUDWE2VQPHOMC74JIJVFVQ,True,It’s ok,It’s just ok I expected a little thicker. To do work with is ok,"May 30, 2020",Amazon Customer,2.0,0,https://www.amazon.ca/gp/profile/amzn1.account.AG3LNGTUDWE2VQPHOMC74JIJVFVQ/ref=cm_cr_getr_d_gw_btm?ie=UTF8,2020-10-05 16:15:00.045262,2020-10-05 16:15:00.266814,Gildan Mens Fleece Zip Hooded Sweatshirt Shirt,4.5,,Clothing & Accessories,B01M0240TV,Gildan Men's Activewear,70
81,AFXKKTT5ULXJHKG3S447IPVCR3WA,True,Parfait,Parfait,"October 2, 2020",pascale ,5.0,0,https://www.amazon.ca/gp/profile/amzn1.account.AFXKKTT5ULXJHKG3S447IPVCR3WA/ref=cm_cr_getr_d_gw_btm?ie=UTF8,2020-10-05 16:15:00.272669,2020-10-05 16:15:00.425901,Gildan Mens Fleece Zip Hooded Sweatshirt Shirt,4.5,,Clothing & Accessories,B01M0240TV,Gildan Men's Activewear,70
82,AHFCKKOCE66YUZSFUX4IE2SKICJQ,True,Must buy.,Great product!,"February 12, 2020",TALAL ZAHEER,5.0,0,https://www.amazon.ca/gp/profile/amzn1.account.AHFCKKOCE66YUZSFUX4IE2SKICJQ/ref=cm_cr_getr_d_gw_btm?ie=UTF8,2020-10-05 16:15:00.432734,2020-10-05 16:15:00.599629,Gildan Mens Fleece Zip Hooded Sweatshirt Shirt,4.5,,Clothing & Accessories,B01M0240TV,Gildan Men's Activewear,70
83,AF7ZJFJV4N6R6ZQUUE7HV55XWQZA,True,Great price and comfortable,Fits as expected and very comfortable.,"June 28, 2020",Steven,5.0,0,https://www.amazon.ca/gp/profile/amzn1.account.AF7ZJFJV4N6R6ZQUUE7HV55XWQZA/ref=cm_cr_getr_d_gw_btm?ie=UTF8,2020-10-05 16:15:00.604509,2020-10-05 16:15:00.811420,Gildan Mens Fleece Zip Hooded Sweatshirt Shirt,4.5,,Clothing & Accessories,B01M0240TV,Gildan Men's Activewear,70
84,AHPMEFF6LCVV7RKP24FJA7JPIGKQ,True,comfortable,perfect on al counts!!!,"November 21, 2019",TERRY  T  KAMEOKA,5.0,0,https://www.amazon.ca/gp/profile/amzn1.account.AHPMEFF6LCVV7RKP24FJA7JPIGKQ/ref=cm_cr_getr_d_gw_btm?ie=UTF8,2020-10-05 16:15:00.817276,2020-10-05 16:15:00.986124,Gildan Mens Fleece Zip Hooded Sweatshirt Shirt,4.5,,Clothing & Accessories,B01M0240TV,Gildan Men's Activewear,70
85,AGWZJM4V7IPQKNQJ4TIEGPGYFGTA,True,Really soft,"It's really nice!! Get size L for the oversized look. It will shrink after washing it a couple of times, so don't worry if it is too large on you.","August 9, 2020",Yes,5.0,0,https://www.amazon.ca/gp/profile/amzn1.account.AGWZJM4V7IPQKNQJ4TIEGPGYFGTA/ref=cm_cr_getr_d_gw_btm?ie=UTF8,2020-10-05 16:15:00.991003,2020-10-05 16:15:01.141307,Gildan Mens Fleece Zip Hooded Sweatshirt Shirt,4.5,,Clothing & Accessories,B01M0240TV,Gildan Men's Activewear,70
86,AHDBCJGXFWJZTMEQAC4BZX22LYYA,True,Great quality,Great quality zip up,"November 10, 2019",Joshua,5.0,0,https://www.amazon.ca/gp/profile/amzn1.account.AHDBCJGXFWJZTMEQAC4BZX22LYYA/ref=cm_cr_getr_d_gw_btm?ie=UTF8,2020-10-05 16:15:01.145213,2020-10-05 16:15:01.310155,Gildan Mens Fleece Zip Hooded Sweatshirt Shirt,4.5,,Clothing & Accessories,B01M0240TV,Gildan Men's Activewear,70
87,AFBHDVCSFD25S7LD6GEWVRTNLYEA,True,good quality,good quality and fit,"January 9, 2020",Rose,5.0,0,https://www.amazon.ca/gp/profile/amzn1.account.AFBHDVCSFD25S7LD6GEWVRTNLYEA/ref=cm_cr_getr_d_gw_btm?ie=UTF8,2020-10-05 16:15:01.315034,2020-10-05 16:15:01.472171,Gildan Mens Fleece Zip Hooded Sweatshirt Shirt,4.5,,Clothing & Accessories,B01M0240TV,Gildan Men's Activewear,70
88,AEFY5L6EJXIG7IMZFEJYLLJZDA4A,True,Too short and low quality,"I’m 5’9 and these hoodies are too short. Don’t buy if you’re taller. Also, the quality is low.","September 1, 2020",Isaac Jorgensen,1.0,0,https://www.amazon.ca/gp/profile/amzn1.account.AEFY5L6EJXIG7IMZFEJYLLJZDA4A/ref=cm_cr_getr_d_gw_btm?ie=UTF8,2020-10-05 16:15:01.478028,2020-10-05 16:15:01.644922,Gildan Mens Fleece Zip Hooded Sweatshirt Shirt,4.5,,Clothing & Accessories,B01M0240TV,Gildan Men's Activewear,70
89,AEVNZEYGB554HESL5ABEI7VERPFQ,True,good,"fits good and feels good, definitely gonna have to buy more stuff.","June 29, 2020",Andres marreo,5.0,0,https://www.amazon.ca/gp/profile/amzn1.account.AEVNZEYGB554HESL5ABEI7VERPFQ/ref=cm_cr_getr_d_gw_btm?ie=UTF8,2020-10-05 16:15:01.657611,2020-10-05 16:15:01.844026,Gildan Mens Fleece Zip Hooded Sweatshirt Shirt,4.5,,Clothing & Accessories,B01M0240TV,Gildan Men's Activewear,70
90,AF2UQHOCUAAATE5JWEDE3EBOHBZQ,True,Will buy again,Looks just like picture good quality,"June 15, 2020",Jessica jolicoeur,5.0,0,https://www.amazon.ca/gp/profile/amzn1.account.AF2UQHOCUAAATE5JWEDE3EBOHBZQ/ref=cm_cr_getr_d_gw_btm?ie=UTF8,2020-10-05 16:15:05.008249,2020-10-05 16:15:05.183927,Gildan Mens Fleece Zip Hooded Sweatshirt Shirt,4.5,,Clothing & Accessories,B01M0240TV,Gildan Men's Activewear,70
91,AEOI6MF2YVXS3JU7QSGNXF6LZFSA,True,Love it,"I hate buying clothes I can't feel and try on. However, I decided to take a change and ordered one of these. It feels great, and fits perfectly (I haven't washed it yet). It was exactly what I've been looking for.","March 22, 2019",Gerald,5.0,0,https://www.amazon.ca/gp/profile/amzn1.account.AEOI6MF2YVXS3JU7QSGNXF6LZFSA/ref=cm_cr_getr_d_gw_btm?ie=UTF8,2020-10-05 16:15:05.189782,2020-10-05 16:15:05.435735,Gildan Mens Fleece Zip Hooded Sweatshirt Shirt,4.5,,Clothing & Accessories,B01M0240TV,Gildan Men's Activewear,70
92,AGYQFY2GF6UGNXNHD2MOPTBKBNPQ,True,👍,happy with product,"July 12, 2020",Tammy b.,5.0,0,https://www.amazon.ca/gp/profile/amzn1.account.AGYQFY2GF6UGNXNHD2MOPTBKBNPQ/ref=cm_cr_getr_d_gw_btm?ie=UTF8,2020-10-05 16:15:05.445495,2020-10-05 16:15:05.646552,Gildan Mens Fleece Zip Hooded Sweatshirt Shirt,4.5,,Clothing & Accessories,B01M0240TV,Gildan Men's Activewear,70
93,AHWTJ3FSELARGBR5PZ7BHKOZJJCA,True,"very nice quality, perfect for cool","ordered for me and husband, very nice quality, perfect for cool nights","August 18, 2018",Amazon Customer,5.0,0,https://www.amazon.ca/gp/profile/amzn1.account.AHWTJ3FSELARGBR5PZ7BHKOZJJCA/ref=cm_cr_getr_d_gw_btm?ie=UTF8,2020-10-05 16:15:05.653384,2020-10-05 16:15:05.865174,Gildan Mens Fleece Zip Hooded Sweatshirt Shirt,4.5,,Clothing & Accessories,B01M0240TV,Gildan Men's Activewear,70
94,AEAUYASN4V7Y54BEKQIOIPUUAAKQ,True,"Good price, good quality",Love these hoody’s,"October 3, 2019",Stephanie,5.0,0,https://www.amazon.ca/gp/profile/amzn1.account.AEAUYASN4V7Y54BEKQIOIPUUAAKQ/ref=cm_cr_getr_d_gw_btm?ie=UTF8,2020-10-05 16:15:05.872005,2020-10-05 16:15:06.039877,Gildan Mens Fleece Zip Hooded Sweatshirt Shirt,4.5,,Clothing & Accessories,B01M0240TV,Gildan Men's Activewear,70
95,AHPCRKHOPG3RKLY7FOPBSLHZHHSQ,True,I have an identical one for work but with my ...,I have an identical one for work but with my place of employment printed on it which I don't want to wear all the time. I got what I was expecting to get and it got here soon than expected.,"February 19, 2017",Crystal,5.0,0,https://www.amazon.ca/gp/profile/amzn1.account.AHPCRKHOPG3RKLY7FOPBSLHZHHSQ/ref=cm_cr_getr_d_gw_btm?ie=UTF8,2020-10-05 16:15:06.044757,2020-10-05 16:15:06.196037,Gildan Mens Fleece Zip Hooded Sweatshirt Shirt,4.5,,Clothing & Accessories,B01M0240TV,Gildan Men's Activewear,70
96,AEHMODVSNK3V3ZCSVIXWRVXIME7Q,True,Great Hoodie,Soft and cozy! Fit as expected.,"January 24, 2020",Valerie marr,5.0,0,https://www.amazon.ca/gp/profile/amzn1.account.AEHMODVSNK3V3ZCSVIXWRVXIME7Q/ref=cm_cr_getr_d_gw_btm?ie=UTF8,2020-10-05 16:15:06.201893,2020-10-05 16:15:06.354148,Gildan Mens Fleece Zip Hooded Sweatshirt Shirt,4.5,,Clothing & Accessories,B01M0240TV,Gildan Men's Activewear,70
97,AE35HYQJ6CHE3YN6TSLM75WQNBUQ,True,good,good,"August 2, 2020",Julie,5.0,0,https://www.amazon.ca/gp/profile/amzn1.account.AE35HYQJ6CHE3YN6TSLM75WQNBUQ/ref=cm_cr_getr_d_gw_btm?ie=UTF8,2020-10-05 16:15:06.360005,2020-10-05 16:15:06.513236,Gildan Mens Fleece Zip Hooded Sweatshirt Shirt,4.5,,Clothing & Accessories,B01M0240TV,Gildan Men's Activewear,70
98,AEYATN2CRSXG5Y2YGQGXL7Q6QNUA,True,Great hoodie!,Comfortable with a good fit overall. Easy access pockets in front.,"October 27, 2019",one,5.0,0,https://www.amazon.ca/gp/profile/amzn1.account.AEYATN2CRSXG5Y2YGQGXL7Q6QNUA/ref=cm_cr_getr_d_gw_btm?ie=UTF8,2020-10-05 16:15:06.518116,2020-10-05 16:15:06.737717,Gildan Mens Fleece Zip Hooded Sweatshirt Shirt,4.5,,Clothing & Accessories,B01M0240TV,Gildan Men's Activewear,70
99,AHFCEW54LH56I2ZMEE3E2DV2I5PQ,True,Chandail,Bon produit,"December 5, 2019",Georges Lachance,5.0,0,https://www.amazon.ca/gp/profile/amzn1.account.AHFCEW54LH56I2ZMEE3E2DV2I5PQ/ref=cm_cr_getr_d_gw_btm?ie=UTF8,2020-10-05 16:15:06.745524,2020-10-05 16:15:07.000259,Gildan Mens Fleece Zip Hooded Sweatshirt Shirt,4.5,,Clothing & Accessories,B01M0240TV,Gildan Men's Activewear,70
100,AECOHTEBXP66ID6GCTEVWTWSQLPQ,True,Comfortable for the cool weather,No issues with the quality or fit.,"March 23, 2019",Jaroslaw Tyrlicz,5.0,0,https://www.amazon.ca/gp/profile/amzn1.account.AECOHTEBXP66ID6GCTEVWTWSQLPQ/ref=cm_cr_getr_d_gw_btm?ie=UTF8,2020-10-05 16:15:13.209130,2020-10-05 16:15:13.337961,Gildan Mens Fleece Zip Hooded Sweatshirt Shirt,4.5,,Clothing & Accessories,B01M0240TV,Gildan Men's Activewear,70
101,AF3IMWMO2GY7XCGKPCHC7CR7H6LA,True,Gildan hoody,wore it a couple times fits nice and its warm,"August 14, 2019",Happy,5.0,0,https://www.amazon.ca/gp/profile/amzn1.account.AF3IMWMO2GY7XCGKPCHC7CR7H6LA/ref=cm_cr_getr_d_gw_btm?ie=UTF8,2020-10-05 16:15:13.342840,2020-10-05 16:15:13.499977,Gildan Mens Fleece Zip Hooded Sweatshirt Shirt,4.5,,Clothing & Accessories,B01M0240TV,Gildan Men's Activewear,70
102,AHAKVB76U3YRR6UDOZFWYTCCPRKQ,True,Fits true to size,Seems well made; good quality front zip too.,"July 28, 2019",Otoole7,4.0,0,https://www.amazon.ca/gp/profile/amzn1.account.AHAKVB76U3YRR6UDOZFWYTCCPRKQ/ref=cm_cr_getr_d_gw_btm?ie=UTF8,2020-10-05 16:15:13.504856,2020-10-05 16:15:13.642473,Gildan Mens Fleece Zip Hooded Sweatshirt Shirt,4.5,,Clothing & Accessories,B01M0240TV,Gildan Men's Activewear,70
103,AFTX4OJ5LROR2GOBCQWHYFTF3C7Q,True,Five Stars,Took forever to ship - worth the wait though. Just ordered another one - thanks!,"January 18, 2018",Martin Cooney,5.0,0,https://www.amazon.ca/gp/profile/amzn1.account.AFTX4OJ5LROR2GOBCQWHYFTF3C7Q/ref=cm_cr_getr_d_gw_btm?ie=UTF8,2020-10-05 16:15:13.647352,2020-10-05 16:15:13.792775,Gildan Mens Fleece Zip Hooded Sweatshirt Shirt,4.5,,Clothing & Accessories,B01M0240TV,Gildan Men's Activewear,70
104,AG6T37G26LWDMWZHUCPPBALQ6P7A,True,Not a thick material so it's excellent for layering clothes in the winter,Not a thick material so it's excellent for layering clothes in the winter . Great fit . Ended up buying a couple more .,"November 22, 2017",nick,5.0,One,https://www.amazon.ca/gp/profile/amzn1.account.AG6T37G26LWDMWZHUCPPBALQ6P7A/ref=cm_cr_getr_d_gw_btm?ie=UTF8,2020-10-05 16:15:13.797655,2020-10-05 16:15:13.966503,Gildan Mens Fleece Zip Hooded Sweatshirt Shirt,4.5,,Clothing & Accessories,B01M0240TV,Gildan Men's Activewear,70
105,AEGNONQJZ67URQEKVLPZHI7ITLEQ,True,5 stars,Fits perfect. Nice and warm too,"March 10, 2019",Mish,5.0,0,https://www.amazon.ca/gp/profile/amzn1.account.AEGNONQJZ67URQEKVLPZHI7ITLEQ/ref=cm_cr_getr_d_gw_btm?ie=UTF8,2020-10-05 16:15:13.971383,2020-10-05 16:15:14.103197,Gildan Mens Fleece Zip Hooded Sweatshirt Shirt,4.5,,Clothing & Accessories,B01M0240TV,Gildan Men's Activewear,70
106,AGK2K3TM72BHQCZHWXYROTBZOIHQ,True,sizes vary for one place to another as I have ...,sizes vary for one place to another as I have a large one and it fits ok but this one is not the same but it is ok!!!!,"April 16, 2018",Amazon Customer,4.0,0,https://www.amazon.ca/gp/profile/amzn1.account.AGK2K3TM72BHQCZHWXYROTBZOIHQ/ref=cm_cr_getr_d_gw_btm?ie=UTF8,2020-10-05 16:15:14.108076,2020-10-05 16:15:14.284731,Gildan Mens Fleece Zip Hooded Sweatshirt Shirt,4.5,,Clothing & Accessories,B01M0240TV,Gildan Men's Activewear,70
107,AFCANOKXVJ3T6MYSFEYK35J5PKMQ,True,Very Nice,"Very happy with the fit, look, and feel of it.","May 16, 2019",Ralph MacLeod,5.0,0,https://www.amazon.ca/gp/profile/amzn1.account.AFCANOKXVJ3T6MYSFEYK35J5PKMQ/ref=cm_cr_getr_d_gw_btm?ie=UTF8,2020-10-05 16:15:14.292539,2020-10-05 16:15:14.467243,Gildan Mens Fleece Zip Hooded Sweatshirt Shirt,4.5,,Clothing & Accessories,B01M0240TV,Gildan Men's Activewear,70
108,AFAQ2RV2I4EZMDRUALK5RRWVDMBA,True,Great hoody,fits great. very soft inside. a metal zipper,"October 23, 2018",Nicole Nicholson,5.0,0,https://www.amazon.ca/gp/profile/amzn1.account.AFAQ2RV2I4EZMDRUALK5RRWVDMBA/ref=cm_cr_getr_d_gw_btm?ie=UTF8,2020-10-05 16:15:14.473131,2020-10-05 16:15:14.605834,Gildan Mens Fleece Zip Hooded Sweatshirt Shirt,4.5,,Clothing & Accessories,B01M0240TV,Gildan Men's Activewear,70
109,AEFNZR2BVJDIZKRXHNELAHT7STXA,True,brandy melville dupe!! so cute,it’s so perfect & it’s trendy like the brandy melville big hoodies!!! it fits oversized and the colour is so pretty,"May 24, 2020",Hillary,5.0,0,https://www.amazon.ca/gp/profile/amzn1.account.AEFNZR2BVJDIZKRXHNELAHT7STXA/ref=cm_cr_getr_d_gw_btm?ie=UTF8,2020-10-05 16:15:14.610714,2020-10-05 16:15:14.746378,Gildan Mens Fleece Zip Hooded Sweatshirt Shirt,4.5,,Clothing & Accessories,B01M0240TV,Gildan Men's Activewear,70
110,AGESBRKB5BLZLZ4WKIKEX5JOR2IQ,True,good product,"definitely size up, it was a good thickness and was high quality especially for the price.","July 6, 2020",Aleah C.,5.0,0,https://www.amazon.ca/gp/profile/amzn1.account.AGESBRKB5BLZLZ4WKIKEX5JOR2IQ/ref=cm_cr_getr_d_gw_btm?ie=UTF8,2020-10-05 16:15:19.865921,2020-10-05 16:15:20.014271,Gildan Mens Fleece Zip Hooded Sweatshirt Shirt,4.5,,Clothing & Accessories,B01M0240TV,Gildan Men's Activewear,70
111,AHV2FYB2DOTYB5MB33QEFOUOFSSQ,True,Five Stars,Item took a while to come. Was worth the wait. Was exactly as expected.,"January 2, 2018",chrissy long,5.0,0,https://www.amazon.ca/gp/profile/amzn1.account.AHV2FYB2DOTYB5MB33QEFOUOFSSQ/ref=cm_cr_getr_d_gw_btm?ie=UTF8,2020-10-05 16:15:20.020127,2020-10-05 16:15:20.248510,Gildan Mens Fleece Zip Hooded Sweatshirt Shirt,4.5,,Clothing & Accessories,B01M0240TV,Gildan Men's Activewear,70
112,AEPCQ4PTYCDPGX2NU54BK6HCWIYQ,True,Not the shade expected.,"The colour was not as expected. I was expecting a bright safety orange similar to one I purchased for my husband a year ago. This is more a burnt orange colour.
The sweater took about 3 weeks to arrive. Much longer than I expected.","October 10, 2017",Amazon Customer,3.0,0,https://www.amazon.ca/gp/profile/amzn1.account.AEPCQ4PTYCDPGX2NU54BK6HCWIYQ/ref=cm_cr_getr_d_gw_btm?ie=UTF8,2020-10-05 16:15:20.254367,2020-10-05 16:15:20.393934,Gildan Mens Fleece Zip Hooded Sweatshirt Shirt,4.5,,Clothing & Accessories,B01M0240TV,Gildan Men's Activewear,70
113,AG7TY2NJ2WZ2YNBGEQMBKHCL3GPQ,True,Parfait,Excellent,"May 25, 2019",Dany Chandonnet,5.0,0,https://www.amazon.ca/gp/profile/amzn1.account.AG7TY2NJ2WZ2YNBGEQMBKHCL3GPQ/ref=cm_cr_getr_d_gw_btm?ie=UTF8,2020-10-05 16:15:20.399790,2020-10-05 16:15:20.551070,Gildan Mens Fleece Zip Hooded Sweatshirt Shirt,4.5,,Clothing & Accessories,B01M0240TV,Gildan Men's Activewear,70
114,AGGBY6KHL5XNWSDENTCHAMFK3PVQ,True,It's orange,The fabric could be thicker. Quality of construction could be better. Good for the price,"December 2, 2019",Louise,4.0,0,https://www.amazon.ca/gp/profile/amzn1.account.AGGBY6KHL5XNWSDENTCHAMFK3PVQ/ref=cm_cr_getr_d_gw_btm?ie=UTF8,2020-10-05 16:15:20.555949,2020-10-05 16:15:20.757006,Gildan Mens Fleece Zip Hooded Sweatshirt Shirt,4.5,,Clothing & Accessories,B01M0240TV,Gildan Men's Activewear,70
115,AGOFJ52KTRRIIP6YLUJYM2A2L5HA,True,GoodProduct,"Satisfied with this item, delivered quickly.","July 25, 2020",peter bouliane,5.0,0,https://www.amazon.ca/gp/profile/amzn1.account.AGOFJ52KTRRIIP6YLUJYM2A2L5HA/ref=cm_cr_getr_d_gw_btm?ie=UTF8,2020-10-05 16:15:20.763838,2020-10-05 16:15:20.965868,Gildan Mens Fleece Zip Hooded Sweatshirt Shirt,4.5,,Clothing & Accessories,B01M0240TV,Gildan Men's Activewear,70
116,AFYTQNGOWY5HFZ3NHLGHI7F4JVGQ,True,A tad on the thin side.,"It was honestly a bit thinner than I expected, certainly nowhere near the heavy blend hoodie. It's a good option for lighter weather or for layers.","September 6, 2019",Brianne Flett,3.0,0,https://www.amazon.ca/gp/profile/amzn1.account.AFYTQNGOWY5HFZ3NHLGHI7F4JVGQ/ref=cm_cr_getr_d_gw_btm?ie=UTF8,2020-10-05 16:15:20.971725,2020-10-05 16:15:21.102508,Gildan Mens Fleece Zip Hooded Sweatshirt Shirt,4.5,,Clothing & Accessories,B01M0240TV,Gildan Men's Activewear,70
117,AF6GJNX3M4QD2SPZBWKEPYMS42RA,True,No problem,As expected.... No issues,"December 16, 2018",Amazon Customer,5.0,0,https://www.amazon.ca/gp/profile/amzn1.account.AF6GJNX3M4QD2SPZBWKEPYMS42RA/ref=cm_cr_getr_d_gw_btm?ie=UTF8,2020-10-05 16:15:21.106413,2020-10-05 16:15:21.342604,Gildan Mens Fleece Zip Hooded Sweatshirt Shirt,4.5,,Clothing & Accessories,B01M0240TV,Gildan Men's Activewear,70
118,AH5GRFNQ72NMFEW3YUOXE7EOBREQ,True,Great!,I love the quality,"November 29, 2018",Anthony Carmona,5.0,0,https://www.amazon.ca/gp/profile/amzn1.account.AH5GRFNQ72NMFEW3YUOXE7EOBREQ/ref=cm_cr_getr_d_gw_btm?ie=UTF8,2020-10-05 16:15:21.348460,2020-10-05 16:15:21.513403,Gildan Mens Fleece Zip Hooded Sweatshirt Shirt,4.5,,Clothing & Accessories,B01M0240TV,Gildan Men's Activewear,70
119,AHKMDQ7KVCN3IHRPNIE6SPSL6X3A,True,Quality no surprises,Thank you,"February 8, 2019",Hanif Mamdani,5.0,0,https://www.amazon.ca/gp/profile/amzn1.account.AHKMDQ7KVCN3IHRPNIE6SPSL6X3A/ref=cm_cr_getr_d_gw_btm?ie=UTF8,2020-10-05 16:15:21.516331,2020-10-05 16:15:21.651996,Gildan Mens Fleece Zip Hooded Sweatshirt Shirt,4.5,,Clothing & Accessories,B01M0240TV,Gildan Men's Activewear,70
120,AEO2FJJPLECTE7SWKHWCI3YRRXPQ,True,Good hoodie,"Excellent fit , quality zipper","January 3, 2020",Stefan Balcom,5.0,0,https://www.amazon.ca/gp/profile/amzn1.account.AEO2FJJPLECTE7SWKHWCI3YRRXPQ/ref=cm_cr_getr_d_gw_btm?ie=UTF8,2020-10-05 16:15:25.825384,2020-10-05 16:15:25.981544,Gildan Mens Fleece Zip Hooded Sweatshirt Shirt,4.5,,Clothing & Accessories,B01M0240TV,Gildan Men's Activewear,70
121,AHVHTDQ6TRS7G3RFEZNBW2CP7GOA,True,works well,"medium thickness,perfect for under coat","January 13, 2020",Amazon Customer,5.0,0,https://www.amazon.ca/gp/profile/amzn1.account.AHVHTDQ6TRS7G3RFEZNBW2CP7GOA/ref=cm_cr_getr_d_gw_btm?ie=UTF8,2020-10-05 16:15:25.988375,2020-10-05 16:15:26.143561,Gildan Mens Fleece Zip Hooded Sweatshirt Shirt,4.5,,Clothing & Accessories,B01M0240TV,Gildan Men's Activewear,70
122,AEFKW2UUASPBIHRMEV4AM3YUKJKA,True,Awesome,I loved this sweater it’s so soft and comfy deffintly recomend,"August 6, 2020",vit,5.0,0,https://www.amazon.ca/gp/profile/amzn1.account.AEFKW2UUASPBIHRMEV4AM3YUKJKA/ref=cm_cr_getr_d_gw_btm?ie=UTF8,2020-10-05 16:15:26.148440,2020-10-05 16:15:26.292886,Gildan Mens Fleece Zip Hooded Sweatshirt Shirt,4.5,,Clothing & Accessories,B01M0240TV,Gildan Men's Activewear,70
123,AFHCLR74OTC77VVIS6IAKLZSMJXA,True,Thin:(,Way too thin for me to be honest. Its soft but it doesnt keep that warm.,"September 15, 2020",Amazon Customer,3.0,0,https://www.amazon.ca/gp/profile/amzn1.account.AFHCLR74OTC77VVIS6IAKLZSMJXA/ref=cm_cr_getr_d_gw_btm?ie=UTF8,2020-10-05 16:15:26.298743,2020-10-05 16:15:26.435383,Gildan Mens Fleece Zip Hooded Sweatshirt Shirt,4.5,,Clothing & Accessories,B01M0240TV,Gildan Men's Activewear,70
124,AEMDLC3SIMICRFGTN3QKGVGSMONA,True,Size and fitting issues,Twas too large and lacked desired fitting/shape. Also started wearing and slacking after three weeks,"October 11, 2019",Chinedu Odunukwe,1.0,0,https://www.amazon.ca/gp/profile/amzn1.account.AEMDLC3SIMICRFGTN3QKGVGSMONA/ref=cm_cr_getr_d_gw_btm?ie=UTF8,2020-10-05 16:15:26.442215,2020-10-05 16:15:26.671575,Gildan Mens Fleece Zip Hooded Sweatshirt Shirt,4.5,,Clothing & Accessories,B01M0240TV,Gildan Men's Activewear,70
125,AHUOL23GSTWHTP2PXTOPBSIOG5OQ,True,Great comfy hoodie,"Great comfy hoodie, but when it arrived was somewhat larger than expected but once put into the washer it fit perfectly. Also very warm.","November 9, 2018",Melanie Ngai,5.0,0,https://www.amazon.ca/gp/profile/amzn1.account.AHUOL23GSTWHTP2PXTOPBSIOG5OQ/ref=cm_cr_getr_d_gw_btm?ie=UTF8,2020-10-05 16:15:26.677430,2020-10-05 16:15:26.903861,Gildan Mens Fleece Zip Hooded Sweatshirt Shirt,4.5,,Clothing & Accessories,B01M0240TV,Gildan Men's Activewear,70
126,AEL77RANZB7ELALVSNYN3WHEBDIQ,True,GILDAN is a great quality product,Like that it is true to size and quality,"June 18, 2019",Kim,5.0,0,https://www.amazon.ca/gp/profile/amzn1.account.AEL77RANZB7ELALVSNYN3WHEBDIQ/ref=cm_cr_getr_d_gw_btm?ie=UTF8,2020-10-05 16:15:26.907767,2020-10-05 16:15:27.123461,Gildan Mens Fleece Zip Hooded Sweatshirt Shirt,4.5,,Clothing & Accessories,B01M0240TV,Gildan Men's Activewear,70
127,AFJF7TSJB73VJHH7ODJB7MXMWJFA,True,this is a light sweater,this product is perfect for a light sweater. i got it in a medium and it’s pretty oversized,"July 16, 2020",Regene Mae Eliseeff,5.0,0,https://www.amazon.ca/gp/profile/amzn1.account.AFJF7TSJB73VJHH7ODJB7MXMWJFA/ref=cm_cr_getr_d_gw_btm?ie=UTF8,2020-10-05 16:15:27.128342,2020-10-05 16:15:27.313781,Gildan Mens Fleece Zip Hooded Sweatshirt Shirt,4.5,,Clothing & Accessories,B01M0240TV,Gildan Men's Activewear,70
128,AFXPMLWUUIBBHXUIKQDJUXQ7FRSA,True,tres bonne qualité,tres bonne qualité,"March 20, 2019",michel,5.0,0,https://www.amazon.ca/gp/profile/amzn1.account.AFXPMLWUUIBBHXUIKQDJUXQ7FRSA/ref=cm_cr_getr_d_gw_btm?ie=UTF8,2020-10-05 16:15:27.318661,2020-10-05 16:15:27.490436,Gildan Mens Fleece Zip Hooded Sweatshirt Shirt,4.5,,Clothing & Accessories,B01M0240TV,Gildan Men's Activewear,70
129,AHNE4PPL5T5CIMDLUY6XKPBWP4TQ,True,comfy!!!,xl mens is super nice for an oversized fit (if you’re a small/medium in womens!),"May 4, 2020",rylee,5.0,0,https://www.amazon.ca/gp/profile/amzn1.account.AHNE4PPL5T5CIMDLUY6XKPBWP4TQ/ref=cm_cr_getr_d_gw_btm?ie=UTF8,2020-10-05 16:15:27.495316,2020-10-05 16:15:27.641717,Gildan Mens Fleece Zip Hooded Sweatshirt Shirt,4.5,,Clothing & Accessories,B01M0240TV,Gildan Men's Activewear,70
130,AFV4PKHEGV56ZH5ZQ3DCSNY5G65A,True,Five Stars,Very good sweat shirt.,"June 28, 2018",CSSD,5.0,0,https://www.amazon.ca/gp/profile/amzn1.account.AFV4PKHEGV56ZH5ZQ3DCSNY5G65A/ref=cm_cr_getr_d_gw_btm?ie=UTF8,2020-10-05 16:15:33.810400,2020-10-05 16:15:33.956799,Gildan Mens Fleece Zip Hooded Sweatshirt Shirt,4.5,,Clothing & Accessories,B01M0240TV,Gildan Men's Activewear,70
131,AGDQ2ZW5ZZJQPDER466H2PFTYADA,True,Decent sweater,For the price it's a decent sweater,"July 28, 2019",Chris Kowalczyk,5.0,0,https://www.amazon.ca/gp/profile/amzn1.account.AGDQ2ZW5ZZJQPDER466H2PFTYADA/ref=cm_cr_getr_d_gw_btm?ie=UTF8,2020-10-05 16:15:33.961680,2020-10-05 16:15:34.104176,Gildan Mens Fleece Zip Hooded Sweatshirt Shirt,4.5,,Clothing & Accessories,B01M0240TV,Gildan Men's Activewear,70
132,AE2K45CN4TMOCRBGNBY2NQ6DR4ZQ,True,Would buy again !!,Great quality for the price. Love it bought one for my boyfriend,"April 7, 2020",Kathiann,5.0,0,https://www.amazon.ca/gp/profile/amzn1.account.AE2K45CN4TMOCRBGNBY2NQ6DR4ZQ/ref=cm_cr_getr_d_gw_btm?ie=UTF8,2020-10-05 16:15:34.109055,2020-10-05 16:15:34.274975,Gildan Mens Fleece Zip Hooded Sweatshirt Shirt,4.5,,Clothing & Accessories,B01M0240TV,Gildan Men's Activewear,70
133,AEF3NTCXT7VPJFMGA36Y5QWC56YQ,True,Good fit,Perfect,"December 5, 2019",AmazonCustomer,5.0,0,https://www.amazon.ca/gp/profile/amzn1.account.AEF3NTCXT7VPJFMGA36Y5QWC56YQ/ref=cm_cr_getr_d_gw_btm?ie=UTF8,2020-10-05 16:15:34.280831,2020-10-05 16:15:34.427230,Gildan Mens Fleece Zip Hooded Sweatshirt Shirt,4.5,,Clothing & Accessories,B01M0240TV,Gildan Men's Activewear,70
134,AHXC7LJWYBFDHV3JADVUTGGXCBCA,True,The same as brandy melville,Perfect brandy dupe if ur looking for one!! Good quality and good price!,"September 24, 2020",estella,5.0,0,https://www.amazon.ca/gp/profile/amzn1.account.AHXC7LJWYBFDHV3JADVUTGGXCBCA/ref=cm_cr_getr_d_gw_btm?ie=UTF8,2020-10-05 16:15:34.432111,2020-10-05 16:15:34.562894,Gildan Mens Fleece Zip Hooded Sweatshirt Shirt,4.5,,Clothing & Accessories,B01M0240TV,Gildan Men's Activewear,70
135,AFSHIAABJV75EDZXMLUFVQ5EILUQ,True,Not comfortable,Not good quality and not that comfy. Wouldn't recommend for the price,"July 12, 2020",Alexa Andriopoulos,2.0,0,https://www.amazon.ca/gp/profile/amzn1.account.AFSHIAABJV75EDZXMLUFVQ5EILUQ/ref=cm_cr_getr_d_gw_btm?ie=UTF8,2020-10-05 16:15:34.567774,2020-10-05 16:15:34.736623,Gildan Mens Fleece Zip Hooded Sweatshirt Shirt,4.5,,Clothing & Accessories,B01M0240TV,Gildan Men's Activewear,70
136,AGHFJW45ZEOQUYP3ZTY6655NINOQ,True,Great value,Great value. Exactly what I was expecting.,"June 4, 2018",Mike Pittoello,5.0,0,https://www.amazon.ca/gp/profile/amzn1.account.AGHFJW45ZEOQUYP3ZTY6655NINOQ/ref=cm_cr_getr_d_gw_btm?ie=UTF8,2020-10-05 16:15:34.741501,2020-10-05 16:15:34.888877,Gildan Mens Fleece Zip Hooded Sweatshirt Shirt,4.5,,Clothing & Accessories,B01M0240TV,Gildan Men's Activewear,70
137,AF2LAI3D3TRMTXCPJMOR4WFC6ANQ,True,Good purchase,It is warm and fits perfectly.,"November 16, 2019",catherine yumang,3.0,0,https://www.amazon.ca/gp/profile/amzn1.account.AF2LAI3D3TRMTXCPJMOR4WFC6ANQ/ref=cm_cr_getr_d_gw_btm?ie=UTF8,2020-10-05 16:15:34.893757,2020-10-05 16:15:35.037228,Gildan Mens Fleece Zip Hooded Sweatshirt Shirt,4.5,,Clothing & Accessories,B01M0240TV,Gildan Men's Activewear,70
138,AHLOC7CEQ2M5K3UNVXQ7ZF373YEQ,True,Five Stars,great value for the money,"December 21, 2017",Mr. Troll,5.0,0,https://www.amazon.ca/gp/profile/amzn1.account.AHLOC7CEQ2M5K3UNVXQ7ZF373YEQ/ref=cm_cr_getr_d_gw_btm?ie=UTF8,2020-10-05 16:15:35.042109,2020-10-05 16:15:35.264636,Gildan Mens Fleece Zip Hooded Sweatshirt Shirt,4.5,,Clothing & Accessories,B01M0240TV,Gildan Men's Activewear,70
139,AECTERUMEHUGHBTJVWWFCET5HELQ,True,Five Stars,👍👍👍👍👍,"May 8, 2018",Client d'Amazon,5.0,0,https://www.amazon.ca/gp/profile/amzn1.account.AECTERUMEHUGHBTJVWWFCET5HELQ/ref=cm_cr_getr_d_gw_btm?ie=UTF8,2020-10-05 16:15:35.271469,2020-10-05 16:15:35.578908,Gildan Mens Fleece Zip Hooded Sweatshirt Shirt,4.5,,Clothing & Accessories,B01M0240TV,Gildan Men's Activewear,70
140,AFX75HFEZL4XBF5HSBSYVT54CFXQ,True,Quality Item.,comfort,"July 15, 2019",Arch,5.0,0,https://www.amazon.ca/gp/profile/amzn1.account.AFX75HFEZL4XBF5HSBSYVT54CFXQ/ref=cm_cr_getr_d_gw_btm?ie=UTF8,2020-10-05 16:15:39.740708,2020-10-05 16:15:39.919353,Gildan Mens Fleece Zip Hooded Sweatshirt Shirt,4.5,,Clothing & Accessories,B01M0240TV,Gildan Men's Activewear,70
141,AEU525VRRUUJSDC3NQQ2LFNT5Y7Q,True,comfortable,i loved the color and softness. thank you so much!,"September 16, 2020",Mateo Paes,5.0,0,https://www.amazon.ca/gp/profile/amzn1.account.AEU525VRRUUJSDC3NQQ2LFNT5Y7Q/ref=cm_cr_getr_d_gw_btm?ie=UTF8,2020-10-05 16:15:39.925209,2020-10-05 16:15:40.065784,Gildan Mens Fleece Zip Hooded Sweatshirt Shirt,4.5,,Clothing & Accessories,B01M0240TV,Gildan Men's Activewear,70
142,AGTOEJR4EWXFBUGDQ7V5FXYHFJZQ,True,slightly bigger than expected but a great,"Got an XL , slightly bigger than expected but a great hoodie","November 20, 2016",Amazon Customer,5.0,One,https://www.amazon.ca/gp/profile/amzn1.account.AGTOEJR4EWXFBUGDQ7V5FXYHFJZQ/ref=cm_cr_getr_d_gw_btm?ie=UTF8,2020-10-05 16:15:40.070639,2020-10-05 16:15:40.211176,Gildan Mens Fleece Zip Hooded Sweatshirt Shirt,4.5,,Clothing & Accessories,B01M0240TV,Gildan Men's Activewear,70
143,AGE5RN6BN6N5UMJN5J4WQOL4KV2A,True,Great hoodie!,Great everyday hoodie for the price! Just what we were looking for.,"February 6, 2020",Sarah Harrison,5.0,0,https://www.amazon.ca/gp/profile/amzn1.account.AGE5RN6BN6N5UMJN5J4WQOL4KV2A/ref=cm_cr_getr_d_gw_btm?ie=UTF8,2020-10-05 16:15:40.217032,2020-10-05 16:15:40.353677,Gildan Mens Fleece Zip Hooded Sweatshirt Shirt,4.5,,Clothing & Accessories,B01M0240TV,Gildan Men's Activewear,70
144,AHFH6FKZHYLTEZDR4KI2PQ4O6N3A,True,Tout est ok,Tel que demandé,"July 7, 2020",Caro,5.0,0,https://www.amazon.ca/gp/profile/amzn1.account.AHFH6FKZHYLTEZDR4KI2PQ4O6N3A/ref=cm_cr_getr_d_gw_btm?ie=UTF8,2020-10-05 16:15:40.358558,2020-10-05 16:15:40.543020,Gildan Mens Fleece Zip Hooded Sweatshirt Shirt,4.5,,Clothing & Accessories,B01M0240TV,Gildan Men's Activewear,70
145,AFDUQOASQ5XCFTKGV5WYM7C5CKPA,True,Perfect,Travail,"September 12, 2020",Pascal Jacob,5.0,0,https://www.amazon.ca/gp/profile/amzn1.account.AFDUQOASQ5XCFTKGV5WYM7C5CKPA/ref=cm_cr_getr_d_gw_btm?ie=UTF8,2020-10-05 16:15:40.553757,2020-10-05 16:15:40.749932,Gildan Mens Fleece Zip Hooded Sweatshirt Shirt,4.5,,Clothing & Accessories,B01M0240TV,Gildan Men's Activewear,70
146,AFE2U7XAWCEQGXP4FQRDIGDEM6IQ,True,Five Stars,"Good, cheap.","January 1, 2018",jeffk,5.0,0,https://www.amazon.ca/gp/profile/amzn1.account.AFE2U7XAWCEQGXP4FQRDIGDEM6IQ/ref=cm_cr_getr_d_gw_btm?ie=UTF8,2020-10-05 16:15:40.753836,2020-10-05 16:15:40.892429,Gildan Mens Fleece Zip Hooded Sweatshirt Shirt,4.5,,Clothing & Accessories,B01M0240TV,Gildan Men's Activewear,70
147,AHNRRQKUIKSZ4OTUXNRAETZ7GIEQ,True,10/10,"really good quality, would definitely recommend!","August 12, 2020",moe,5.0,0,https://www.amazon.ca/gp/profile/amzn1.account.AHNRRQKUIKSZ4OTUXNRAETZ7GIEQ/ref=cm_cr_getr_d_gw_btm?ie=UTF8,2020-10-05 16:15:40.897308,2020-10-05 16:15:41.069084,Gildan Mens Fleece Zip Hooded Sweatshirt Shirt,4.5,,Clothing & Accessories,B01M0240TV,Gildan Men's Activewear,70
148,AEUZPDX7VOSWH3DM4PB4BQ2TI6UQ,True,Four Stars,I like it.,"December 27, 2016",Stargazer1,4.0,One,https://www.amazon.ca/gp/profile/amzn1.account.AEUZPDX7VOSWH3DM4PB4BQ2TI6UQ/ref=cm_cr_getr_d_gw_btm?ie=UTF8,2020-10-05 16:15:41.074939,2020-10-05 16:15:41.227195,Gildan Mens Fleece Zip Hooded Sweatshirt Shirt,4.5,,Clothing & Accessories,B01M0240TV,Gildan Men's Activewear,70
149,AGVXRMVDC2UTK5EIRT4C25Q3WE2A,True,Great value,Great for early morning dog walks. More of spring and fall weather,"July 19, 2019",Kevin,5.0,0,https://www.amazon.ca/gp/profile/amzn1.account.AGVXRMVDC2UTK5EIRT4C25Q3WE2A/ref=cm_cr_getr_d_gw_btm?ie=UTF8,2020-10-05 16:15:41.233052,2020-10-05 16:15:41.397019,Gildan Mens Fleece Zip Hooded Sweatshirt Shirt,4.5,,Clothing & Accessories,B01M0240TV,Gildan Men's Activewear,70
150,AEDF6MNUMIEALWQWT4KNXRPSJ35Q,True,Husband very happy with this sweater fits him great and loves the ...,Husband very happy with this sweater fits him great and loves the color easy to find him in the store with this sweater,"January 5, 2018",Geraldine Graham,5.0,0,https://www.amazon.ca/gp/profile/amzn1.account.AEDF6MNUMIEALWQWT4KNXRPSJ35Q/ref=cm_cr_getr_d_gw_btm?ie=UTF8,2020-10-05 16:15:45.565633,2020-10-05 16:15:45.718864,Gildan Mens Fleece Zip Hooded Sweatshirt Shirt,4.5,,Clothing & Accessories,B01M0240TV,Gildan Men's Activewear,70
151,AHV4HYIFYGEXXDD4WRGJBQTLOMOA,True,Ya,good for the price,"September 5, 2020",Broom ,4.0,0,https://www.amazon.ca/gp/profile/amzn1.account.AHV4HYIFYGEXXDD4WRGJBQTLOMOA/ref=cm_cr_getr_d_gw_btm?ie=UTF8,2020-10-05 16:15:45.722769,2020-10-05 16:15:45.860384,Gildan Mens Fleece Zip Hooded Sweatshirt Shirt,4.5,,Clothing & Accessories,B01M0240TV,Gildan Men's Activewear,70
152,AH2DK7RN56N7QY2NMQWBFIVY4FKQ,True,worth the money,Looks really really comfy and super lightweight,"July 27, 2020",Gabrielle Sophia Avellano,5.0,0,https://www.amazon.ca/gp/profile/amzn1.account.AH2DK7RN56N7QY2NMQWBFIVY4FKQ/ref=cm_cr_getr_d_gw_btm?ie=UTF8,2020-10-05 16:15:45.865264,2020-10-05 16:15:46.003856,Gildan Mens Fleece Zip Hooded Sweatshirt Shirt,4.5,,Clothing & Accessories,B01M0240TV,Gildan Men's Activewear,70
153,AFOWZNO2XI7IOAMI53GYAOXKUQ2Q,True,Great,It fit good,"February 24, 2020",carson,3.0,0,https://www.amazon.ca/gp/profile/amzn1.account.AFOWZNO2XI7IOAMI53GYAOXKUQ2Q/ref=cm_cr_getr_d_gw_btm?ie=UTF8,2020-10-05 16:15:46.008736,2020-10-05 16:15:46.175632,Gildan Mens Fleece Zip Hooded Sweatshirt Shirt,4.5,,Clothing & Accessories,B01M0240TV,Gildan Men's Activewear,70
154,AGVRG6P2BZUOT6LWGZOUFNE2RB7A,True,Ll,👍,"November 22, 2019",Viktoriia,5.0,0,https://www.amazon.ca/gp/profile/amzn1.account.AGVRG6P2BZUOT6LWGZOUFNE2RB7A/ref=cm_cr_getr_d_gw_btm?ie=UTF8,2020-10-05 16:15:46.189296,2020-10-05 16:15:46.351311,Gildan Mens Fleece Zip Hooded Sweatshirt Shirt,4.5,,Clothing & Accessories,B01M0240TV,Gildan Men's Activewear,70
155,AFXB36YIN2Y5EIDYOFPV44IIV4ZA,True,Thin,Fit,"March 1, 2019",Gene,5.0,0,https://www.amazon.ca/gp/profile/amzn1.account.AFXB36YIN2Y5EIDYOFPV44IIV4ZA/ref=cm_cr_getr_d_gw_btm?ie=UTF8,2020-10-05 16:15:46.355215,2020-10-05 16:15:46.593359,Gildan Mens Fleece Zip Hooded Sweatshirt Shirt,4.5,,Clothing & Accessories,B01M0240TV,Gildan Men's Activewear,70
156,AGBCLZXA7MOY4UEARMZJ6RCK5E4A,True,versatile,very comfortable,"August 24, 2019",Sonia Rywak,4.0,0,https://www.amazon.ca/gp/profile/amzn1.account.AGBCLZXA7MOY4UEARMZJ6RCK5E4A/ref=cm_cr_getr_d_gw_btm?ie=UTF8,2020-10-05 16:15:46.599216,2020-10-05 16:15:46.774893,Gildan Mens Fleece Zip Hooded Sweatshirt Shirt,4.5,,Clothing & Accessories,B01M0240TV,Gildan Men's Activewear,70
157,AELCPZOOB7SLPJDSW5O7HFLYL73A,True,Not good..,Its not good as i expected. Not maintaining body temperature..,"October 15, 2018",rijothomas,2.0,0,https://www.amazon.ca/gp/profile/amzn1.account.AELCPZOOB7SLPJDSW5O7HFLYL73A/ref=cm_cr_getr_d_gw_btm?ie=UTF8,2020-10-05 16:15:46.778799,2020-10-05 16:15:46.993517,Gildan Mens Fleece Zip Hooded Sweatshirt Shirt,4.5,,Clothing & Accessories,B01M0240TV,Gildan Men's Activewear,70
158,AHRWOKSSR33ROXHBS3GEQMJNH42A,True,As advertised,Great product,"July 7, 2020",jina,5.0,0,https://www.amazon.ca/gp/profile/amzn1.account.AHRWOKSSR33ROXHBS3GEQMJNH42A/ref=cm_cr_getr_d_gw_btm?ie=UTF8,2020-10-05 16:15:46.997422,2020-10-05 16:15:47.328286,Gildan Mens Fleece Zip Hooded Sweatshirt Shirt,4.5,,Clothing & Accessories,B01M0240TV,Gildan Men's Activewear,70
159,AHXGEEWZSI7TPHXOICUUXNXK4E7Q,True,casual /comfortable,very soft and cute !,"August 10, 2020",jessica,4.0,0,https://www.amazon.ca/gp/profile/amzn1.account.AHXGEEWZSI7TPHXOICUUXNXK4E7Q/ref=cm_cr_getr_d_gw_btm?ie=UTF8,2020-10-05 16:15:47.337070,2020-10-05 16:15:47.497133,Gildan Mens Fleece Zip Hooded Sweatshirt Shirt,4.5,,Clothing & Accessories,B01M0240TV,Gildan Men's Activewear,70
160,AHVMRKTAI35HM3PJVUAZUBV3NN6Q,True,excellent service,for pleasure. was perfect fit as expected,"November 18, 2019",Anna,5.0,0,https://www.amazon.ca/gp/profile/amzn1.account.AHVMRKTAI35HM3PJVUAZUBV3NN6Q/ref=cm_cr_getr_d_gw_btm?ie=UTF8,2020-10-05 16:15:52.800945,2020-10-05 16:15:53.018592,Gildan Mens Fleece Zip Hooded Sweatshirt Shirt,4.5,,Clothing & Accessories,B01M0240TV,Gildan Men's Activewear,70
161,AGCGZ4JGSL5RD3SFDWB7WNZRHOCQ,True,Get the next size bigger,Fit was a little small,"March 16, 2020",James Watt,3.0,0,https://www.amazon.ca/gp/profile/amzn1.account.AGCGZ4JGSL5RD3SFDWB7WNZRHOCQ/ref=cm_cr_getr_d_gw_btm?ie=UTF8,2020-10-05 16:15:53.024448,2020-10-05 16:15:53.206959,Gildan Mens Fleece Zip Hooded Sweatshirt Shirt,4.5,,Clothing & Accessories,B01M0240TV,Gildan Men's Activewear,70
162,AHYVPENSPL2SWM2Y3V37QFSYTWHA,True,this one was just perfect in every way,"Although, I did not get the hoodie I pictured, this one was just perfect in every way. Thanks Amazon. Edward","February 10, 2018",Edward Luff,5.0,0,https://www.amazon.ca/gp/profile/amzn1.account.AHYVPENSPL2SWM2Y3V37QFSYTWHA/ref=cm_cr_getr_d_gw_btm?ie=UTF8,2020-10-05 16:15:53.211840,2020-10-05 16:15:53.432415,Gildan Mens Fleece Zip Hooded Sweatshirt Shirt,4.5,,Clothing & Accessories,B01M0240TV,Gildan Men's Activewear,70
163,AF72FLHIQOM6K2AJJMTNQFVXEEOA,True,Hoodie Gildan,"Doux et confortable, bonne qualité","September 23, 2019",Karine Séguin,5.0,0,https://www.amazon.ca/gp/profile/amzn1.account.AF72FLHIQOM6K2AJJMTNQFVXEEOA/ref=cm_cr_getr_d_gw_btm?ie=UTF8,2020-10-05 16:15:53.440223,2020-10-05 16:15:53.617856,Gildan Mens Fleece Zip Hooded Sweatshirt Shirt,4.5,,Clothing & Accessories,B01M0240TV,Gildan Men's Activewear,70
164,AF7JIXDUXK6BBBIY3CLUPZGF2UVA,True,Quality great,Great product,"February 1, 2019",Wilma Davis,5.0,0,https://www.amazon.ca/gp/profile/amzn1.account.AF7JIXDUXK6BBBIY3CLUPZGF2UVA/ref=cm_cr_getr_d_gw_btm?ie=UTF8,2020-10-05 16:15:53.622735,2020-10-05 16:15:53.783774,Gildan Mens Fleece Zip Hooded Sweatshirt Shirt,4.5,,Clothing & Accessories,B01M0240TV,Gildan Men's Activewear,70
165,AE6WM6G7DMOYD3LXKJGKNKVHWTAA,True,got small after 3 washes,don't recommend cheap,"June 8, 2019",Karmdeep purewal,1.0,0,https://www.amazon.ca/gp/profile/amzn1.account.AE6WM6G7DMOYD3LXKJGKNKVHWTAA/ref=cm_cr_getr_d_gw_btm?ie=UTF8,2020-10-05 16:15:53.788654,2020-10-05 16:15:53.943838,Gildan Mens Fleece Zip Hooded Sweatshirt Shirt,4.5,,Clothing & Accessories,B01M0240TV,Gildan Men's Activewear,70
166,AGH756VIW7K4NNX6CNOLPOC7XTYA,True,Not for show for practical use,Hunting,"November 1, 2019",David Hutchinson,3.0,0,https://www.amazon.ca/gp/profile/amzn1.account.AGH756VIW7K4NNX6CNOLPOC7XTYA/ref=cm_cr_getr_d_gw_btm?ie=UTF8,2020-10-05 16:15:53.947741,2020-10-05 16:15:54.190765,Gildan Mens Fleece Zip Hooded Sweatshirt Shirt,4.5,,Clothing & Accessories,B01M0240TV,Gildan Men's Activewear,70
167,AF5HVOIMOIZVKI4X2PRFQXSMZXDA,True,Five Stars,parfait,"April 12, 2017",Client d'Amazon,5.0,0,https://www.amazon.ca/gp/profile/amzn1.account.AF5HVOIMOIZVKI4X2PRFQXSMZXDA/ref=cm_cr_getr_d_gw_btm?ie=UTF8,2020-10-05 16:15:54.196621,2020-10-05 16:15:54.530412,Gildan Mens Fleece Zip Hooded Sweatshirt Shirt,4.5,,Clothing & Accessories,B01M0240TV,Gildan Men's Activewear,70
168,AHRCYOKSHCN7TTEI6GPKI6YDQBVQ,True,Five Stars,The colour and fit is amazing. Love the quality and feel!!,"January 14, 2018",Donald Griffin,5.0,0,https://www.amazon.ca/gp/profile/amzn1.account.AHRCYOKSHCN7TTEI6GPKI6YDQBVQ/ref=cm_cr_getr_d_gw_btm?ie=UTF8,2020-10-05 16:15:54.541148,2020-10-05 16:15:54.697307,Gildan Mens Fleece Zip Hooded Sweatshirt Shirt,4.5,,Clothing & Accessories,B01M0240TV,Gildan Men's Activewear,70
169,AEGRJM2N5EGOCMW3NGC5YK3OM5ZA,True,... big for large and the material is no so good,too big for large and the material is no so good,"January 2, 2018",Amazon Customer,2.0,0,https://www.amazon.ca/gp/profile/amzn1.account.AEGRJM2N5EGOCMW3NGC5YK3OM5ZA/ref=cm_cr_getr_d_gw_btm?ie=UTF8,2020-10-05 16:15:54.704141,2020-10-05 16:15:54.842731,Gildan Mens Fleece Zip Hooded Sweatshirt Shirt,4.5,,Clothing & Accessories,B01M0240TV,Gildan Men's Activewear,70
170,AGI5RES6H6J4ZMETIESVKNBEXJWQ,True,Three Stars,Le tissu semble assez fragile,"May 8, 2018",Jean-Claude P.,3.0,0,https://www.amazon.ca/gp/profile/amzn1.account.AGI5RES6H6J4ZMETIESVKNBEXJWQ/ref=cm_cr_getr_d_gw_btm?ie=UTF8,2020-10-05 16:15:58.959879,2020-10-05 16:15:59.127748,Gildan Mens Fleece Zip Hooded Sweatshirt Shirt,4.5,,Clothing & Accessories,B01M0240TV,Gildan Men's Activewear,70
171,AHE6GORS2APX5PTXAC52KGL7FAVA,True,Two Stars,Not heavy,"May 6, 2018",Larry Turk,2.0,0,https://www.amazon.ca/gp/profile/amzn1.account.AHE6GORS2APX5PTXAC52KGL7FAVA/ref=cm_cr_getr_d_gw_btm?ie=UTF8,2020-10-05 16:15:59.136532,2020-10-05 16:15:59.297573,Gildan Mens Fleece Zip Hooded Sweatshirt Shirt,4.5,,Clothing & Accessories,B01M0240TV,Gildan Men's Activewear,70
172,AE34SGZ45SOQNSE2FOUV3YCZPQRA,True,👍👍👍👍,I like very much this hoody👍,"November 10, 2017",OANA MITROI,5.0,0,https://www.amazon.ca/gp/profile/amzn1.account.AE34SGZ45SOQNSE2FOUV3YCZPQRA/ref=cm_cr_getr_d_gw_btm?ie=UTF8,2020-10-05 16:15:59.303429,2020-10-05 16:15:59.432260,Gildan Mens Fleece Zip Hooded Sweatshirt Shirt,4.5,,Clothing & Accessories,B01M0240TV,Gildan Men's Activewear,70
173,AFNUQLD6ZR5TDOYVCK4BFNZJQQWQ,True,One Star,Aweful quality. As rough as rag.,"December 23, 2017",YEO JONGHYUN,1.0,0,https://www.amazon.ca/gp/profile/amzn1.account.AFNUQLD6ZR5TDOYVCK4BFNZJQQWQ/ref=cm_cr_getr_d_gw_btm?ie=UTF8,2020-10-05 16:15:59.437140,2020-10-05 16:15:59.576706,Gildan Mens Fleece Zip Hooded Sweatshirt Shirt,4.5,,Clothing & Accessories,B01M0240TV,Gildan Men's Activewear,70
174,AGK2IJTFEKTGLJFNI3RMHEGPJIAQ,True,Five Stars,Fits really well,"December 4, 2017",Wolfdawg,5.0,0,https://www.amazon.ca/gp/profile/amzn1.account.AGK2IJTFEKTGLJFNI3RMHEGPJIAQ/ref=cm_cr_getr_d_gw_btm?ie=UTF8,2020-10-05 16:15:59.582564,2020-10-05 16:15:59.761203,Gildan Mens Fleece Zip Hooded Sweatshirt Shirt,4.5,,Clothing & Accessories,B01M0240TV,Gildan Men's Activewear,70
175,AFWEDLIHRV35NWRIPRGNQ3TZUIJA,True,Five Stars,What I expected,"November 9, 2016",Amazon Customer,5.0,0,https://www.amazon.ca/gp/profile/amzn1.account.AFWEDLIHRV35NWRIPRGNQ3TZUIJA/ref=cm_cr_getr_d_gw_btm?ie=UTF8,2020-10-05 16:15:59.766051,2020-10-05 16:15:59.901716,Gildan Mens Fleece Zip Hooded Sweatshirt Shirt,4.5,,Clothing & Accessories,B01M0240TV,Gildan Men's Activewear,70
176,AHQUCBMHDJ7CTXZYNKVPU2A4KLDA,True,😝,👍🏼,"February 11, 2017",Amazon Customer,5.0,0,https://www.amazon.ca/gp/profile/amzn1.account.AHQUCBMHDJ7CTXZYNKVPU2A4KLDA/ref=cm_cr_getr_d_gw_btm?ie=UTF8,2020-10-05 16:15:59.905618,2020-10-05 16:16:00.046162,Gildan Mens Fleece Zip Hooded Sweatshirt Shirt,4.5,,Clothing & Accessories,B01M0240TV,Gildan Men's Activewear,70
177,AEKDJVMPRTAARU2F4XNFMWKA6DRA,True,Two Stars,Nice colour but very very small for a men's medium. More like a boy's medium,"November 18, 2016",Betty Anne Michalchuk,2.0,0,https://www.amazon.ca/gp/profile/amzn1.account.AEKDJVMPRTAARU2F4XNFMWKA6DRA/ref=cm_cr_getr_d_gw_btm?ie=UTF8,2020-10-05 16:16:00.051042,2020-10-05 16:16:00.182802,Gildan Mens Fleece Zip Hooded Sweatshirt Shirt,4.5,,Clothing & Accessories,B01M0240TV,Gildan Men's Activewear,70
178,AHL27L5HRY53DA5IP4I2WMHE4A6Q,True,Four Stars,Perfect,"January 15, 2016",Ben B,4.0,0,https://www.amazon.ca/gp/profile/amzn1.account.AHL27L5HRY53DA5IP4I2WMHE4A6Q/ref=cm_cr_getr_d_gw_btm?ie=UTF8,2020-10-05 16:16:00.188689,2020-10-05 16:16:00.337010,Gildan Mens Fleece Zip Hooded Sweatshirt Shirt,4.5,,Clothing & Accessories,B01M0240TV,Gildan Men's Activewear,70
179,AHFRUNM4Q3GCVJGA5BXXXHGCYN6A,True,Five Stars,👍,"October 15, 2016",Christine emery,5.0,0,https://www.amazon.ca/gp/profile/amzn1.account.AHFRUNM4Q3GCVJGA5BXXXHGCYN6A/ref=cm_cr_getr_d_gw_btm?ie=UTF8,2020-10-05 16:16:00.341889,2020-10-05 16:16:00.485360,Gildan Mens Fleece Zip Hooded Sweatshirt Shirt,4.5,,Clothing & Accessories,B01M0240TV,Gildan Men's Activewear,70
180,AEMTWNXWF7GHBLFFDGBR4JRFZENA,False,Ad states Mens Hoodie I received states Adult with a woman zipper,I find this hoodie to be quite thin when the ad states heavy. I also find that the ad states it is a Men Hoodie however the sticker on the Hoodie says adult but the zipper is a woman. I am tired of having to send things back when I have to go to the library to print a return it is just too much hassle. I do not recommend this hoodie unless you want one for the summer as this one is quite thin in material quality.,"October 3, 2018",Amazon Customer,1.0,One,https://www.amazon.ca/gp/profile/amzn1.account.AEMTWNXWF7GHBLFFDGBR4JRFZENA/ref=cm_cr_getr_d_gw_btm?ie=UTF8,2020-10-05 16:16:03.601209,2020-10-05 16:16:03.753466,Gildan Mens Fleece Zip Hooded Sweatshirt Shirt,4.5,,Clothing & Accessories,B01M0240TV,Gildan Men's Activewear,70
181,AFIZSXHTD3ZHVOS3KAHOIKOB6ZZA,False,Perfect,Very nice sweater for the price. Bought 4 of them.,"September 16, 2020",Jay,5.0,0,https://www.amazon.ca/gp/profile/amzn1.account.AFIZSXHTD3ZHVOS3KAHOIKOB6ZZA/ref=cm_cr_getr_d_gw_btm?ie=UTF8,2020-10-05 16:16:03.758344,2020-10-05 16:16:03.893032,Gildan Mens Fleece Zip Hooded Sweatshirt Shirt,4.5,,Clothing & Accessories,B01M0240TV,Gildan Men's Activewear,70
182,AGPSEQDYXFNZZAHQLEVUPULHCJ7A,False,Not worth buying,"Was about 2 sizes to small , took a lot longer to ship , very cheap feeling","January 27, 2019",Jake247,1.0,0,https://www.amazon.ca/gp/profile/amzn1.account.AGPSEQDYXFNZZAHQLEVUPULHCJ7A/ref=cm_cr_getr_d_gw_btm?ie=UTF8,2020-10-05 16:16:03.897912,2020-10-05 16:16:04.029673,Gildan Mens Fleece Zip Hooded Sweatshirt Shirt,4.5,,Clothing & Accessories,B01M0240TV,Gildan Men's Activewear,70
183,AH7W7JKLUNBDU7VPQJ2VJAZQEHNQ,True,size and quality good,order i size larger it works and is perfect for extra warmth very nice brand,"November 10, 2019",william carron,5.0,0,https://www.amazon.ca/gp/profile/amzn1.account.AH7W7JKLUNBDU7VPQJ2VJAZQEHNQ/ref=cm_cr_getr_d_gw_btm?ie=UTF8,2020-10-05 16:16:04.035528,2020-10-05 16:16:04.170248,Gildan Mens Fleece Zip Hooded Sweatshirt Shirt,4.5,,Clothing & Accessories,B01M0240TV,Gildan Men's Activewear,70
184,AGGNEMPMYVB6NP5TF5F7PPBV2BJA,True,Cozy,"Cozy. Nice colour, can spot him anywhere.","January 24, 2020",Bibi Rahim-Hahn,5.0,0,https://www.amazon.ca/gp/profile/amzn1.account.AGGNEMPMYVB6NP5TF5F7PPBV2BJA/ref=cm_cr_getr_d_gw_btm?ie=UTF8,2020-10-05 16:16:04.175096,2020-10-05 16:16:04.312712,Gildan Mens Fleece Zip Hooded Sweatshirt Shirt,4.5,,Clothing & Accessories,B01M0240TV,Gildan Men's Activewear,70
185,AGKCAKVMJGWG4DG3JRXBUGW542GQ,True,Excellent,Excellent,"October 8, 2019",Romik,5.0,0,https://www.amazon.ca/gp/profile/amzn1.account.AGKCAKVMJGWG4DG3JRXBUGW542GQ/ref=cm_cr_getr_d_gw_btm?ie=UTF8,2020-10-05 16:16:04.317592,2020-10-05 16:16:04.453256,Gildan Mens Fleece Zip Hooded Sweatshirt Shirt,4.5,,Clothing & Accessories,B01M0240TV,Gildan Men's Activewear,70
