,author_id,verified_purchase,review_title,reviews,date,reviewer_name,ratings,people_find_helpful,reviewer_profile_url,start_time,end_time,product_name,average_rating,total_reviews,product_category,product_id,brand_name,rank
0,AHCY25BQMRP2LOAGAWVBHAHBALRQ,True,Best T-Shirt I've Ever Owned - Just Order One Size DOWN From What You Usually Wear...Unless....,"Before I ordered this, I truly thought it would be a Frosty Friday in July before I would EVER spend $35 on a single T-Shirt. I only discovered Carhartt just before Christmas, and after the rave reviews I got from people who owned them, I thought I'd give it a whirl. So glad I did! These are 100% Big Baller, Heavy Hauler shirts for sure, and they are made for the working man, no doubt about it! When they say it's a 6.75 ounce T-Shirt, they're not kidding! This is a quality, thick, durable, and well made T-Shirt, it's not your average T-Shirt that is almost see-through! It is the most comfortable T-Shirt I own, and I own an entire drawer full of them!

One thing to note, is they fit BIG! This is not a negative at all, but when you understand that these are shirts made for men that work outside with their hands and strength, they are intended for you to be able to hold up both your arms (like when lifting a roof truss with your bare hands) and the shoulder and arms won't bind, and the bottom won't ride up to show off your manly mid-drift! That is why they fit on the large size.

If you're not a hard working outdoors man, and you just want to have a really, really comfortable T-shirt and pretend you're a Baller, and won't be extending your arms upward that often, then get one size SMALLER than you usually take in a T-Shirt and you'll be golden!

If you're on the fence about getting one of these $35 T-Shirts, and you're used to just getting free T-Shirts or not spending more than about $7 for one all your life, just accept this small challenge from me and buy JUST ONE and see what you think! Heck, Amazon offers free returns, so there is nothing to lose here! My bet is you'll fall in love with these T-Shirts!

6 months ago I would have scoffed at anyone who suggested I pay $35 for a T-Shirt. To me, that was almost as bad as those who spend $50 on some Ed Hardy paper thin shirt just to be cool. But after getting a REAL QUALITY shirt that is more comfortable than any T-Shirt I've ever owned, you'll see what I mean! I actually own 5 of these now! Never thought I'd see the day, but here we are!! 5 of them!!! And probably more to come soon!","February 17, 2020",Verminator,5.0,0,https://www.amazon.ca/gp/profile/amzn1.account.AHCY25BQMRP2LOAGAWVBHAHBALRQ/ref=cm_cr_arp_d_gw_btm?ie=UTF8,2020-09-28 19:54:48.617702,2020-09-28 19:54:48.784597,Carhartt Men's Signature Logo Short Sleeve T-Shirt (Regular and Big & Tall Sizes),4.4,,Clothing & Accessories,B06VX1N13N,Carhartt Sportswear - Mens,516
1,AFR6VU2EOMF5ZQCK2JXEKQFJ3BAA,True,Size chart is not good!,"Quality looks so nice! Pretty sure the shirt will last.

BUT, if you look at the size chart, you will have to reorder, like I did. I was looking for a 54-56 inches for the chest. In the size chart, you can see you have to order a 3XL. When I tried the tshirt, I was floating in it! Took the mesurements and found out it was 60 inches! So, I reordered a 2XL... Will see!","July 2, 2020",Jean-François Deschênes,3.0,0,https://www.amazon.ca/gp/profile/amzn1.account.AFR6VU2EOMF5ZQCK2JXEKQFJ3BAA/ref=cm_cr_arp_d_gw_btm?ie=UTF8,2020-09-28 19:54:48.790452,2020-09-28 19:54:48.955397,Carhartt Men's Signature Logo Short Sleeve T-Shirt (Regular and Big & Tall Sizes),4.4,,Clothing & Accessories,B06VX1N13N,Carhartt Sportswear - Mens,516
2,AGLCPRPRNAZAD3BYQVBGV2JBCKHA,True,Really big...,"Maybe mine got the wrong tag? I ordered the large, and immediately noticed it was bigger than many xl shirts I own. I opted to try to shrink it which was a mistake and should probably have returned it because even after going through the wash and dryer on hot a couple times, I am swimming in the shirt. It hangs down past my crotch.. it’s really unfortunate because it is a nice thick and really well made shirt.","May 5, 2019",Dan,3.0,0,https://www.amazon.ca/gp/profile/amzn1.account.AGLCPRPRNAZAD3BYQVBGV2JBCKHA/ref=cm_cr_arp_d_gw_btm?ie=UTF8,2020-09-28 19:54:48.960277,2020-09-28 19:54:49.150596,Carhartt Men's Signature Logo Short Sleeve T-Shirt (Regular and Big & Tall Sizes),4.4,,Clothing & Accessories,B06VX1N13N,Carhartt Sportswear - Mens,516
3,AHRHOC3M4O6AELVIEI6GDDYZMUWQ,True,Tooooo big,I normally wear 3xlt I’m 6’4 380 pounds i normally wear this size cause I have a long torso and wide shoulders but came to my surprise when I put this shirt on and it was a dress on me. I love the feel. I’ll probably order a 3xl to see if that works,"May 28, 2019",Matthew,2.0,One,https://www.amazon.ca/gp/profile/amzn1.account.AHRHOC3M4O6AELVIEI6GDDYZMUWQ/ref=cm_cr_arp_d_gw_btm?ie=UTF8,2020-09-28 19:54:49.156452,2020-09-28 19:54:49.315540,Carhartt Men's Signature Logo Short Sleeve T-Shirt (Regular and Big & Tall Sizes),4.4,,Clothing & Accessories,B06VX1N13N,Carhartt Sportswear - Mens,516
4,AGJ27O7V7N33U5SU6CNXWJZNJSSQ,True,Differences between same shirt and the different colors,"Couldn't pick how it fit as it was just really weird. Overall the size was correct it just didn't sit or feel like the other colors I've bought. The neck on this one was oddly snug, uncomfortably so. Will be sending back. Not sure why this shirt with this seemingly good brand is not consistent with this shirt.","December 26, 2018",Halee,1.0,0,https://www.amazon.ca/gp/profile/amzn1.account.AGJ27O7V7N33U5SU6CNXWJZNJSSQ/ref=cm_cr_arp_d_gw_btm?ie=UTF8,2020-09-28 19:54:49.320420,2020-09-28 19:54:49.482435,Carhartt Men's Signature Logo Short Sleeve T-Shirt (Regular and Big & Tall Sizes),4.4,,Clothing & Accessories,B06VX1N13N,Carhartt Sportswear - Mens,516
5,AEB7N7CHXLTVWFRU4DCLUJCSCEXQ,True,Order 2 sizes down!,"Quality of shirt is amazing. Would have gave it 5 stars but the sizing is way off. I usually wear a 2x in most brands. Ordered a large tall (2 sizes down but long) because i know the sizing is always way off with carhartt. It fits well, loose in the sleeves. Im certain a medium would fit me even though im 6ft tall 215 lbs.","August 5, 2020",Earl Kubas,4.0,0,https://www.amazon.ca/gp/profile/amzn1.account.AEB7N7CHXLTVWFRU4DCLUJCSCEXQ/ref=cm_cr_arp_d_gw_btm?ie=UTF8,2020-09-28 19:54:49.488292,2020-09-28 19:54:49.662995,Carhartt Men's Signature Logo Short Sleeve T-Shirt (Regular and Big & Tall Sizes),4.4,,Clothing & Accessories,B06VX1N13N,Carhartt Sportswear - Mens,516
6,AGUOFYXONG3XT2XL7GKZPDO3CY6A,True,Great quality work apparel!,Bought this shirt for my family members as they all need strong work apparel. They are super thick quality and will definitely be long lasting. Will definitely purchase again!,"January 24, 2020",Karen Baldwin,5.0,0,https://www.amazon.ca/gp/profile/amzn1.account.AGUOFYXONG3XT2XL7GKZPDO3CY6A/ref=cm_cr_arp_d_gw_btm?ie=UTF8,2020-09-28 19:54:49.667875,2020-09-28 19:54:49.809394,Carhartt Men's Signature Logo Short Sleeve T-Shirt (Regular and Big & Tall Sizes),4.4,,Clothing & Accessories,B06VX1N13N,Carhartt Sportswear - Mens,516
7,AEIK3RJDM5IKLZIJ3AQT5D6KFJQA,True,The Tall is really tall,"quality is as I was expecting from carhartt, very good, I wasnot expecting how long it was, I'm 6'4"" and the tall version goes all the way down to my thighs.","March 11, 2020",Jesse Hayes,4.0,0,https://www.amazon.ca/gp/profile/amzn1.account.AEIK3RJDM5IKLZIJ3AQT5D6KFJQA/ref=cm_cr_arp_d_gw_btm?ie=UTF8,2020-09-28 19:54:49.813298,2020-09-28 19:54:49.940178,Carhartt Men's Signature Logo Short Sleeve T-Shirt (Regular and Big & Tall Sizes),4.4,,Clothing & Accessories,B06VX1N13N,Carhartt Sportswear - Mens,516
8,AGCJ3IWADVS74YZOHLARRSJ7R6AA,True,Great product!,"Got this in the mail today. Looks great and is very comfy. Upon reading other review, it said to order a size down. Unfortunately after doing that, the shirt was to small. I have since ordered up a size. Worth the money!","July 31, 2020",Sharon ,5.0,0,https://www.amazon.ca/gp/profile/amzn1.account.AGCJ3IWADVS74YZOHLARRSJ7R6AA/ref=cm_cr_arp_d_gw_btm?ie=UTF8,2020-09-28 19:54:49.945059,2020-09-28 19:54:50.086578,Carhartt Men's Signature Logo Short Sleeve T-Shirt (Regular and Big & Tall Sizes),4.4,,Clothing & Accessories,B06VX1N13N,Carhartt Sportswear - Mens,516
9,AHWBJABZGKX4VOH5RO2BNB4EALOQ,True,These shirts must be from their big and tall line,"I'm 5'11"" and 185lbs
medium shirts have always been a tighter fit on me so when i read the reviews saying to go a size smaller assumed if i ordered a size medium that it would feel as if the shirt would fit like a large and still fit me... It's huge nearly goes down to my knees, i honestly don't understand where carthart gets its sizing from. I feel like a size small would still be too big.","July 2, 2019",Mark M.,3.0,0,https://www.amazon.ca/gp/profile/amzn1.account.AHWBJABZGKX4VOH5RO2BNB4EALOQ/ref=cm_cr_arp_d_gw_btm?ie=UTF8,2020-09-28 19:54:50.090483,2020-09-28 19:54:50.231026,Carhartt Men's Signature Logo Short Sleeve T-Shirt (Regular and Big & Tall Sizes),4.4,,Clothing & Accessories,B06VX1N13N,Carhartt Sportswear - Mens,516
10,AGORX647I2HITMXWLYSCATDJMG2A,True,"Good quality, just larger size wise",This is a great shirt. The material is a good thicker material. However I ordered a 2xl in tall for my husband and it was huge. More like a 3 to 4 xl. So I say just size down and you should be good to go .,"July 2, 2020",Natasha Bird,5.0,0,https://www.amazon.ca/gp/profile/amzn1.account.AGORX647I2HITMXWLYSCATDJMG2A/ref=cm_cr_getr_d_gw_btm?ie=UTF8,2020-09-28 19:54:53.446388,2020-09-28 19:54:53.580098,Carhartt Men's Signature Logo Short Sleeve T-Shirt (Regular and Big & Tall Sizes),4.4,,Clothing & Accessories,B06VX1N13N,Carhartt Sportswear - Mens,516
11,AE3OSRY4K4CRKMMSQ5JKISQYOHUA,True,Sizes all over the map,"Carrhart need to get their heads out of their ass when it come to sizing. I looked at the exact same shirt I was wearing which fits perfect and ordered the exact same size, XL Tall. Got three of these shirts today and it's like wearing a dress. NOT IMPRESSED!","February 4, 2020",Brett,3.0,0,https://www.amazon.ca/gp/profile/amzn1.account.AE3OSRY4K4CRKMMSQ5JKISQYOHUA/ref=cm_cr_getr_d_gw_btm?ie=UTF8,2020-09-28 19:54:53.584003,2020-09-28 19:54:53.706978,Carhartt Men's Signature Logo Short Sleeve T-Shirt (Regular and Big & Tall Sizes),4.4,,Clothing & Accessories,B06VX1N13N,Carhartt Sportswear - Mens,516
12,AGGSJE3Q2JYKZE4GRPAG6D7FVJZA,True,High quality comfort,Great high quality shirt. I have always struggled to find a shirt long enough without being XXL. Being 5’10” and 230 most shirts are with too bulky or sausage casings. Large Long fits comfortably.,"August 6, 2020",Amazon Customer,5.0,0,https://www.amazon.ca/gp/profile/amzn1.account.AGGSJE3Q2JYKZE4GRPAG6D7FVJZA/ref=cm_cr_getr_d_gw_btm?ie=UTF8,2020-09-28 19:54:53.710881,2020-09-28 19:54:53.845569,Carhartt Men's Signature Logo Short Sleeve T-Shirt (Regular and Big & Tall Sizes),4.4,,Clothing & Accessories,B06VX1N13N,Carhartt Sportswear - Mens,516
13,AHYWMIOFZ43665TJNHEODZT5476A,True,Larger than expected,Bought a medium as a gift for someone and I cannot get over how huge it is! Quality is great though,"September 8, 2020",Heather ,4.0,0,https://www.amazon.ca/gp/profile/amzn1.account.AHYWMIOFZ43665TJNHEODZT5476A/ref=cm_cr_getr_d_gw_btm?ie=UTF8,2020-09-28 19:54:53.850450,2020-09-28 19:54:53.966594,Carhartt Men's Signature Logo Short Sleeve T-Shirt (Regular and Big & Tall Sizes),4.4,,Clothing & Accessories,B06VX1N13N,Carhartt Sportswear - Mens,516
14,AFQZIMADZUBWB7XHQNB3DF75FI2A,True,great shirt,"I am a big fan of Carhart the shirt fits and feels like you think it would, its a soft comfy tshirt and thick for great durability","July 7, 2019",Justin,5.0,0,https://www.amazon.ca/gp/profile/amzn1.account.AFQZIMADZUBWB7XHQNB3DF75FI2A/ref=cm_cr_getr_d_gw_btm?ie=UTF8,2020-09-28 19:54:53.970497,2020-09-28 19:54:54.089569,Carhartt Men's Signature Logo Short Sleeve T-Shirt (Regular and Big & Tall Sizes),4.4,,Clothing & Accessories,B06VX1N13N,Carhartt Sportswear - Mens,516
15,AGHV3QUCCRWBB5NYH76SE32MGLTA,True,High quality product,The t shirt was awesome just the feel of it was different because cirhart is high quality and seriously recommend highly to friends and family I bought one about 5 years ago working construction,"September 5, 2020",jamboo88,5.0,0,https://www.amazon.ca/gp/profile/amzn1.account.AGHV3QUCCRWBB5NYH76SE32MGLTA/ref=cm_cr_getr_d_gw_btm?ie=UTF8,2020-09-28 19:54:54.093473,2020-09-28 19:54:54.213521,Carhartt Men's Signature Logo Short Sleeve T-Shirt (Regular and Big & Tall Sizes),4.4,,Clothing & Accessories,B06VX1N13N,Carhartt Sportswear - Mens,516
16,AFY654MKASRROO3UFUMGHDGGKEBQ,True,Best quality you find,That brand is so mutch good quality product best quality i see in my life for t-shirt,"July 10, 2020",Christian Bergeron,5.0,0,https://www.amazon.ca/gp/profile/amzn1.account.AFY654MKASRROO3UFUMGHDGGKEBQ/ref=cm_cr_getr_d_gw_btm?ie=UTF8,2020-09-28 19:54:54.217424,2020-09-28 19:54:54.335520,Carhartt Men's Signature Logo Short Sleeve T-Shirt (Regular and Big & Tall Sizes),4.4,,Clothing & Accessories,B06VX1N13N,Carhartt Sportswear - Mens,516
17,AHPTVRXUX2WOZT5CB47FXNKBAIRA,True,Fits LARGER than expected.,My bf loves Carhartt products and this shirt was usual high production standard. But the large is DEFINITELY an x-large sizing. Unfortunately I jumped the gun and washed it before he tried it on.,"July 10, 2019",MN Lee,5.0,0,https://www.amazon.ca/gp/profile/amzn1.account.AHPTVRXUX2WOZT5CB47FXNKBAIRA/ref=cm_cr_getr_d_gw_btm?ie=UTF8,2020-09-28 19:54:54.339424,2020-09-28 19:54:54.459471,Carhartt Men's Signature Logo Short Sleeve T-Shirt (Regular and Big & Tall Sizes),4.4,,Clothing & Accessories,B06VX1N13N,Carhartt Sportswear - Mens,516
18,AHBMN64U5EZWLSWJL5ASHJL3SG5A,True,"The ""tall"" sizes are incredibly long. The regular fit is perfect.","This was a shirt for my boyfriend to wear at work in a car manufacturing plant. We ordered a ""tall"" size first and had to return it as it was way to long, even for him and he is over 6' tall. However the replacement is a perfect fit.","July 11, 2020",Amazon Customer,5.0,0,https://www.amazon.ca/gp/profile/amzn1.account.AHBMN64U5EZWLSWJL5ASHJL3SG5A/ref=cm_cr_getr_d_gw_btm?ie=UTF8,2020-09-28 19:54:54.463375,2020-09-28 19:54:54.597088,Carhartt Men's Signature Logo Short Sleeve T-Shirt (Regular and Big & Tall Sizes),4.4,,Clothing & Accessories,B06VX1N13N,Carhartt Sportswear - Mens,516
19,AHMIQUTL444ZNZBOU5PIOMKIQUFA,True,You can't go wrong with Carhartt !,"You can't go wrong with Carhartt ! Perfect stitching, thick and heavy quality cotton... A1 !","July 17, 2018",FMichaud,5.0,One,https://www.amazon.ca/gp/profile/amzn1.account.AHMIQUTL444ZNZBOU5PIOMKIQUFA/ref=cm_cr_getr_d_gw_btm?ie=UTF8,2020-09-28 19:54:54.600992,2020-09-28 19:54:54.726934,Carhartt Men's Signature Logo Short Sleeve T-Shirt (Regular and Big & Tall Sizes),4.4,,Clothing & Accessories,B06VX1N13N,Carhartt Sportswear - Mens,516
20,AHM643OJFO5U2YESG7BZRKD5BHKA,True,Awesome shirt,Great shirt. My husband loves it. Fits true to size and nice quality. Washes great.,"January 18, 2020",Lindsay F.,5.0,0,https://www.amazon.ca/gp/profile/amzn1.account.AHM643OJFO5U2YESG7BZRKD5BHKA/ref=cm_cr_getr_d_gw_btm?ie=UTF8,2020-09-28 19:54:58.839253,2020-09-28 19:54:58.964181,Carhartt Men's Signature Logo Short Sleeve T-Shirt (Regular and Big & Tall Sizes),4.4,,Clothing & Accessories,B06VX1N13N,Carhartt Sportswear - Mens,516
21,AFWY6RXFXNKVZTWX4MZAG577HRWQ,True,Fit's good and feels good,Looks nicer in person and fits better then I thought. A little loose but if it's a work shirt it'll probably be more comfy.,"January 8, 2019",TSG,5.0,0,https://www.amazon.ca/gp/profile/amzn1.account.AFWY6RXFXNKVZTWX4MZAG577HRWQ/ref=cm_cr_getr_d_gw_btm?ie=UTF8,2020-09-28 19:54:58.968085,2020-09-28 19:54:59.092037,Carhartt Men's Signature Logo Short Sleeve T-Shirt (Regular and Big & Tall Sizes),4.4,,Clothing & Accessories,B06VX1N13N,Carhartt Sportswear - Mens,516
22,AENGRVM7JK6DH4G4DJDIMP2XCMUQ,True,Great,"Great product tall is really long I should have got regular, my fault","July 30, 2020",John A. M. Smitna,5.0,0,https://www.amazon.ca/gp/profile/amzn1.account.AENGRVM7JK6DH4G4DJDIMP2XCMUQ/ref=cm_cr_getr_d_gw_btm?ie=UTF8,2020-09-28 19:54:59.095941,2020-09-28 19:54:59.219892,Carhartt Men's Signature Logo Short Sleeve T-Shirt (Regular and Big & Tall Sizes),4.4,,Clothing & Accessories,B06VX1N13N,Carhartt Sportswear - Mens,516
23,AFW2G4VWL57TSOJEAFKSKNDJNFCQ,True,My husband is a big fan of these t-shirts as ...,"My husband is a big fan of these t-shirts as the fit is generous , heavy guage material and don't shrink in length much. Recommend","July 13, 2018",VK,5.0,0,https://www.amazon.ca/gp/profile/amzn1.account.AFW2G4VWL57TSOJEAFKSKNDJNFCQ/ref=cm_cr_getr_d_gw_btm?ie=UTF8,2020-09-28 19:54:59.223797,2020-09-28 19:54:59.364340,Carhartt Men's Signature Logo Short Sleeve T-Shirt (Regular and Big & Tall Sizes),4.4,,Clothing & Accessories,B06VX1N13N,Carhartt Sportswear - Mens,516
24,AFLC5ECLEXI2ATOCWB4V45K73RYA,True,Order at least one size smaller than you normally wear,"Great shirt, should have returned it rather than trying to shrink it in the wash. These things are made big. Order at least one size smaller than you normally do.","June 2, 2020",Amazon Customer,3.0,0,https://www.amazon.ca/gp/profile/amzn1.account.AFLC5ECLEXI2ATOCWB4V45K73RYA/ref=cm_cr_getr_d_gw_btm?ie=UTF8,2020-09-28 19:54:59.369221,2020-09-28 19:54:59.499029,Carhartt Men's Signature Logo Short Sleeve T-Shirt (Regular and Big & Tall Sizes),4.4,,Clothing & Accessories,B06VX1N13N,Carhartt Sportswear - Mens,516
25,AGUIG5X6GLLE3SLSJHEUKDWMGCVQ,True,Great quality,Just like most Carhartt items very good quality thick material,"August 11, 2020",Karry,5.0,0,https://www.amazon.ca/gp/profile/amzn1.account.AGUIG5X6GLLE3SLSJHEUKDWMGCVQ/ref=cm_cr_getr_d_gw_btm?ie=UTF8,2020-09-28 19:54:59.503910,2020-09-28 19:54:59.645428,Carhartt Men's Signature Logo Short Sleeve T-Shirt (Regular and Big & Tall Sizes),4.4,,Clothing & Accessories,B06VX1N13N,Carhartt Sportswear - Mens,516
26,AHW3QEJUOZXC7GGL3YPSVILLSDNA,True,XL fits like a 2XL,My boyfriend is 260 pounds almost 6 foot tall & usually takes 2xl & ordered just that but it’s way too big on him. An XL would have been a better fit for him with probably lots of room.,"April 21, 2020",Megan,3.0,0,https://www.amazon.ca/gp/profile/amzn1.account.AHW3QEJUOZXC7GGL3YPSVILLSDNA/ref=cm_cr_getr_d_gw_btm?ie=UTF8,2020-09-28 19:54:59.649331,2020-09-28 19:54:59.808420,Carhartt Men's Signature Logo Short Sleeve T-Shirt (Regular and Big & Tall Sizes),4.4,,Clothing & Accessories,B06VX1N13N,Carhartt Sportswear - Mens,516
27,AHOGS6JMDGE7W3PV5OIC26SXNHPQ,True,Wide!,Really wide. I wasn't expecting it to be so wide. Great material and great length. I will not order again,"November 11, 2017",Kiss,2.0,One,https://www.amazon.ca/gp/profile/amzn1.account.AHOGS6JMDGE7W3PV5OIC26SXNHPQ/ref=cm_cr_getr_d_gw_btm?ie=UTF8,2020-09-28 19:54:59.814276,2020-09-28 19:54:59.959699,Carhartt Men's Signature Logo Short Sleeve T-Shirt (Regular and Big & Tall Sizes),4.4,,Clothing & Accessories,B06VX1N13N,Carhartt Sportswear - Mens,516
28,AG4HGPIS4ZJCQG2ZXDEHC6X5E6OQ,True,Great quality,Need to return for a size smaller. Large is more like an XL,"July 18, 2020",Alicia Petersen,4.0,0,https://www.amazon.ca/gp/profile/amzn1.account.AG4HGPIS4ZJCQG2ZXDEHC6X5E6OQ/ref=cm_cr_getr_d_gw_btm?ie=UTF8,2020-09-28 19:54:59.963603,2020-09-28 19:55:00.258354,Carhartt Men's Signature Logo Short Sleeve T-Shirt (Regular and Big & Tall Sizes),4.4,,Clothing & Accessories,B06VX1N13N,Carhartt Sportswear - Mens,516
29,AGSP2MO4SKMTFWNLKGYQFWD6OITA,True,Big make,"Very durable shirt, good quality. It is very big though. My husband is a large usually but he would have fit a medium.","July 25, 2020",Salome Jararuse,4.0,0,https://www.amazon.ca/gp/profile/amzn1.account.AGSP2MO4SKMTFWNLKGYQFWD6OITA/ref=cm_cr_getr_d_gw_btm?ie=UTF8,2020-09-28 19:55:00.263235,2020-09-28 19:55:00.403778,Carhartt Men's Signature Logo Short Sleeve T-Shirt (Regular and Big & Tall Sizes),4.4,,Clothing & Accessories,B06VX1N13N,Carhartt Sportswear - Mens,516
30,AFDBTFG6WQGPQDBXVXABQETKINDQ,True,Great shirt!,Amazing quality!!! Would definitely buy again and again!,"April 19, 2020",Michelle Burke,5.0,0,https://www.amazon.ca/gp/profile/amzn1.account.AFDBTFG6WQGPQDBXVXABQETKINDQ/ref=cm_cr_getr_d_gw_btm?ie=UTF8,2020-09-28 19:55:04.539081,2020-09-28 19:55:04.682552,Carhartt Men's Signature Logo Short Sleeve T-Shirt (Regular and Big & Tall Sizes),4.4,,Clothing & Accessories,B06VX1N13N,Carhartt Sportswear - Mens,516
31,AF7NTF3FZB33ZCAZUBSSH3K5ELJA,True,"Doesn't wash well, it's pilling after one wash.","I was very excited to find a shirt that would fit my husband well, however, after one wash I am disappointed with this shirt, as it's pilling. This isn't the quality we expected. It's too bad, it was a great shirt otherwise.","July 8, 2020",Jocelyn,2.0,0,https://www.amazon.ca/gp/profile/amzn1.account.AF7NTF3FZB33ZCAZUBSSH3K5ELJA/ref=cm_cr_getr_d_gw_btm?ie=UTF8,2020-09-28 19:55:04.687432,2020-09-28 19:55:04.819191,Carhartt Men's Signature Logo Short Sleeve T-Shirt (Regular and Big & Tall Sizes),4.4,,Clothing & Accessories,B06VX1N13N,Carhartt Sportswear - Mens,516
32,AG73JCVBO3B4J3IJ4OBIFC34676Q,True,Quality,"I’m a big guy 2xl and finding a shirt that fits exactly as it says it size should, is pretty hit and miss.
The fit and quality of the cotton is 10/10.
I’ll probably only buy these shirts online from here on in.","July 6, 2020",Amazon Customer,5.0,0,https://www.amazon.ca/gp/profile/amzn1.account.AG73JCVBO3B4J3IJ4OBIFC34676Q/ref=cm_cr_getr_d_gw_btm?ie=UTF8,2020-09-28 19:55:04.824072,2020-09-28 19:55:04.948023,Carhartt Men's Signature Logo Short Sleeve T-Shirt (Regular and Big & Tall Sizes),4.4,,Clothing & Accessories,B06VX1N13N,Carhartt Sportswear - Mens,516
33,AFZFK2OZMHYMLVAPWWCLWD4SK7DQ,True,"Fits big, but well made.","Fits very big, I'm 5'7, 170lbs and it's pretty big on me. Otherwise comfortable, durable material that I'm sure will hold up for a while.","September 3, 2019",Trevor Kidd,4.0,0,https://www.amazon.ca/gp/profile/amzn1.account.AFZFK2OZMHYMLVAPWWCLWD4SK7DQ/ref=cm_cr_getr_d_gw_btm?ie=UTF8,2020-09-28 19:55:04.951927,2020-09-28 19:55:05.066158,Carhartt Men's Signature Logo Short Sleeve T-Shirt (Regular and Big & Tall Sizes),4.4,,Clothing & Accessories,B06VX1N13N,Carhartt Sportswear - Mens,516
34,AHTMOYOQEHXE2FQCFT5IZZLQHGVQ,True,Good,Looks good on and is good quality,"August 2, 2020",Amazon Customer,5.0,0,https://www.amazon.ca/gp/profile/amzn1.account.AHTMOYOQEHXE2FQCFT5IZZLQHGVQ/ref=cm_cr_getr_d_gw_btm?ie=UTF8,2020-09-28 19:55:05.070061,2020-09-28 19:55:05.186205,Carhartt Men's Signature Logo Short Sleeve T-Shirt (Regular and Big & Tall Sizes),4.4,,Clothing & Accessories,B06VX1N13N,Carhartt Sportswear - Mens,516
35,AHGECGTBP6I6ITWRUCZKT7CEBEXQ,True,no back logo,First bought XL. WAY TO BIG. Then read reviews to order a medium. That was too small! Picture says it will have a logo on the back behind the neck. It did not. Completely blank on the back.,"July 9, 2020",Stacey S,3.0,0,https://www.amazon.ca/gp/profile/amzn1.account.AHGECGTBP6I6ITWRUCZKT7CEBEXQ/ref=cm_cr_getr_d_gw_btm?ie=UTF8,2020-09-28 19:55:05.190109,2020-09-28 19:55:05.314061,Carhartt Men's Signature Logo Short Sleeve T-Shirt (Regular and Big & Tall Sizes),4.4,,Clothing & Accessories,B06VX1N13N,Carhartt Sportswear - Mens,516
36,AFUF76YEVG64CWVDDMT7CCCXR3WQ,True,Great shirt,Same great quality as in stores,"January 7, 2020",Ashley,5.0,0,https://www.amazon.ca/gp/profile/amzn1.account.AFUF76YEVG64CWVDDMT7CCCXR3WQ/ref=cm_cr_getr_d_gw_btm?ie=UTF8,2020-09-28 19:55:05.318941,2020-09-28 19:55:05.433132,Carhartt Men's Signature Logo Short Sleeve T-Shirt (Regular and Big & Tall Sizes),4.4,,Clothing & Accessories,B06VX1N13N,Carhartt Sportswear - Mens,516
37,AFZUS5L27FR2QZUQZCM7O4LKVUJQ,True,Nice shirt! Awesome quality!,"If you want it to be a little more fitted, go down a size, but If you want it more loose fitting order normal size.","June 23, 2020",Harford,4.0,0,https://www.amazon.ca/gp/profile/amzn1.account.AFZUS5L27FR2QZUQZCM7O4LKVUJQ/ref=cm_cr_getr_d_gw_btm?ie=UTF8,2020-09-28 19:55:05.437040,2020-09-28 19:55:05.553179,Carhartt Men's Signature Logo Short Sleeve T-Shirt (Regular and Big & Tall Sizes),4.4,,Clothing & Accessories,B06VX1N13N,Carhartt Sportswear - Mens,516
38,AHMC2EAF3UUZINFVLHHNIFGYZNXQ,True,Great shirt,Great shirt. Tough and comfortable.,"June 3, 2020",Cobra Commander,5.0,0,https://www.amazon.ca/gp/profile/amzn1.account.AHMC2EAF3UUZINFVLHHNIFGYZNXQ/ref=cm_cr_getr_d_gw_btm?ie=UTF8,2020-09-28 19:55:05.558060,2020-09-28 19:55:05.685916,Carhartt Men's Signature Logo Short Sleeve T-Shirt (Regular and Big & Tall Sizes),4.4,,Clothing & Accessories,B06VX1N13N,Carhartt Sportswear - Mens,516
39,AGBHDBWOBUKME2SW3DHU4EAJSZSQ,True,I went back and bought more.,Perfect fit. Amazing quality as expected. I went back and bought more.,"November 12, 2018",Thomas Godfrey,5.0,0,https://www.amazon.ca/gp/profile/amzn1.account.AGBHDBWOBUKME2SW3DHU4EAJSZSQ/ref=cm_cr_getr_d_gw_btm?ie=UTF8,2020-09-28 19:55:05.690820,2020-09-28 19:55:05.809868,Carhartt Men's Signature Logo Short Sleeve T-Shirt (Regular and Big & Tall Sizes),4.4,,Clothing & Accessories,B06VX1N13N,Carhartt Sportswear - Mens,516
40,AF3EZL6SLOIYSEFMJDJBYSYDQEVA,True,Recommend,"Very comfortable, well designed, quality material. Has a loose fit, I'm 5'8"", weight 215 and I got a medium","November 23, 2019",Simon-Pierre Grenon,5.0,0,https://www.amazon.ca/gp/profile/amzn1.account.AF3EZL6SLOIYSEFMJDJBYSYDQEVA/ref=cm_cr_getr_d_gw_btm?ie=UTF8,2020-09-28 19:55:10.963610,2020-09-28 19:55:11.095342,Carhartt Men's Signature Logo Short Sleeve T-Shirt (Regular and Big & Tall Sizes),4.4,,Clothing & Accessories,B06VX1N13N,Carhartt Sportswear - Mens,516
41,AGG3FJPKQPKE2CXCKPWDST4TPP2Q,True,Nice shirt,Nice shirt .. just as I expected,"August 8, 2020",Neill Kossila,4.0,0,https://www.amazon.ca/gp/profile/amzn1.account.AGG3FJPKQPKE2CXCKPWDST4TPP2Q/ref=cm_cr_getr_d_gw_btm?ie=UTF8,2020-09-28 19:55:11.100222,2020-09-28 19:55:11.220269,Carhartt Men's Signature Logo Short Sleeve T-Shirt (Regular and Big & Tall Sizes),4.4,,Clothing & Accessories,B06VX1N13N,Carhartt Sportswear - Mens,516
42,AG6ZQ3MUWQABJES5PJIJ4GMDDTDA,True,It's carhartt.,Great price for a good shirt.,"July 3, 2020",Fischkind,5.0,0,https://www.amazon.ca/gp/profile/amzn1.account.AG6ZQ3MUWQABJES5PJIJ4GMDDTDA/ref=cm_cr_getr_d_gw_btm?ie=UTF8,2020-09-28 19:55:11.224172,2020-09-28 19:55:11.356909,Carhartt Men's Signature Logo Short Sleeve T-Shirt (Regular and Big & Tall Sizes),4.4,,Clothing & Accessories,B06VX1N13N,Carhartt Sportswear - Mens,516
43,AHCYQQOT5IG7PWTNK4INCF5QBEWA,True,product its self is good,quality product,"January 14, 2020",Leonard,5.0,0,https://www.amazon.ca/gp/profile/amzn1.account.AHCYQQOT5IG7PWTNK4INCF5QBEWA/ref=cm_cr_getr_d_gw_btm?ie=UTF8,2020-09-28 19:55:11.361789,2020-09-28 19:55:11.482813,Carhartt Men's Signature Logo Short Sleeve T-Shirt (Regular and Big & Tall Sizes),4.4,,Clothing & Accessories,B06VX1N13N,Carhartt Sportswear - Mens,516
44,AEUYUUMV3UOJPEFV4T5NI4VPOYLQ,True,Still great quality though,"I'm 6'5"" and 230lbs. It could fit almost two of me inside. Not sure if it was mislabeled? Still great quality though.","August 4, 2018",Amazon Customer,2.0,0,https://www.amazon.ca/gp/profile/amzn1.account.AEUYUUMV3UOJPEFV4T5NI4VPOYLQ/ref=cm_cr_getr_d_gw_btm?ie=UTF8,2020-09-28 19:55:11.488668,2020-09-28 19:55:11.609693,Carhartt Men's Signature Logo Short Sleeve T-Shirt (Regular and Big & Tall Sizes),4.4,,Clothing & Accessories,B06VX1N13N,Carhartt Sportswear - Mens,516
45,AGWOFVIO4WFDXQWUSRPGODHMG3KA,True,Good sale price,It was a little long but a good deal,"August 15, 2019",Amazon Customer,5.0,0,https://www.amazon.ca/gp/profile/amzn1.account.AGWOFVIO4WFDXQWUSRPGODHMG3KA/ref=cm_cr_getr_d_gw_btm?ie=UTF8,2020-09-28 19:55:11.613596,2020-09-28 19:55:11.752219,Carhartt Men's Signature Logo Short Sleeve T-Shirt (Regular and Big & Tall Sizes),4.4,,Clothing & Accessories,B06VX1N13N,Carhartt Sportswear - Mens,516
46,AGDMMOY6DDDCVNK7GO7UGRFFWWFA,True,"Product too long, Refund an extremely long time not recommended.","Product too long, Refund an extremely long time not recommended.","January 6, 2020",BigWig,1.0,0,https://www.amazon.ca/gp/profile/amzn1.account.AGDMMOY6DDDCVNK7GO7UGRFFWWFA/ref=cm_cr_getr_d_gw_btm?ie=UTF8,2020-09-28 19:55:11.756124,2020-09-28 19:55:11.875195,Carhartt Men's Signature Logo Short Sleeve T-Shirt (Regular and Big & Tall Sizes),4.4,,Clothing & Accessories,B06VX1N13N,Carhartt Sportswear - Mens,516
47,AFNKL2Y54U7SDGJV6FYZQMIF5NHQ,True,Good purchase,Is what it is. Fits as it should. Happy with it,"July 4, 2020",James Desjarlais,5.0,0,https://www.amazon.ca/gp/profile/amzn1.account.AFNKL2Y54U7SDGJV6FYZQMIF5NHQ/ref=cm_cr_getr_d_gw_btm?ie=UTF8,2020-09-28 19:55:11.879100,2020-09-28 19:55:12.002101,Carhartt Men's Signature Logo Short Sleeve T-Shirt (Regular and Big & Tall Sizes),4.4,,Clothing & Accessories,B06VX1N13N,Carhartt Sportswear - Mens,516
48,AFFETGTPRVCJXTE2U2PRUYVDAJAA,True,Love it,Great colour and fits as it should. Will buy more.,"November 27, 2018",Chris kuiper,5.0,0,https://www.amazon.ca/gp/profile/amzn1.account.AFFETGTPRVCJXTE2U2PRUYVDAJAA/ref=cm_cr_getr_d_gw_btm?ie=UTF8,2020-09-28 19:55:12.006006,2020-09-28 19:55:12.138749,Carhartt Men's Signature Logo Short Sleeve T-Shirt (Regular and Big & Tall Sizes),4.4,,Clothing & Accessories,B06VX1N13N,Carhartt Sportswear - Mens,516
49,AGRTW6P757IEGTV5QX6F43VTEASQ,True,Bon achat,Tout les jours.,"August 10, 2019",Boumboum,5.0,0,https://www.amazon.ca/gp/profile/amzn1.account.AGRTW6P757IEGTV5QX6F43VTEASQ/ref=cm_cr_getr_d_gw_btm?ie=UTF8,2020-09-28 19:55:12.143627,2020-09-28 19:55:12.271483,Carhartt Men's Signature Logo Short Sleeve T-Shirt (Regular and Big & Tall Sizes),4.4,,Clothing & Accessories,B06VX1N13N,Carhartt Sportswear - Mens,516
50,AG2YXXR42N26J35HPKHM2VNHVOSQ,True,Tee-shirt,Love this product,"May 8, 2020",Shawn Esipu,5.0,0,https://www.amazon.ca/gp/profile/amzn1.account.AG2YXXR42N26J35HPKHM2VNHVOSQ/ref=cm_cr_getr_d_gw_btm?ie=UTF8,2020-09-28 19:55:17.438022,2020-09-28 19:55:17.594133,Carhartt Men's Signature Logo Short Sleeve T-Shirt (Regular and Big & Tall Sizes),4.4,,Clothing & Accessories,B06VX1N13N,Carhartt Sportswear - Mens,516
51,AHETBDWBRVRINTFQYHW2R3JV3L5A,True,Good quality,"True Carhartt brand shirt. Great quality, nice thick t shirt. Fast delivery.","September 8, 2020",Liz,5.0,0,https://www.amazon.ca/gp/profile/amzn1.account.AHETBDWBRVRINTFQYHW2R3JV3L5A/ref=cm_cr_getr_d_gw_btm?ie=UTF8,2020-09-28 19:55:17.598037,2020-09-28 19:55:17.719062,Carhartt Men's Signature Logo Short Sleeve T-Shirt (Regular and Big & Tall Sizes),4.4,,Clothing & Accessories,B06VX1N13N,Carhartt Sportswear - Mens,516
52,AF4DBW5UFIVPCSLXAW2HBKCF7ZIQ,True,Great shirts for great priced,Definitely size down! My partner is usually an XL and we had to return and purchase all L!,"September 22, 2020",Happytoshop,5.0,0,https://www.amazon.ca/gp/profile/amzn1.account.AF4DBW5UFIVPCSLXAW2HBKCF7ZIQ/ref=cm_cr_getr_d_gw_btm?ie=UTF8,2020-09-28 19:55:17.724918,2020-09-28 19:55:17.859605,Carhartt Men's Signature Logo Short Sleeve T-Shirt (Regular and Big & Tall Sizes),4.4,,Clothing & Accessories,B06VX1N13N,Carhartt Sportswear - Mens,516
53,AHFBBQMMHYEFVFJQYDJX73NQUQ4Q,True,Carhartt is the best!,"Fast shipping, great quality looks good fits great. Vary happy will buy again!","February 7, 2019",Amazon Customer,5.0,0,https://www.amazon.ca/gp/profile/amzn1.account.AHFBBQMMHYEFVFJQYDJX73NQUQ4Q/ref=cm_cr_getr_d_gw_btm?ie=UTF8,2020-09-28 19:55:17.863510,2020-09-28 19:55:17.981605,Carhartt Men's Signature Logo Short Sleeve T-Shirt (Regular and Big & Tall Sizes),4.4,,Clothing & Accessories,B06VX1N13N,Carhartt Sportswear - Mens,516
54,AF2XR3W2O2JLH3BB3LRE73OIH4OQ,True,Quality T-Shirt,"Great quality, size is good but shirt is long. Great for summer!!","February 25, 2020",Amazon Customer,5.0,0,https://www.amazon.ca/gp/profile/amzn1.account.AF2XR3W2O2JLH3BB3LRE73OIH4OQ/ref=cm_cr_getr_d_gw_btm?ie=UTF8,2020-09-28 19:55:17.985509,2020-09-28 19:55:18.106533,Carhartt Men's Signature Logo Short Sleeve T-Shirt (Regular and Big & Tall Sizes),4.4,,Clothing & Accessories,B06VX1N13N,Carhartt Sportswear - Mens,516
55,AF7DZZQR3AED3IWHCQHJB7DZCHUA,True,Good shirt,Good quality of material,"January 16, 2020",Jo A.,3.0,0,https://www.amazon.ca/gp/profile/amzn1.account.AF7DZZQR3AED3IWHCQHJB7DZCHUA/ref=cm_cr_getr_d_gw_btm?ie=UTF8,2020-09-28 19:55:18.111413,2020-09-28 19:55:18.242197,Carhartt Men's Signature Logo Short Sleeve T-Shirt (Regular and Big & Tall Sizes),4.4,,Clothing & Accessories,B06VX1N13N,Carhartt Sportswear - Mens,516
56,AGXGGD7RCAUJ3LNHNXCKGJ47QRFA,True,A good shirt,Great quality and good fit. Very long. Fits a bit bigger so maybe downsize it.,"June 3, 2020",Davils,5.0,0,https://www.amazon.ca/gp/profile/amzn1.account.AGXGGD7RCAUJ3LNHNXCKGJ47QRFA/ref=cm_cr_getr_d_gw_btm?ie=UTF8,2020-09-28 19:55:18.247076,2020-09-28 19:55:18.367124,Carhartt Men's Signature Logo Short Sleeve T-Shirt (Regular and Big & Tall Sizes),4.4,,Clothing & Accessories,B06VX1N13N,Carhartt Sportswear - Mens,516
57,AHWT25GNQNMZ3Z7IZ6YKNFWC4NQA,True,Positive experience,"Early delivery, fantastic quality!","September 5, 2019",Kindle Customer,5.0,0,https://www.amazon.ca/gp/profile/amzn1.account.AHWT25GNQNMZ3Z7IZ6YKNFWC4NQA/ref=cm_cr_getr_d_gw_btm?ie=UTF8,2020-09-28 19:55:18.371028,2020-09-28 19:55:18.493027,Carhartt Men's Signature Logo Short Sleeve T-Shirt (Regular and Big & Tall Sizes),4.4,,Clothing & Accessories,B06VX1N13N,Carhartt Sportswear - Mens,516
58,AFHWR3ECI2TU4NFEBYHHUWOTI4CQ,True,Great fit,Great customer service. Delivery was on time . Carhartt is a great product,"June 3, 2020",Kevin Charest,5.0,0,https://www.amazon.ca/gp/profile/amzn1.account.AFHWR3ECI2TU4NFEBYHHUWOTI4CQ/ref=cm_cr_getr_d_gw_btm?ie=UTF8,2020-09-28 19:55:18.496932,2020-09-28 19:55:18.630643,Carhartt Men's Signature Logo Short Sleeve T-Shirt (Regular and Big & Tall Sizes),4.4,,Clothing & Accessories,B06VX1N13N,Carhartt Sportswear - Mens,516
59,AF4ERUGF4VKKNKBQRWD2UMW4PS5Q,True,Four Stars,Good Quality but their medium fits is lager than typical.,"August 20, 2018",Amazon Customer,4.0,0,https://www.amazon.ca/gp/profile/amzn1.account.AF4ERUGF4VKKNKBQRWD2UMW4PS5Q/ref=cm_cr_getr_d_gw_btm?ie=UTF8,2020-09-28 19:55:18.635559,2020-09-28 19:55:18.767284,Carhartt Men's Signature Logo Short Sleeve T-Shirt (Regular and Big & Tall Sizes),4.4,,Clothing & Accessories,B06VX1N13N,Carhartt Sportswear - Mens,516
60,AEGZPK2JPRGNSNVQUQQCLHKRBDDA,True,Awesome quality Tshirt great fit,Fits true to size and doesn’t shrink,"September 2, 2020",Cms79,5.0,0,https://www.amazon.ca/gp/profile/amzn1.account.AEGZPK2JPRGNSNVQUQQCLHKRBDDA/ref=cm_cr_getr_d_gw_btm?ie=UTF8,2020-09-28 19:55:20.919370,2020-09-28 19:55:21.041369,Carhartt Men's Signature Logo Short Sleeve T-Shirt (Regular and Big & Tall Sizes),4.4,,Clothing & Accessories,B06VX1N13N,Carhartt Sportswear - Mens,516
61,AGD6ILKXNYCRFM2NM7P2H32ZQ72A,True,No back logo,I gave it a 1 because it doesn't have the logo on the back which I liked about it and hate being ripped off,"May 26, 2020",Ian power,1.0,0,https://www.amazon.ca/gp/profile/amzn1.account.AGD6ILKXNYCRFM2NM7P2H32ZQ72A/ref=cm_cr_getr_d_gw_btm?ie=UTF8,2020-09-28 19:55:21.046274,2020-09-28 19:55:21.167273,Carhartt Men's Signature Logo Short Sleeve T-Shirt (Regular and Big & Tall Sizes),4.4,,Clothing & Accessories,B06VX1N13N,Carhartt Sportswear - Mens,516
62,AH3HJWARSZRKMZVOLFZ3OJ3WCSEA,True,"Great shirt, just order down a size!","Love this shirt, very good quality. However definitely order a size down, carhartt tends to run quite large.","July 8, 2019",Amazon Customer,5.0,0,https://www.amazon.ca/gp/profile/amzn1.account.AH3HJWARSZRKMZVOLFZ3OJ3WCSEA/ref=cm_cr_getr_d_gw_btm?ie=UTF8,2020-09-28 19:55:21.171177,2020-09-28 19:55:21.301961,Carhartt Men's Signature Logo Short Sleeve T-Shirt (Regular and Big & Tall Sizes),4.4,,Clothing & Accessories,B06VX1N13N,Carhartt Sportswear - Mens,516
63,AHCZ3PWZ42AQRBCR37BRAQ265MYA,True,But it!!,"Perfect fit, perfect price","October 23, 2018",Amazon Customer,5.0,0,https://www.amazon.ca/gp/profile/amzn1.account.AHCZ3PWZ42AQRBCR37BRAQ265MYA/ref=cm_cr_getr_d_gw_btm?ie=UTF8,2020-09-28 19:55:21.305865,2020-09-28 19:55:21.429817,Carhartt Men's Signature Logo Short Sleeve T-Shirt (Regular and Big & Tall Sizes),4.4,,Clothing & Accessories,B06VX1N13N,Carhartt Sportswear - Mens,516
64,AHD7CTS5D3ZGIRBNSI2N2ZICIMMQ,True,Overall great shirt!,Fits great! My second one of the same style. Probably my favourite shirt out of the many different carhartt t shirts I own.,"January 21, 2019",Brad,5.0,0,https://www.amazon.ca/gp/profile/amzn1.account.AHD7CTS5D3ZGIRBNSI2N2ZICIMMQ/ref=cm_cr_getr_d_gw_btm?ie=UTF8,2020-09-28 19:55:21.433721,2020-09-28 19:55:21.552793,Carhartt Men's Signature Logo Short Sleeve T-Shirt (Regular and Big & Tall Sizes),4.4,,Clothing & Accessories,B06VX1N13N,Carhartt Sportswear - Mens,516
65,AGMTI5ZPY5DBFYDQTZ6BBQZJZPGA,True,🙂,Still valued by the working class,"July 28, 2018",Mr. Lambrechts,5.0,0,https://www.amazon.ca/gp/profile/amzn1.account.AGMTI5ZPY5DBFYDQTZ6BBQZJZPGA/ref=cm_cr_getr_d_gw_btm?ie=UTF8,2020-09-28 19:55:21.555720,2020-09-28 19:55:21.692360,Carhartt Men's Signature Logo Short Sleeve T-Shirt (Regular and Big & Tall Sizes),4.4,,Clothing & Accessories,B06VX1N13N,Carhartt Sportswear - Mens,516
66,AHK6ZHHEI5OCO5CIYHI2FPN3O2HQ,True,Quality is amazing,"Great quality, a little bit bigger fit then other shirts same size, but amazing quality and comfort","December 4, 2019",Jay S,5.0,0,https://www.amazon.ca/gp/profile/amzn1.account.AHK6ZHHEI5OCO5CIYHI2FPN3O2HQ/ref=cm_cr_getr_d_gw_btm?ie=UTF8,2020-09-28 19:55:21.696265,2020-09-28 19:55:21.821193,Carhartt Men's Signature Logo Short Sleeve T-Shirt (Regular and Big & Tall Sizes),4.4,,Clothing & Accessories,B06VX1N13N,Carhartt Sportswear - Mens,516
67,AGDXPMNMRXZ5HPGAUKKWDABMSKZA,True,Great buy,Great feel. Fit perfectly. I bought 2 more,"May 10, 2018",Amazon Customer,5.0,0,https://www.amazon.ca/gp/profile/amzn1.account.AGDXPMNMRXZ5HPGAUKKWDABMSKZA/ref=cm_cr_getr_d_gw_btm?ie=UTF8,2020-09-28 19:55:21.826071,2020-09-28 19:55:21.960759,Carhartt Men's Signature Logo Short Sleeve T-Shirt (Regular and Big & Tall Sizes),4.4,,Clothing & Accessories,B06VX1N13N,Carhartt Sportswear - Mens,516
68,AGWQNHTDKKWZJHUT3NWTZXVYMZHA,True,very good quality,worth the money. Good quality. thanks,"May 16, 2020",Cha Cha,5.0,0,https://www.amazon.ca/gp/profile/amzn1.account.AGWQNHTDKKWZJHUT3NWTZXVYMZHA/ref=cm_cr_getr_d_gw_btm?ie=UTF8,2020-09-28 19:55:21.964663,2020-09-28 19:55:22.129607,Carhartt Men's Signature Logo Short Sleeve T-Shirt (Regular and Big & Tall Sizes),4.4,,Clothing & Accessories,B06VX1N13N,Carhartt Sportswear - Mens,516
69,AEVPM3TKSB2AZPD7OXMWBXWVK67Q,True,Shirt,Too long,"January 25, 2019",Amazon Customer,3.0,0,https://www.amazon.ca/gp/profile/amzn1.account.AEVPM3TKSB2AZPD7OXMWBXWVK67Q/ref=cm_cr_getr_d_gw_btm?ie=UTF8,2020-09-28 19:55:22.135464,2020-09-28 19:55:22.287718,Carhartt Men's Signature Logo Short Sleeve T-Shirt (Regular and Big & Tall Sizes),4.4,,Clothing & Accessories,B06VX1N13N,Carhartt Sportswear - Mens,516
70,AE4LP6LZAP4MFRK7HIVX554VPFGA,True,Hubby Loves It!,My husband loves it! Great quality! True to fit and the color doesn't fade when washed.,"June 27, 2018",Amazon Customer,5.0,0,https://www.amazon.ca/gp/profile/amzn1.account.AE4LP6LZAP4MFRK7HIVX554VPFGA/ref=cm_cr_getr_d_gw_btm?ie=UTF8,2020-09-28 19:55:28.483489,2020-09-28 19:55:28.607396,Carhartt Men's Signature Logo Short Sleeve T-Shirt (Regular and Big & Tall Sizes),4.4,,Clothing & Accessories,B06VX1N13N,Carhartt Sportswear - Mens,516
71,AFYD264KBCILCU5IPGXVYDJQUTVQ,True,Great fitting shirt,Great quality shirt. Fits good. Feels great. Looks great.,"June 1, 2020",Kyle,5.0,0,https://www.amazon.ca/gp/profile/amzn1.account.AFYD264KBCILCU5IPGXVYDJQUTVQ/ref=cm_cr_getr_d_gw_btm?ie=UTF8,2020-09-28 19:55:28.611300,2020-09-28 19:55:28.741107,Carhartt Men's Signature Logo Short Sleeve T-Shirt (Regular and Big & Tall Sizes),4.4,,Clothing & Accessories,B06VX1N13N,Carhartt Sportswear - Mens,516
72,AGXWKB3SM7GREEYRG2QDGOPZEXGQ,True,Fits large,The shirt fits like a dress. Nice quality.,"April 26, 2019",Amazon Customer,3.0,One,https://www.amazon.ca/gp/profile/amzn1.account.AGXWKB3SM7GREEYRG2QDGOPZEXGQ/ref=cm_cr_getr_d_gw_btm?ie=UTF8,2020-09-28 19:55:28.745986,2020-09-28 19:55:28.872867,Carhartt Men's Signature Logo Short Sleeve T-Shirt (Regular and Big & Tall Sizes),4.4,,Clothing & Accessories,B06VX1N13N,Carhartt Sportswear - Mens,516
73,AHL3THE25HXKAU4L5W3C7Z2CJV2Q,True,Good,Product is great,"October 19, 2019",Bob hoggarth,5.0,0,https://www.amazon.ca/gp/profile/amzn1.account.AHL3THE25HXKAU4L5W3C7Z2CJV2Q/ref=cm_cr_getr_d_gw_btm?ie=UTF8,2020-09-28 19:55:28.876772,2020-09-28 19:55:29.016338,Carhartt Men's Signature Logo Short Sleeve T-Shirt (Regular and Big & Tall Sizes),4.4,,Clothing & Accessories,B06VX1N13N,Carhartt Sportswear - Mens,516
74,AHEASQ4C3UXJFC4IBEI53HIFNWPQ,True,Produit de qualité,Super produit et t shirt de qualité,"April 27, 2020",Ian-Olivier Simard,5.0,0,https://www.amazon.ca/gp/profile/amzn1.account.AHEASQ4C3UXJFC4IBEI53HIFNWPQ/ref=cm_cr_getr_d_gw_btm?ie=UTF8,2020-09-28 19:55:29.022195,2020-09-28 19:55:29.164691,Carhartt Men's Signature Logo Short Sleeve T-Shirt (Regular and Big & Tall Sizes),4.4,,Clothing & Accessories,B06VX1N13N,Carhartt Sportswear - Mens,516
75,AH4C5RBPKR7AIATKSPHEZUA6PQIA,True,.,Very happy with the product,"February 24, 2019",Amazon Customer,5.0,0,https://www.amazon.ca/gp/profile/amzn1.account.AH4C5RBPKR7AIATKSPHEZUA6PQIA/ref=cm_cr_getr_d_gw_btm?ie=UTF8,2020-09-28 19:55:29.169569,2020-09-28 19:55:29.321825,Carhartt Men's Signature Logo Short Sleeve T-Shirt (Regular and Big & Tall Sizes),4.4,,Clothing & Accessories,B06VX1N13N,Carhartt Sportswear - Mens,516
76,AEPTL4KHQFCVVSMKA7HTURHFMAQQ,True,Fits way to big,Fit was wayyyyy to biggg do not buy this shirt,"December 15, 2019",Cody,1.0,0,https://www.amazon.ca/gp/profile/amzn1.account.AEPTL4KHQFCVVSMKA7HTURHFMAQQ/ref=cm_cr_getr_d_gw_btm?ie=UTF8,2020-09-28 19:55:29.326705,2020-09-28 19:55:29.469208,Carhartt Men's Signature Logo Short Sleeve T-Shirt (Regular and Big & Tall Sizes),4.4,,Clothing & Accessories,B06VX1N13N,Carhartt Sportswear - Mens,516
77,AGXVKM7HZRVBCCVE4EQZXBZ5YIRA,True,Five Stars,excellent produit,"July 31, 2018",fringepills,5.0,0,https://www.amazon.ca/gp/profile/amzn1.account.AGXVKM7HZRVBCCVE4EQZXBZ5YIRA/ref=cm_cr_getr_d_gw_btm?ie=UTF8,2020-09-28 19:55:29.474082,2020-09-28 19:55:29.608769,Carhartt Men's Signature Logo Short Sleeve T-Shirt (Regular and Big & Tall Sizes),4.4,,Clothing & Accessories,B06VX1N13N,Carhartt Sportswear - Mens,516
78,AGXVKM7HZRVBCCVE4EQZXBZ5YIRA,True,Five Stars,excellent produit,"July 31, 2018",fringepills,5.0,0,https://www.amazon.ca/gp/profile/amzn1.account.AGXVKM7HZRVBCCVE4EQZXBZ5YIRA/ref=cm_cr_getr_d_gw_btm?ie=UTF8,2020-09-28 19:55:29.613649,2020-09-28 19:55:29.774690,Carhartt Men's Signature Logo Short Sleeve T-Shirt (Regular and Big & Tall Sizes),4.4,,Clothing & Accessories,B06VX1N13N,Carhartt Sportswear - Mens,516
79,AGBWJP2FXJT2DDZXTIJNEL5NGZ5A,True,Four Stars,Good product,"August 3, 2018",Denis Brodeur,4.0,0,https://www.amazon.ca/gp/profile/amzn1.account.AGBWJP2FXJT2DDZXTIJNEL5NGZ5A/ref=cm_cr_getr_d_gw_btm?ie=UTF8,2020-09-28 19:55:29.780545,2020-09-28 19:55:29.921088,Carhartt Men's Signature Logo Short Sleeve T-Shirt (Regular and Big & Tall Sizes),4.4,,Clothing & Accessories,B06VX1N13N,Carhartt Sportswear - Mens,516
80,AGBWJP2FXJT2DDZXTIJNEL5NGZ5A,True,Four Stars,Good product,"August 3, 2018",Denis Brodeur,4.0,0,https://www.amazon.ca/gp/profile/amzn1.account.AGBWJP2FXJT2DDZXTIJNEL5NGZ5A/ref=cm_cr_getr_d_gw_btm?ie=UTF8,2020-09-28 19:55:33.064135,2020-09-28 19:55:33.203703,Carhartt Men's Signature Logo Short Sleeve T-Shirt (Regular and Big & Tall Sizes),4.4,,Clothing & Accessories,B06VX1N13N,Carhartt Sportswear - Mens,516
81,AGFGFUTNN4AZUN6GSXAJMEOC4S3Q,True,Five Stars,Great shirt. Comfy,"May 31, 2018",jamie fuller,5.0,0,https://www.amazon.ca/gp/profile/amzn1.account.AGFGFUTNN4AZUN6GSXAJMEOC4S3Q/ref=cm_cr_getr_d_gw_btm?ie=UTF8,2020-09-28 19:55:33.207606,2020-09-28 19:55:33.327678,Carhartt Men's Signature Logo Short Sleeve T-Shirt (Regular and Big & Tall Sizes),4.4,,Clothing & Accessories,B06VX1N13N,Carhartt Sportswear - Mens,516
82,AFYLR3K5RHKLD7SR4CB3SGUWYY7Q,True,Five Stars,Perfect,"July 30, 2018",Ben,5.0,0,https://www.amazon.ca/gp/profile/amzn1.account.AFYLR3K5RHKLD7SR4CB3SGUWYY7Q/ref=cm_cr_getr_d_gw_btm?ie=UTF8,2020-09-28 19:55:33.331558,2020-09-28 19:55:33.463317,Carhartt Men's Signature Logo Short Sleeve T-Shirt (Regular and Big & Tall Sizes),4.4,,Clothing & Accessories,B06VX1N13N,Carhartt Sportswear - Mens,516
83,AFL2LLF3YGP6HNNOFIZJ7WDZCRHQ,True,Awesome,Super good carhart quality.,"September 6, 2020",Wyatt,5.0,0,https://www.amazon.ca/gp/profile/amzn1.account.AFL2LLF3YGP6HNNOFIZJ7WDZCRHQ/ref=cm_cr_getr_d_gw_btm?ie=UTF8,2020-09-28 19:55:33.467221,2020-09-28 19:55:33.587270,Carhartt Men's Signature Logo Short Sleeve T-Shirt (Regular and Big & Tall Sizes),4.4,,Clothing & Accessories,B06VX1N13N,Carhartt Sportswear - Mens,516
84,AGCXURTB4GJHVDLOROHNP43VXMTA,True,Too big,Nice shirt but fits a size bigger,"May 21, 2020",Amazon Customer,5.0,0,https://www.amazon.ca/gp/profile/amzn1.account.AGCXURTB4GJHVDLOROHNP43VXMTA/ref=cm_cr_getr_d_gw_btm?ie=UTF8,2020-09-28 19:55:33.592149,2020-09-28 19:55:33.712197,Carhartt Men's Signature Logo Short Sleeve T-Shirt (Regular and Big & Tall Sizes),4.4,,Clothing & Accessories,B06VX1N13N,Carhartt Sportswear - Mens,516
85,AESGHLJMABQKRJCSKB7ENFIT7WZA,True,TShirt was exactly what I expected,The tshirts were what i wanted and was delivered within 4 days of ordering. AMAZING!,"August 17, 2020",Amazon Customer,5.0,0,https://www.amazon.ca/gp/profile/amzn1.account.AESGHLJMABQKRJCSKB7ENFIT7WZA/ref=cm_cr_getr_d_gw_btm?ie=UTF8,2020-09-28 19:55:33.717077,2020-09-28 19:55:33.852787,Carhartt Men's Signature Logo Short Sleeve T-Shirt (Regular and Big & Tall Sizes),4.4,,Clothing & Accessories,B06VX1N13N,Carhartt Sportswear - Mens,516
86,AGCN4DSIJWOTZLDIRHTZTT3NIMEA,True,BONNE QUALITE,COUPE AMPLE DECONTRACTEE,"September 25, 2020",GILLES LECUYER,5.0,0,https://www.amazon.ca/gp/profile/amzn1.account.AGCN4DSIJWOTZLDIRHTZTT3NIMEA/ref=cm_cr_getr_d_gw_btm?ie=UTF8,2020-09-28 19:55:33.856690,2020-09-28 19:55:33.976737,Carhartt Men's Signature Logo Short Sleeve T-Shirt (Regular and Big & Tall Sizes),4.4,,Clothing & Accessories,B06VX1N13N,Carhartt Sportswear - Mens,516
87,AEDKAXNI3NR2KHKZHOUIPIESNWKQ,True,Fit big,Nice shirt,"July 17, 2019",Kevin,4.0,0,https://www.amazon.ca/gp/profile/amzn1.account.AEDKAXNI3NR2KHKZHOUIPIESNWKQ/ref=cm_cr_getr_d_gw_btm?ie=UTF8,2020-09-28 19:55:33.981618,2020-09-28 19:55:34.107522,Carhartt Men's Signature Logo Short Sleeve T-Shirt (Regular and Big & Tall Sizes),4.4,,Clothing & Accessories,B06VX1N13N,Carhartt Sportswear - Mens,516
88,AGAZNDG6LYZANWYW62BBSDKCCJEQ,True,Awesome,The picture is actually what you get fits great and the material is nice and tough!,"July 22, 2020",Renee Branconnier,5.0,0,https://www.amazon.ca/gp/profile/amzn1.account.AGAZNDG6LYZANWYW62BBSDKCCJEQ/ref=cm_cr_getr_d_gw_btm?ie=UTF8,2020-09-28 19:55:34.112401,2020-09-28 19:55:34.245168,Carhartt Men's Signature Logo Short Sleeve T-Shirt (Regular and Big & Tall Sizes),4.4,,Clothing & Accessories,B06VX1N13N,Carhartt Sportswear - Mens,516
89,AHDWGK4VJDDAOYDZ7E5SQYZGYNRQ,True,Nice shirt large fit,Nice shirt but had to return as i bought a large and it was too big!,"May 19, 2019",Daniela  DiToro,4.0,0,https://www.amazon.ca/gp/profile/amzn1.account.AHDWGK4VJDDAOYDZ7E5SQYZGYNRQ/ref=cm_cr_getr_d_gw_btm?ie=UTF8,2020-09-28 19:55:34.250048,2020-09-28 19:55:34.372048,Carhartt Men's Signature Logo Short Sleeve T-Shirt (Regular and Big & Tall Sizes),4.4,,Clothing & Accessories,B06VX1N13N,Carhartt Sportswear - Mens,516
90,AG2AWLAUCRACVD2XO3NJ7XWXZLYA,True,!,"Liked the shirt but got a size medium and it’s like a large.
And super thick material","May 27, 2020",Kristie,3.0,0,https://www.amazon.ca/gp/profile/amzn1.account.AG2AWLAUCRACVD2XO3NJ7XWXZLYA/ref=cm_cr_getr_d_gw_btm?ie=UTF8,2020-09-28 19:55:39.507772,2020-09-28 19:55:39.639532,Carhartt Men's Signature Logo Short Sleeve T-Shirt (Regular and Big & Tall Sizes),4.4,,Clothing & Accessories,B06VX1N13N,Carhartt Sportswear - Mens,516
91,AF3FHZE5NF5BWSNCEKTPATPL5DZA,True,Too big,Too big,"September 21, 2020",Paula Dee,1.0,0,https://www.amazon.ca/gp/profile/amzn1.account.AF3FHZE5NF5BWSNCEKTPATPL5DZA/ref=cm_cr_getr_d_gw_btm?ie=UTF8,2020-09-28 19:55:39.644413,2020-09-28 19:55:39.772268,Carhartt Men's Signature Logo Short Sleeve T-Shirt (Regular and Big & Tall Sizes),4.4,,Clothing & Accessories,B06VX1N13N,Carhartt Sportswear - Mens,516
92,AGCY6GQVGTKBSQZZJCAMP4CMYVYA,True,"i am 6' 1"" 260lbs and it fits like a dress but good quality","i am 6' 1"" 260lbs and it fits like a dress but good quality","July 5, 2018",GJ,3.0,0,https://www.amazon.ca/gp/profile/amzn1.account.AGCY6GQVGTKBSQZZJCAMP4CMYVYA/ref=cm_cr_getr_d_gw_btm?ie=UTF8,2020-09-28 19:55:39.777148,2020-09-28 19:55:39.900159,Carhartt Men's Signature Logo Short Sleeve T-Shirt (Regular and Big & Tall Sizes),4.4,,Clothing & Accessories,B06VX1N13N,Carhartt Sportswear - Mens,516
93,AG37MKH4O2RGSLDSP2MDFT36GE7A,True,Good,Good,"November 27, 2018",Henry ,5.0,0,https://www.amazon.ca/gp/profile/amzn1.account.AG37MKH4O2RGSLDSP2MDFT36GE7A/ref=cm_cr_getr_d_gw_btm?ie=UTF8,2020-09-28 19:55:39.904063,2020-09-28 19:55:40.038751,Carhartt Men's Signature Logo Short Sleeve T-Shirt (Regular and Big & Tall Sizes),4.4,,Clothing & Accessories,B06VX1N13N,Carhartt Sportswear - Mens,516
94,AETAKWXEBCTZKRXGRCJE7JNIBXVA,True,Good shirt,Nice comfy well made shirt.. love my carhartt,"January 22, 2019",Ryley Hampton,5.0,0,https://www.amazon.ca/gp/profile/amzn1.account.AETAKWXEBCTZKRXGRCJE7JNIBXVA/ref=cm_cr_getr_d_gw_btm?ie=UTF8,2020-09-28 19:55:40.042654,2020-09-28 19:55:40.167616,Carhartt Men's Signature Logo Short Sleeve T-Shirt (Regular and Big & Tall Sizes),4.4,,Clothing & Accessories,B06VX1N13N,Carhartt Sportswear - Mens,516
95,AEH6CWMTMLROBEDB2GQY5TGXUICA,True,It’s high quality,It’s high quality,"August 26, 2019",Harry,5.0,0,https://www.amazon.ca/gp/profile/amzn1.account.AEH6CWMTMLROBEDB2GQY5TGXUICA/ref=cm_cr_getr_d_gw_btm?ie=UTF8,2020-09-28 19:55:40.171520,2020-09-28 19:55:40.292550,Carhartt Men's Signature Logo Short Sleeve T-Shirt (Regular and Big & Tall Sizes),4.4,,Clothing & Accessories,B06VX1N13N,Carhartt Sportswear - Mens,516
96,AGVLBT4BMBYEFUYGGHWG6QTJ4PMQ,True,Good quality material,"Not thin material, washes great.","April 21, 2019",Kathy Brown,4.0,0,https://www.amazon.ca/gp/profile/amzn1.account.AGVLBT4BMBYEFUYGGHWG6QTJ4PMQ/ref=cm_cr_getr_d_gw_btm?ie=UTF8,2020-09-28 19:55:40.296455,2020-09-28 19:55:40.428242,Carhartt Men's Signature Logo Short Sleeve T-Shirt (Regular and Big & Tall Sizes),4.4,,Clothing & Accessories,B06VX1N13N,Carhartt Sportswear - Mens,516
97,AHHRK3Y4WIAVF6MJ3PXP2WMFCZLA,True,Warm,Durable,"December 20, 2018",Amazon Customer,4.0,0,https://www.amazon.ca/gp/profile/amzn1.account.AHHRK3Y4WIAVF6MJ3PXP2WMFCZLA/ref=cm_cr_getr_d_gw_btm?ie=UTF8,2020-09-28 19:55:40.433123,2020-09-28 19:55:40.556098,Carhartt Men's Signature Logo Short Sleeve T-Shirt (Regular and Big & Tall Sizes),4.4,,Clothing & Accessories,B06VX1N13N,Carhartt Sportswear - Mens,516
98,AGTEAYFVSXUM575YTK7LFBCXFCYQ,True,La grandeur 2x équivaut à du 3x dans les magasins,Il est parfait et assez grand pour 2x,"August 4, 2020",Stéphane Letourneau,5.0,0,https://www.amazon.ca/gp/profile/amzn1.account.AGTEAYFVSXUM575YTK7LFBCXFCYQ/ref=cm_cr_getr_d_gw_btm?ie=UTF8,2020-09-28 19:55:40.560001,2020-09-28 19:55:40.683954,Carhartt Men's Signature Logo Short Sleeve T-Shirt (Regular and Big & Tall Sizes),4.4,,Clothing & Accessories,B06VX1N13N,Carhartt Sportswear - Mens,516
99,AHERRUSQC3OTJNOTCIT24FUQK5CQ,True,"Got a medium because they said they come large but still way to big, gonna try to shrink it.",Way to big sizes not accurate,"September 9, 2020",Randy,2.0,0,https://www.amazon.ca/gp/profile/amzn1.account.AHERRUSQC3OTJNOTCIT24FUQK5CQ/ref=cm_cr_getr_d_gw_btm?ie=UTF8,2020-09-28 19:55:40.688833,2020-09-28 19:55:40.829377,Carhartt Men's Signature Logo Short Sleeve T-Shirt (Regular and Big & Tall Sizes),4.4,,Clothing & Accessories,B06VX1N13N,Carhartt Sportswear - Mens,516
100,AFQFK2KPZ43ICAIK4PYK6CEULJQQ,True,Perfect,Exactly what I wanted,"August 9, 2020",Amazon Customer,5.0,0,https://www.amazon.ca/gp/profile/amzn1.account.AFQFK2KPZ43ICAIK4PYK6CEULJQQ/ref=cm_cr_getr_d_gw_btm?ie=UTF8,2020-09-28 19:55:42.975775,2020-09-28 19:55:43.160191,Carhartt Men's Signature Logo Short Sleeve T-Shirt (Regular and Big & Tall Sizes),4.4,,Clothing & Accessories,B06VX1N13N,Carhartt Sportswear - Mens,516
101,AE3NSSVJTOORWQ6HZC7TBQIRD77Q,True,Fit good for me,It was all good,"March 2, 2020",Rick Robertson,5.0,0,https://www.amazon.ca/gp/profile/amzn1.account.AE3NSSVJTOORWQ6HZC7TBQIRD77Q/ref=cm_cr_getr_d_gw_btm?ie=UTF8,2020-09-28 19:55:43.165071,2020-09-28 19:55:43.286094,Carhartt Men's Signature Logo Short Sleeve T-Shirt (Regular and Big & Tall Sizes),4.4,,Clothing & Accessories,B06VX1N13N,Carhartt Sportswear - Mens,516
102,AEINERGDFWA5WJULP3BNI6KG5XMQ,True,Five Stars,Parfait,"September 12, 2018",Dionne Christian,5.0,0,https://www.amazon.ca/gp/profile/amzn1.account.AEINERGDFWA5WJULP3BNI6KG5XMQ/ref=cm_cr_getr_d_gw_btm?ie=UTF8,2020-09-28 19:55:43.289999,2020-09-28 19:55:43.408094,Carhartt Men's Signature Logo Short Sleeve T-Shirt (Regular and Big & Tall Sizes),4.4,,Clothing & Accessories,B06VX1N13N,Carhartt Sportswear - Mens,516
103,AHPEOZBB4FCJVDRXBBN765DIYL5Q,True,Good price,Good price,"October 12, 2018",Mitchell,5.0,0,https://www.amazon.ca/gp/profile/amzn1.account.AHPEOZBB4FCJVDRXBBN765DIYL5Q/ref=cm_cr_getr_d_gw_btm?ie=UTF8,2020-09-28 19:55:43.411998,2020-09-28 19:55:43.536927,Carhartt Men's Signature Logo Short Sleeve T-Shirt (Regular and Big & Tall Sizes),4.4,,Clothing & Accessories,B06VX1N13N,Carhartt Sportswear - Mens,516
104,AEP3KRTBANJMZIG2CVGL5HJGTZGA,True,Asked for large size which the shirt says but is ...,"Asked for large size which the shirt says but is obviously XXXL, it's a clown shirt, jokes on me, the shirt on the left is a large and the one I received is that","February 27, 2018",Lindsay Pettman,1.0,One,https://www.amazon.ca/gp/profile/amzn1.account.AEP3KRTBANJMZIG2CVGL5HJGTZGA/ref=cm_cr_getr_d_gw_btm?ie=UTF8,2020-09-28 19:55:43.546686,2020-09-28 19:55:43.664782,Carhartt Men's Signature Logo Short Sleeve T-Shirt (Regular and Big & Tall Sizes),4.4,,Clothing & Accessories,B06VX1N13N,Carhartt Sportswear - Mens,516
105,AFNEB5XLWPTPBPMJREGWP4HPWKFA,False,Good but runs big,"Bought a M and fits more like a large, good quality just runs bigger then you’d think!","December 29, 2019",Justin Hawryluk,4.0,0,https://www.amazon.ca/gp/profile/amzn1.account.AFNEB5XLWPTPBPMJREGWP4HPWKFA/ref=cm_cr_getr_d_gw_btm?ie=UTF8,2020-09-28 19:55:43.668686,2020-09-28 19:55:43.782878,Carhartt Men's Signature Logo Short Sleeve T-Shirt (Regular and Big & Tall Sizes),4.4,,Clothing & Accessories,B06VX1N13N,Carhartt Sportswear - Mens,516
106,AHXDVUFJHEY7XY4VOCXHYU42IVKQ,True,"Great price, quality",Great quality,"August 11, 2019",Jamie Lynch,5.0,0,https://www.amazon.ca/gp/profile/amzn1.account.AHXDVUFJHEY7XY4VOCXHYU42IVKQ/ref=cm_cr_getr_d_gw_btm?ie=UTF8,2020-09-28 19:55:43.786782,2020-09-28 19:55:43.905853,Carhartt Men's Signature Logo Short Sleeve T-Shirt (Regular and Big & Tall Sizes),4.4,,Clothing & Accessories,B06VX1N13N,Carhartt Sportswear - Mens,516
