,author_id,verified_purchase,review_title,reviews,date,reviewer_name,ratings,people_find_helpful,reviewer_profile_url,start_time,end_time,product_name,average_rating,total_reviews,product_category,product_id,brand_name,rank
0,AEY3HABPTCEPNTBXPIIXEJECXODQ,True,Good fit just slightly small,Ya great buy was a good pick. Glad to wear this item colour is spot on looking fresh. had a few compliments wearing it last weekend. Haven't washed it yet so that's a huge tell once that happens.,"December 18, 2019",Styles & Miles,4.0,3,https://www.amazon.ca/gp/profile/amzn1.account.AEY3HABPTCEPNTBXPIIXEJECXODQ/ref=cm_cr_arp_d_gw_btm?ie=UTF8,2020-09-28 19:43:45.083633,2020-09-28 19:43:45.257360,Pervobs Men's Long Sleeve Autumn Pocket Loose Casual Sweatshirt Hoodies Tracksuits,2.7,,Clothing & Accessories,B07GNLPRHG,No,"2,449"
1,AFAFQUVLHSZEAOAEC55VTX75WVCQ,True,The Lady Killer ;),"So recently I have been looking for different coloured sweaters to add to my wardrobe before my girlfriend (that I don’t have... yet) takes them all. Haha anyways, i only buy clothes that have style and are cheap, this product was perfect for me! I’m skinny and I normally have to size down the clothes I buy online, but this sweater was perfect!! Cheap enough to give away to my non existent girlfriend, but stylish enough to impress that future sexy señorita ;)","September 6, 2020",Jay,5.0,2,https://www.amazon.ca/gp/profile/amzn1.account.AFAFQUVLHSZEAOAEC55VTX75WVCQ/ref=cm_cr_arp_d_gw_btm?ie=UTF8,2020-09-28 19:43:45.262240,2020-09-28 19:43:45.427184,Pervobs Men's Long Sleeve Autumn Pocket Loose Casual Sweatshirt Hoodies Tracksuits,2.7,,Clothing & Accessories,B07GNLPRHG,No,"2,449"
2,AE5ANPRVCY5EC57VAXRTTQUQ6R6A,True,"Despite Size Chart, It STILL isn't close to fitting....","About 3 sizes off, and the material is paper-thin. Felt like it would dissolve after a washing. AVOID!","January 18, 2019",A Gill,1.0,4,https://www.amazon.ca/gp/profile/amzn1.account.AE5ANPRVCY5EC57VAXRTTQUQ6R6A/ref=cm_cr_arp_d_gw_btm?ie=UTF8,2020-09-28 19:43:45.432064,2020-09-28 19:43:45.594079,Pervobs Men's Long Sleeve Autumn Pocket Loose Casual Sweatshirt Hoodies Tracksuits,2.7,,Clothing & Accessories,B07GNLPRHG,No,"2,449"
3,AFW2RGRRR2SNL5JSN42LKCKL3IUA,True,"Plus side, came weeks before expected","It fits about 2 sizes too small. Also looks like cotton blend. Actually more of a polyester feel. The seems, for the most part, looked great but around the hood there’s definitely a knot or something. Thred was sticking out. Not the best fabric. Feels like a Halloween costume.","December 16, 2018",James,3.0,One,https://www.amazon.ca/gp/profile/amzn1.account.AFW2RGRRR2SNL5JSN42LKCKL3IUA/ref=cm_cr_arp_d_gw_btm?ie=UTF8,2020-09-28 19:43:45.598960,2020-09-28 19:43:45.759999,Pervobs Men's Long Sleeve Autumn Pocket Loose Casual Sweatshirt Hoodies Tracksuits,2.7,,Clothing & Accessories,B07GNLPRHG,No,"2,449"
4,AFVMRSXRICEC6FOJ7RQLHOUB2NWA,True,Buy 1 size bigger,"Love the material, fits nice.... Bought a large when I usually wear a Medium and it fit perfect!","December 28, 2019",fernishiwa,5.0,2,https://www.amazon.ca/gp/profile/amzn1.account.AFVMRSXRICEC6FOJ7RQLHOUB2NWA/ref=cm_cr_arp_d_gw_btm?ie=UTF8,2020-09-28 19:43:45.765855,2020-09-28 19:43:45.916158,Pervobs Men's Long Sleeve Autumn Pocket Loose Casual Sweatshirt Hoodies Tracksuits,2.7,,Clothing & Accessories,B07GNLPRHG,No,"2,449"
5,AGN3M4TGGO6MSASSCJHAFSE3AUAA,True,Cheap material,"The material feels cheap and is not cotton.

I bought an XL and normally wear a Large. This thing barely fits me. Colour is nice and stitching is nice too but the size chart is off. I would need an XXXL to make this fit me comfortably.","May 11, 2020",Mike Mala,2.0,0,https://www.amazon.ca/gp/profile/amzn1.account.AGN3M4TGGO6MSASSCJHAFSE3AUAA/ref=cm_cr_arp_d_gw_btm?ie=UTF8,2020-09-28 19:43:45.920063,2020-09-28 19:43:46.074270,Pervobs Men's Long Sleeve Autumn Pocket Loose Casual Sweatshirt Hoodies Tracksuits,2.7,,Clothing & Accessories,B07GNLPRHG,No,"2,449"
6,AHPMIXROZND2ZERI6FMQVELPU47A,True,Way to small,"The fabric feels strange for a sweater, almost like a cheap thick fabric I guess. Way to small ordered a 4XL and fits like a L.","March 15, 2019",abby,2.0,3,https://www.amazon.ca/gp/profile/amzn1.account.AHPMIXROZND2ZERI6FMQVELPU47A/ref=cm_cr_arp_d_gw_btm?ie=UTF8,2020-09-28 19:43:46.079150,2020-09-28 19:43:46.230430,Pervobs Men's Long Sleeve Autumn Pocket Loose Casual Sweatshirt Hoodies Tracksuits,2.7,,Clothing & Accessories,B07GNLPRHG,No,"2,449"
7,AFQFIAZXTXIZBKNJVKSFZLMLJYNQ,True,Terrible quality,"The quality of this is so bad, the photo makes it appear much better, but the fabric is thin, scratchy, cheap cheap quality, took way longer than stated and is not a good fit at all. Save your money, definitely not worth it.","July 2, 2020",Courtney McNeil,1.0,0,https://www.amazon.ca/gp/profile/amzn1.account.AFQFIAZXTXIZBKNJVKSFZLMLJYNQ/ref=cm_cr_arp_d_gw_btm?ie=UTF8,2020-09-28 19:43:46.234333,2020-09-28 19:43:46.377805,Pervobs Men's Long Sleeve Autumn Pocket Loose Casual Sweatshirt Hoodies Tracksuits,2.7,,Clothing & Accessories,B07GNLPRHG,No,"2,449"
8,AF3I72F5X7SLO6LFKK5FG3I3U7KQ,True,Couleur et texture,"Bonjour, j'ai mon chandail mais je suis déçu car il n'est pas comme sur la photo. Le tissu est complètement uni non texturer. Sinon, pour la coupe c'est ok!","July 1, 2020",Amazon Customer,3.0,0,https://www.amazon.ca/gp/profile/amzn1.account.AF3I72F5X7SLO6LFKK5FG3I3U7KQ/ref=cm_cr_arp_d_gw_btm?ie=UTF8,2020-09-28 19:43:46.382686,2020-09-28 19:43:46.509565,Pervobs Men's Long Sleeve Autumn Pocket Loose Casual Sweatshirt Hoodies Tracksuits,2.7,,Clothing & Accessories,B07GNLPRHG,No,"2,449"
9,AF2UDKE3UQYQD7SPZO2IGS3QX6ZQ,True,Grandeur,"Était pour un cadeau, mais la grandeur était trop petite, j’ai commandé un large pour un adolescent qui porte généralement médium et j’aurais dû commander un XL et peut-être XXL. Cependant eu un excellent service à la clientèle et reçu en temps.","December 31, 2018",Claudine,4.0,0,https://www.amazon.ca/gp/profile/amzn1.account.AF2UDKE3UQYQD7SPZO2IGS3QX6ZQ/ref=cm_cr_arp_d_gw_btm?ie=UTF8,2020-09-28 19:43:46.514445,2020-09-28 19:43:46.633516,Pervobs Men's Long Sleeve Autumn Pocket Loose Casual Sweatshirt Hoodies Tracksuits,2.7,,Clothing & Accessories,B07GNLPRHG,No,"2,449"
10,AHOUCCRJZMJU37XPLO4NCZ4BEYOA,True,Poor,"Disliked this product, not what I thought it would be. Way to small, XL fit like a ladies medium.","February 9, 2020",Cortney Zwicker,1.0,One,https://www.amazon.ca/gp/profile/amzn1.account.AHOUCCRJZMJU37XPLO4NCZ4BEYOA/ref=cm_cr_getr_d_gw_btm?ie=UTF8,2020-09-28 19:43:51.782957,2020-09-28 19:43:51.925451,Pervobs Men's Long Sleeve Autumn Pocket Loose Casual Sweatshirt Hoodies Tracksuits,2.7,,Clothing & Accessories,B07GNLPRHG,No,"2,449"
11,AHMII7FM4H46LCLCOCH4B7Z3UNWQ,True,Super produit,"Très beaux pull a capuchon, très léger et la capuche très grande j'adore !!!! TRÈS confo","April 19, 2019",louis-philippe gougeon,5.0,0,https://www.amazon.ca/gp/profile/amzn1.account.AHMII7FM4H46LCLCOCH4B7Z3UNWQ/ref=cm_cr_getr_d_gw_btm?ie=UTF8,2020-09-28 19:43:51.930331,2020-09-28 19:43:52.074779,Pervobs Men's Long Sleeve Autumn Pocket Loose Casual Sweatshirt Hoodies Tracksuits,2.7,,Clothing & Accessories,B07GNLPRHG,No,"2,449"
12,AF7IVS6HAFJEF2STIK366ZPFNZ4A,True,Not at all like pictures and descriptions,The material is paper thin. Looks like a knock off you'd order off wish. The product that came is nothing like the sweater in the pictures and the description. I wouldn't even buy it for 5$ CND if I knew this was what I was getting.,"June 9, 2020",Holly,2.0,0,https://www.amazon.ca/gp/profile/amzn1.account.AF7IVS6HAFJEF2STIK366ZPFNZ4A/ref=cm_cr_getr_d_gw_btm?ie=UTF8,2020-09-28 19:43:52.079659,2020-09-28 19:43:52.233869,Pervobs Men's Long Sleeve Autumn Pocket Loose Casual Sweatshirt Hoodies Tracksuits,2.7,,Clothing & Accessories,B07GNLPRHG,No,"2,449"
13,AEIAWJPKFSOZPLLMD6SMPKWKJFSA,True,WORST PRODUCT! DO NOT BUY!,"Do your self favour and donate your money somewhere else than buying this product. Worst quality of the fabric and not a great fit either.
DO NOT BUY!","May 14, 2020",RR Vancouver,1.0,0,https://www.amazon.ca/gp/profile/amzn1.account.AEIAWJPKFSOZPLLMD6SMPKWKJFSA/ref=cm_cr_getr_d_gw_btm?ie=UTF8,2020-09-28 19:43:52.238747,2020-09-28 19:43:52.374410,Pervobs Men's Long Sleeve Autumn Pocket Loose Casual Sweatshirt Hoodies Tracksuits,2.7,,Clothing & Accessories,B07GNLPRHG,No,"2,449"
14,AFWOD4DCQKTM6D4JHVUA5ND7G3SA,True,Way too small,Sizes are way off....bought a xxxl and it was a north american large,"November 17, 2019",Brian,1.0,One,https://www.amazon.ca/gp/profile/amzn1.account.AFWOD4DCQKTM6D4JHVUA5ND7G3SA/ref=cm_cr_getr_d_gw_btm?ie=UTF8,2020-09-28 19:43:52.378314,2020-09-28 19:43:52.519834,Pervobs Men's Long Sleeve Autumn Pocket Loose Casual Sweatshirt Hoodies Tracksuits,2.7,,Clothing & Accessories,B07GNLPRHG,No,"2,449"
15,AFCL2DXCYCMGOCPQK3D7OFDRO7XQ,True,Size are small,Very small fit good feel but to small,"March 21, 2019",Gertridge28,1.0,One,https://www.amazon.ca/gp/profile/amzn1.account.AFCL2DXCYCMGOCPQK3D7OFDRO7XQ/ref=cm_cr_getr_d_gw_btm?ie=UTF8,2020-09-28 19:43:52.524715,2020-09-28 19:43:52.692585,Pervobs Men's Long Sleeve Autumn Pocket Loose Casual Sweatshirt Hoodies Tracksuits,2.7,,Clothing & Accessories,B07GNLPRHG,No,"2,449"
16,AGON3R73GWPWSAIBIM2MJPUVDQ2A,True,Trop petit c’est comme un large,Trop petit c’est comme un large,"August 20, 2020",Monica Hercules,1.0,0,https://www.amazon.ca/gp/profile/amzn1.account.AGON3R73GWPWSAIBIM2MJPUVDQ2A/ref=cm_cr_getr_d_gw_btm?ie=UTF8,2020-09-28 19:43:52.697465,2020-09-28 19:43:52.845817,Pervobs Men's Long Sleeve Autumn Pocket Loose Casual Sweatshirt Hoodies Tracksuits,2.7,,Clothing & Accessories,B07GNLPRHG,No,"2,449"
17,AGKMHSX53O7WDJZUTH326B42RK6A,True,Pas de belle qualité,Ne pas acheter,"December 15, 2019",isabelle ,1.0,One,https://www.amazon.ca/gp/profile/amzn1.account.AGKMHSX53O7WDJZUTH326B42RK6A/ref=cm_cr_getr_d_gw_btm?ie=UTF8,2020-09-28 19:43:52.850697,2020-09-28 19:43:53.000025,Pervobs Men's Long Sleeve Autumn Pocket Loose Casual Sweatshirt Hoodies Tracksuits,2.7,,Clothing & Accessories,B07GNLPRHG,No,"2,449"
18,AEWJXQ7E3YWWGC5B6YLDM3I4NUWQ,True,Two Stars,Way too small for sizing. Order at least 2 sizes bigger than you normally require.,"December 14, 2018",Joan Goddard,2.0,0,https://www.amazon.ca/gp/profile/amzn1.account.AEWJXQ7E3YWWGC5B6YLDM3I4NUWQ/ref=cm_cr_getr_d_gw_btm?ie=UTF8,2020-09-28 19:43:53.004905,2020-09-28 19:43:53.150328,Pervobs Men's Long Sleeve Autumn Pocket Loose Casual Sweatshirt Hoodies Tracksuits,2.7,,Clothing & Accessories,B07GNLPRHG,No,"2,449"
19,AH5ATIPCL7SZWMN7IQ4JHU4XHPCQ,True,Cheap and coarse fabric,"The sweater is uncomfortable and the fabric is cheap and brittle. Avoid, its cheap for a reason","March 19, 2020",Julien D,2.0,0,https://www.amazon.ca/gp/profile/amzn1.account.AH5ATIPCL7SZWMN7IQ4JHU4XHPCQ/ref=cm_cr_getr_d_gw_btm?ie=UTF8,2020-09-28 19:43:53.154232,2020-09-28 19:43:53.267448,Pervobs Men's Long Sleeve Autumn Pocket Loose Casual Sweatshirt Hoodies Tracksuits,2.7,,Clothing & Accessories,B07GNLPRHG,No,"2,449"
20,AHNOCDWRDPH2BSAPKXMDFPRKA64Q,True,Not worth it,I am not sure what I expected for a $20 hoodie...but I wouldn't pay $2 for what it actually is. I would strongly suggest you avoid ordering this.,"August 12, 2020",Amazon Customer,1.0,0,https://www.amazon.ca/gp/profile/amzn1.account.AHNOCDWRDPH2BSAPKXMDFPRKA64Q/ref=cm_cr_getr_d_gw_btm?ie=UTF8,2020-09-28 19:43:57.414853,2020-09-28 19:43:57.547589,Pervobs Men's Long Sleeve Autumn Pocket Loose Casual Sweatshirt Hoodies Tracksuits,2.7,,Clothing & Accessories,B07GNLPRHG,No,"2,449"
21,AGRWZS4DQUSBXQYN7T77QW65WJTQ,True,On time,My husband loves it,"June 20, 2019",rhoda hearst,5.0,0,https://www.amazon.ca/gp/profile/amzn1.account.AGRWZS4DQUSBXQYN7T77QW65WJTQ/ref=cm_cr_getr_d_gw_btm?ie=UTF8,2020-09-28 19:43:57.551493,2020-09-28 19:43:57.675444,Pervobs Men's Long Sleeve Autumn Pocket Loose Casual Sweatshirt Hoodies Tracksuits,2.7,,Clothing & Accessories,B07GNLPRHG,No,"2,449"
22,AEDXOK7PHI2LBGN7D4LNPBP4MMQQ,True,Hoodie,Much better quality than expected.,"February 13, 2020",Gerald Kincaid,5.0,0,https://www.amazon.ca/gp/profile/amzn1.account.AEDXOK7PHI2LBGN7D4LNPBP4MMQQ/ref=cm_cr_getr_d_gw_btm?ie=UTF8,2020-09-28 19:43:57.679348,2020-09-28 19:43:57.818916,Pervobs Men's Long Sleeve Autumn Pocket Loose Casual Sweatshirt Hoodies Tracksuits,2.7,,Clothing & Accessories,B07GNLPRHG,No,"2,449"
23,AGU34STJB7LKIIHARGHHHKBX2GNA,True,Fair,Different material,"March 16, 2019",Amazon Customer,4.0,0,https://www.amazon.ca/gp/profile/amzn1.account.AGU34STJB7LKIIHARGHHHKBX2GNA/ref=cm_cr_getr_d_gw_btm?ie=UTF8,2020-09-28 19:43:57.822820,2020-09-28 19:43:57.945859,Pervobs Men's Long Sleeve Autumn Pocket Loose Casual Sweatshirt Hoodies Tracksuits,2.7,,Clothing & Accessories,B07GNLPRHG,No,"2,449"
24,AHE7C6NCVTVJOMRVZ6VCGFGARFAQ,True,Small,To small,"September 9, 2019",Chris,5.0,0,https://www.amazon.ca/gp/profile/amzn1.account.AHE7C6NCVTVJOMRVZ6VCGFGARFAQ/ref=cm_cr_getr_d_gw_btm?ie=UTF8,2020-09-28 19:43:57.949764,2020-09-28 19:43:58.076643,Pervobs Men's Long Sleeve Autumn Pocket Loose Casual Sweatshirt Hoodies Tracksuits,2.7,,Clothing & Accessories,B07GNLPRHG,No,"2,449"
25,AFIU3J4WNGJEN6GI2KKXRPLMX5HQ,True,Super,Super,"December 12, 2018",Angele morin,4.0,0,https://www.amazon.ca/gp/profile/amzn1.account.AFIU3J4WNGJEN6GI2KKXRPLMX5HQ/ref=cm_cr_getr_d_gw_btm?ie=UTF8,2020-09-28 19:43:58.081523,2020-09-28 19:43:58.226947,Pervobs Men's Long Sleeve Autumn Pocket Loose Casual Sweatshirt Hoodies Tracksuits,2.7,,Clothing & Accessories,B07GNLPRHG,No,"2,449"
26,AGBELZOYYOCWED277MDOP5R5UR2Q,True,Dry in warm dryer.,Fits as expected. Keeps me warm.,"May 4, 2019",Terry A.,5.0,0,https://www.amazon.ca/gp/profile/amzn1.account.AGBELZOYYOCWED277MDOP5R5UR2Q/ref=cm_cr_getr_d_gw_btm?ie=UTF8,2020-09-28 19:43:58.231827,2020-09-28 19:43:58.375299,Pervobs Men's Long Sleeve Autumn Pocket Loose Casual Sweatshirt Hoodies Tracksuits,2.7,,Clothing & Accessories,B07GNLPRHG,No,"2,449"
27,AFTHLSOSP7C2O6PK7YCBOUEJJM7Q,True,Will not order again,Poor quality and small sizing,"November 27, 2019",Amy,1.0,One,https://www.amazon.ca/gp/profile/amzn1.account.AFTHLSOSP7C2O6PK7YCBOUEJJM7Q/ref=cm_cr_getr_d_gw_btm?ie=UTF8,2020-09-28 19:43:58.380179,2020-09-28 19:43:58.525602,Pervobs Men's Long Sleeve Autumn Pocket Loose Casual Sweatshirt Hoodies Tracksuits,2.7,,Clothing & Accessories,B07GNLPRHG,No,"2,449"
28,AFV6MBOMRVHLP2BHFMKW33CGIKOQ,True,Beaucoup trop petit,Je porte normalement du 2xl et là j'ai commandé du 5xl et c'est trop petit..,"April 20, 2020",Alexis Chiasson,1.0,0,https://www.amazon.ca/gp/profile/amzn1.account.AFV6MBOMRVHLP2BHFMKW33CGIKOQ/ref=cm_cr_getr_d_gw_btm?ie=UTF8,2020-09-28 19:43:58.531459,2020-09-28 19:43:58.679810,Pervobs Men's Long Sleeve Autumn Pocket Loose Casual Sweatshirt Hoodies Tracksuits,2.7,,Clothing & Accessories,B07GNLPRHG,No,"2,449"
29,AGWHLF56FVJCJ2D2FRDD64P6BYJQ,True,Do not order,Very bad material do not order,"July 1, 2020",Amazon Customer,1.0,0,https://www.amazon.ca/gp/profile/amzn1.account.AGWHLF56FVJCJ2D2FRDD64P6BYJQ/ref=cm_cr_getr_d_gw_btm?ie=UTF8,2020-09-28 19:43:58.684690,2020-09-28 19:43:58.838897,Pervobs Men's Long Sleeve Autumn Pocket Loose Casual Sweatshirt Hoodies Tracksuits,2.7,,Clothing & Accessories,B07GNLPRHG,No,"2,449"
30,AEHXC7W57FMM5B7VL26POCGP75YA,True,Material is VERY thin,Material is VERY thin,"December 16, 2018",Amazon Customer,4.0,0,https://www.amazon.ca/gp/profile/amzn1.account.AEHXC7W57FMM5B7VL26POCGP75YA/ref=cm_cr_getr_d_gw_btm?ie=UTF8,2020-09-28 19:44:02.013688,2020-09-28 19:44:02.154233,Pervobs Men's Long Sleeve Autumn Pocket Loose Casual Sweatshirt Hoodies Tracksuits,2.7,,Clothing & Accessories,B07GNLPRHG,No,"2,449"
31,AF5HLTYQPB6KNCLQB2KHCBRXGNAA,True,5xl is 2xl Canadian,The 5XL fit was small for my husband but it fit me .. so i figure it would be 2X Canadian,"March 15, 2019",Nancy Erickson,2.0,0,https://www.amazon.ca/gp/profile/amzn1.account.AF5HLTYQPB6KNCLQB2KHCBRXGNAA/ref=cm_cr_getr_d_gw_btm?ie=UTF8,2020-09-28 19:44:02.158138,2020-09-28 19:44:02.280139,Pervobs Men's Long Sleeve Autumn Pocket Loose Casual Sweatshirt Hoodies Tracksuits,2.7,,Clothing & Accessories,B07GNLPRHG,No,"2,449"
32,AH33BA3RGD3J6OD5LNNZ7LGKHP2Q,True,Clothing was much too small,Sweatshirt fit much smaller than expected.,"January 2, 2019",Fraser Burns,3.0,0,https://www.amazon.ca/gp/profile/amzn1.account.AH33BA3RGD3J6OD5LNNZ7LGKHP2Q/ref=cm_cr_getr_d_gw_btm?ie=UTF8,2020-09-28 19:44:02.285016,2020-09-28 19:44:02.415799,Pervobs Men's Long Sleeve Autumn Pocket Loose Casual Sweatshirt Hoodies Tracksuits,2.7,,Clothing & Accessories,B07GNLPRHG,No,"2,449"
33,AHKROWPRG4HGEUWFUF25M46HMT2A,True,To small 3XL is more like a medium,To small,"October 10, 2019",Smokey light,3.0,0,https://www.amazon.ca/gp/profile/amzn1.account.AHKROWPRG4HGEUWFUF25M46HMT2A/ref=cm_cr_getr_d_gw_btm?ie=UTF8,2020-09-28 19:44:02.419703,2020-09-28 19:44:02.542713,Pervobs Men's Long Sleeve Autumn Pocket Loose Casual Sweatshirt Hoodies Tracksuits,2.7,,Clothing & Accessories,B07GNLPRHG,No,"2,449"
34,AERKGCHCNXWTQ5R263MVLJ5OH63Q,True,Not to impressed to honest,It was much smaller than expected. The photo didn't match with what I received in.,"January 2, 2019",Anonymous man,1.0,One,https://www.amazon.ca/gp/profile/amzn1.account.AERKGCHCNXWTQ5R263MVLJ5OH63Q/ref=cm_cr_getr_d_gw_btm?ie=UTF8,2020-09-28 19:44:02.547592,2020-09-28 19:44:02.672519,Pervobs Men's Long Sleeve Autumn Pocket Loose Casual Sweatshirt Hoodies Tracksuits,2.7,,Clothing & Accessories,B07GNLPRHG,No,"2,449"
35,AEFHU7Y2TFJNIJTDGSPWUVMTSTBA,True,Alright,A bit tighter than expected but overall pretty good,"October 22, 2019",Amazon Customer,4.0,0,https://www.amazon.ca/gp/profile/amzn1.account.AEFHU7Y2TFJNIJTDGSPWUVMTSTBA/ref=cm_cr_getr_d_gw_btm?ie=UTF8,2020-09-28 19:44:02.677400,2020-09-28 19:44:02.819920,Pervobs Men's Long Sleeve Autumn Pocket Loose Casual Sweatshirt Hoodies Tracksuits,2.7,,Clothing & Accessories,B07GNLPRHG,No,"2,449"
36,AFXL6EAWBV4V72RIBVXI5MR6B7VQ,True,Still Wearing,"Good Quality not too warm, great quality","February 19, 2020",Monika,5.0,0,https://www.amazon.ca/gp/profile/amzn1.account.AFXL6EAWBV4V72RIBVXI5MR6B7VQ/ref=cm_cr_getr_d_gw_btm?ie=UTF8,2020-09-28 19:44:02.823824,2020-09-28 19:44:02.937040,Pervobs Men's Long Sleeve Autumn Pocket Loose Casual Sweatshirt Hoodies Tracksuits,2.7,,Clothing & Accessories,B07GNLPRHG,No,"2,449"
37,AFWYOZMG4DA3455Z5RUCVODBDSOA,True,Poor quality,"The product fit as expected, but the quality is quite poor. On the plus side it came early.","April 22, 2020",Reilly Regier,3.0,0,https://www.amazon.ca/gp/profile/amzn1.account.AFWYOZMG4DA3455Z5RUCVODBDSOA/ref=cm_cr_getr_d_gw_btm?ie=UTF8,2020-09-28 19:44:02.940943,2020-09-28 19:44:03.055135,Pervobs Men's Long Sleeve Autumn Pocket Loose Casual Sweatshirt Hoodies Tracksuits,2.7,,Clothing & Accessories,B07GNLPRHG,No,"2,449"
38,AGBTCNJZU76DFWDXHMUXWGWTG7FA,True,"I’m a Large, I ordered an XL, but probably should have ordered XXXL","Took g fb it ever to get here, it’s comfy sweater material, way too small","February 9, 2020",Jeff ,4.0,0,https://www.amazon.ca/gp/profile/amzn1.account.AGBTCNJZU76DFWDXHMUXWGWTG7FA/ref=cm_cr_getr_d_gw_btm?ie=UTF8,2020-09-28 19:44:03.059039,2020-09-28 19:44:03.175182,Pervobs Men's Long Sleeve Autumn Pocket Loose Casual Sweatshirt Hoodies Tracksuits,2.7,,Clothing & Accessories,B07GNLPRHG,No,"2,449"
39,AEKDYAU6IZCSWGCBQLLOHJK3ABAA,True,Order one or two sizes larger.,"Liked the soft material, size was good when ordered 1-2 sizes above regular size.","March 4, 2019",Derek Murphy,4.0,0,https://www.amazon.ca/gp/profile/amzn1.account.AEKDYAU6IZCSWGCBQLLOHJK3ABAA/ref=cm_cr_getr_d_gw_btm?ie=UTF8,2020-09-28 19:44:03.180087,2020-09-28 19:44:03.304990,Pervobs Men's Long Sleeve Autumn Pocket Loose Casual Sweatshirt Hoodies Tracksuits,2.7,,Clothing & Accessories,B07GNLPRHG,No,"2,449"
40,AFG6JCMO2RMI4EEPJFYLFXFUTJAQ,True,Comfortable,My boyfriend absolutely love the sweater. It’s so comfortable and warm,"November 14, 2019",Ariel Bishop,5.0,0,https://www.amazon.ca/gp/profile/amzn1.account.AFG6JCMO2RMI4EEPJFYLFXFUTJAQ/ref=cm_cr_getr_d_gw_btm?ie=UTF8,2020-09-28 19:44:09.449491,2020-09-28 19:44:09.589059,Pervobs Men's Long Sleeve Autumn Pocket Loose Casual Sweatshirt Hoodies Tracksuits,2.7,,Clothing & Accessories,B07GNLPRHG,No,"2,449"
41,AG5IEBVMYMGN4NOU2RREXHANFQIA,True,6 out of 10,6 out of 10,"May 27, 2019",shahid,3.0,0,https://www.amazon.ca/gp/profile/amzn1.account.AG5IEBVMYMGN4NOU2RREXHANFQIA/ref=cm_cr_getr_d_gw_btm?ie=UTF8,2020-09-28 19:44:09.592962,2020-09-28 19:44:09.731554,Pervobs Men's Long Sleeve Autumn Pocket Loose Casual Sweatshirt Hoodies Tracksuits,2.7,,Clothing & Accessories,B07GNLPRHG,No,"2,449"
42,AGSJPT43BSWPCPZTXUQQCQMXDARA,True,Great fit,They look and fit great,"December 23, 2019",William Penner,5.0,0,https://www.amazon.ca/gp/profile/amzn1.account.AGSJPT43BSWPCPZTXUQQCQMXDARA/ref=cm_cr_getr_d_gw_btm?ie=UTF8,2020-09-28 19:44:09.736434,2020-09-28 19:44:09.859410,Pervobs Men's Long Sleeve Autumn Pocket Loose Casual Sweatshirt Hoodies Tracksuits,2.7,,Clothing & Accessories,B07GNLPRHG,No,"2,449"
43,AFCKBLVPLR3OKTLVFZVY3UUK2U6A,True,Vaut la peine!,Parfait,"January 31, 2020",Client d'Amazon,5.0,0,https://www.amazon.ca/gp/profile/amzn1.account.AFCKBLVPLR3OKTLVFZVY3UUK2U6A/ref=cm_cr_getr_d_gw_btm?ie=UTF8,2020-09-28 19:44:09.863313,2020-09-28 19:44:09.987265,Pervobs Men's Long Sleeve Autumn Pocket Loose Casual Sweatshirt Hoodies Tracksuits,2.7,,Clothing & Accessories,B07GNLPRHG,No,"2,449"
44,AEVKMBPEWZZTP2MON7CRLXTV6LMQ,True,don't buy this,"cheap fabric, horribly made. Large doesn't fit and I can fit medium for most hoodies","June 7, 2020",Warren ,1.0,0,https://www.amazon.ca/gp/profile/amzn1.account.AEVKMBPEWZZTP2MON7CRLXTV6LMQ/ref=cm_cr_getr_d_gw_btm?ie=UTF8,2020-09-28 19:44:09.992146,2020-09-28 19:44:10.126838,Pervobs Men's Long Sleeve Autumn Pocket Loose Casual Sweatshirt Hoodies Tracksuits,2.7,,Clothing & Accessories,B07GNLPRHG,No,"2,449"
45,AHEQC2WTTAFVE2AJXPMX2UFHVRDA,True,Cheap but good,Cheaply made however very good for your money. Fits really nicely aswell,"February 7, 2020",Daniel,5.0,0,https://www.amazon.ca/gp/profile/amzn1.account.AHEQC2WTTAFVE2AJXPMX2UFHVRDA/ref=cm_cr_getr_d_gw_btm?ie=UTF8,2020-09-28 19:44:10.131713,2020-09-28 19:44:10.256642,Pervobs Men's Long Sleeve Autumn Pocket Loose Casual Sweatshirt Hoodies Tracksuits,2.7,,Clothing & Accessories,B07GNLPRHG,No,"2,449"
46,AGVIGF4PP62I5BQS43JSPYVHYC6A,True,Cheap,Apres 2 lavage les couture se deffait plein de petite mousse apres,"February 28, 2019",Patrick ,1.0,0,https://www.amazon.ca/gp/profile/amzn1.account.AGVIGF4PP62I5BQS43JSPYVHYC6A/ref=cm_cr_getr_d_gw_btm?ie=UTF8,2020-09-28 19:44:10.260544,2020-09-28 19:44:10.386473,Pervobs Men's Long Sleeve Autumn Pocket Loose Casual Sweatshirt Hoodies Tracksuits,2.7,,Clothing & Accessories,B07GNLPRHG,No,"2,449"
47,AHNAVMHUJVXW4IOVPVFZ24JUCKJA,True,Very soft,It was good for exercising in but beyond that it's quite thin,"December 18, 2018",Dorian Sibbelee,4.0,0,https://www.amazon.ca/gp/profile/amzn1.account.AHNAVMHUJVXW4IOVPVFZ24JUCKJA/ref=cm_cr_getr_d_gw_btm?ie=UTF8,2020-09-28 19:44:10.390353,2020-09-28 19:44:10.521137,Pervobs Men's Long Sleeve Autumn Pocket Loose Casual Sweatshirt Hoodies Tracksuits,2.7,,Clothing & Accessories,B07GNLPRHG,No,"2,449"
48,AFX5IT4AZFSW4DOHISDULMN6R5RQ,True,Double the size when you order,Too small..fabric thinner than I ex,"January 14, 2019",chris,2.0,0,https://www.amazon.ca/gp/profile/amzn1.account.AFX5IT4AZFSW4DOHISDULMN6R5RQ/ref=cm_cr_getr_d_gw_btm?ie=UTF8,2020-09-28 19:44:10.525041,2020-09-28 19:44:10.649970,Pervobs Men's Long Sleeve Autumn Pocket Loose Casual Sweatshirt Hoodies Tracksuits,2.7,,Clothing & Accessories,B07GNLPRHG,No,"2,449"
49,AE3VHFJPQWVEYNZ7E4CILS2AODOQ,True,Garbage,Wasn’t the best quality. Comfy but won’t last very long,"August 28, 2020",Matt brown,2.0,0,https://www.amazon.ca/gp/profile/amzn1.account.AE3VHFJPQWVEYNZ7E4CILS2AODOQ/ref=cm_cr_getr_d_gw_btm?ie=UTF8,2020-09-28 19:44:10.654848,2020-09-28 19:44:10.790511,Pervobs Men's Long Sleeve Autumn Pocket Loose Casual Sweatshirt Hoodies Tracksuits,2.7,,Clothing & Accessories,B07GNLPRHG,No,"2,449"
50,AG5HH3PHETR42PSQ576XL7U77G4Q,True,Trop cut,Il est nul achetez pas ça!ça en vaut pas la peine,"December 12, 2019",Charles tremblay,1.0,0,https://www.amazon.ca/gp/profile/amzn1.account.AG5HH3PHETR42PSQ576XL7U77G4Q/ref=cm_cr_getr_d_gw_btm?ie=UTF8,2020-09-28 19:44:14.951171,2020-09-28 19:44:15.141542,Pervobs Men's Long Sleeve Autumn Pocket Loose Casual Sweatshirt Hoodies Tracksuits,2.7,,Clothing & Accessories,B07GNLPRHG,No,"2,449"
51,AGTM4QBAY6YGYY4VJ2K4BI6N5ELQ,True,Did not like it,Too small not what I thought material was way too thin,"July 14, 2020",Carleigh,1.0,0,https://www.amazon.ca/gp/profile/amzn1.account.AGTM4QBAY6YGYY4VJ2K4BI6N5ELQ/ref=cm_cr_getr_d_gw_btm?ie=UTF8,2020-09-28 19:44:15.151304,2020-09-28 19:44:15.273338,Pervobs Men's Long Sleeve Autumn Pocket Loose Casual Sweatshirt Hoodies Tracksuits,2.7,,Clothing & Accessories,B07GNLPRHG,No,"2,449"
52,AHAGHY4A3GIL3NUS2CHUV2M74VLQ,True,Simple sizes,"Way to small
Didn’t get a full refund","March 8, 2020",Adam,1.0,0,https://www.amazon.ca/gp/profile/amzn1.account.AHAGHY4A3GIL3NUS2CHUV2M74VLQ/ref=cm_cr_getr_d_gw_btm?ie=UTF8,2020-09-28 19:44:15.278218,2020-09-28 19:44:15.398266,Pervobs Men's Long Sleeve Autumn Pocket Loose Casual Sweatshirt Hoodies Tracksuits,2.7,,Clothing & Accessories,B07GNLPRHG,No,"2,449"
53,AEGQBE35RH6HW2TJUBZKQNECCHCQ,True,Too small,Too small for me,"June 20, 2019",Michel Lafontaine,1.0,0,https://www.amazon.ca/gp/profile/amzn1.account.AEGQBE35RH6HW2TJUBZKQNECCHCQ/ref=cm_cr_getr_d_gw_btm?ie=UTF8,2020-09-28 19:44:15.402170,2020-09-28 19:44:15.533003,Pervobs Men's Long Sleeve Autumn Pocket Loose Casual Sweatshirt Hoodies Tracksuits,2.7,,Clothing & Accessories,B07GNLPRHG,No,"2,449"
54,AHWUUSKKF3FMX5XLLLUZMF3GQTYA,True,Meh,Thin material. Loose threads all over,"March 28, 2019",Tyler Weekes,1.0,0,https://www.amazon.ca/gp/profile/amzn1.account.AHWUUSKKF3FMX5XLLLUZMF3GQTYA/ref=cm_cr_getr_d_gw_btm?ie=UTF8,2020-09-28 19:44:15.537882,2020-09-28 19:44:15.660924,Pervobs Men's Long Sleeve Autumn Pocket Loose Casual Sweatshirt Hoodies Tracksuits,2.7,,Clothing & Accessories,B07GNLPRHG,No,"2,449"
55,AF232IEBR3YZKQ3C32DSMR2YTOQA,True,Don't buy save ur money,Crap mAterial,"May 17, 2019",David Ferreira,2.0,0,https://www.amazon.ca/gp/profile/amzn1.account.AF232IEBR3YZKQ3C32DSMR2YTOQA/ref=cm_cr_getr_d_gw_btm?ie=UTF8,2020-09-28 19:44:15.664805,2020-09-28 19:44:15.795591,Pervobs Men's Long Sleeve Autumn Pocket Loose Casual Sweatshirt Hoodies Tracksuits,2.7,,Clothing & Accessories,B07GNLPRHG,No,"2,449"
56,AFAG62ZRFLNUPHEAKCBCF5ANOLVA,True,Made way too cheap,Garbage materials,"June 7, 2020",nick benson,1.0,0,https://www.amazon.ca/gp/profile/amzn1.account.AFAG62ZRFLNUPHEAKCBCF5ANOLVA/ref=cm_cr_getr_d_gw_btm?ie=UTF8,2020-09-28 19:44:15.799493,2020-09-28 19:44:15.934210,Pervobs Men's Long Sleeve Autumn Pocket Loose Casual Sweatshirt Hoodies Tracksuits,2.7,,Clothing & Accessories,B07GNLPRHG,No,"2,449"
57,AGXTHTUNBNL32RJBAFEWUABAPRVA,True,Don’t buy,The sweater fell apart when I put it on.,"June 25, 2020",Rodger,1.0,0,https://www.amazon.ca/gp/profile/amzn1.account.AGXTHTUNBNL32RJBAFEWUABAPRVA/ref=cm_cr_getr_d_gw_btm?ie=UTF8,2020-09-28 19:44:15.939061,2020-09-28 19:44:16.063012,Pervobs Men's Long Sleeve Autumn Pocket Loose Casual Sweatshirt Hoodies Tracksuits,2.7,,Clothing & Accessories,B07GNLPRHG,No,"2,449"
58,AFWGN6IMABRJFBSUV7CO7T3DMXBQ,True,Disappointed,I dont like the quality,"April 12, 2020",Einna,1.0,0,https://www.amazon.ca/gp/profile/amzn1.account.AFWGN6IMABRJFBSUV7CO7T3DMXBQ/ref=cm_cr_getr_d_gw_btm?ie=UTF8,2020-09-28 19:44:16.066917,2020-09-28 19:44:16.192821,Pervobs Men's Long Sleeve Autumn Pocket Loose Casual Sweatshirt Hoodies Tracksuits,2.7,,Clothing & Accessories,B07GNLPRHG,No,"2,449"
59,AEG75JE774RNIGPEZZQH47X66QCQ,True,Bon,Produit correct,"June 9, 2020",stirmey,5.0,0,https://www.amazon.ca/gp/profile/amzn1.account.AEG75JE774RNIGPEZZQH47X66QCQ/ref=cm_cr_getr_d_gw_btm?ie=UTF8,2020-09-28 19:44:16.197700,2020-09-28 19:44:16.325642,Pervobs Men's Long Sleeve Autumn Pocket Loose Casual Sweatshirt Hoodies Tracksuits,2.7,,Clothing & Accessories,B07GNLPRHG,No,"2,449"
60,AETWLHQX7ZAOCC2TAJMHC6D5WIAA,True,Small,Small,"March 9, 2019",Carolina Bellini,2.0,0,https://www.amazon.ca/gp/profile/amzn1.account.AETWLHQX7ZAOCC2TAJMHC6D5WIAA/ref=cm_cr_getr_d_gw_btm?ie=UTF8,2020-09-28 19:44:18.514804,2020-09-28 19:44:18.755876,Pervobs Men's Long Sleeve Autumn Pocket Loose Casual Sweatshirt Hoodies Tracksuits,2.7,,Clothing & Accessories,B07GNLPRHG,No,"2,449"
61,AFBGKMREOT2RKUUHFNVPB6WGGHLA,True,Dont buy,Cheap product and was way too small,"July 11, 2020",Joshua James Dominic,1.0,0,https://www.amazon.ca/gp/profile/amzn1.account.AFBGKMREOT2RKUUHFNVPB6WGGHLA/ref=cm_cr_getr_d_gw_btm?ie=UTF8,2020-09-28 19:44:18.762708,2020-09-28 19:44:18.935463,Pervobs Men's Long Sleeve Autumn Pocket Loose Casual Sweatshirt Hoodies Tracksuits,2.7,,Clothing & Accessories,B07GNLPRHG,No,"2,449"
62,AFKSWK4UR6I3TVTCZLQKC6AM653A,True,To small,To small,"December 10, 2019",Ashleigh plaine,1.0,0,https://www.amazon.ca/gp/profile/amzn1.account.AFKSWK4UR6I3TVTCZLQKC6AM653A/ref=cm_cr_getr_d_gw_btm?ie=UTF8,2020-09-28 19:44:18.941316,2020-09-28 19:44:19.107235,Pervobs Men's Long Sleeve Autumn Pocket Loose Casual Sweatshirt Hoodies Tracksuits,2.7,,Clothing & Accessories,B07GNLPRHG,No,"2,449"
63,AFOMZX7LWCEJYP2KNOPX2SGWWOLQ,True,Good,Good,"December 9, 2019",Mish,5.0,0,https://www.amazon.ca/gp/profile/amzn1.account.AFOMZX7LWCEJYP2KNOPX2SGWWOLQ/ref=cm_cr_getr_d_gw_btm?ie=UTF8,2020-09-28 19:44:19.113091,2020-09-28 19:44:19.279986,Pervobs Men's Long Sleeve Autumn Pocket Loose Casual Sweatshirt Hoodies Tracksuits,2.7,,Clothing & Accessories,B07GNLPRHG,No,"2,449"
64,AFRVDUMOHG5D6X37ANXMZZ6VZ2RQ,True,Very poor quality,"Absolutely terrible quality, do not order!","December 18, 2019",Donna Simms,1.0,0,https://www.amazon.ca/gp/profile/amzn1.account.AFRVDUMOHG5D6X37ANXMZZ6VZ2RQ/ref=cm_cr_getr_d_gw_btm?ie=UTF8,2020-09-28 19:44:19.285843,2020-09-28 19:44:19.443954,Pervobs Men's Long Sleeve Autumn Pocket Loose Casual Sweatshirt Hoodies Tracksuits,2.7,,Clothing & Accessories,B07GNLPRHG,No,"2,449"
65,AHP5V62V4XWFCTS7K62JQ75J73IQ,True,Looks great,Tight fit,"January 2, 2019",S.J.,5.0,0,https://www.amazon.ca/gp/profile/amzn1.account.AHP5V62V4XWFCTS7K62JQ75J73IQ/ref=cm_cr_getr_d_gw_btm?ie=UTF8,2020-09-28 19:44:19.449811,2020-09-28 19:44:19.611826,Pervobs Men's Long Sleeve Autumn Pocket Loose Casual Sweatshirt Hoodies Tracksuits,2.7,,Clothing & Accessories,B07GNLPRHG,No,"2,449"
66,AFWG4XWYS2WGYZIIDLYMSQEYVYBQ,False,Terrible product,"How are manufacturers like this still in business? I read it ran small, so I bought a size up from what I usually buy. It still fit like a small, and the material is shoddy as well. Terrible product.","September 17, 2019",DanielK,1.0,0,https://www.amazon.ca/gp/profile/amzn1.account.AFWG4XWYS2WGYZIIDLYMSQEYVYBQ/ref=cm_cr_getr_d_gw_btm?ie=UTF8,2020-09-28 19:44:19.617682,2020-09-28 19:44:19.770913,Pervobs Men's Long Sleeve Autumn Pocket Loose Casual Sweatshirt Hoodies Tracksuits,2.7,,Clothing & Accessories,B07GNLPRHG,No,"2,449"
67,AGARCYZJAERYEMHHKZDKDJW3H3SQ,False,That’s it don’t shrink after washing.,Very comfortable. Could have been a little longer for taller people.,"December 15, 2018",Barry ,4.0,0,https://www.amazon.ca/gp/profile/amzn1.account.AGARCYZJAERYEMHHKZDKDJW3H3SQ/ref=cm_cr_getr_d_gw_btm?ie=UTF8,2020-09-28 19:44:19.775793,2020-09-28 19:44:19.891938,Pervobs Men's Long Sleeve Autumn Pocket Loose Casual Sweatshirt Hoodies Tracksuits,2.7,,Clothing & Accessories,B07GNLPRHG,No,"2,449"
68,AE4SGABRUWVVZ53BIZQXLB3ZMFFQ,False,Not buying again,"The material is cheap, not as expected. Ordered it in October, didn’t get it until December. Will not buy from this company again","November 28, 2018",Amazon Customer,1.0,0,https://www.amazon.ca/gp/profile/amzn1.account.AE4SGABRUWVVZ53BIZQXLB3ZMFFQ/ref=cm_cr_getr_d_gw_btm?ie=UTF8,2020-09-28 19:44:19.895841,2020-09-28 19:44:20.016864,Pervobs Men's Long Sleeve Autumn Pocket Loose Casual Sweatshirt Hoodies Tracksuits,2.7,,Clothing & Accessories,B07GNLPRHG,No,"2,449"
69,AHO6OCYKPBUP3XTGBQHXO2K7BSAQ,False,Couleur: vert olive /taille M,It is perfect!,"October 23, 2018",Yasmine sidki,4.0,One,https://www.amazon.ca/gp/profile/amzn1.account.AHO6OCYKPBUP3XTGBQHXO2K7BSAQ/ref=cm_cr_getr_d_gw_btm?ie=UTF8,2020-09-28 19:44:20.021744,2020-09-28 19:44:20.159360,Pervobs Men's Long Sleeve Autumn Pocket Loose Casual Sweatshirt Hoodies Tracksuits,2.7,,Clothing & Accessories,B07GNLPRHG,No,"2,449"
70,AFSOVYLD73V3JJ3O4DLMK2XBMPKQ,False,Fits great,Great fit good quality for the price,"October 31, 2018",Will,4.0,0,https://www.amazon.ca/gp/profile/amzn1.account.AFSOVYLD73V3JJ3O4DLMK2XBMPKQ/ref=cm_cr_getr_d_gw_btm?ie=UTF8,2020-09-28 19:44:22.289259,2020-09-28 19:44:22.415163,Pervobs Men's Long Sleeve Autumn Pocket Loose Casual Sweatshirt Hoodies Tracksuits,2.7,,Clothing & Accessories,B07GNLPRHG,No,"2,449"
71,AHBCRFZAPE4QSJMXJ2RBGHNCIPCA,False,Comfy,10/10 would buy again. In fact just ordered another in black.,"December 8, 2018",jeff doherty,5.0,0,https://www.amazon.ca/gp/profile/amzn1.account.AHBCRFZAPE4QSJMXJ2RBGHNCIPCA/ref=cm_cr_getr_d_gw_btm?ie=UTF8,2020-09-28 19:44:22.419067,2020-09-28 19:44:22.539114,Pervobs Men's Long Sleeve Autumn Pocket Loose Casual Sweatshirt Hoodies Tracksuits,2.7,,Clothing & Accessories,B07GNLPRHG,No,"2,449"
72,AEGXA2I4CZ3D2CRTR7YH3VU3G3ZQ,False,Grosse marde,Trop petit et plein de trous je me suis fait avoir,"January 16, 2019",michgilb,1.0,0,https://www.amazon.ca/gp/profile/amzn1.account.AEGXA2I4CZ3D2CRTR7YH3VU3G3ZQ/ref=cm_cr_getr_d_gw_btm?ie=UTF8,2020-09-28 19:44:22.543994,2020-09-28 19:44:22.654281,Pervobs Men's Long Sleeve Autumn Pocket Loose Casual Sweatshirt Hoodies Tracksuits,2.7,,Clothing & Accessories,B07GNLPRHG,No,"2,449"
73,AF5ZXZPPZJKX3OD33NGZBUTO7DJA,False,Merci,Great,"December 11, 2018",Merom T.,5.0,0,https://www.amazon.ca/gp/profile/amzn1.account.AF5ZXZPPZJKX3OD33NGZBUTO7DJA/ref=cm_cr_getr_d_gw_btm?ie=UTF8,2020-09-28 19:44:22.659190,2020-09-28 19:44:22.788970,Pervobs Men's Long Sleeve Autumn Pocket Loose Casual Sweatshirt Hoodies Tracksuits,2.7,,Clothing & Accessories,B07GNLPRHG,No,"2,449"
