,author_id,verified_purchase,review_title,reviews,date,reviewer_name,ratings,people_find_helpful,reviewer_profile_url,start_time,end_time,product_name,average_rating,total_reviews,product_category,product_id,brand_name,rank
0,AH6RCAYMU5C57YU77CLSGXUSL3UA,True,Très beau produit,"J'ai commandé plusieurs chandails Under Armour et ils sont super beau, tissus, grandeur , tout est parfait je le recommande fortement","June 21, 2020",Nathalie  Laporte,5.0,One,https://www.amazon.ca/gp/profile/amzn1.account.AH6RCAYMU5C57YU77CLSGXUSL3UA/ref=cm_cr_arp_d_gw_btm?ie=UTF8,2020-09-28 20:00:48.030006,2020-09-28 20:00:48.192021,Champion Mens Classic Graphic Tee T-Shirt,4.5,,Clothing & Accessories,B07SCQCJJX,Champion,911
1,AHSUT3UDYRQFS772TNQSM2H4UFCQ,True,Great Shirt but a little on the Tight Side,The t-shirt is really nice! Love the colour! The XS fits but it is a bit tight so unless your a really petite frame you should be weary! I am petite and usually a size XS but I have an athletic build with broad shoulders so a bit tight for the upper part...but overall good! :),"July 27, 2020",Karyn,5.0,0,https://www.amazon.ca/gp/profile/amzn1.account.AHSUT3UDYRQFS772TNQSM2H4UFCQ/ref=cm_cr_arp_d_gw_btm?ie=UTF8,2020-09-28 20:00:48.198854,2020-09-28 20:00:48.372581,Champion Mens Classic Graphic Tee T-Shirt,4.5,,Clothing & Accessories,B07SCQCJJX,Champion,911
2,AGZ2QEONRXXM3KKQGN7TBK772YFQ,True,Great quality 👍,Great tee,"June 13, 2020",Paris Gianno,5.0,One,https://www.amazon.ca/gp/profile/amzn1.account.AGZ2QEONRXXM3KKQGN7TBK772YFQ/ref=cm_cr_arp_d_gw_btm?ie=UTF8,2020-09-28 20:00:48.377462,2020-09-28 20:00:48.540453,Champion Mens Classic Graphic Tee T-Shirt,4.5,,Clothing & Accessories,B07SCQCJJX,Champion,911
3,AGWIT2FXZT4HLV4YKRI6DWCO46RA,True,Fits perfect,The shirt fits him just right and the material is great. Ordering more right now,"August 22, 2020",julie,5.0,0,https://www.amazon.ca/gp/profile/amzn1.account.AGWIT2FXZT4HLV4YKRI6DWCO46RA/ref=cm_cr_arp_d_gw_btm?ie=UTF8,2020-09-28 20:00:48.546309,2020-09-28 20:00:48.711252,Champion Mens Classic Graphic Tee T-Shirt,4.5,,Clothing & Accessories,B07SCQCJJX,Champion,911
4,AHDSMLPOFXBAS75ITBALUW3FYASQ,True,Comfortable,Really comfortable.,"June 17, 2020",HSB,5.0,One,https://www.amazon.ca/gp/profile/amzn1.account.AHDSMLPOFXBAS75ITBALUW3FYASQ/ref=cm_cr_arp_d_gw_btm?ie=UTF8,2020-09-28 20:00:48.716133,2020-09-28 20:00:48.879124,Champion Mens Classic Graphic Tee T-Shirt,4.5,,Clothing & Accessories,B07SCQCJJX,Champion,911
5,AELLPNBIGRYTNOR5QIO542FF5LOA,True,Good quality.,"Like most champion pieces, this one is well made and of good quality.","September 25, 2020",Kenzie Connolly,5.0,0,https://www.amazon.ca/gp/profile/amzn1.account.AELLPNBIGRYTNOR5QIO542FF5LOA/ref=cm_cr_arp_d_gw_btm?ie=UTF8,2020-09-28 20:00:48.884979,2020-09-28 20:00:49.015764,Champion Mens Classic Graphic Tee T-Shirt,4.5,,Clothing & Accessories,B07SCQCJJX,Champion,911
6,AFMLYHUDPIFBAIM3OCHNQ4LTDOLA,True,Chandail Champion,très beau produit,"May 2, 2020",DoBou,5.0,One,https://www.amazon.ca/gp/profile/amzn1.account.AFMLYHUDPIFBAIM3OCHNQ4LTDOLA/ref=cm_cr_arp_d_gw_btm?ie=UTF8,2020-09-28 20:00:49.020644,2020-09-28 20:00:49.149475,Champion Mens Classic Graphic Tee T-Shirt,4.5,,Clothing & Accessories,B07SCQCJJX,Champion,911
7,AHFXFEAN4ABJ5YCV7MTFIBOSELIQ,True,best t shirt,love this t shirt,"August 25, 2020",felicia oaks,5.0,0,https://www.amazon.ca/gp/profile/amzn1.account.AHFXFEAN4ABJ5YCV7MTFIBOSELIQ/ref=cm_cr_arp_d_gw_btm?ie=UTF8,2020-09-28 20:00:49.153381,2020-09-28 20:00:49.305635,Champion Mens Classic Graphic Tee T-Shirt,4.5,,Clothing & Accessories,B07SCQCJJX,Champion,911
