,author_id,verified_purchase,review_title,reviews,date,reviewer_name,ratings,people_find_helpful,reviewer_profile_url,start_time,end_time,product_name,average_rating,total_reviews,product_category,product_id,brand_name,rank
0,AG3IHMHVW7JOCY5B47YDSDDQABFA,True,Faded after one wash,"Great fit, hubby likes it. Material is thick but it does breathe. Good for men who sweat quite a bit I think. Not as soft as I had expected. After one wash with good mild detergent in cold water it has faded quite a bit already. Perhaps wash in Woolite? But I shouldn't have to. Most visible around collar. Will unlikely purchase black again, choose a lighter color if you can.","July 23, 2019",MommyShops,3.0,3,https://www.amazon.ca/gp/profile/amzn1.account.AG3IHMHVW7JOCY5B47YDSDDQABFA/ref=cm_cr_arp_d_gw_btm?ie=UTF8,2020-09-28 20:02:12.019989,2020-09-28 20:02:12.175173,"Gildan Mens DryBlend Adult T-Shirt, 2-Pack Shirt",4.4,,Clothing & Accessories,B07YGV85YW,Gildan,"1,388"
1,AGQNV5IYXAOOH7A6EHKP35A4CYVQ,True,Collar smaller than normal!,"The collar on this shirt is noticeably smaller than standard.
Im a reasonably normal size, semi athletic guy and wear a standard medium or slim fit in every shirt - including this one. But the neck was tight - which made it uncomfortable to wear, especially outside when it's hot . The tight collar made it much hotter than it should be.

Id recommend another shirt.","June 20, 2020",Princess Aurora,1.0,One,https://www.amazon.ca/gp/profile/amzn1.account.AGQNV5IYXAOOH7A6EHKP35A4CYVQ/ref=cm_cr_arp_d_gw_btm?ie=UTF8,2020-09-28 20:02:12.180053,2020-09-28 20:02:12.340116,"Gildan Mens DryBlend Adult T-Shirt, 2-Pack Shirt",4.4,,Clothing & Accessories,B07YGV85YW,Gildan,"1,388"
2,AGSDSIYJQDI667XA5JFS3QAJY26A,True,go for a size up for a better fit. Overall,"A well made 2 pack of t-shirts. Keeps me cooler when the temperature gets hot outside (or inside). Sweat does bleed out but excessive sweating will just drench the t-shirt turning it into a wet towel! If you're in between sizes, go for a size up for a better fit. Overall, a decently priced, well fitted & a well stitched pair of t-shirts that will keep one reasonable cool when the temperature rises.","August 18, 2018",Lito A.,4.0,One,https://www.amazon.ca/gp/profile/amzn1.account.AGSDSIYJQDI667XA5JFS3QAJY26A/ref=cm_cr_arp_d_gw_btm?ie=UTF8,2020-09-28 20:02:12.344996,2020-09-28 20:02:12.501156,"Gildan Mens DryBlend Adult T-Shirt, 2-Pack Shirt",4.4,,Clothing & Accessories,B07YGV85YW,Gildan,"1,388"
3,AHAT24FNLDKUXCH6YLHV73QUMSCQ,True,Good,This shirt is comfortable but the neck area is a lot smaller than normal which Is the only uncomfortable part. I would say it runs small and you need to go up a size. I haven't washed it yet but it's cotton so it'll shrink. Maybe even 2 sizes if you might not remember washing instructions.,"August 8, 2020",Abl89,4.0,0,https://www.amazon.ca/gp/profile/amzn1.account.AHAT24FNLDKUXCH6YLHV73QUMSCQ/ref=cm_cr_arp_d_gw_btm?ie=UTF8,2020-09-28 20:02:12.506036,2020-09-28 20:02:12.648532,"Gildan Mens DryBlend Adult T-Shirt, 2-Pack Shirt",4.4,,Clothing & Accessories,B07YGV85YW,Gildan,"1,388"
4,AH3WXUBEEPK7TQUHOZFHIX4YDDQA,True,Super respirant et sèche rapidement,"je travaille a l'extérieur et dans toute les conditions météorologique. ces t-shirt sont respirant . il sèche rapidement . sont aussi tr`s résistant a l,usure. je n'utilise que ceux -ci depuis au moins 15 ans pour mon travail.","June 27, 2020",Frédérique Simard,5.0,0,https://www.amazon.ca/gp/profile/amzn1.account.AH3WXUBEEPK7TQUHOZFHIX4YDDQA/ref=cm_cr_arp_d_gw_btm?ie=UTF8,2020-09-28 20:02:12.652436,2020-09-28 20:02:12.806643,"Gildan Mens DryBlend Adult T-Shirt, 2-Pack Shirt",4.4,,Clothing & Accessories,B07YGV85YW,Gildan,"1,388"
5,AE2BI5ZOHIJBWWXOCECWBWE23OGA,True,Usually a fan but these are hot shirts.,"I am a big fan of Gildan shirts. Even bought their underwear. The quality is there but for keeping you cool in hot weather, these will not work. But you'll still have a nice tshirt. Just wear in cooler weather.","July 10, 2020",gene,2.0,0,https://www.amazon.ca/gp/profile/amzn1.account.AE2BI5ZOHIJBWWXOCECWBWE23OGA/ref=cm_cr_arp_d_gw_btm?ie=UTF8,2020-09-28 20:02:12.811523,2020-09-28 20:02:12.953043,"Gildan Mens DryBlend Adult T-Shirt, 2-Pack Shirt",4.4,,Clothing & Accessories,B07YGV85YW,Gildan,"1,388"
6,AHYO26JVHYE3E3XIL6QXDQB6GTBA,True,Good shirts,Good fit and keeps you dryer/cooler than a normal t-shirt. Not sure about how long they can last as I order new blank shirts all the time but these are great. Gildan makes good value shirts.,"June 11, 2020",Gavin,5.0,0,https://www.amazon.ca/gp/profile/amzn1.account.AHYO26JVHYE3E3XIL6QXDQB6GTBA/ref=cm_cr_arp_d_gw_btm?ie=UTF8,2020-09-28 20:02:12.956948,2020-09-28 20:02:13.128723,"Gildan Mens DryBlend Adult T-Shirt, 2-Pack Shirt",4.4,,Clothing & Accessories,B07YGV85YW,Gildan,"1,388"
7,AFHSK55I4ZU7MLI2ZN7K2HXR5SPA,True,Longer than the standard Canadian L/G size,"The t-shirt isn't as glossy as the picture shown. Material wise, it feels a lot like cotton. From the glossy picture I thought it would feel more like jersey material. Additionally, the dark heather design isn't as prominent as the one shown from the picture. Under normal lighting, it looks a lot like a solid dark grey colour.","August 3, 2019",Guowei Ni,3.0,0,https://www.amazon.ca/gp/profile/amzn1.account.AFHSK55I4ZU7MLI2ZN7K2HXR5SPA/ref=cm_cr_arp_d_gw_btm?ie=UTF8,2020-09-28 20:02:13.134578,2020-09-28 20:02:13.332707,"Gildan Mens DryBlend Adult T-Shirt, 2-Pack Shirt",4.4,,Clothing & Accessories,B07YGV85YW,Gildan,"1,388"
8,AECOBDSPSWXHTA7YCDOQOFFFZWWQ,True,Great Value,I bought these for my husband as casual wear for work around the house etc and he loves them. They are comfortable and the fabric is light. Great value for the price.,"July 9, 2020",Melissa Poirier,5.0,0,https://www.amazon.ca/gp/profile/amzn1.account.AECOBDSPSWXHTA7YCDOQOFFFZWWQ/ref=cm_cr_arp_d_gw_btm?ie=UTF8,2020-09-28 20:02:13.337586,2020-09-28 20:02:13.486914,"Gildan Mens DryBlend Adult T-Shirt, 2-Pack Shirt",4.4,,Clothing & Accessories,B07YGV85YW,Gildan,"1,388"
9,AHMFLT74OS6XX5PHDGAWSCTSBKBQ,True,Good for the price,"Fit is good collar is a little too snug for my taste though, fabric is also somewhat ""rough"".","January 27, 2020",PapiLePeach,4.0,0,https://www.amazon.ca/gp/profile/amzn1.account.AHMFLT74OS6XX5PHDGAWSCTSBKBQ/ref=cm_cr_arp_d_gw_btm?ie=UTF8,2020-09-28 20:02:13.490819,2020-09-28 20:02:13.629409,"Gildan Mens DryBlend Adult T-Shirt, 2-Pack Shirt",4.4,,Clothing & Accessories,B07YGV85YW,Gildan,"1,388"
10,AGGCCTRR2ZS64LR2FB3XMO5KUDCQ,True,Bonne qualité,"Un t-shirt de bonne qualité, comfortable. La couleur est exactement comme la photo.","September 10, 2020",Jim Belaye,4.0,0,https://www.amazon.ca/gp/profile/amzn1.account.AGGCCTRR2ZS64LR2FB3XMO5KUDCQ/ref=cm_cr_getr_d_gw_btm?ie=UTF8,2020-09-28 20:02:18.776002,2020-09-28 20:02:18.903857,"Gildan Mens DryBlend Adult T-Shirt, 2-Pack Shirt",4.4,,Clothing & Accessories,B07YGV85YW,Gildan,"1,388"
11,AH6DKHSBFQXYWR4ZXQY4XWF2HULA,True,not good stuff,it's made of the kind of material that helps you feel gross on a hot day and clammy and gross on a cold day.... sucks,"November 22, 2019",AndyCanada,1.0,0,https://www.amazon.ca/gp/profile/amzn1.account.AH6DKHSBFQXYWR4ZXQY4XWF2HULA/ref=cm_cr_getr_d_gw_btm?ie=UTF8,2020-09-28 20:02:18.907762,2020-09-28 20:02:19.032688,"Gildan Mens DryBlend Adult T-Shirt, 2-Pack Shirt",4.4,,Clothing & Accessories,B07YGV85YW,Gildan,"1,388"
12,AHMV3HFMJ4B2RETA7OS4ELUGMAPQ,True,Impeccable,Merveilleux pour ceux qui travaillent sur la construction,"June 11, 2019",tristan,5.0,0,https://www.amazon.ca/gp/profile/amzn1.account.AHMV3HFMJ4B2RETA7OS4ELUGMAPQ/ref=cm_cr_getr_d_gw_btm?ie=UTF8,2020-09-28 20:02:19.036594,2020-09-28 20:02:19.164448,"Gildan Mens DryBlend Adult T-Shirt, 2-Pack Shirt",4.4,,Clothing & Accessories,B07YGV85YW,Gildan,"1,388"
13,AHFRIMZVABREQRAAFKKY34PT7BMQ,True,Comfortable and Well Made,"Great shirt, bright colour, comfortable.","August 24, 2020",Pen Name,5.0,0,https://www.amazon.ca/gp/profile/amzn1.account.AHFRIMZVABREQRAAFKKY34PT7BMQ/ref=cm_cr_getr_d_gw_btm?ie=UTF8,2020-09-28 20:02:19.168353,2020-09-28 20:02:19.296208,"Gildan Mens DryBlend Adult T-Shirt, 2-Pack Shirt",4.4,,Clothing & Accessories,B07YGV85YW,Gildan,"1,388"
14,AHTUKT2RSFIIXAYQR5D3BIYYN3QQ,True,Tshirt,Nice thick T-shirt for a great price,"July 14, 2019",Whitzy23,5.0,0,https://www.amazon.ca/gp/profile/amzn1.account.AHTUKT2RSFIIXAYQR5D3BIYYN3QQ/ref=cm_cr_getr_d_gw_btm?ie=UTF8,2020-09-28 20:02:19.300113,2020-09-28 20:02:19.426016,"Gildan Mens DryBlend Adult T-Shirt, 2-Pack Shirt",4.4,,Clothing & Accessories,B07YGV85YW,Gildan,"1,388"
15,AFO3X4VRG32SOUN4N4TWQ6ESHL4A,True,More of a fat guy fit and not a tall guy fit,Nice shirt but it fit a bit too big for me,"July 20, 2019",Adlar Urquhart,3.0,0,https://www.amazon.ca/gp/profile/amzn1.account.AFO3X4VRG32SOUN4N4TWQ6ESHL4A/ref=cm_cr_getr_d_gw_btm?ie=UTF8,2020-09-28 20:02:19.429920,2020-09-28 20:02:19.576319,"Gildan Mens DryBlend Adult T-Shirt, 2-Pack Shirt",4.4,,Clothing & Accessories,B07YGV85YW,Gildan,"1,388"
16,AGDXRNNQONKNRQBIS3ICPI7ZWVYQ,True,Very comfortable,"Good value, good qualty material.","August 9, 2019",Scott Lamothe,5.0,0,https://www.amazon.ca/gp/profile/amzn1.account.AGDXRNNQONKNRQBIS3ICPI7ZWVYQ/ref=cm_cr_getr_d_gw_btm?ie=UTF8,2020-09-28 20:02:19.580224,2020-09-28 20:02:19.705151,"Gildan Mens DryBlend Adult T-Shirt, 2-Pack Shirt",4.4,,Clothing & Accessories,B07YGV85YW,Gildan,"1,388"
17,AENOOETNNEFFKXEY2VQWNUEJXQOA,True,love these shirts!,medium fits perfect and does not shrink in the wash. Cant beat the price for quality,"December 5, 2019",Amazon Customer,5.0,0,https://www.amazon.ca/gp/profile/amzn1.account.AENOOETNNEFFKXEY2VQWNUEJXQOA/ref=cm_cr_getr_d_gw_btm?ie=UTF8,2020-09-28 20:02:19.709055,2020-09-28 20:02:19.837945,"Gildan Mens DryBlend Adult T-Shirt, 2-Pack Shirt",4.4,,Clothing & Accessories,B07YGV85YW,Gildan,"1,388"
18,AGPB6DIQK377SNZ7VFZR7ORH7X7A,True,They hold up after multiple washes.,They fit well and don't seem to lose their shape.,"February 15, 2019",Randy Richardson,5.0,0,https://www.amazon.ca/gp/profile/amzn1.account.AGPB6DIQK377SNZ7VFZR7ORH7X7A/ref=cm_cr_getr_d_gw_btm?ie=UTF8,2020-09-28 20:02:19.841852,2020-09-28 20:02:19.968733,"Gildan Mens DryBlend Adult T-Shirt, 2-Pack Shirt",4.4,,Clothing & Accessories,B07YGV85YW,Gildan,"1,388"
19,AEVZD3Q5LHLRB74NSJBP4CQMISQA,True,"Great fit but material is coarse and itchy, efen after washing.","Almost everything is great, especially the price but the rough feel of the thick cotton is somewhat uncomfortable. I guess that's the reason for the low price.","September 26, 2020",Neil McDonald,3.0,0,https://www.amazon.ca/gp/profile/amzn1.account.AEVZD3Q5LHLRB74NSJBP4CQMISQA/ref=cm_cr_getr_d_gw_btm?ie=UTF8,2020-09-28 20:02:19.972636,2020-09-28 20:02:20.098541,"Gildan Mens DryBlend Adult T-Shirt, 2-Pack Shirt",4.4,,Clothing & Accessories,B07YGV85YW,Gildan,"1,388"
20,AEWXW3LCNSHQ4KWZRNGCC2PR3Y7A,True,Parfait,Parfait comme t-shirt.belle qualité..je vais en recommander...taille conforme...,"July 28, 2019",Hélène Bouchard,5.0,0,https://www.amazon.ca/gp/profile/amzn1.account.AEWXW3LCNSHQ4KWZRNGCC2PR3Y7A/ref=cm_cr_getr_d_gw_btm?ie=UTF8,2020-09-28 20:02:25.237442,2020-09-28 20:02:25.394574,"Gildan Mens DryBlend Adult T-Shirt, 2-Pack Shirt",4.4,,Clothing & Accessories,B07YGV85YW,Gildan,"1,388"
21,AG3H6ROYEXDGJPCFOCT2URKA36GA,True,Nice quality.,Nice and thick cotton. Very good quality.,"December 27, 2018",Amazon Customer,5.0,0,https://www.amazon.ca/gp/profile/amzn1.account.AG3H6ROYEXDGJPCFOCT2URKA36GA/ref=cm_cr_getr_d_gw_btm?ie=UTF8,2020-09-28 20:02:25.398478,2020-09-28 20:02:25.522430,"Gildan Mens DryBlend Adult T-Shirt, 2-Pack Shirt",4.4,,Clothing & Accessories,B07YGV85YW,Gildan,"1,388"
22,AEAVTZWIYKG72RSC7L4RM6VSR4BA,True,Fades fast,"Color fades very quickly
They tend to look worn and faded after just a few washes","August 24, 2020",Rachelle Beaudry,3.0,0,https://www.amazon.ca/gp/profile/amzn1.account.AEAVTZWIYKG72RSC7L4RM6VSR4BA/ref=cm_cr_getr_d_gw_btm?ie=UTF8,2020-09-28 20:02:25.527310,2020-09-28 20:02:25.651261,"Gildan Mens DryBlend Adult T-Shirt, 2-Pack Shirt",4.4,,Clothing & Accessories,B07YGV85YW,Gildan,"1,388"
23,AE33WYYG4WVRA4LTO2ISG7T6PLWA,True,parfait,excellent produit,"June 22, 2020",Jean,5.0,0,https://www.amazon.ca/gp/profile/amzn1.account.AE33WYYG4WVRA4LTO2ISG7T6PLWA/ref=cm_cr_getr_d_gw_btm?ie=UTF8,2020-09-28 20:02:25.655166,2020-09-28 20:02:25.821086,"Gildan Mens DryBlend Adult T-Shirt, 2-Pack Shirt",4.4,,Clothing & Accessories,B07YGV85YW,Gildan,"1,388"
24,AGO2V7YTBKC4753LOW5TZNDUSNUA,True,Good deal,Great price for really good t shirts,"November 29, 2019",Troy H.,5.0,0,https://www.amazon.ca/gp/profile/amzn1.account.AGO2V7YTBKC4753LOW5TZNDUSNUA/ref=cm_cr_getr_d_gw_btm?ie=UTF8,2020-09-28 20:02:25.824989,2020-09-28 20:02:25.943085,"Gildan Mens DryBlend Adult T-Shirt, 2-Pack Shirt",4.4,,Clothing & Accessories,B07YGV85YW,Gildan,"1,388"
25,AGDXRNNQONKNRQBIS3ICPI7ZWVYQ,True,Very pleased,"Great shirts, very comfortable.","August 9, 2019",Scott Lamothe,5.0,0,https://www.amazon.ca/gp/profile/amzn1.account.AGDXRNNQONKNRQBIS3ICPI7ZWVYQ/ref=cm_cr_getr_d_gw_btm?ie=UTF8,2020-09-28 20:02:25.946989,2020-09-28 20:02:26.065086,"Gildan Mens DryBlend Adult T-Shirt, 2-Pack Shirt",4.4,,Clothing & Accessories,B07YGV85YW,Gildan,"1,388"
26,AG2IN2PMWVU5ZQ27PW3G7OGU7Q3A,True,I like it,Nice colors,"February 8, 2020",Melanie,5.0,0,https://www.amazon.ca/gp/profile/amzn1.account.AG2IN2PMWVU5ZQ27PW3G7OGU7Q3A/ref=cm_cr_getr_d_gw_btm?ie=UTF8,2020-09-28 20:02:26.068989,2020-09-28 20:02:26.201724,"Gildan Mens DryBlend Adult T-Shirt, 2-Pack Shirt",4.4,,Clothing & Accessories,B07YGV85YW,Gildan,"1,388"
27,AFKUP2SO6FDBVGI4ERTLXOS54JPA,True,Fabric is uncomfortable,"fit is good, but fabric is uncomfortable, doesn't breath very well and itchy around neck and arm pits.","August 17, 2020",Phil,2.0,0,https://www.amazon.ca/gp/profile/amzn1.account.AFKUP2SO6FDBVGI4ERTLXOS54JPA/ref=cm_cr_getr_d_gw_btm?ie=UTF8,2020-09-28 20:02:26.205629,2020-09-28 20:02:26.324699,"Gildan Mens DryBlend Adult T-Shirt, 2-Pack Shirt",4.4,,Clothing & Accessories,B07YGV85YW,Gildan,"1,388"
28,AFDBS6PQSYG6DLDDYUDWEW3M2D5Q,True,Great buy,Great shirts. Super inexpensive. Good choice,"May 17, 2020",Amazon Customer,5.0,0,https://www.amazon.ca/gp/profile/amzn1.account.AFDBS6PQSYG6DLDDYUDWEW3M2D5Q/ref=cm_cr_getr_d_gw_btm?ie=UTF8,2020-09-28 20:02:26.328604,2020-09-28 20:02:26.444748,"Gildan Mens DryBlend Adult T-Shirt, 2-Pack Shirt",4.4,,Clothing & Accessories,B07YGV85YW,Gildan,"1,388"
29,AFJGHXYTLGCZE7HVUOET3LE2WUMA,True,Great shirts,Very nice material. Awesome for the price,"December 5, 2018",JBreezy,5.0,0,https://www.amazon.ca/gp/profile/amzn1.account.AFJGHXYTLGCZE7HVUOET3LE2WUMA/ref=cm_cr_getr_d_gw_btm?ie=UTF8,2020-09-28 20:02:26.447677,2020-09-28 20:02:26.577483,"Gildan Mens DryBlend Adult T-Shirt, 2-Pack Shirt",4.4,,Clothing & Accessories,B07YGV85YW,Gildan,"1,388"
30,AEGGFREHXMASCMVZH7ELKLTYUIBA,True,Great for work shirts,Good quality plain t shirts. I work in construction and they are pretty durable,"June 8, 2020",Pete Tsibidis,5.0,0,https://www.amazon.ca/gp/profile/amzn1.account.AEGGFREHXMASCMVZH7ELKLTYUIBA/ref=cm_cr_getr_d_gw_btm?ie=UTF8,2020-09-28 20:02:29.720843,2020-09-28 20:02:29.866265,"Gildan Mens DryBlend Adult T-Shirt, 2-Pack Shirt",4.4,,Clothing & Accessories,B07YGV85YW,Gildan,"1,388"
31,AE6PTUCB46RLURJKB3TIZ2F23P7Q,True,Nice shirt.,Pretty good. Nice material. Could be a little longer.,"July 12, 2019",wes shoup,4.0,0,https://www.amazon.ca/gp/profile/amzn1.account.AE6PTUCB46RLURJKB3TIZ2F23P7Q/ref=cm_cr_getr_d_gw_btm?ie=UTF8,2020-09-28 20:02:29.870173,2020-09-28 20:02:29.985339,"Gildan Mens DryBlend Adult T-Shirt, 2-Pack Shirt",4.4,,Clothing & Accessories,B07YGV85YW,Gildan,"1,388"
32,AHHC3XRFOU7XMLU74YB3T3HE747Q,True,fit was good,fit & colors were nice and accurate,"June 7, 2020",MaggieM,5.0,0,https://www.amazon.ca/gp/profile/amzn1.account.AHHC3XRFOU7XMLU74YB3T3HE747Q/ref=cm_cr_getr_d_gw_btm?ie=UTF8,2020-09-28 20:02:29.989240,2020-09-28 20:02:30.105386,"Gildan Mens DryBlend Adult T-Shirt, 2-Pack Shirt",4.4,,Clothing & Accessories,B07YGV85YW,Gildan,"1,388"
33,AETG3NBECMD2CGYVA3USQZOWIZ6A,True,Livrée dans les temps,Bien,"June 2, 2019",marc-andre,5.0,0,https://www.amazon.ca/gp/profile/amzn1.account.AETG3NBECMD2CGYVA3USQZOWIZ6A/ref=cm_cr_getr_d_gw_btm?ie=UTF8,2020-09-28 20:02:30.109290,2020-09-28 20:02:30.241048,"Gildan Mens DryBlend Adult T-Shirt, 2-Pack Shirt",4.4,,Clothing & Accessories,B07YGV85YW,Gildan,"1,388"
34,AFVERXUPGFZG57ESRKATBMK5IRHA,True,I bought 4 of it,like I said I bought 4 of it. Extremly good quality!,"August 23, 2019",samuel,5.0,0,https://www.amazon.ca/gp/profile/amzn1.account.AFVERXUPGFZG57ESRKATBMK5IRHA/ref=cm_cr_getr_d_gw_btm?ie=UTF8,2020-09-28 20:02:30.244952,2020-09-28 20:02:30.365000,"Gildan Mens DryBlend Adult T-Shirt, 2-Pack Shirt",4.4,,Clothing & Accessories,B07YGV85YW,Gildan,"1,388"
35,AF37N7UBSX5HT4RVX36RCX75WPMA,True,parfait,J ai recu exactement ce que j espérais . ma commande est parfaite,"June 10, 2020",Louise ,5.0,0,https://www.amazon.ca/gp/profile/amzn1.account.AF37N7UBSX5HT4RVX36RCX75WPMA/ref=cm_cr_getr_d_gw_btm?ie=UTF8,2020-09-28 20:02:30.368904,2020-09-28 20:02:30.486025,"Gildan Mens DryBlend Adult T-Shirt, 2-Pack Shirt",4.4,,Clothing & Accessories,B07YGV85YW,Gildan,"1,388"
36,AFWJ2JLAWKYZUFMTKCDQ4TXX7YPQ,True,Bonne Qualité,Bonne Qualité,"September 25, 2020",Jeffrey Guisadio,5.0,0,https://www.amazon.ca/gp/profile/amzn1.account.AFWJ2JLAWKYZUFMTKCDQ4TXX7YPQ/ref=cm_cr_getr_d_gw_btm?ie=UTF8,2020-09-28 20:02:30.489928,2020-09-28 20:02:30.618759,"Gildan Mens DryBlend Adult T-Shirt, 2-Pack Shirt",4.4,,Clothing & Accessories,B07YGV85YW,Gildan,"1,388"
37,AHEG4P6ML6CXDYK7PTHEXKGMXSRQ,True,The kind of shirt that's crazy wide at the waist and short. Probably good for super short fat guys,Good for short fat dudes,"June 11, 2020",psiman68,2.0,0,https://www.amazon.ca/gp/profile/amzn1.account.AHEG4P6ML6CXDYK7PTHEXKGMXSRQ/ref=cm_cr_getr_d_gw_btm?ie=UTF8,2020-09-28 20:02:30.622666,2020-09-28 20:02:30.742712,"Gildan Mens DryBlend Adult T-Shirt, 2-Pack Shirt",4.4,,Clothing & Accessories,B07YGV85YW,Gildan,"1,388"
38,AHMA4NHQD4ZZTUYMSRKH2C5BUL7Q,True,"Bonne Grandeur,Bonne Qualité",T-Shirt super confordable en plus d'être a la bonne taille. Super Produit de qualité.,"June 9, 2020",Samuel,5.0,0,https://www.amazon.ca/gp/profile/amzn1.account.AHMA4NHQD4ZZTUYMSRKH2C5BUL7Q/ref=cm_cr_getr_d_gw_btm?ie=UTF8,2020-09-28 20:02:30.745640,2020-09-28 20:02:30.866663,"Gildan Mens DryBlend Adult T-Shirt, 2-Pack Shirt",4.4,,Clothing & Accessories,B07YGV85YW,Gildan,"1,388"
39,AEFQCL7HGE3IDE23ZZZ253ME4HEA,True,Best tshirts u can get,My favorite tshirts.,"August 21, 2020",Owen Christopherson,5.0,0,https://www.amazon.ca/gp/profile/amzn1.account.AEFQCL7HGE3IDE23ZZZ253ME4HEA/ref=cm_cr_getr_d_gw_btm?ie=UTF8,2020-09-28 20:02:30.870567,2020-09-28 20:02:31.000375,"Gildan Mens DryBlend Adult T-Shirt, 2-Pack Shirt",4.4,,Clothing & Accessories,B07YGV85YW,Gildan,"1,388"
40,AGMGFSUDAUU6TQA2VYUPZQYLWOGQ,True,damaged shirt,there is a hole in the back side of one shirt.,"June 4, 2020",Raj,1.0,0,https://www.amazon.ca/gp/profile/amzn1.account.AGMGFSUDAUU6TQA2VYUPZQYLWOGQ/ref=cm_cr_getr_d_gw_btm?ie=UTF8,2020-09-28 20:02:36.144495,2020-09-28 20:02:36.283086,"Gildan Mens DryBlend Adult T-Shirt, 2-Pack Shirt",4.4,,Clothing & Accessories,B07YGV85YW,Gildan,"1,388"
41,AEAXIPDCIQLLFNHE72JN4OERAR5A,True,Trop cher pour un l’autre back order,Très déçu,"July 22, 2020",Dany lacroix,1.0,0,https://www.amazon.ca/gp/profile/amzn1.account.AEAXIPDCIQLLFNHE72JN4OERAR5A/ref=cm_cr_getr_d_gw_btm?ie=UTF8,2020-09-28 20:02:36.287966,2020-09-28 20:02:36.416798,"Gildan Mens DryBlend Adult T-Shirt, 2-Pack Shirt",4.4,,Clothing & Accessories,B07YGV85YW,Gildan,"1,388"
42,AFW6OG3UQ5JA2DUTOOVRP3TH7L3Q,True,Not the Quality this brand used to be.,"Fit is good, but product pulled right away. Disappointed.","March 4, 2019",Brad,3.0,0,https://www.amazon.ca/gp/profile/amzn1.account.AFW6OG3UQ5JA2DUTOOVRP3TH7L3Q/ref=cm_cr_getr_d_gw_btm?ie=UTF8,2020-09-28 20:02:36.426559,2020-09-28 20:02:36.547661,"Gildan Mens DryBlend Adult T-Shirt, 2-Pack Shirt",4.4,,Clothing & Accessories,B07YGV85YW,Gildan,"1,388"
43,AFGJ4RAMR4O25R2YBE643PH2IPNQ,False,Good basic shirt,"This t-shirt is made of good quality, however the collar is shorter than any other Gildan shirt I own. It kind of makes it a tight fit because of that. Other than that, when i received the shirt, it did have an odour to it. However, once I washed both t-shirts, they were good shirts to relax in.","July 8, 2020",Vancouver Ryan,3.0,0,https://www.amazon.ca/gp/profile/amzn1.account.AFGJ4RAMR4O25R2YBE643PH2IPNQ/ref=cm_cr_getr_d_gw_btm?ie=UTF8,2020-09-28 20:02:36.551564,2020-09-28 20:02:36.667709,"Gildan Mens DryBlend Adult T-Shirt, 2-Pack Shirt",4.4,,Clothing & Accessories,B07YGV85YW,Gildan,"1,388"
