,Unnamed: 0,Unnamed: 0.1,Unnamed: 0.1.1,author_id,date_review_posted,review_title,reviews,verified_purchase,people_find_helpful,ratings,product_url,start,end,reviewer_name,product_category,product_id,subproduct_id
0,0,0,0,AE3LRCOFYOIXMTUVY7MELWKBDM6A,"August 18, 2020",Loud and intense (when desired),"This is one powerful fan. The highest setting is almost too much. I love it. I purchased this for white noise whilst sleeping and it is incredible. I find too many fans these days are all about their quietness. I don't want a quiet fan. I want a fan that will block noise. If you are getting a fan for sleeping/white noise, look no further.",yes,0,5.0,https://www.amazon.ca/1843-Remote-Control-Cyclone-Pedestal/dp/B001V8Y64Q/ref=cm_cr_srp_d_product_top?ie=UTF8,2020-09-17 22:19:56.458425,2020-09-17 22:20:02.777695,genericname,Clothing & Accessories,B002G9UDYG,B001V8Y64Q
1,1,1,1,AE3LRCOFYOIXMTUVY7MELWKBDM6A,"August 18, 2020",High quality and HUGE when expanded.,"Every part of this bag feel very high quality from the material on the bag itself, the fixtures, and the strap. I used the bag last week and was able to fit a week's worth of clothes with a pair of shoes, sandals, toiletries, a towel and some misc. items. Highly recommend.",yes,0,5.0,https://www.amazon.ca/Plambag-Travel-Compartment-Overnight-Weekend/dp/B07YXKYXGZ/ref=cm_cr_srp_d_product_top?ie=UTF8,2020-09-17 22:20:12.877272,2020-09-17 22:20:21.130453,genericname,Clothing & Accessories,B002G9UDYG,B07YXKYXGZ
2,2,2,2,AE3LRCOFYOIXMTUVY7MELWKBDM6A,"June 10, 2020",Holds up to washes. Great quality.,My biggest issue with toques is they often don't hold up well after being washed. This one is just as good after being washed. You really can't beat Carhartt for their quality at this price point. Excellent product.,yes,0,5.0,https://www.amazon.ca/Carhartt-Acrylic-Watch-Black-Size/dp/B002G9UDYG/ref=cm_cr_srp_d_product_top?ie=UTF8,2020-09-17 22:20:30.224392,2020-09-17 22:20:39.531820,genericname,Clothing & Accessories,B002G9UDYG,B002G9UDYG
3,3,3,3,AE3LRCOFYOIXMTUVY7MELWKBDM6A,"June 10, 2020",Perfect hoodie for me.,You really can't beat Carhartt for their quality at this price point. Excellent product.,yes,0,5.0,https://www.amazon.ca/Carhartt-Signature-Midweight-Sweatshirt-XXX-Large/dp/B002G9UD9G/ref=cm_cr_srp_d_product_top?ie=UTF8,2020-09-17 22:20:46.617439,2020-09-17 22:20:55.834786,genericname,Clothing & Accessories,B002G9UDYG,B002G9UD9G
4,4,4,4,AE3LRCOFYOIXMTUVY7MELWKBDM6A,"June 10, 2020","Very comfortable, high quality.",You really can't beat Carhartt for their quality at this price point. Excellent product.,yes,0,5.0,https://www.amazon.ca/Carhartt-Midweight-Sweatshirt-Original-XXX-Large/dp/B002GHC41S/ref=cm_cr_srp_d_product_top?ie=UTF8,2020-09-17 22:21:03.912422,2020-09-17 22:21:13.145744,genericname,Clothing & Accessories,B002G9UDYG,B002GHC41S
5,5,5,5,AE3LRCOFYOIXMTUVY7MELWKBDM6A,"June 10, 2020",Excellent product.,You really can't beat Carhartt for their quality at this price point. Excellent product.,yes,0,5.0,https://www.amazon.ca/Carhartt-Workwear-T-Shirt-XXX-Large-Regular/dp/B0001YSBUG/ref=cm_cr_srp_d_product_top?ie=UTF8,2020-09-17 22:21:23.241076,2020-09-17 22:21:31.485229,genericname,Clothing & Accessories,B002G9UDYG,B0001YSBUG
6,6,6,6,AE3LRCOFYOIXMTUVY7MELWKBDM6A,"June 10, 2020","Buy it, you won't regret it.",You really can't beat Carhartt for their quality at this price point. Excellent product. Perfect heaviness for a cool working day or a night by a fire.,yes,0,5.0,https://www.amazon.ca/Carhartt-Signature-Sleeve-Shirt-3X-Large/dp/B07C94CMBM/ref=cm_cr_srp_d_product_top?ie=UTF8,2020-09-17 22:21:38.594107,2020-09-17 22:21:46.818904,genericname,Clothing & Accessories,B002G9UDYG,B07C94CMBM
7,7,7,7,AE3LRCOFYOIXMTUVY7MELWKBDM6A,"June 10, 2020",High quality for a great price.,You really can't beat Carhartt for their quality at this price point. Excellent product.,yes,0,5.0,https://www.amazon.ca/Carhartt-Oakman-Shirt-Midnight-XXX-Large/dp/B000FXV1O6/ref=cm_cr_srp_d_product_top?ie=UTF8,2020-09-17 22:21:54.941552,2020-09-17 22:22:03.043640,genericname,Clothing & Accessories,B002G9UDYG,B000FXV1O6
8,8,8,8,AE3LRCOFYOIXMTUVY7MELWKBDM6A,"June 10, 2020",I think there must have been an issue with a batch of these shirts...,"Big fan or Carhartt. I love every product of theirs that I own. I am only putting this rating up to hopefully have someone investigate a potential product issue. I believe that a bunch of 3XL shirts in black were mislabelled or some other defect. I have initiated a return for this product. If you check the picture I uploaded the grey shirt is a normal 3XL, the black shirt is also labelled as 3XL, but you'll notice it is significantly smaller. Another review commented with the same issue, so I would be wary of ordering this shirt in black until this issue is solved and the erroneous products are replaced. I own a bunch of Carhartt items in this size and the Carhartt Mens Big & Tall Workwear Pocket Short-Sleeve T-Shirt Original Fit K87 has been the only one way off in size, which leads me to believe there is a mislabel. Thanks!",yes,4,2.0,https://www.amazon.ca/Carhartt-Workwear-T-Shirt-Original-3X-Large/dp/B0007XFB7W/ref=cm_cr_srp_d_product_top?ie=UTF8,2020-09-17 22:22:13.155498,2020-09-17 22:22:22.411548,genericname,Clothing & Accessories,B002G9UDYG,B0007XFB7W
9,9,9,9,AE3LRCOFYOIXMTUVY7MELWKBDM6A,"September 24, 2019",Crazy comfort,I have purchased these previously and absolutely love them. They are the most comfortable slip on sandals I have ever owned. Highly recommend them.,yes,0,5.0,https://www.amazon.ca/Cobian-Draino-Slide-Sandal-Black/dp/B004Y19A8E/ref=cm_cr_srp_d_product_top?ie=UTF8,2020-09-17 22:22:29.519532,2020-09-17 22:22:35.812036,genericname,Clothing & Accessories,B002G9UDYG,B004Y19A8E
10,10,10,10,AE3LRCOFYOIXMTUVY7MELWKBDM6A,"June 21, 2019",Insanely huge.,"I was looking for a big towel, and this is a ridiculously big towel. Someone else mentioned that it could be a blanket, and that is true. It is very soft, and very absorbent. I will be buying more of these as I need to phase towels out.",yes,0,5.0,https://www.amazon.ca/Luxury-Genuine-Turkish-Cotton-Oversized/dp/B00TFYLR0Y/ref=cm_cr_srp_d_product_top?ie=UTF8,2020-09-17 22:22:42.938923,2020-09-17 22:22:51.203723,genericname,Clothing & Accessories,B002G9UDYG,B00TFYLR0Y
11,11,11,11,AE3LRCOFYOIXMTUVY7MELWKBDM6A,"June 21, 2019",Resolves a huge pain point,"Perhaps I'm a Luddite, but I still prefer wired headphones to wireless headphones, and I use an Aux cable in my car. This has been a life saver to allow me to charge my phone whilst using wired headphones or an aux cable. So far I have had no issues. The sound quality has been fine when charging or not charging. I saw other complaints about a buzz, but I have not experienced that.",yes,0,5.0,https://www.amazon.ca/Splitter-Charger-Adapter-Headphones-Support/dp/B07RSRG1LL/ref=cm_cr_srp_d_product_top?ie=UTF8,2020-09-17 22:23:01.309830,2020-09-17 22:23:09.665525,genericname,Clothing & Accessories,B002G9UDYG,B07RSRG1LL
12,12,12,12,AE3LRCOFYOIXMTUVY7MELWKBDM6A,"January 21, 2017",I really enjoyed it! It was a great behind the scenes ...,"I have been a big fan of the Daily show since 2001, so I was already in the target demographic for this book. I really enjoyed it! It was a great behind the scenes look at the journey of the show. Highly recommend.",yes,0,5.0,https://www.amazon.ca/Daily-Show-Book-History-Correspondents/dp/1455565385/ref=cm_cr_srp_d_product_top?ie=UTF8,2020-09-17 22:23:18.767702,2020-09-17 22:23:27.090643,genericname,Clothing & Accessories,B002G9UDYG,1455565385
13,13,13,13,AE3LRCOFYOIXMTUVY7MELWKBDM6A,"January 21, 2017",I really like this cord so far,"I really like this cord so far. The length is perfect for what I need. It feels like it is very high quality, and will be long lasting. I am likely going to by another for a different room.",yes,0,5.0,https://www.amazon.ca/TRONG-Tangle-free-Braided-Micro-USB-Samsung/dp/B01GJC4YMC/ref=cm_cr_srp_d_product_top?ie=UTF8,2020-09-17 22:23:36.185702,2020-09-17 22:23:43.443884,genericname,Clothing & Accessories,B002G9UDYG,B01GJC4YMC
14,14,14,14,AE3LRCOFYOIXMTUVY7MELWKBDM6A,"March 30, 2016",but I am optimistic that it will be perfect.,"Fit perfectly. It is still winter here, so I have yet to try it out in the sun, but I am optimistic that it will be perfect.",yes,0,5.0,https://www.amazon.ca/dp/B000PU6YO6/ref=cm_cr_srp_d_product_top?ie=UTF8,2020-09-17 22:23:52.550315,2020-09-17 22:24:01.839572,genericname,Clothing & Accessories,B002G9UDYG,B000PU6YO6
15,15,15,15,AE3LRCOFYOIXMTUVY7MELWKBDM6A,"February 22, 2016",It was really easy to swap out,"Exactly as advertised. It was really easy to swap out. I have not tested it in water, but the seal seems as good, or better, than with the original flap.",yes,0,5.0,https://www.amazon.ca/Suppion-Samsung-Galaxy-Replacement-Accessories/dp/B00YIDIDWC/ref=cm_cr_srp_d_product_top?ie=UTF8,2020-09-17 22:24:11.938912,2020-09-17 22:24:19.237064,genericname,Clothing & Accessories,B002G9UDYG,B00YIDIDWC
16,16,16,16,AE3LRCOFYOIXMTUVY7MELWKBDM6A,"December 11, 2015",Five Stars,Just what I was looking for. Everything works as advertised.,yes,0,5.0,https://www.amazon.ca/dp/B00IN6ZE90/ref=cm_cr_srp_d_product_top?ie=UTF8,2020-09-17 22:24:29.320825,2020-09-17 22:24:37.601576,genericname,Clothing & Accessories,B002G9UDYG,B00IN6ZE90
17,17,17,17,AE3LRCOFYOIXMTUVY7MELWKBDM6A,"December 11, 2015",Really great product and pretty easy to install,"Really great product and pretty easy to install. I was dumb and did not hold down the cover when pulling off the guard layer on top, and it pulled off the cover as well. My own fault. The second one I installed went on perfectly.",yes,0,5.0,https://www.amazon.ca/Tech-Armor-Definition-HD-Clear-Protector/dp/B00IGISPAU/ref=cm_cr_srp_d_product_top?ie=UTF8,2020-09-17 22:24:44.699625,2020-09-17 22:24:51.943433,genericname,Clothing & Accessories,B002G9UDYG,B00IGISPAU
18,18,18,18,AE3LRCOFYOIXMTUVY7MELWKBDM6A,"September 24, 2015",I like the size,"Exactly as advertised. I like the size, and can fit everything I need in it well.",yes,0,5.0,https://www.amazon.ca/ORB-Travel-Wallet-WP522-GS-Dots-Grey-Silver-Zippered-Organizer/dp/B00FWX66C6/ref=cm_cr_srp_d_product_top?ie=UTF8,2020-09-17 22:25:00.044273,2020-09-17 22:25:06.293660,genericname,Clothing & Accessories,B002G9UDYG,B00FWX66C6
19,19,19,19,AE3LRCOFYOIXMTUVY7MELWKBDM6A,"March 26, 2015",Five Stars,Exactly what I was looking for.,yes,0,5.0,https://www.amazon.ca/MAXCRAFT-Chain-Screwdriver-Bottle-Opener/dp/B0062PAZNY/ref=cm_cr_srp_d_product_top?ie=UTF8,2020-09-17 22:25:14.377104,2020-09-17 22:25:22.623542,genericname,Clothing & Accessories,B002G9UDYG,B0062PAZNY
20,20,20,20,AE3LRCOFYOIXMTUVY7MELWKBDM6A,"March 26, 2015",Five Stars,Exactly as advertised.,yes,One,5.0,https://www.amazon.ca/Star-Wars-Empire-Strikes-Continues/dp/B000COQS46/ref=cm_cr_srp_d_product_top?ie=UTF8,2020-09-17 22:25:31.720753,2020-09-17 22:25:39.004799,genericname,Clothing & Accessories,B002G9UDYG,B000COQS46
21,21,21,21,AE3LRCOFYOIXMTUVY7MELWKBDM6A,"September 4, 2014",I am very pleased with the holder,This was exactly what I was looking for but couldn't find in stores locally. I am very pleased with the holder. It is very sturdy and easily manipulated.,yes,0,5.0,https://www.amazon.ca/Koomus-Air-Vent-Universal-Smartphone/dp/B00JNJPS4W/ref=cm_cr_srp_d_product_top?ie=UTF8,2020-09-17 22:25:46.098995,2020-09-17 22:25:53.370033,genericname,Clothing & Accessories,B002G9UDYG,B00JNJPS4W
22,22,22,22,AE3LRCOFYOIXMTUVY7MELWKBDM6A,"February 18, 2014",Exactly as advertised...,"I've only had this for about a week, but thus far I am a big fan. I found that it charges my phone (Samsung Galaxy Nexus) faster than my actual phone charger from Samsung, so that was a little surprising. I've been able to get around 1.5 full charges of my phone out of it before having to recharge the charger.

I found that I could easily have the phone and charger in my jeans pocket whilst the phone was being charged, which I was very happy about.

I did a test with an iPhone as well and the charger also charged that phone faster than the Apple charger.

I foolishly didn't realize that the charger was available in different colours and would likely have gone with black if I had realized, but the blue finish looks great as well.

All in all I am very happy with this product. Thanks Anker!",yes,0,5.0,https://www.amazon.ca/dp/B00EETOTWS/ref=cm_cr_srp_d_product_top?ie=UTF8,2020-09-17 22:26:00.466370,2020-09-17 22:26:07.742724,genericname,Clothing & Accessories,B002G9UDYG,B00EETOTWS
