,Unnamed: 0,Unnamed: 0.1,Unnamed: 0.1.1,author_id,date_review_posted,review_title,reviews,verified_purchase,people_find_helpful,ratings,product_url,start,end,reviewer_name,product_category,product_id,subproduct_id
0,0,0,0,AEAOFZNWAKWS6ZHPJWWT2CL25ZIA,"February 7, 2019",Good product,These are great. Exactly what I was expecting. The plastic covers are well protected by film on both sides.,yes,0,5.0,https://www.amazon.ca/MCS-Industries-Gallery-Aluminum-12-5-Inch/dp/B009ARXSXA/ref=cm_cr_srp_d_product_top?ie=UTF8,2020-09-30 13:41:00.506681,2020-09-30 13:41:08.937828,Dylan Hannigan,Clothing & Accessories,B002G9UDYG,B009ARXSXA
1,1,1,1,AEAOFZNWAKWS6ZHPJWWT2CL25ZIA,"February 7, 2019",Strange labels,"I haven’t looked at these in a while, but I found the labels to be lacking super basic stuff and then having really far out ones that very few people would have in their home.",yes,0,3.0,https://www.amazon.ca/KitchenArt-17005-Spice-Label-100-Piece/dp/B001LQZ9CG/ref=cm_cr_srp_d_product_top?ie=UTF8,2020-09-30 13:41:18.044512,2020-09-30 13:41:27.460342,Dylan Hannigan,Clothing & Accessories,B002G9UDYG,B001LQZ9CG
2,2,2,2,AEAOFZNWAKWS6ZHPJWWT2CL25ZIA,"February 7, 2019",Comfy,I love this duvet. It’s super warm and comfortable.,yes,2,5.0,https://www.amazon.ca/Snowman-Comforter-Egyptian-Count-Solid-Hypo-allergenic/dp/B075DZGQLQ/ref=cm_cr_srp_d_product_top?ie=UTF8,2020-09-30 13:41:37.564121,2020-09-30 13:41:44.002027,Dylan Hannigan,Clothing & Accessories,B002G9UDYG,B075DZGQLQ
3,3,3,3,AEAOFZNWAKWS6ZHPJWWT2CL25ZIA,"February 7, 2019",Was expecting more,I expected more out of this product. It doesn’t seem to track data accurately and doesn’t always sync to the app.,yes,0,2.0,https://www.amazon.ca/Fitbit-Charge-Heart-Fitness-Wristband/dp/B01KV1E1IO/ref=cm_cr_srp_d_product_top?ie=UTF8,2020-09-30 13:41:54.112325,2020-09-30 13:42:00.564617,Dylan Hannigan,Clothing & Accessories,B002G9UDYG,B01KV1E1IO
4,4,4,4,AEAOFZNWAKWS6ZHPJWWT2CL25ZIA,"February 7, 2019",Good stuff,These taste really good.,yes,0,4.0,https://www.amazon.ca/Atkins-Snacks-Caramel-Chocolate-Protein/dp/B00CTFLJO0/ref=cm_cr_srp_d_product_top?ie=UTF8,2020-09-30 13:42:08.677179,2020-09-30 13:42:16.113828,Dylan Hannigan,Clothing & Accessories,B002G9UDYG,B00CTFLJO0
5,5,5,5,AEAOFZNWAKWS6ZHPJWWT2CL25ZIA,"February 7, 2019",Worst bar in the lineup,This bar is kind of dry and chalky. I would recommend all other Atkins bars over this.,yes,0,2.0,https://www.amazon.ca/Atkins-Break-Peanut-Better-Fudge/dp/B00CTFLM7E/ref=cm_cr_srp_d_product_top?ie=UTF8,2020-09-30 13:42:23.231089,2020-09-30 13:42:32.661544,Dylan Hannigan,Clothing & Accessories,B002G9UDYG,B00CTFLM7E
6,6,6,6,AEAOFZNWAKWS6ZHPJWWT2CL25ZIA,"February 7, 2019",Meh.,This hat is way taller than other Carhartt toques I have. It is also thinner.,no,0,3.0,https://www.amazon.ca/Carhartt-Acrylic-Watch-Black-Size/dp/B002G9UDYG/ref=cm_cr_srp_d_product_top?ie=UTF8,2020-09-30 13:42:41.774610,2020-09-30 13:42:49.167918,Dylan Hannigan,Clothing & Accessories,B002G9UDYG,B002G9UDYG
