,Unnamed: 0,Unnamed: 0.1,Unnamed: 0.1.1,author_id,date_review_posted,review_title,reviews,verified_purchase,people_find_helpful,ratings,product_url,start,end,reviewer_name,product_category,product_id,subproduct_id
0,0,0,0,AEB7II6GI7OMZLHH6MQEWTSF36WA,"December 3, 2019",They are little and nice,Good souvenir for new year.,yes,0,5.0,https://www.amazon.ca/UTENEW-Miniature-Decoration-Figurines-Miniatures/dp/B07VBJ8KVP/ref=cm_cr_srp_d_product_top?ie=UTF8,2020-09-30 04:31:41.426116,2020-09-30 04:31:47.702991,Natalia,Clothing & Accessories,B002G9UDYG,B07VBJ8KVP
1,1,1,1,AEB7II6GI7OMZLHH6MQEWTSF36WA,"December 3, 2019",Great for little girl,"Very cute, soft, nice.",yes,0,5.0,https://www.amazon.ca/Disney-Minnie-Pajamas-2-Piece-Sleepwear/dp/B07FNVTG6M/ref=cm_cr_srp_d_product_top?ie=UTF8,2020-09-30 04:31:54.798667,2020-09-30 04:32:03.090405,Natalia,Clothing & Accessories,B002G9UDYG,B07FNVTG6M
2,2,2,2,AEB7II6GI7OMZLHH6MQEWTSF36WA,"September 5, 2019",Comfortable and convenient,"Comfortable, pleasant on touch.",yes,0,5.0,https://www.amazon.ca/Fairy-Baby-Toddler-Summer-Bloomers/dp/B07DQGLW5J/ref=cm_cr_srp_d_product_top?ie=UTF8,2020-09-30 04:32:12.184525,2020-09-30 04:32:21.455900,Natalia,Clothing & Accessories,B002G9UDYG,B07DQGLW5J
3,3,3,3,AEB7II6GI7OMZLHH6MQEWTSF36WA,"February 11, 2019",Ordered for Friend,Friend is happy.,yes,0,5.0,https://www.amazon.ca/Hanes-TAGLESS%C2%AE-ComfortSoft%C2%AE-Shirt-6-Pack/dp/B00HVVVMM6/ref=cm_cr_srp_d_product_top?ie=UTF8,2020-09-30 04:32:30.547931,2020-09-30 04:32:38.823980,Natalia,Clothing & Accessories,B002G9UDYG,B00HVVVMM6
4,4,4,4,AEB7II6GI7OMZLHH6MQEWTSF36WA,"February 11, 2019",Boy's Pajamas,"Cool, light, all natural, comfortable, soft - best summer pajamas I could wish for my grandson.",yes,0,5.0,https://www.amazon.ca/Kidsmall-Motorcycle-Pajama-Sleepwear-Cotton/dp/B01GB40IA0/ref=cm_cr_srp_d_product_top?ie=UTF8,2020-09-30 04:32:48.902447,2020-09-30 04:32:55.208401,Natalia,Clothing & Accessories,B002G9UDYG,B01GB40IA0
5,5,5,5,AEB7II6GI7OMZLHH6MQEWTSF36WA,"February 11, 2019",Expected Quality,"Cotton, soft, good looking, light and comfortable; strong colors.",yes,0,5.0,https://www.amazon.ca/TeeStars-Awesome-Looks-T-Shirt-Violet/dp/B01DT3EPMS/ref=cm_cr_srp_d_product_top?ie=UTF8,2020-09-30 04:33:05.304341,2020-09-30 04:33:12.578020,Natalia,Clothing & Accessories,B002G9UDYG,B01DT3EPMS
6,6,6,6,AEB7II6GI7OMZLHH6MQEWTSF36WA,"February 11, 2019",Good for Winter,"Warm, natural, non-itching, comfortable, soft.",yes,0,5.0,https://www.amazon.ca/Alex-Stevens-Cable-Turtleneck-Black/dp/B00LJTYGGK/ref=cm_cr_srp_d_product_top?ie=UTF8,2020-09-30 04:33:21.747887,2020-09-30 04:33:28.981749,Natalia,Clothing & Accessories,B002G9UDYG,B00LJTYGGK
7,7,7,7,AEB7II6GI7OMZLHH6MQEWTSF36WA,"February 11, 2019",Nice for Young Man,"Great quality, soft, slim fit defining nice lines of body, non-standard color.",yes,0,5.0,https://www.amazon.ca/Elonglin-Knitted-Turtleneck-Pullover-Lightweight/dp/B075QBCD3Z/ref=cm_cr_srp_d_product_top?ie=UTF8,2020-09-30 04:33:38.069108,2020-09-30 04:33:47.379688,Natalia,Clothing & Accessories,B002G9UDYG,B075QBCD3Z
8,8,8,8,AEB7II6GI7OMZLHH6MQEWTSF36WA,"February 11, 2019",Useful and Compatible,"Travel hygienic and cosmetic bag - very good quality, great intake, very good for travel.",yes,0,5.0,https://www.amazon.ca/Lavievert-Toiletry-Accessory-Organizer-Three-layered/dp/B01ANEPZX4/ref=cm_cr_srp_d_product_top?ie=UTF8,2020-09-30 04:33:55.486242,2020-09-30 04:34:04.737420,Natalia,Clothing & Accessories,B002G9UDYG,B01ANEPZX4
9,9,9,9,AEB7II6GI7OMZLHH6MQEWTSF36WA,"February 11, 2019",Cute and Comfortable,"Great fit, comfortable to wear, comfortable for baby to move, nice pattern.",yes,0,5.0,https://www.amazon.ca/Simple-Joys-Carters-2-Pack-Brother/dp/B01N40WEXJ/ref=cm_cr_srp_d_product_top?ie=UTF8,2020-09-30 04:34:13.832743,2020-09-30 04:34:23.092582,Natalia,Clothing & Accessories,B002G9UDYG,B01N40WEXJ
10,10,10,10,AEB7II6GI7OMZLHH6MQEWTSF36WA,"February 11, 2019",Expected Quality,"Natural, comfortable, nice color, good fit - great t-shirt.",yes,0,5.0,https://www.amazon.ca/Awesome-Daughters-Promoted-Toddler-Lavender/dp/B071NHYL8W/ref=cm_cr_srp_d_product_top?ie=UTF8,2020-09-30 04:34:30.190215,2020-09-30 04:34:36.504675,Natalia,Clothing & Accessories,B002G9UDYG,B071NHYL8W
11,11,11,11,AEB7II6GI7OMZLHH6MQEWTSF36WA,"February 11, 2019",Cute Set,"Good quality, funny look - we like it.",yes,0,5.0,https://www.amazon.ca/Scfcloth-Newborn-Brother-Clothing-Outfits/dp/B078BRQ9BR/ref=cm_cr_srp_d_product_top?ie=UTF8,2020-09-30 04:34:46.599666,2020-09-30 04:34:55.849000,Natalia,Clothing & Accessories,B002G9UDYG,B078BRQ9BR
12,12,12,12,AEB7II6GI7OMZLHH6MQEWTSF36WA,"February 11, 2019",Cool and Great,"Great jacket - nice quality, good fit, cool look. Everybody likes it!",yes,2,5.0,https://www.amazon.ca/LJYH-Trendy-Collar-Leather-Jacket/dp/B01HQA93UY/ref=cm_cr_srp_d_product_top?ie=UTF8,2020-09-30 04:35:03.936636,2020-09-30 04:35:13.188986,Natalia,Clothing & Accessories,B002G9UDYG,B01HQA93UY
13,13,13,13,AEB7II6GI7OMZLHH6MQEWTSF36WA,"February 11, 2019",Warm and Pretty,"Very nicely knitted, great looking, warm hat (cap)! Just love how my granddaughter looks in it.",yes,0,5.0,https://www.amazon.ca/Mapletop-Newborn-Knitted-Winter-Hemming/dp/B06WP4PJHL/ref=cm_cr_srp_d_product_top?ie=UTF8,2020-09-30 04:35:21.283889,2020-09-30 04:35:29.555125,Natalia,Clothing & Accessories,B002G9UDYG,B06WP4PJHL
14,14,14,14,AEB7II6GI7OMZLHH6MQEWTSF36WA,"February 11, 2019",Cute Pink Rabbit,Bought the coat for my youngest granddaughter - for the next winter. For now just can confirm how pretty this coat looks. Everything else I will learn next season.,yes,0,5.0,https://www.amazon.ca/Perman-Winter-Jacket-Clothes-0-9Months/dp/B076455NZ5/ref=cm_cr_srp_d_product_top?ie=UTF8,2020-09-30 04:35:38.633765,2020-09-30 04:35:47.887619,Natalia,Clothing & Accessories,B002G9UDYG,B076455NZ5
15,15,15,15,AEB7II6GI7OMZLHH6MQEWTSF36WA,"February 11, 2019",True Screen Touch Feature,"Wasn't sure if those gloves will be applicable for touch-screen gadgets, but they actually are! Look very nice, soft on touch. I am very happy I bought those gloves for my men.",yes,2,5.0,https://www.amazon.ca/Luxury-Touchscreen-Texting-Italian-Leather/dp/B07HQ3HTFH/ref=cm_cr_srp_d_product_top?ie=UTF8,2020-09-30 04:35:58.031176,2020-09-30 04:36:04.400429,Natalia,Clothing & Accessories,B002G9UDYG,B07HQ3HTFH
16,16,16,16,AEB7II6GI7OMZLHH6MQEWTSF36WA,"February 11, 2019",Christmas Gift for Grandchild,Nice looking like a toy real watches became a good motivation to learn time watching and understanding.,yes,0,5.0,https://www.amazon.ca/Ouwen-Cartoon-Waterproof-Christmas-OWUSWC04/dp/B07DWQ3BZJ/ref=cm_cr_srp_d_product_top?ie=UTF8,2020-09-30 04:36:14.513301,2020-09-30 04:36:21.775728,Natalia,Clothing & Accessories,B002G9UDYG,B07DWQ3BZJ
17,17,17,17,AEB7II6GI7OMZLHH6MQEWTSF36WA,"February 11, 2019",Gift for Friend,"My friend dreamed to have little elegant handbag of red color as nice provocative accent accessory, so I bought this one. She was just happy! She uses it and loves.",yes,0,5.0,https://www.amazon.ca/Ansee-Crossbody-Leather-Bowknot-Shoulder/dp/B0735D596N/ref=cm_cr_srp_d_product_top?ie=UTF8,2020-09-30 04:36:30.877282,2020-09-30 04:36:39.134109,Natalia,Clothing & Accessories,B002G9UDYG,B0735D596N
18,18,18,18,AEB7II6GI7OMZLHH6MQEWTSF36WA,"February 11, 2019",For the 1st Birthday,"Great quality, nice funny look, hope will fit well when the birthday arrives.",yes,0,5.0,https://www.amazon.ca/Awesome-Looks-Birthday-Bodysuit-months/dp/B01DPGLXU6/ref=cm_cr_srp_d_product_top?ie=UTF8,2020-09-30 04:36:48.234798,2020-09-30 04:36:56.534712,Natalia,Clothing & Accessories,B002G9UDYG,B01DPGLXU6
19,19,19,19,AEB7II6GI7OMZLHH6MQEWTSF36WA,"February 11, 2019",Necessary Part of Girls' Clothes,"Good quality, nice colors, great fit - I really like the product.",yes,0,5.0,https://www.amazon.ca/Trimfit-Girls-Microfiber-Tights-3-Pack/dp/B00XAQE9UI/ref=cm_cr_srp_d_product_top?ie=UTF8,2020-09-30 04:37:04.630244,2020-09-30 04:37:11.961454,Natalia,Clothing & Accessories,B002G9UDYG,B00XAQE9UI
20,20,20,20,AEB7II6GI7OMZLHH6MQEWTSF36WA,"February 11, 2019",Necessary Part of Girls Clothes,"Good fit, expected quality, rich color - I am very satisfied.",yes,0,5.0,https://www.amazon.ca/MOOCHI-Girls-Footed-Opaque-Tights/dp/B01E9XBLA6/ref=cm_cr_srp_d_product_top?ie=UTF8,2020-09-30 04:37:21.048787,2020-09-30 04:37:30.356171,Natalia,Clothing & Accessories,B002G9UDYG,B01E9XBLA6
21,21,21,21,AEB7II6GI7OMZLHH6MQEWTSF36WA,"February 11, 2019",PJ Masks Absession,"Very good quality, cotton pajamas in favorite theme - PJ Masks - was a great joy for my granddaughter.",yes,0,5.0,https://www.amazon.ca/Masks-2-Piece-Cotton-Pajamas-Jogger/dp/B07944Y4LX/ref=cm_cr_srp_d_product_top?ie=UTF8,2020-09-30 04:37:38.445159,2020-09-30 04:37:44.750704,Natalia,Clothing & Accessories,B002G9UDYG,B07944Y4LX
22,22,22,22,AEB7II6GI7OMZLHH6MQEWTSF36WA,"February 11, 2019",Great Party Costumes,PJ Masks Birthday party was more completed with applied costumes. Price appeared to be more than affordable.,yes,0,5.0,https://www.amazon.ca/Superhero-Costume-Bracelets-Children-Characters/dp/B078DV4RZ3/ref=cm_cr_srp_d_product_top?ie=UTF8,2020-09-30 04:37:51.850437,2020-09-30 04:37:59.121084,Natalia,Clothing & Accessories,B002G9UDYG,B078DV4RZ3
23,23,23,23,AEB7II6GI7OMZLHH6MQEWTSF36WA,"February 11, 2019",Great Christmas Surprise for Parents,Parents were happy to get for their baby 1st Christmas memory present.,yes,0,5.0,https://www.amazon.ca/Personalized-Babys-Christmas-Photo-Ornament/dp/B07D5KDHN5/ref=cm_cr_srp_d_product_top?ie=UTF8,2020-09-30 04:38:07.315389,2020-09-30 04:38:16.771574,Natalia,Clothing & Accessories,B002G9UDYG,B07D5KDHN5
24,24,24,24,AEB7II6GI7OMZLHH6MQEWTSF36WA,"February 11, 2019",My Husband Likes It,Bought it for my husband - he has no complaints.,yes,0,5.0,https://www.amazon.ca/SanDisk-Ultra-microSDXC-Adapter-SDSQUAR-200G-GN6MA/dp/B073JY5T7T/ref=cm_cr_srp_d_product_top?ie=UTF8,2020-09-30 04:38:25.896839,2020-09-30 04:38:33.401678,Natalia,Clothing & Accessories,B002G9UDYG,B073JY5T7T
25,25,25,25,AEB7II6GI7OMZLHH6MQEWTSF36WA,"February 11, 2019",Nice Gift for Travelling Granddaughter,"Light, waterproof, my granddaughter's favorite color - hope she will like it on her spring vacation trip.",yes,0,5.0,https://www.amazon.ca/ZOMAKE-Waterproof-Lightweight-Packable-UltraLight/dp/B01DNGEQT8/ref=cm_cr_srp_d_product_top?ie=UTF8,2020-09-30 04:38:43.514182,2020-09-30 04:38:51.956893,Natalia,Clothing & Accessories,B002G9UDYG,B01DNGEQT8
26,26,26,26,AEB7II6GI7OMZLHH6MQEWTSF36WA,"February 11, 2019",Big Deal for Air Travels,"I bought this backpack for air-trip and was more than satisfied: very light itself, it accepts a lot of stuff, comfortably hanging at my shoulders and back, not taking too much place at airplane. Highly recommend for travel.",yes,0,5.0,https://www.amazon.ca/AmazonBasics-Ultralight-Packable-Pack-Orange/dp/B01AIVTGJG/ref=cm_cr_srp_d_product_top?ie=UTF8,2020-09-30 04:39:01.172907,2020-09-30 04:39:10.584645,Natalia,Clothing & Accessories,B002G9UDYG,B01AIVTGJG
27,27,27,27,AEB7II6GI7OMZLHH6MQEWTSF36WA,"February 11, 2019",Socks You May Trust,"Great quality, breathable, classic pattern - my men just love them.",yes,0,5.0,https://www.amazon.ca/Sakkas-Cotton-Blend-Ribbed-6-Pack/dp/B016LHN0VQ/ref=cm_cr_srp_d_product_top?ie=UTF8,2020-09-30 04:39:18.685603,2020-09-30 04:39:26.113120,Natalia,Clothing & Accessories,B002G9UDYG,B016LHN0VQ
28,28,28,28,AEB7II6GI7OMZLHH6MQEWTSF36WA,"February 11, 2019",Cute and Warm,"Great pajamas for little baby: all natural, easy to wear, not limiting baby's movement, have nice pattern.",yes,0,5.0,https://www.amazon.ca/Simple-Joys-Carters-2-Pack-Cotton/dp/B01MRKF5UX/ref=cm_cr_srp_d_product_top?ie=UTF8,2020-09-30 04:39:36.253683,2020-09-30 04:39:43.717337,Natalia,Clothing & Accessories,B002G9UDYG,B01MRKF5UX
29,29,29,29,AEB7II6GI7OMZLHH6MQEWTSF36WA,"February 11, 2019",Comfortable and Convenient,Good quality socks easy to use for serious dress code and for casual clothes also.,yes,0,5.0,https://www.amazon.ca/Dockers-Classics-Dress-Dobby-Socks/dp/B00GJ8DOGE/ref=cm_cr_srp_d_product_top?ie=UTF8,2020-09-30 04:39:52.821918,2020-09-30 04:39:59.106687,Natalia,Clothing & Accessories,B002G9UDYG,B00GJ8DOGE
30,30,30,30,AEB7II6GI7OMZLHH6MQEWTSF36WA,"February 11, 2019",Nice Casual Polo Shirt,"Good quality, great feet, well looking casual shirt.",yes,0,5.0,https://www.amazon.ca/COOFANDY-Classic-Casual-Sleeve-Pockets/dp/B07GSWS2DZ/ref=cm_cr_srp_d_product_top?ie=UTF8,2020-09-30 04:40:06.215263,2020-09-30 04:40:12.650211,Natalia,Clothing & Accessories,B002G9UDYG,B07GSWS2DZ
31,31,31,31,AEB7II6GI7OMZLHH6MQEWTSF36WA,"February 11, 2019",For Business Look,"Classic everyday business shirt - cotton, soft, well looking.",yes,0,5.0,https://www.amazon.ca/Alex-Vando-Shirts-Oxford-Sleeve/dp/B0788P1K6R/ref=cm_cr_srp_d_product_top?ie=UTF8,2020-09-30 04:40:19.754696,2020-09-30 04:40:29.181427,Natalia,Clothing & Accessories,B002G9UDYG,B0788P1K6R
32,32,32,32,AEB7II6GI7OMZLHH6MQEWTSF36WA,"February 11, 2019",Should Be in Man's Closet,"Great quality, nice look classic shirt.",yes,0,5.0,https://www.amazon.ca/U-S-Polo-Assn-Striped-Spread/dp/B073HMJZTS/ref=cm_cr_srp_d_product_top?ie=UTF8,2020-09-30 04:40:37.301892,2020-09-30 04:40:46.725096,Natalia,Clothing & Accessories,B002G9UDYG,B073HMJZTS
33,33,33,33,AEB7II6GI7OMZLHH6MQEWTSF36WA,"February 11, 2019",Nice Christmas Gift,"There are some things you'd never buy for yourself, but would be happy to get as a present. I bought few pocket watches, and people were just happy to start to use them. They call it ""thoughtful gift"". Good to know, watches actually are of good quality and working very well.",yes,0,5.0,https://www.amazon.ca/dp/B07HN6KYGD/ref=cm_cr_srp_d_product_top?ie=UTF8,2020-09-30 04:40:56.835141,2020-09-30 04:41:06.085672,Natalia,Clothing & Accessories,B002G9UDYG,B07HN6KYGD
34,34,34,34,AEB7II6GI7OMZLHH6MQEWTSF36WA,"February 11, 2019",Good Winter Gift,"Bought it for gift and made son-in-low happy: nice, not-itching, warm - all he was needed for winter season.",yes,0,5.0,https://www.amazon.ca/State-Cashmere-Turtleneck-Pullover-Sweater/dp/B075CRNHBF/ref=cm_cr_srp_d_product_top?ie=UTF8,2020-09-30 04:41:16.168936,2020-09-30 04:41:24.723714,Natalia,Clothing & Accessories,B002G9UDYG,B075CRNHBF
35,35,35,35,AEB7II6GI7OMZLHH6MQEWTSF36WA,"February 11, 2019",Dress Full of Energy,"Wanted to buy something matching my granddaughter's personality - elegant and ""active"". Looks like it was a great choice - she loves it.",yes,0,5.0,https://www.amazon.ca/BlackButterfly-Alexia-Vintage-Polka-Girls/dp/B072JQCH91/ref=cm_cr_srp_d_product_top?ie=UTF8,2020-09-30 04:41:32.828736,2020-09-30 04:41:39.369578,Natalia,Clothing & Accessories,B002G9UDYG,B072JQCH91
36,36,36,36,AEB7II6GI7OMZLHH6MQEWTSF36WA,"February 11, 2019",Classic Dress Shirt,"Expected good quality and classic look - very satisfied, thank you.",yes,0,5.0,https://www.amazon.ca/Van-Heusen-Herringbone-Regular-Spread/dp/B0186EJNKE/ref=cm_cr_srp_d_product_top?ie=UTF8,2020-09-30 04:41:48.516415,2020-09-30 04:41:54.952245,Natalia,Clothing & Accessories,B002G9UDYG,B0186EJNKE
37,37,37,37,AEB7II6GI7OMZLHH6MQEWTSF36WA,"February 11, 2019",Very Special T-Shirt,"I worried how my grandson will like this t-shirt with unusual design, but he just loved it! Add the great quality and slim fit - it was very satisfying.",yes,0,5.0,https://www.amazon.ca/COOFANDY-Floral-Printed-Graphic-T-Shirt/dp/B07D6JQG2J/ref=cm_cr_srp_d_product_top?ie=UTF8,2020-09-30 04:42:03.051139,2020-09-30 04:42:09.564892,Natalia,Clothing & Accessories,B002G9UDYG,B07D6JQG2J
38,38,38,38,AEB7II6GI7OMZLHH6MQEWTSF36WA,"February 11, 2019",Classic Girl Dress,"Very fresh look, nice quality, my granddaughter was happy to get it.",yes,0,5.0,https://www.amazon.ca/Sunny-Fashion-Belted-School-Pleated/dp/B01MSMJ4Y5/ref=cm_cr_srp_d_product_top?ie=UTF8,2020-09-30 04:42:16.700313,2020-09-30 04:42:23.064490,Natalia,Clothing & Accessories,B002G9UDYG,B01MSMJ4Y5
39,39,39,39,AEB7II6GI7OMZLHH6MQEWTSF36WA,"February 11, 2019",Makes a Very Special Gift,We bought it as a gift for our friends - Port lovers. They were impressed and love those sippers very much.,yes,0,5.0,https://www.amazon.ca/Cuisivin-8120-Port-Sipper-Clear/dp/B01LZVX1R1/ref=cm_cr_srp_d_product_top?ie=UTF8,2020-09-30 04:42:30.183931,2020-09-30 04:42:37.637247,Natalia,Clothing & Accessories,B002G9UDYG,B01LZVX1R1
40,40,40,40,AEB7II6GI7OMZLHH6MQEWTSF36WA,"February 11, 2019",Man's Shirt,"Very good quality, solid look, comfortable for the day.",yes,0,5.0,https://www.amazon.ca/Alex-Vando-Regular-Sleeve-Shirts/dp/B07D73Z6YP/ref=cm_cr_srp_d_product_top?ie=UTF8,2020-09-30 04:42:46.778772,2020-09-30 04:42:55.111892,Natalia,Clothing & Accessories,B002G9UDYG,B07D73Z6YP
41,41,41,41,AEB7II6GI7OMZLHH6MQEWTSF36WA,"February 11, 2019",Cute to Cute,"Great quality, nice look for little cute girl.",yes,0,5.0,https://www.amazon.ca/OPAWO-Footed-Sleeper-Pajamas-Months/dp/B0756T3WJV/ref=cm_cr_srp_d_product_top?ie=UTF8,2020-09-30 04:43:04.264723,2020-09-30 04:43:13.889875,Natalia,Clothing & Accessories,B002G9UDYG,B0756T3WJV
42,42,42,42,AEB7II6GI7OMZLHH6MQEWTSF36WA,"February 11, 2019",What's for Hanukkah?,Nice meaningful gift for little kid for Hanukkah.,yes,0,5.0,https://www.amazon.ca/Light-Menorah-Jannie-Ho/dp/0843189541/ref=cm_cr_srp_d_product_top?ie=UTF8,2020-09-30 04:43:24.045037,2020-09-30 04:43:33.634092,Natalia,Clothing & Accessories,B002G9UDYG,0843189541
43,43,43,43,AEB7II6GI7OMZLHH6MQEWTSF36WA,"February 11, 2019",Very Soft and Comfortable,"Nice, pleasant on touch, comfortable, great fit.",yes,0,5.0,https://www.amazon.ca/Realdo-Henley-T-Shirt-Fitness-Patchwork/dp/B07FXNHLCJ/ref=cm_cr_srp_d_product_top?ie=UTF8,2020-09-30 04:43:41.755271,2020-09-30 04:43:48.231183,Natalia,Clothing & Accessories,B002G9UDYG,B07FXNHLCJ
44,44,44,44,AEB7II6GI7OMZLHH6MQEWTSF36WA,"February 11, 2019",Travel Convenience,"Travelling to Europe, where we need transformers and adapters, cables and everything, it was a huge convenience to have everything neatly organized, collected in one place and compactly packed without taking any significant place at your luggage.",yes,0,5.0,https://www.amazon.ca/BAGSMART-Small-Travel-Electronic-Accessories/dp/B017SKRWL4/ref=cm_cr_srp_d_product_top?ie=UTF8,2020-09-30 04:43:58.360134,2020-09-30 04:44:07.774845,Natalia,Clothing & Accessories,B002G9UDYG,B017SKRWL4
45,45,45,45,AEB7II6GI7OMZLHH6MQEWTSF36WA,"February 11, 2019",Good Hanukkah gift for kid.,Like it.,yes,0,5.0,https://www.amazon.ca/Dreidels-Brain-Joel-ben-Izzy/dp/0803740972/ref=cm_cr_srp_d_product_top?ie=UTF8,2020-09-30 04:44:16.889965,2020-09-30 04:44:24.853850,Natalia,Clothing & Accessories,B002G9UDYG,0803740972
46,46,46,46,AEB7II6GI7OMZLHH6MQEWTSF36WA,"January 28, 2018",Five Stars,"Better than in description and at the picture, thanks!",yes,0,5.0,https://www.amazon.ca/Carhartt-Acrylic-Watch-Black-Size/dp/B002G9UDYG/ref=cm_cr_srp_d_product_top?ie=UTF8,2020-09-30 04:44:33.005467,2020-09-30 04:44:40.454305,Natalia,Clothing & Accessories,B002G9UDYG,B002G9UDYG
47,47,47,47,AEB7II6GI7OMZLHH6MQEWTSF36WA,"January 28, 2018",Three Stars,Arrived different cap - decided to leave it for my grandson.,yes,0,3.0,https://www.amazon.ca/XWDA-Lined-Winter-Slouchy-Beanies/dp/B01MYN44ZX/ref=cm_cr_srp_d_product_top?ie=UTF8,2020-09-30 04:44:49.612112,2020-09-30 04:44:59.026365,Natalia,Clothing & Accessories,B002G9UDYG,B01MYN44ZX
48,48,48,48,AEB7II6GI7OMZLHH6MQEWTSF36WA,"January 28, 2018",Five Stars,Pants are good.,yes,0,5.0,https://www.amazon.ca/Arctix-Youth-Insulated-Overalls-Large/dp/B072Q5VP99/ref=cm_cr_srp_d_product_top?ie=UTF8,2020-09-30 04:45:09.150197,2020-09-30 04:45:17.742544,Natalia,Clothing & Accessories,B002G9UDYG,B072Q5VP99
49,49,49,49,AEB7II6GI7OMZLHH6MQEWTSF36WA,"January 28, 2018",Five Stars,Great classic book! Thank you.,yes,0,5.0,https://www.amazon.ca/Polar-Express-anniversary-Chris-Allsburg/dp/0544580141/ref=cm_cr_srp_d_product_top?ie=UTF8,2020-09-30 04:45:25.828664,2020-09-30 04:45:35.149407,Natalia,Clothing & Accessories,B002G9UDYG,0544580141
50,50,50,50,AEB7II6GI7OMZLHH6MQEWTSF36WA,"January 28, 2018",Five Stars,"Bought for one granddaughter and it's so lovely, that should order for another one - oldest granddaughter too!",yes,0,5.0,https://www.amazon.ca/FurReal-Roarin-Tyler-Playful-Tiger/dp/B06XFW4CLT/ref=cm_cr_srp_d_product_top?ie=UTF8,2020-09-30 04:45:43.263451,2020-09-30 04:45:52.048107,Natalia,Clothing & Accessories,B002G9UDYG,B06XFW4CLT
51,51,51,51,AEB7II6GI7OMZLHH6MQEWTSF36WA,"January 28, 2018",Five Stars,"Nice, good quality, thank you.",yes,0,5.0,https://www.amazon.ca/dp/B076DX4MLK/ref=cm_cr_srp_d_product_top?ie=UTF8,2020-09-30 04:46:00.269166,2020-09-30 04:46:07.642047,Natalia,Clothing & Accessories,B002G9UDYG,B076DX4MLK
52,52,52,52,AEB7II6GI7OMZLHH6MQEWTSF36WA,"January 28, 2018",Five Stars,Perfect!,yes,0,5.0,https://www.amazon.ca/MOKOQI-Rotating-Projection-Changing-Christmas/dp/B01KPQIAGE/ref=cm_cr_srp_d_product_top?ie=UTF8,2020-09-30 04:46:17.011875,2020-09-30 04:46:26.481499,Natalia,Clothing & Accessories,B002G9UDYG,B01KPQIAGE
53,53,53,53,AEB7II6GI7OMZLHH6MQEWTSF36WA,"January 28, 2018",Five Stars,"Very good, but package could be bigger. :)",yes,0,5.0,https://www.amazon.ca/Pepperidge-Farm-Goldfish-Cheddar-Crackers/dp/B073WX1ZSK/ref=cm_cr_srp_d_product_top?ie=UTF8,2020-09-30 04:46:36.642177,2020-09-30 04:46:46.088180,Natalia,Clothing & Accessories,B002G9UDYG,B073WX1ZSK
54,54,54,54,AEB7II6GI7OMZLHH6MQEWTSF36WA,"January 28, 2018",Five Stars,Amazing gift for girl!,yes,0,5.0,https://www.amazon.ca/Barbie-Careers-Flippin-Gymnast-Playset/dp/B01ARGBRGW/ref=cm_cr_srp_d_product_top?ie=UTF8,2020-09-30 04:46:54.229194,2020-09-30 04:47:01.749967,Natalia,Clothing & Accessories,B002G9UDYG,B01ARGBRGW
55,55,55,55,AEB7II6GI7OMZLHH6MQEWTSF36WA,"January 28, 2018",Five Stars,Good.,yes,0,5.0,https://www.amazon.ca/Casual-Nights-Long-Sleeve-Nightgown/dp/B0195OXNHS/ref=cm_cr_srp_d_product_top?ie=UTF8,2020-09-30 04:47:11.863347,2020-09-30 04:47:19.296720,Natalia,Clothing & Accessories,B002G9UDYG,B0195OXNHS
56,56,56,56,AEB7II6GI7OMZLHH6MQEWTSF36WA,"January 28, 2018",Five Stars,Very nice book.,yes,0,5.0,https://www.amazon.ca/Christmas-Wish-Lori-Evert/dp/0449816818/ref=cm_cr_srp_d_product_top?ie=UTF8,2020-09-30 04:47:29.424506,2020-09-30 04:47:35.843590,Natalia,Clothing & Accessories,B002G9UDYG,0449816818
57,57,57,57,AEB7II6GI7OMZLHH6MQEWTSF36WA,"January 28, 2018",Five Stars,"Good, thanks.",yes,0,5.0,https://www.amazon.ca/Hot-Wheels-9-Car-Gift-Styles/dp/B006EFMSSM/ref=cm_cr_srp_d_product_top?ie=UTF8,2020-09-30 04:47:43.938961,2020-09-30 04:47:53.414582,Natalia,Clothing & Accessories,B002G9UDYG,B006EFMSSM
58,58,58,58,AEB7II6GI7OMZLHH6MQEWTSF36WA,"January 28, 2018",Five Stars,Very nice necklace.,yes,0,5.0,https://www.amazon.ca/Wonvin-Plated-Zircon-Pendant-Necklace/dp/B075WVLS5R/ref=cm_cr_srp_d_product_top?ie=UTF8,2020-09-30 04:48:01.519478,2020-09-30 04:48:10.968858,Natalia,Clothing & Accessories,B002G9UDYG,B075WVLS5R
59,59,59,59,AEB7II6GI7OMZLHH6MQEWTSF36WA,"January 28, 2018",Five Stars,"Bought it for Secret Santa exchange - huge success, everybody wanted it!",yes,0,5.0,https://www.amazon.ca/Hasbro-Canada-Corporation-C1009-Monopoly/dp/B06XTPBVC6/ref=cm_cr_srp_d_product_top?ie=UTF8,2020-09-30 04:48:20.092585,2020-09-30 04:48:28.529479,Natalia,Clothing & Accessories,B002G9UDYG,B06XTPBVC6
60,60,60,60,AEB7II6GI7OMZLHH6MQEWTSF36WA,"January 28, 2018",Five Stars,Interesting!,yes,0,5.0,https://www.amazon.ca/Itian-Flashing-Floating-Playing-Football/dp/B074NZ3VW9/ref=cm_cr_srp_d_product_top?ie=UTF8,2020-09-30 04:48:37.641945,2020-09-30 04:48:45.026740,Natalia,Clothing & Accessories,B002G9UDYG,B074NZ3VW9
61,61,61,61,AEB7II6GI7OMZLHH6MQEWTSF36WA,"January 28, 2018",Five Stars,It was a great gift!,yes,0,5.0,https://www.amazon.ca/Disney-Minnie-Mouse-Girls-Pajamas/dp/B01MD19QIG/ref=cm_cr_srp_d_product_top?ie=UTF8,2020-09-30 04:48:53.124500,2020-09-30 04:49:00.488878,Natalia,Clothing & Accessories,B002G9UDYG,B01MD19QIG
62,62,62,62,AEB7II6GI7OMZLHH6MQEWTSF36WA,"January 28, 2018","comfortable, colors don't change after washing","Very bright, comfortable, colors don't change after washing.",yes,0,5.0,https://www.amazon.ca/Paw-Patrol-Boys-Joggers-Size/dp/B072LPFZ1P/ref=cm_cr_srp_d_product_top?ie=UTF8,2020-09-30 04:49:08.602588,2020-09-30 04:49:16.041043,Natalia,Clothing & Accessories,B002G9UDYG,B072LPFZ1P
63,63,63,63,AEB7II6GI7OMZLHH6MQEWTSF36WA,"January 28, 2018",Five Stars,"Very soft and comfortable, thank you.",yes,0,5.0,https://www.amazon.ca/Avidlove-Stripes-Dresses-Sleepshirt-nightgown/dp/B01N7QCYQE/ref=cm_cr_srp_d_product_top?ie=UTF8,2020-09-30 04:49:25.151973,2020-09-30 04:49:33.596816,Natalia,Clothing & Accessories,B002G9UDYG,B01N7QCYQE
64,64,64,64,AEB7II6GI7OMZLHH6MQEWTSF36WA,"January 28, 2018","looks great, thanks you","Significant part of the collection, looks great, thanks you.",yes,0,5.0,https://www.amazon.ca/Schleich-Dragon-Knight-Action-Figure/dp/B00B1D7AZ8/ref=cm_cr_srp_d_product_top?ie=UTF8,2020-09-30 04:49:42.730256,2020-09-30 04:49:51.153977,Natalia,Clothing & Accessories,B002G9UDYG,B00B1D7AZ8
65,65,65,65,AEB7II6GI7OMZLHH6MQEWTSF36WA,"January 28, 2018",Five Stars,"Good, thanks you.",yes,0,5.0,https://www.amazon.ca/Disney-Frozen-Little-Kingdom-Celebration/dp/B011YZEPJG/ref=cm_cr_srp_d_product_top?ie=UTF8,2020-09-30 04:50:00.281094,2020-09-30 04:50:09.657685,Natalia,Clothing & Accessories,B002G9UDYG,B011YZEPJG
66,66,66,66,AEB7II6GI7OMZLHH6MQEWTSF36WA,"January 28, 2018",Five Stars,Very good! Thanks.,yes,0,5.0,https://www.amazon.ca/storeofbaby-Girls-Stretchy-Pleated-Skirt/dp/B01E89294S/ref=cm_cr_srp_d_product_top?ie=UTF8,2020-09-30 04:50:16.800813,2020-09-30 04:50:26.188056,Natalia,Clothing & Accessories,B002G9UDYG,B01E89294S
67,67,67,67,AEB7II6GI7OMZLHH6MQEWTSF36WA,"January 28, 2018",Four Stars,"Nice knight, but sward got broken in first few minutes of use.",yes,0,4.0,https://www.amazon.ca/Papo-Knight-in-Gold-Armour/dp/B00SDTZ51E/ref=cm_cr_srp_d_product_top?ie=UTF8,2020-09-30 04:50:36.303874,2020-09-30 04:50:42.787973,Natalia,Clothing & Accessories,B002G9UDYG,B00SDTZ51E
68,68,68,68,AEB7II6GI7OMZLHH6MQEWTSF36WA,"January 28, 2018",Five Stars,"In description it was brown, at picture - white. Arrived brown. Thank you.",yes,0,5.0,https://www.amazon.ca/Rite-Lite-Chanukah-Teddy-Bear/dp/B001EVP090/ref=cm_cr_srp_d_product_top?ie=UTF8,2020-09-30 04:50:49.892754,2020-09-30 04:50:58.304836,Natalia,Clothing & Accessories,B002G9UDYG,B001EVP090
69,69,69,69,AEB7II6GI7OMZLHH6MQEWTSF36WA,"January 28, 2018",Five Stars,Very good.,yes,0,5.0,https://www.amazon.ca/Disney-Handcraft-Little-Rotating-Underwear/dp/B0058VRCES/ref=cm_cr_srp_d_product_top?ie=UTF8,2020-09-30 04:51:08.418153,2020-09-30 04:51:14.863967,Natalia,Clothing & Accessories,B002G9UDYG,B0058VRCES
70,70,70,70,AEB7II6GI7OMZLHH6MQEWTSF36WA,"January 28, 2018",Five Stars,"Very nice, neatly done, I love it, thank you very much.",no,0,5.0,https://www.amazon.ca/Sterling-Silver-Swiss-Diamond-Pendant-Necklace/dp/B01DJHY0CE/ref=cm_cr_srp_d_product_top?ie=UTF8,2020-09-30 04:51:24.970137,2020-09-30 04:51:31.266487,Natalia,Clothing & Accessories,B002G9UDYG,B01DJHY0CE
71,71,71,71,AEB7II6GI7OMZLHH6MQEWTSF36WA,"May 7, 2017",Good Friend for Barbie,"Bought it for grandson that he could join his sister and play together, when she plays her Barbie. They liked the idea!",yes,0,5.0,https://www.amazon.ca/Barbie-DGY67-Fashionistas-Ken-Doll/dp/B014AHMWEA/ref=cm_cr_srp_d_product_top?ie=UTF8,2020-09-30 04:51:39.376695,2020-09-30 04:51:47.826478,Natalia,Clothing & Accessories,B002G9UDYG,B014AHMWEA
72,72,72,72,AEB7II6GI7OMZLHH6MQEWTSF36WA,"May 7, 2017",Good for Outside Activities,"Very comfortable and good looking set. Easy in sport activities, I just love it. Quality is great, packaging was good, arrived in great condition. Thank you!",yes,One,5.0,https://www.amazon.ca/Contrast-String-Hoodie-Bottoms-Tracksuit/dp/B01JUO4AJI/ref=cm_cr_srp_d_product_top?ie=UTF8,2020-09-30 04:51:55.943064,2020-09-30 04:52:03.325449,Natalia,Clothing & Accessories,B002G9UDYG,B01JUO4AJI
73,73,73,73,AEB7II6GI7OMZLHH6MQEWTSF36WA,"May 7, 2017",Sport Pants,"Very comfortable and pleasant on touch pants. Easy in sport activities, I just love it. Quality is great, packaging was good, arrived in great condition. Thank you!",yes,0,5.0,https://www.amazon.ca/Just-My-Size-Womens-Plus-Size/dp/B010D2I1ZA/ref=cm_cr_srp_d_product_top?ie=UTF8,2020-09-30 04:52:13.439822,2020-09-30 04:52:19.836152,Natalia,Clothing & Accessories,B002G9UDYG,B010D2I1ZA
74,74,74,74,AEB7II6GI7OMZLHH6MQEWTSF36WA,"May 7, 2017",Another Just My Size Shirt,"Very comfortable and pleasant on touch shirt. Easy in sport activities, I just love it. Quality is great, packaging was good, arrived in great condition. Thank you!",yes,3,5.0,https://www.amazon.ca/Just-My-Size-Womens-Shirt-Tail/dp/B016LJ7QZA/ref=cm_cr_srp_d_product_top?ie=UTF8,2020-09-30 04:52:27.940601,2020-09-30 04:52:34.323442,Natalia,Clothing & Accessories,B002G9UDYG,B016LJ7QZA
75,75,75,75,AEB7II6GI7OMZLHH6MQEWTSF36WA,"May 7, 2017",Just My Size,"Very comfortable and pleasant on touch shirt. Easy in sport activities, I just love it. Quality is great, packaging was good, arrived in great condition. Thank you!",yes,One,5.0,https://www.amazon.ca/Just-My-Size-Plus-Size-Cooldri/dp/B01B3IT1UC/ref=cm_cr_srp_d_product_top?ie=UTF8,2020-09-30 04:52:42.424886,2020-09-30 04:52:48.849513,Natalia,Clothing & Accessories,B002G9UDYG,B01B3IT1UC
76,76,76,76,AEB7II6GI7OMZLHH6MQEWTSF36WA,"May 7, 2017",Hair Rollers,"Great product, thank you. That is exactly what my daughter wanted and expected. Very good and safe packaging, thank you again.",yes,0,5.0,https://www.amazon.ca/Remington-Ceramic-Rollers-Compact-Setter/dp/B000EPJNMW/ref=cm_cr_srp_d_product_top?ie=UTF8,2020-09-30 04:52:58.959743,2020-09-30 04:53:05.329007,Natalia,Clothing & Accessories,B002G9UDYG,B000EPJNMW
77,77,77,77,AEB7II6GI7OMZLHH6MQEWTSF36WA,"May 7, 2017",Clips for Hair Rollers,"I bought the set as part of gift - as addition to hair roller. My daughter is very happy about the product, thank you.",yes,One,5.0,https://www.amazon.ca/BabylissPRO-Clips-for-Rollers-White/dp/B005W1DVCG/ref=cm_cr_srp_d_product_top?ie=UTF8,2020-09-30 04:53:13.434468,2020-09-30 04:53:22.878101,Natalia,Clothing & Accessories,B002G9UDYG,B005W1DVCG
78,78,78,78,AEB7II6GI7OMZLHH6MQEWTSF36WA,"December 28, 2016",Good for doll,Baby was happy to get it for her baby-doll.,yes,0,5.0,https://www.amazon.ca/Perfect-Bedding-bedding-comforter-blanket/dp/B005PIO9AE/ref=cm_cr_srp_d_product_top?ie=UTF8,2020-09-30 04:53:32.005418,2020-09-30 04:53:38.361608,Natalia,Clothing & Accessories,B002G9UDYG,B005PIO9AE
79,79,79,79,AEB7II6GI7OMZLHH6MQEWTSF36WA,"December 28, 2016",For Little Girl,Thank you!,yes,0,5.0,https://www.amazon.ca/Steffi-Love-Sunshine-Twins-Set/dp/B00UI0GJTI/ref=cm_cr_srp_d_product_top?ie=UTF8,2020-09-30 04:53:45.471525,2020-09-30 04:53:51.896961,Natalia,Clothing & Accessories,B002G9UDYG,B00UI0GJTI
80,80,80,80,AEB7II6GI7OMZLHH6MQEWTSF36WA,"December 28, 2016",Great Gift,"Very nice, arrived in good condition, very quickly, thank you.",yes,One,5.0,https://www.amazon.ca/Lord-Rings-Chess-Characters-Set/dp/B00KXUHID4/ref=cm_cr_srp_d_product_top?ie=UTF8,2020-09-30 04:54:01.016388,2020-09-30 04:54:07.391490,Natalia,Clothing & Accessories,B002G9UDYG,B00KXUHID4
81,81,81,81,AEB7II6GI7OMZLHH6MQEWTSF36WA,"December 28, 2016",Dream Came True.,"It was amazing gift! Receiver was more than happy, thank you!",yes,0,5.0,https://www.amazon.ca/Cuisinart-CSB-80C-Smartstick-High-Torque-Blender/dp/B008MH9VXA/ref=cm_cr_srp_d_product_top?ie=UTF8,2020-09-30 04:54:14.538440,2020-09-30 04:54:21.032531,Natalia,Clothing & Accessories,B002G9UDYG,B008MH9VXA
82,82,82,82,AEB7II6GI7OMZLHH6MQEWTSF36WA,"December 28, 2016",No Header,Thanks.,yes,0,5.0,https://www.amazon.ca/2-Year-DOP-Kitchen-Plan-75-100/dp/B01BXBVPIK/ref=cm_cr_srp_d_product_top?ie=UTF8,2020-09-30 04:54:28.127560,2020-09-30 04:54:34.521630,Natalia,Clothing & Accessories,B002G9UDYG,B01BXBVPIK
83,83,83,83,AEB7II6GI7OMZLHH6MQEWTSF36WA,"December 28, 2016",For Little Princess,"Looks better than at picture, very lovely dress, thank you.",yes,0,5.0,https://www.amazon.ca/Girls-Flower-Pageant-Unique-Design/dp/B01FV46TYA/ref=cm_cr_srp_d_product_top?ie=UTF8,2020-09-30 04:54:43.636366,2020-09-30 04:54:50.055437,Natalia,Clothing & Accessories,B002G9UDYG,B01FV46TYA
84,84,84,84,AEB7II6GI7OMZLHH6MQEWTSF36WA,"December 28, 2016",Great for Kids of Any Age.,"Very cute, soft, loveable.",yes,0,5.0,https://www.amazon.ca/Gund-Philbin-18-Inch-Teddy-Brown/dp/B003S7J26U/ref=cm_cr_srp_d_product_top?ie=UTF8,2020-09-30 04:54:58.177794,2020-09-30 04:55:07.580476,Natalia,Clothing & Accessories,B002G9UDYG,B003S7J26U
85,85,85,85,AEB7II6GI7OMZLHH6MQEWTSF36WA,"November 10, 2016",Motorcycle with Figurine,"One of the grandson's little dreams come true, thank you.",yes,0,5.0,https://www.amazon.ca/CAPTAIN-AMERICA-Winter-Soldier-Motorcycle/dp/B011YZ7X2C/ref=cm_cr_srp_d_product_top?ie=UTF8,2020-09-30 04:55:14.697125,2020-09-30 04:55:22.113861,Natalia,Clothing & Accessories,B002G9UDYG,B011YZ7X2C
86,86,86,86,AEB7II6GI7OMZLHH6MQEWTSF36WA,"November 10, 2016",Paw Patrol Friends for Kid,"Great toy for little kid, who loves Paw Patrol!",yes,0,5.0,https://www.amazon.ca/Patrol-20063721-Marshalls-Fightin-Vehicle/dp/B00ITOAWUC/ref=cm_cr_srp_d_product_top?ie=UTF8,2020-09-30 04:55:29.232166,2020-09-30 04:55:38.548231,Natalia,Clothing & Accessories,B002G9UDYG,B00ITOAWUC
87,87,87,87,AEB7II6GI7OMZLHH6MQEWTSF36WA,"November 10, 2016",Paw Patrol Friends for Kid,"Great toy for little kid, who loves Paw Patrol!",yes,0,5.0,https://www.amazon.ca/Patrol-20066708-Copter-Vehicle-Figure/dp/B00ITOAYZK/ref=cm_cr_srp_d_product_top?ie=UTF8,2020-09-30 04:55:45.669493,2020-09-30 04:55:52.092464,Natalia,Clothing & Accessories,B002G9UDYG,B00ITOAYZK
88,88,88,88,AEB7II6GI7OMZLHH6MQEWTSF36WA,"November 1, 2016",Great Christmas Gift for Boys!,"Makes a great gift for little boy - fun to play and packed in nice bright box, thank you!",yes,0,5.0,https://www.amazon.ca/Playmobil-Motorcycle-Workshop-Play-Building/dp/B00O4E300U/ref=cm_cr_srp_d_product_top?ie=UTF8,2020-09-30 04:56:01.198366,2020-09-30 04:56:08.567056,Natalia,Clothing & Accessories,B002G9UDYG,B00O4E300U
89,89,89,89,AEB7II6GI7OMZLHH6MQEWTSF36WA,"October 11, 2016",Lucky Choice,"Good quality, nice look, very pleasant fabric, thank you.",yes,0,5.0,https://www.amazon.ca/Timeson-Womens-Vintage-Blouse-X-Large/dp/B01HGN76R8/ref=cm_cr_srp_d_product_top?ie=UTF8,2020-09-30 04:56:15.686393,2020-09-30 04:56:22.074264,Natalia,Clothing & Accessories,B002G9UDYG,B01HGN76R8
90,90,90,90,AEB7II6GI7OMZLHH6MQEWTSF36WA,"October 11, 2016",Exceeding Expectations,"I am absolutely exited - these linen kitchen dish tea towels looks even better than at picture! Absolutely high quality, nice colors, very good size. And one more thing - very good customer service: seller showed me a lot of care; that was very pleasant. Thank you very much!

Best regards,
N.G.",yes,0,5.0,https://www.amazon.ca/H-line-Embroidered-Personalized-Anniversary-Housewarming/dp/B01IJNMOA8/ref=cm_cr_srp_d_product_top?ie=UTF8,2020-09-30 04:56:31.189211,2020-09-30 04:56:39.638745,Natalia,Clothing & Accessories,B002G9UDYG,B01IJNMOA8
91,91,91,91,AEB7II6GI7OMZLHH6MQEWTSF36WA,"October 10, 2016",One Star,Failed to deliver. Ordered another product of the series.,yes,0,1.0,https://www.amazon.ca/Liberty-Imports-Dog-Piggy-Bank/dp/B007RFSW1K/ref=cm_cr_srp_d_product_top?ie=UTF8,2020-09-30 04:56:46.755467,2020-09-30 04:56:54.215346,Natalia,Clothing & Accessories,B002G9UDYG,B007RFSW1K
92,92,92,92,AEB7II6GI7OMZLHH6MQEWTSF36WA,"October 10, 2016",Ideal Gift for Grandson,Will make a great gift - completing the Backyard Safari Cargo Vest. Thank you very much!,yes,0,5.0,https://www.amazon.ca/Carson-AdventurePak-Containing-Thermometer-HU-401/dp/B000CKE8WE/ref=cm_cr_srp_d_product_top?ie=UTF8,2020-09-30 04:57:04.334413,2020-09-30 04:57:11.690205,Natalia,Clothing & Accessories,B002G9UDYG,B000CKE8WE
93,93,93,93,AEB7II6GI7OMZLHH6MQEWTSF36WA,"October 10, 2016",Five Stars,Even better than at picture! Sure my grandson will love it! Thank you.,yes,0,5.0,https://www.amazon.ca/Backyard-Safari-0T2408004-Cargo-Vest/dp/B0039WN9FE/ref=cm_cr_srp_d_product_top?ie=UTF8,2020-09-30 04:57:21.799675,2020-09-30 04:57:30.197681,Natalia,Clothing & Accessories,B002G9UDYG,B0039WN9FE
94,94,94,94,AEB7II6GI7OMZLHH6MQEWTSF36WA,"October 10, 2016",Five Stars,"Great product, fits perfectly, granddaughter loves theses sleepers, thank you.",yes,0,5.0,https://www.amazon.ca/Childrens-Flower-Design-Footwear-Slippers/dp/B007G2GQ3A/ref=cm_cr_srp_d_product_top?ie=UTF8,2020-09-30 04:57:37.306778,2020-09-30 04:57:45.668462,Natalia,Clothing & Accessories,B002G9UDYG,B007G2GQ3A
95,95,95,95,AEB7II6GI7OMZLHH6MQEWTSF36WA,"September 19, 2016",Kitty Bank,"Very cute, will make a nice gift for little girl.",yes,0,5.0,https://www.amazon.ca/Mischief-Saving-Box-Stealing-Strawberry/dp/B01DTKMGP4/ref=cm_cr_srp_d_product_top?ie=UTF8,2020-09-30 04:57:53.786465,2020-09-30 04:58:01.156880,Natalia,Clothing & Accessories,B002G9UDYG,B01DTKMGP4
96,96,96,96,AEB7II6GI7OMZLHH6MQEWTSF36WA,"September 19, 2016",Great Set,"Nice box, very careful and safe packaging, thank you.",yes,0,5.0,https://www.amazon.ca/WearEver-Nonstick-Scratch-Resistant-Dishwasher-Cookware/dp/B009L16ZBM/ref=cm_cr_srp_d_product_top?ie=UTF8,2020-09-30 04:58:10.277448,2020-09-30 04:58:16.651303,Natalia,Clothing & Accessories,B002G9UDYG,B009L16ZBM
97,97,97,97,AEB7II6GI7OMZLHH6MQEWTSF36WA,"September 19, 2016",Gift for little baby,"Looks even better than at picture! Nice box, great packaging. Arrived super fast, thank you!",yes,0,5.0,https://www.amazon.ca/Royal-Doulton-Bunnykins-Nursery-Set/dp/B00023DLJW/ref=cm_cr_srp_d_product_top?ie=UTF8,2020-09-30 04:58:26.762213,2020-09-30 04:58:36.147588,Natalia,Clothing & Accessories,B002G9UDYG,B00023DLJW
98,98,98,98,AEB7II6GI7OMZLHH6MQEWTSF36WA,"January 28, 2015","says it's very comfortable, light","My husband just loves the vest - uses it all the time, says it's very comfortable, light, even fashionable. Thank you!",yes,One,5.0,https://www.amazon.ca/Rothco-Plainclothes-Concealed-Carry-Medium/dp/B0048NWEKY/ref=cm_cr_srp_d_product_top?ie=UTF8,2020-09-30 04:58:46.271708,2020-09-30 04:58:55.684523,Natalia,Clothing & Accessories,B002G9UDYG,B0048NWEKY
99,99,99,99,AEB7II6GI7OMZLHH6MQEWTSF36WA,"January 28, 2015",Very romantic nice looking gift for Lord of the Rings lovers,Very romantic nice looking gift for Lord of the Rings lovers. Our niece was very happy to get it. Thank you!,yes,One,5.0,https://www.amazon.ca/Wo-dreams-Aragorn-Pendant-Necklace-Clistmas/dp/B00P6BD5C8/ref=cm_cr_srp_d_product_top?ie=UTF8,2020-09-30 04:59:03.802830,2020-09-30 04:59:13.165725,Natalia,Clothing & Accessories,B002G9UDYG,B00P6BD5C8
100,100,100,100,AEB7II6GI7OMZLHH6MQEWTSF36WA,"January 28, 2015",Five Stars,Very pretty doll - my granddaughter loves it. Thank you! Definitely will buy more Madame Alexander dolls.,yes,0,5.0,https://www.amazon.ca/Madame-Alexander-Cinderella-Showcase-Collection/dp/B00C1ZXGPS/ref=cm_cr_srp_d_product_top?ie=UTF8,2020-09-30 04:59:20.278176,2020-09-30 04:59:29.675040,Natalia,Clothing & Accessories,B002G9UDYG,B00C1ZXGPS
101,101,101,101,AEB7II6GI7OMZLHH6MQEWTSF36WA,"November 23, 2013",Rock-a-Bye Bear,"Very cute, nicely packed safe and now highly loved toy for my granddaughter.
I would recommend it - it's soft, not big, easy to care even for little kids. Great gift!
Thank you!",yes,0,5.0,https://www.amazon.ca/Gund-Rock-Teddy-Animated-10-Inch/dp/B00BJ60HB6/ref=cm_cr_srp_d_product_top?ie=UTF8,2020-09-30 04:59:39.771974,2020-09-30 04:59:49.229196,Natalia,Clothing & Accessories,B002G9UDYG,B00BJ60HB6
102,102,102,102,AEB7II6GI7OMZLHH6MQEWTSF36WA,"November 23, 2013",The Knight Glendragon Castle Playset,"Very nice and joyful purchase for my grandson. Would recommend for little boys with fantasy!
I would highly recommend for little kids or day care.
Thank you!",yes,0,5.0,https://www.amazon.ca/Fisher-Price-Mike-Knight-Glendragon-Playset/dp/B00BIDJP2W/ref=cm_cr_srp_d_product_top?ie=UTF8,2020-09-30 04:59:58.341851,2020-09-30 05:00:04.763208,Natalia,Clothing & Accessories,B002G9UDYG,B00BIDJP2W
103,103,103,103,AEB7II6GI7OMZLHH6MQEWTSF36WA,"November 23, 2013",Green Toys Fire Truck,"I bought this Fire Truck for my grandson as part of Christmas Gift and hope he will enjoy the safe and developing plays with this machine. It arrived nicely packed, on time, looks exactly as it is on picture, so I have no complains and thank the seller.",yes,One,5.0,https://www.amazon.ca/Green-Toys-FTK01R-Fire-Truck/dp/B003WMC6U0/ref=cm_cr_srp_d_product_top?ie=UTF8,2020-09-30 05:00:11.870745,2020-09-30 05:00:19.340020,Natalia,Clothing & Accessories,B002G9UDYG,B003WMC6U0
104,104,104,104,AEB7II6GI7OMZLHH6MQEWTSF36WA,"October 23, 2013",Amazing Goft,"This Elefun became a gift for my grandnephew. Among all the presents he had, he liked this one more than anything else. Nobody could interrupt him - he played with it all the day! And until now it is still his favourite.
Thank you!",yes,0,5.0,https://www.amazon.ca/Playskool-Learnimals-ABC-Adventure-Elefun/dp/B00D6BHJMM/ref=cm_cr_srp_d_product_top?ie=UTF8,2020-09-30 05:00:26.453791,2020-09-30 05:00:33.856853,Natalia,Clothing & Accessories,B002G9UDYG,B00D6BHJMM
105,105,105,105,AEB7II6GI7OMZLHH6MQEWTSF36WA,"December 6, 2012",Very good book for beginner - professional designer,"Great book, very informative and professional - it made very significant part of our gift for a professional beginner in design. Delivery was fast, book condition is very good. Thank you!",yes,0,5.0,https://www.amazon.ca/Design-Basics-2D-Stephen-Pentak/dp/1133310400/ref=cm_cr_srp_d_product_top?ie=UTF8,2020-09-30 05:00:41.959258,2020-09-30 05:00:49.383686,Natalia,Clothing & Accessories,B002G9UDYG,1133310400
106,106,106,106,AEB7II6GI7OMZLHH6MQEWTSF36WA,"December 6, 2012",Great gift for professional designer,"Thank you very much for helping me to get a great gift for younge professional designer. Book is very interesting, useful, meeting all the desired expectations. It was delivered very quickly and in absolutely perfect condition. We are very satisfied with the purchase.",yes,0,5.0,https://www.amazon.ca/Understanding-Color-Introduction-Designers-Holtzschue/dp/0470381353/ref=cm_cr_srp_d_product_top?ie=UTF8,2020-09-30 05:00:58.509121,2020-09-30 05:01:06.926262,Natalia,Clothing & Accessories,B002G9UDYG,0470381353
107,107,107,107,AEB7II6GI7OMZLHH6MQEWTSF36WA,"October 30, 2012",Architectural Drafting for Interior Designers by Lydia Cline,"This was a gift and my daughter is really happy with this gift - this book nad Design Basics by Stephen Pentak were the books she trully wanted to have.

Thank you,
Natalia.",yes,0,5.0,https://www.amazon.ca/Architectural-Drafting-Interior-Designers-Lydia/dp/1418032972/ref=cm_cr_srp_d_product_top?ie=UTF8,2020-09-30 05:01:16.044298,2020-09-30 05:01:22.508079,Natalia,Clothing & Accessories,B002G9UDYG,1418032972
