,Unnamed: 0,Unnamed: 0.1,Unnamed: 0.1.1,author_id,date_review_posted,review_title,reviews,verified_purchase,people_find_helpful,ratings,product_url,start,end,reviewer_name,product_category,product_id,subproduct_id
0,0,0,0,AEBGENS5TMWU52DLNQGDRY6FBFDA,"February 2, 2020",does the job,"Overall nice as it does the job nicely, but if it didn't start to get hot after an hour, i would give it 5 stars.",yes,0,4.0,https://www.amazon.ca/Wahl-Canada-3145-Performance-Cutting/dp/B00U0YK4MK/ref=cm_cr_srp_d_product_top?ie=UTF8,2020-09-30 12:17:47.958515,2020-09-30 12:17:54.354588,Gagandeep S.,Clothing & Accessories,B002G9UDYG,B00U0YK4MK
1,1,1,1,AEBGENS5TMWU52DLNQGDRY6FBFDA,"December 3, 2018",Works flawless,Great product,yes,0,5.0,https://www.amazon.ca/Wifi-Adapter-150Mbps-Jynxbox-Raspberry/dp/B019MSGDKQ/ref=cm_cr_srp_d_product_top?ie=UTF8,2020-09-30 12:18:02.456299,2020-09-30 12:18:08.841769,Gagandeep S.,Clothing & Accessories,B002G9UDYG,B019MSGDKQ
2,2,2,2,AEBGENS5TMWU52DLNQGDRY6FBFDA,"November 4, 2018",Great,Good produc5,yes,0,5.0,https://www.amazon.ca/Wireless-PICTEK-%E3%80%90Qi-Certified%E3%80%91Fast-Charging-Included/dp/B071FR1N1G/ref=cm_cr_srp_d_product_top?ie=UTF8,2020-09-30 12:18:16.938125,2020-09-30 12:18:23.316205,Gagandeep S.,Clothing & Accessories,B002G9UDYG,B071FR1N1G
3,3,3,3,AEBGENS5TMWU52DLNQGDRY6FBFDA,"September 17, 2018",Unreliable,"Likes:
1.Good design
2. Wifi

Dislikes:
1. Poor video quality (even with 1080p). Cant read license plate.
2. Unreliable - instead of recording full 3 mins videos, a number of times it records just 1 second long video. Out of my 20 mins long trip, it recorde
d less than 5 mins in total. It's moody. It will work whenever it feels like.
3. Unclear wifi instructions to setup. You have to read the full manual booklet to figure it out.

Returning mine today.",yes,7,2.0,https://www.amazon.ca/Pruveeo-Cameras-Dashboard-Driving-Recorder/dp/B01MQVYT8E/ref=cm_cr_srp_d_product_top?ie=UTF8,2020-09-30 12:18:30.430482,2020-09-30 12:18:37.870637,Gagandeep S.,Clothing & Accessories,B002G9UDYG,B01MQVYT8E
4,4,4,4,AEBGENS5TMWU52DLNQGDRY6FBFDA,"January 12, 2018",Perfect,the best,yes,0,5.0,https://www.amazon.ca/Charging-CableCreation-Certified-Lightning-Compatible/dp/B015STFVU6/ref=cm_cr_srp_d_product_top?ie=UTF8,2020-09-30 12:18:46.963683,2020-09-30 12:18:56.366938,Gagandeep S.,Clothing & Accessories,B002G9UDYG,B015STFVU6
5,5,5,5,AEBGENS5TMWU52DLNQGDRY6FBFDA,"December 28, 2017",Five Stars,great quality. looks good. I am happy with it.,yes,0,5.0,https://www.amazon.ca/Carhartt-Acrylic-Watch-Black-Size/dp/B002G9UDYG/ref=cm_cr_srp_d_product_top?ie=UTF8,2020-09-30 12:19:06.468225,2020-09-30 12:19:13.891056,Gagandeep S.,Clothing & Accessories,B002G9UDYG,B002G9UDYG
6,6,6,6,AEBGENS5TMWU52DLNQGDRY6FBFDA,"December 28, 2017",Product Material is not as good. It has a strange bad smell to it,"Product Material is not as good. It has a strange bad smell to it. Fits well tho. Also the product came without a tag, not sure if they always come like this. I threw mine into the laundry as soon as I received it because of the smell. but you cant expect too much for such a cheap price.",yes,2,2.0,https://www.amazon.ca/Hanes-Ecosmart-Fleece-Sweatshirt-Medium/dp/B01L8JJ840/ref=cm_cr_srp_d_product_top?ie=UTF8,2020-09-30 12:19:20.987812,2020-09-30 12:19:30.375282,Gagandeep S.,Clothing & Accessories,B002G9UDYG,B01L8JJ840
