,Unnamed: 0,Unnamed: 0.1,Unnamed: 0.1.1,author_id,date_review_posted,review_title,reviews,verified_purchase,people_find_helpful,ratings,product_url,start,end,reviewer_name,product_category,product_id,subproduct_id
0,0,0,0,AEBUB7OLG2XHJW5PV6G3XQWY2NOQ,"January 25, 2018",Five Stars,"Great material, elasticity and price. Exactly what i was looking for.",yes,0,5.0,https://www.amazon.ca/Carhartt-Acrylic-Watch-Black-Size/dp/B002G9UDYG/ref=cm_cr_srp_d_product_top?ie=UTF8,2020-09-30 12:09:12.205096,2020-09-30 12:09:19.606637,Yussuf,Clothing & Accessories,B002G9UDYG,B002G9UDYG
1,1,1,1,AEBUB7OLG2XHJW5PV6G3XQWY2NOQ,"January 25, 2018",Five Stars,Exactly what i wanted.,yes,0,5.0,https://www.amazon.ca/AmazonBasics-High-Speed-HDMI-Cable-1-Pack/dp/B014I8T0YQ/ref=cm_cr_srp_d_product_top?ie=UTF8,2020-09-30 12:09:28.721363,2020-09-30 12:09:37.105320,Yussuf,Clothing & Accessories,B002G9UDYG,B014I8T0YQ
2,2,2,2,AEBUB7OLG2XHJW5PV6G3XQWY2NOQ,"January 25, 2018",Five Stars,Exactly what i wanted.,yes,0,5.0,https://www.amazon.ca/AmazonBasics-Input-Output-Adapter-Cable/dp/B014I8UQJY/ref=cm_cr_srp_d_product_top?ie=UTF8,2020-09-30 12:09:46.210714,2020-09-30 12:09:53.597535,Yussuf,Clothing & Accessories,B002G9UDYG,B014I8UQJY
3,3,3,3,AEBUB7OLG2XHJW5PV6G3XQWY2NOQ,"January 25, 2018",Five Stars,exactly what i wanted.,yes,0,5.0,https://www.amazon.ca/Ethernet-Higher-Bandwidth-Internet-Network/dp/B017P34W6C/ref=cm_cr_srp_d_product_top?ie=UTF8,2020-09-30 12:10:01.705148,2020-09-30 12:10:11.101351,Yussuf,Clothing & Accessories,B002G9UDYG,B017P34W6C
4,4,4,4,AEBUB7OLG2XHJW5PV6G3XQWY2NOQ,"January 25, 2018",Good size and it does the job,"I got this for my 7 yr old son, who likes Lego. Good size and it does the job. I understand that I am paying extra for the Lego Brand, but i still think Its over priced for such a basic alarm clock. Has a simple beeping sound for the alarm and It would be nice if it had alternative alarm sounds and a way to adjust the volume.
If the Lego brand isn't important to you or loved ones, you can get alot more bang for your buck else where.",yes,0,3.0,https://www.amazon.ca/LEGO-9002168-plastic-display-official/dp/B0055S0764/ref=cm_cr_srp_d_product_top?ie=UTF8,2020-09-30 12:10:21.204978,2020-09-30 12:10:29.609483,Yussuf,Clothing & Accessories,B002G9UDYG,B0055S0764
