,Unnamed: 0,Unnamed: 0.1,Unnamed: 0.1.1,author_id,date_review_posted,review_title,reviews,verified_purchase,people_find_helpful,ratings,product_url,start,end,reviewer_name,product_category,product_id,subproduct_id
0,0,0,0,AEJ5LNEVGV3VO7X2LIUEUI2GLJXA,"August 5, 2020",Great Value,Great value for a pack of AAA! I only recently purchased so cannot comment on longevity.,yes,0,5.0,https://www.amazon.ca/AmazonBasics-Performance-Alkaline-Batteries-20-Pack/dp/B00NTCHCU2/ref=cm_cr_srp_d_product_top?ie=UTF8,2020-09-19 02:04:53.530386,2020-09-19 02:05:02.768875,Abigail,Clothing & Accessories,B002G9UDYG,B00NTCHCU2
1,1,1,1,AEJ5LNEVGV3VO7X2LIUEUI2GLJXA,"July 28, 2020",Great!,"Easy to install, super bright! Will update in the future regarding longevity.",yes,0,5.0,https://www.amazon.ca/SiriusLED-Extremely-Chipset-Interior-Courtesy/dp/B0186P1MUW/ref=cm_cr_srp_d_product_top?ie=UTF8,2020-09-19 02:05:12.863203,2020-09-19 02:05:20.167453,Abigail,Clothing & Accessories,B002G9UDYG,B0186P1MUW
2,2,2,2,AEJ5LNEVGV3VO7X2LIUEUI2GLJXA,"July 28, 2020",Life Saver,Amazing product! Immediately made a difference! My son's room has the most sun and was the warmest in the house - even with thermal insulated blackout curtains! But this makes it the coolest upstairs room now!,yes,0,5.0,https://www.amazon.ca/AC-Infinity-Register-Thermostat-Registers/dp/B07H8R5G1W/ref=cm_cr_srp_d_product_top?ie=UTF8,2020-09-19 02:05:30.261808,2020-09-19 02:05:38.557073,Abigail,Clothing & Accessories,B002G9UDYG,B07H8R5G1W
3,3,3,3,AEJ5LNEVGV3VO7X2LIUEUI2GLJXA,"July 19, 2020",Amazing Set!,"My son loves it!

I did not read the description before purchasing (woops!) But it was a pleasant surprise that the comforter is reversible! My son loves the soft plushy side for sleeping under, and the typical comfort on top. Great quality, especially for the price!",yes,0,5.0,https://www.amazon.ca/Disney-42713-311-TDST-TOYS-Story-3-Piece-Toddler/dp/B07WZZ6ZSC/ref=cm_cr_srp_d_product_top?ie=UTF8,2020-09-19 02:05:46.648927,2020-09-19 02:05:55.931042,Abigail,Clothing & Accessories,B002G9UDYG,B07WZZ6ZSC
4,4,4,4,AEJ5LNEVGV3VO7X2LIUEUI2GLJXA,"February 7, 2020",Great!,"So far so good!
My son loves his. It's his first bigger-boy cup (no handles).
It's been thrown and dropped countless times, no issues yet!
Good price for 2 large cups as well.",yes,0,5.0,https://www.amazon.ca/Philips-SCF792-21-Cup-10oz-Double/dp/B01M6C0KET/ref=cm_cr_srp_d_product_top?ie=UTF8,2020-09-19 02:06:03.023198,2020-09-19 02:06:12.329117,Abigail,Clothing & Accessories,B002G9UDYG,B01M6C0KET
5,5,5,5,AEJ5LNEVGV3VO7X2LIUEUI2GLJXA,"January 23, 2020",Amazing!,"Got it with Prime Shipping in 2 days! It was already on sale and had a $50, so the price really couldn't be beat! I had never purchased a mattress before. This is my first new one. I was a little worried ""What if I hate it"" or ""Will it be uncomfortable?"" But OMG. First night on it after years of a supremely lumpy, hard mattress was amazing. I almost called in sick to work just to pay in it some more. I love this mattress already and it's a fantastic value!",yes,12,5.0,https://www.amazon.ca/BedStory-Mattress-Memory-Hybrid-Pocketed/dp/B07WD5YD46/ref=cm_cr_srp_d_product_top?ie=UTF8,2020-09-19 02:06:22.418982,2020-09-19 02:06:28.733539,Abigail,Clothing & Accessories,B002G9UDYG,B07WD5YD46
6,6,6,6,AEJ5LNEVGV3VO7X2LIUEUI2GLJXA,"December 15, 2019",Great for Warm Weather,Great stroller but not fantastic in any snow or slush. Still fantastic for the price and storage! Super easy to use.,yes,0,4.0,https://www.amazon.ca/Summer-Infant-Convenience-Stroller-Heather/dp/B01NAG3OIF/ref=cm_cr_srp_d_product_top?ie=UTF8,2020-09-19 02:06:35.831183,2020-09-19 02:06:44.082532,Abigail,Clothing & Accessories,B002G9UDYG,B01NAG3OIF
7,7,7,7,AEJ5LNEVGV3VO7X2LIUEUI2GLJXA,"December 15, 2019",Great Slouch Style,"Nice quality and warm! However, it was more of a slouch style.",yes,0,5.0,https://www.amazon.ca/Carhartt-Acrylic-Watch-Black-Size/dp/B002G9UDYG/ref=cm_cr_srp_d_product_top?ie=UTF8,2020-09-19 02:06:54.174728,2020-09-19 02:07:03.454107,Abigail,Clothing & Accessories,B002G9UDYG,B002G9UDYG
8,8,8,8,AEJ5LNEVGV3VO7X2LIUEUI2GLJXA,"July 28, 2019",Best idea yet!,"Love it! My car doesn't have vents in the back and my son was sweating buckets while I was driving in Antarctica. Only hiccup is the remote needs doesn't have a good range, so when driving I have to reach in the back quite a bit and point to the mirror to get it to go again. A little longer range as my car is a normal size car would make this perfect for all!",yes,0,5.0,https://www.amazon.ca/BRICA-Breeze-Baby-Sight-Mirror/dp/B07B94419M/ref=cm_cr_srp_d_product_top?ie=UTF8,2020-09-19 02:07:12.542823,2020-09-19 02:07:20.809231,Abigail,Clothing & Accessories,B002G9UDYG,B07B94419M
9,9,9,9,AEJ5LNEVGV3VO7X2LIUEUI2GLJXA,"June 6, 2019",Didn't Work,"Had mice in my new apartment. Installed these. Landlord also had pest control comez so I'm not entirely sure if these helped or not.

I bought them in the beginning of May. No reduction in spiders and now we're having ant problems. I have all 4 plugged in. My apartment is only 1000sq ft. I shouldn't be having problems. Unfortunately they don't seem to work for me.",yes,2,2.0,https://www.amazon.ca/Ultrasonic-Pest-Repeller-4-Pack-Plug/dp/B07MHYTCHT/ref=cm_cr_srp_d_product_top?ie=UTF8,2020-09-19 02:07:28.901047,2020-09-19 02:07:35.173679,Abigail,Clothing & Accessories,B002G9UDYG,B07MHYTCHT
10,10,10,10,AEJ5LNEVGV3VO7X2LIUEUI2GLJXA,"May 3, 2019",Great and easy,"Great quality vinyl. Super easy to wipe down. Just bring outside for a shake, or vacuum thgle crumbs up. It's currently saving my carpet from my 10 month old!",yes,0,5.0,https://www.amazon.ca/Prince-Lionheart-Protective-Orange-Chevron/dp/B016MPQEZQ/ref=cm_cr_srp_d_product_top?ie=UTF8,2020-09-19 02:07:43.268711,2020-09-19 02:07:52.547123,Abigail,Clothing & Accessories,B002G9UDYG,B016MPQEZQ
11,11,11,11,AEJ5LNEVGV3VO7X2LIUEUI2GLJXA,"January 27, 2019",Great,Looks great. Came quick,yes,0,5.0,https://www.amazon.ca/Heaven-BK-212-Signature-Miniature-Replica/dp/B00GXTURHI/ref=cm_cr_srp_d_product_top?ie=UTF8,2020-09-19 02:08:01.638195,2020-09-19 02:08:10.855942,Abigail,Clothing & Accessories,B002G9UDYG,B00GXTURHI
12,12,12,12,AEJ5LNEVGV3VO7X2LIUEUI2GLJXA,"January 27, 2019",Great Value,"Works great. Even came with a spare, brighter white light. Instructions made it super simple. Will purchase again",yes,0,5.0,https://www.amazon.ca/Premium-Interior-Lights-Package-Pieces/dp/B00I9TMVEM/ref=cm_cr_srp_d_product_top?ie=UTF8,2020-09-19 02:08:19.951646,2020-09-19 02:08:26.212920,Abigail,Clothing & Accessories,B002G9UDYG,B00I9TMVEM
13,13,13,13,AEJ5LNEVGV3VO7X2LIUEUI2GLJXA,"January 27, 2019",Cleanest Clean,"Love this. Now the bottom of my dish drying rack won't get all grimy and gross! Just dump the excess water, give it a good rinse sometimes, and it's always in new condition",yes,0,5.0,https://www.amazon.ca/Umbra-Dish-Drying-Rack-White/dp/B008R52OG8/ref=cm_cr_srp_d_product_top?ie=UTF8,2020-09-19 02:08:35.306470,2020-09-19 02:08:44.565751,Abigail,Clothing & Accessories,B002G9UDYG,B008R52OG8
14,14,14,14,AEJ5LNEVGV3VO7X2LIUEUI2GLJXA,"January 27, 2019",Great,Easy to use. Works great.,yes,0,5.0,https://www.amazon.ca/Salton-JK1641B-Cordless-Kettle-Black/dp/B01MRRI6IA/ref=cm_cr_srp_d_product_top?ie=UTF8,2020-09-19 02:08:54.655021,2020-09-19 02:09:01.922447,Abigail,Clothing & Accessories,B002G9UDYG,B01MRRI6IA
15,15,15,15,AEJ5LNEVGV3VO7X2LIUEUI2GLJXA,"January 27, 2019",A Necessity,I love my Brita. It's a necessity for me since I will not drink tap water,yes,0,5.0,https://www.amazon.ca/Brita-Space-Filter-Pitcher-Replacement/dp/B00VAG8ME4/ref=cm_cr_srp_d_product_top?ie=UTF8,2020-09-19 02:09:11.013080,2020-09-19 02:09:17.287799,Abigail,Clothing & Accessories,B002G9UDYG,B00VAG8ME4
16,16,16,16,AEJ5LNEVGV3VO7X2LIUEUI2GLJXA,"October 22, 2018",Didn't even work!,"Ordered this for my MIL and when we received it, we received two of the same wheels so you couldn't even assemble it. Then when I contacted Evenflo, the wheels AND the play pen were on a few months long back order. Luckily, Evenflo was kind enough to replace it with a different one. Great customer service, unfortunately this model we had a glitch with.",yes,0,1.0,https://www.amazon.ca/Evenflo-Portable-Suite-Deluxe-Spearmint/dp/B01A8JC6DQ/ref=cm_cr_srp_d_product_top?ie=UTF8,2020-09-19 02:09:27.379173,2020-09-19 02:09:36.638878,Abigail,Clothing & Accessories,B002G9UDYG,B01A8JC6DQ
17,17,17,17,AEJ5LNEVGV3VO7X2LIUEUI2GLJXA,"October 22, 2018",Baby's Favorite!,"My son hated everything. Bought him automatic bouncers, different swings, everything. This and one other thing we're the only things he loved and still enjoys now! Especially the little mirror on top. He loooves talking to himself in it haha.",yes,2,5.0,https://www.amazon.ca/Fisher-Price-Starlight-Revolve-Swing-Connect/dp/B073XVQXCC/ref=cm_cr_srp_d_product_top?ie=UTF8,2020-09-19 02:09:44.730524,2020-09-19 02:09:53.011358,Abigail,Clothing & Accessories,B002G9UDYG,B073XVQXCC
18,18,18,18,AEJ5LNEVGV3VO7X2LIUEUI2GLJXA,"April 25, 2018",Great value!,Comes in a handy travel carrying bag! Couldn't find a better deal.,yes,0,5.0,https://www.amazon.ca/Glangels-Protective-Drawstring-Extra-Large-Installation/dp/B071GM545Z/ref=cm_cr_srp_d_product_top?ie=UTF8,2020-09-19 02:10:00.100163,2020-09-19 02:10:09.365440,Abigail,Clothing & Accessories,B002G9UDYG,B071GM545Z
19,19,19,19,AEJ5LNEVGV3VO7X2LIUEUI2GLJXA,"April 2, 2018",Great diaper backpack!,Came as expected. Large in size with numerous pockets. Husband loves it because now he won't have to carry something that looks like a purse. Only thing I wish it had was a specific wipes pocket to remove wipes easier!,yes,0,5.0,https://www.amazon.ca/Evecase-Lightweight-Multi-function-Waterproof-Organizer/dp/B01FWVEXQ8/ref=cm_cr_srp_d_product_top?ie=UTF8,2020-09-19 02:10:19.454548,2020-09-19 02:10:26.747336,Abigail,Clothing & Accessories,B002G9UDYG,B01FWVEXQ8
20,20,20,20,AEJ5LNEVGV3VO7X2LIUEUI2GLJXA,"April 2, 2018",Great for play and learning time!,Great toy! Bought for a three year old as a birthday gift. He absolutely loves it!,yes,0,5.0,https://www.amazon.ca/Dinosaur-Learning-Building-Screwdriver-Batteries/dp/B075F176F1/ref=cm_cr_srp_d_product_top?ie=UTF8,2020-09-19 02:10:34.839869,2020-09-19 02:10:41.112814,Abigail,Clothing & Accessories,B002G9UDYG,B075F176F1
21,21,21,21,AEJ5LNEVGV3VO7X2LIUEUI2GLJXA,"June 25, 2017",Great Read,"I loved the book and was glued from start to finish. Ended up realizing hours later I had read it in one night. I only put 4 stars because I found the book to be VERY descriptive. Not a bad thing, just not my thing. Great book nonetheless.",yes,0,4.0,https://www.amazon.ca/Blood-Ties-Julie-Collins-Mystery-ebook/dp/B06XPRGCNJ/ref=cm_cr_srp_d_product_top?ie=UTF8,2020-09-19 02:10:49.210142,2020-09-19 02:10:55.456758,Abigail,Clothing & Accessories,B002G9UDYG,B06XPRGCNJ
22,22,22,22,AEJ5LNEVGV3VO7X2LIUEUI2GLJXA,"February 4, 2017",Better Handling in the Future,"The blender is wonderful and I got it at a good price. It is extremely unfortunate that when it got to my mother-in-law on her birthday, we learned that one of the attachments was chipped up. Additionally, around where it was chipped, the paint was coming up. So it is unusable until we either take all of the paint off or risk it coming off during use.",yes,One,3.0,https://www.amazon.ca/dp/B00BU27HYO/ref=cm_cr_srp_d_product_top?ie=UTF8,2020-09-19 02:11:05.550920,2020-09-19 02:11:14.805541,Abigail,Clothing & Accessories,B002G9UDYG,B00BU27HYO
23,23,23,23,AEJ5LNEVGV3VO7X2LIUEUI2GLJXA,"October 23, 2016",Great for the kids!,"My nephew loves this! Its so much fun for him. Does NOT come with the balls, for those of you unsure. Its fairly large but all detachable so its great still. Received it within two days.
Note: I did struggle with trying to get it all back inside the carrying bag. However, I always struggle with things lile that.",no,0,5.0,https://www.amazon.ca/KINDEN-Childrens-Playhouse-Outdoor-Playground/dp/B01JU55MBM/ref=cm_cr_srp_d_product_top?ie=UTF8,2020-09-19 02:11:22.900637,2020-09-19 02:11:32.167324,Abigail,Clothing & Accessories,B002G9UDYG,B01JU55MBM
24,24,24,24,AEJ5LNEVGV3VO7X2LIUEUI2GLJXA,"October 23, 2016",Great deal!,So far so great! Received it in 2 days. Holds a charge better than the original battery.,yes,0,5.0,https://www.amazon.ca/PowerBear-Battery-3000mAh-Li-Ion-Warranty/dp/B01I2ISCOW/ref=cm_cr_srp_d_product_top?ie=UTF8,2020-09-19 02:11:41.261855,2020-09-19 02:11:49.527759,Abigail,Clothing & Accessories,B002G9UDYG,B01I2ISCOW
25,25,25,25,AEJ5LNEVGV3VO7X2LIUEUI2GLJXA,"March 9, 2016",Love It!,I've had this tablet case and keyboard since early February. It's so easy to use and perfect. I was sceptical when ordering but this case and keyboard combo for the Yoga Tab 10 were the best bang for your buck and great quality.,yes,One,5.0,https://www.amazon.ca/keyboard-quality-ultra-thin-bluetooth-Keyboard/dp/B015ISZQ98/ref=cm_cr_srp_d_product_top?ie=UTF8,2020-09-19 02:11:59.621142,2020-09-19 02:12:05.922166,Abigail,Clothing & Accessories,B002G9UDYG,B015ISZQ98
