,Unnamed: 0,Unnamed: 0.1,Unnamed: 0.1.1,author_id,date_review_posted,review_title,reviews,verified_purchase,people_find_helpful,ratings,product_url,start,end,reviewer_name,product_category,product_id,subproduct_id
0,0,0,0,AEJEBBRJZQ3CRKJVIICNBFZJC7BQ,"September 15, 2020","Not the worst, not the best.",Fabric is pretty blurry. Definitely not worth how how much they’re charging. Gave it a 3 star because it shipping faster then it was supposed to and the cactus jack logo wasn’t blurry. Would’ve been a 2 star if it didn’t ship earlier then expected. Overall it’s alright.,yes,0,3.0,https://www.amazon.ca/Noick-Travis-Scott-Microfiber-Decoration/dp/B07WZGMJTP/ref=cm_cr_srp_d_product_top?ie=UTF8,2020-09-29 17:47:27.439630,2020-09-29 17:47:36.713073,Zario,Clothing & Accessories,B002G9UDYG,B07WZGMJTP
1,1,1,1,AEJEBBRJZQ3CRKJVIICNBFZJC7BQ,"August 18, 2020",Definitely worth the buy if you need bowls,The bowl itself lasts an extremely long time and they’re a great value for the money but if you drop it once the side handle piece will fall off. The handle is the only problem but then again when it comes off it looks sleeker anyways,yes,0,5.0,https://www.amazon.ca/Handmade-Water-Bottle-Holder-Friend/dp/B07WLCT4LJ/ref=cm_cr_srp_d_product_top?ie=UTF8,2020-09-29 17:47:46.790433,2020-09-29 17:47:55.068941,Zario,Clothing & Accessories,B002G9UDYG,B07WLCT4LJ
2,2,2,2,AEJEBBRJZQ3CRKJVIICNBFZJC7BQ,"August 18, 2020",I’ve seen paper clips more sturdy,"Turned colours after a hour of wearing it. I sucked it up and kept it on but it broke later that day. I went to fix it myself, and I did but then it broke again. Also lock is not actually a lock.",yes,One,1.0,https://www.amazon.ca/Krun-Necklace-Pendant-Necklaces-Multilayer/dp/B07PS8HVWP/ref=cm_cr_srp_d_product_top?ie=UTF8,2020-09-29 17:48:02.156283,2020-09-29 17:48:09.430113,Zario,Clothing & Accessories,B002G9UDYG,B07PS8HVWP
3,3,3,3,AEJEBBRJZQ3CRKJVIICNBFZJC7BQ,"August 18, 2020",I like em,They’re premium quality and look nice too just go up a size,yes,0,5.0,https://www.amazon.ca/uxcell%C2%AE-Casual-Pocket-Front-Tapered/dp/B00D1H02U2/ref=cm_cr_srp_d_product_top?ie=UTF8,2020-09-29 17:48:17.524123,2020-09-29 17:48:25.792387,Zario,Clothing & Accessories,B002G9UDYG,B00D1H02U2
4,4,4,4,AEJEBBRJZQ3CRKJVIICNBFZJC7BQ,"August 18, 2020",Doesn’t work,Doesn’t do it’s job properly so I just made it a pillow,yes,0,3.0,https://www.amazon.ca/Door-Draught-Excluder-Herringbone-Pattern/dp/B071CVBS2M/ref=cm_cr_srp_d_product_top?ie=UTF8,2020-09-29 17:48:32.885831,2020-09-29 17:48:42.129596,Zario,Clothing & Accessories,B002G9UDYG,B071CVBS2M
5,5,5,5,AEJEBBRJZQ3CRKJVIICNBFZJC7BQ,"August 18, 2020",Laughable,Pants are horrible quality. Material is about as thick as paper. If you really want them go 4-5 sizes up because I went 3 sizes up and they were still extremely tight on me,yes,0,1.0,https://www.amazon.ca/HANGJIA-Lattice-Joggers-Stretch-Scottish/dp/B07GMH99LL/ref=cm_cr_srp_d_product_top?ie=UTF8,2020-09-29 17:48:49.229054,2020-09-29 17:48:56.538675,Zario,Clothing & Accessories,B002G9UDYG,B07GMH99LL
6,6,6,6,AEJEBBRJZQ3CRKJVIICNBFZJC7BQ,"May 24, 2020",Meh,"Not a quality watch, it is what it is.",yes,0,2.0,https://www.amazon.ca/Yiyaqeanca-Leisure-Casual-Wristwatch-Movement/dp/B085HC4MCJ/ref=cm_cr_srp_d_product_top?ie=UTF8,2020-09-29 17:49:03.633838,2020-09-29 17:49:11.894994,Zario,Clothing & Accessories,B002G9UDYG,B085HC4MCJ
7,7,7,7,AEJEBBRJZQ3CRKJVIICNBFZJC7BQ,"May 24, 2020",Didn’t let me cancel my order now I’m stuck with it,"Order was purchased by mistake. Not even a hour later I realize I accidentally ordered it, yet it wouldn’t let me cancel the item. Not even 60 minutes later. Plus if I’d want to return the product I’d have to pay for it to be shipped back (plus the shipping I payed for it to get to me) meaning if I returned it I’d be getting $4 back. I’d rather have some ball of cheap plastic I’ll never use then waste my time just for $4",yes,0,1.0,https://www.amazon.ca/Kaytee-Run-About-Hamster-Exercise-Ball/dp/B0002AS8Q6/ref=cm_cr_srp_d_product_top?ie=UTF8,2020-09-29 17:49:19.986606,2020-09-29 17:49:26.266522,Zario,Clothing & Accessories,B002G9UDYG,B0002AS8Q6
8,8,8,8,AEJEBBRJZQ3CRKJVIICNBFZJC7BQ,"May 16, 2020",They’re alrigjt,I mean they’re alright. Fits extremely small so go like 2-3 sizes up. Material is pretty cheap but it’s whatever. I like the look of em but definitely not gonna last long,yes,0,3.0,https://www.amazon.ca/Astellarie-Multi-Pockets-Fashion-Joggers-Drawstring/dp/B0833NWXFG/ref=cm_cr_srp_d_product_top?ie=UTF8,2020-09-29 17:49:35.359592,2020-09-29 17:49:44.628779,Zario,Clothing & Accessories,B002G9UDYG,B0833NWXFG
9,9,9,9,AEJEBBRJZQ3CRKJVIICNBFZJC7BQ,"May 10, 2020",Meh,"Expected it to be bigger. Looks like a hair elastic, smaller then one actually. Not worth the buy",yes,0,2.0,https://www.amazon.ca/ChainsHouse-1-5mm-Plated-Italian-Bracelet/dp/B07S8VG562/ref=cm_cr_srp_d_product_top?ie=UTF8,2020-09-29 17:49:54.729638,2020-09-29 17:50:03.993952,Zario,Clothing & Accessories,B002G9UDYG,B07S8VG562
10,10,10,10,AEJEBBRJZQ3CRKJVIICNBFZJC7BQ,"May 10, 2020",4 star,They are what they are,yes,0,4.0,https://www.amazon.ca/Vcmart-Silver-Surgical-Clicker-Segment/dp/B07P54VBLM/ref=cm_cr_srp_d_product_top?ie=UTF8,2020-09-29 17:50:13.086105,2020-09-29 17:50:19.353759,Zario,Clothing & Accessories,B002G9UDYG,B07P54VBLM
11,11,11,11,AEJEBBRJZQ3CRKJVIICNBFZJC7BQ,"May 7, 2020",They are what they are,Nice tarps. Blend in well,yes,0,5.0,https://www.amazon.ca/Texsport-Heavy-Duty-Reinforced-Multi-Purpose-Waterproof/dp/B00152POGW/ref=cm_cr_srp_d_product_top?ie=UTF8,2020-09-29 17:50:26.447141,2020-09-29 17:50:33.733223,Zario,Clothing & Accessories,B002G9UDYG,B00152POGW
12,12,12,12,AEJEBBRJZQ3CRKJVIICNBFZJC7BQ,"May 7, 2020",Useful,They are what they are,yes,0,4.0,https://www.amazon.ca/Metal-Camping-Stakes-Lightweight-Ground/dp/B07SJPDG6D/ref=cm_cr_srp_d_product_top?ie=UTF8,2020-09-29 17:50:41.825848,2020-09-29 17:50:49.095457,Zario,Clothing & Accessories,B002G9UDYG,B07SJPDG6D
13,13,13,13,AEJEBBRJZQ3CRKJVIICNBFZJC7BQ,"April 24, 2020",I like it,"Very vibrant and big. I love it and it looks amazing. Worth a buy, good quality fake.",yes,2,5.0,https://www.amazon.ca/11-8Exhibition-Decoration-Character-Original-Companion/dp/B07T5RLZ9P/ref=cm_cr_srp_d_product_top?ie=UTF8,2020-09-29 17:50:58.190858,2020-09-29 17:51:07.450177,Zario,Clothing & Accessories,B002G9UDYG,B07T5RLZ9P
14,14,14,14,AEJEBBRJZQ3CRKJVIICNBFZJC7BQ,"April 24, 2020",Meh,Was extremely small and it was uneven meaning it’s at an angle when it stands up. Definitely not worth a buy.,yes,0,2.0,https://www.amazon.ca/Playsets-Prototype-Dissected-Collectible-Decoration/dp/B083GJ9D1S/ref=cm_cr_srp_d_product_top?ie=UTF8,2020-09-29 17:51:16.545439,2020-09-29 17:51:25.809595,Zario,Clothing & Accessories,B002G9UDYG,B083GJ9D1S
15,15,15,15,AEJEBBRJZQ3CRKJVIICNBFZJC7BQ,"April 24, 2020",I like it.,"Feet are loose but it is what it is, a fake KAWS figure. It’s pretty big and I like it.",yes,0,4.0,https://www.amazon.ca/Prototype-Original-Dissected-Companion-Collectible/dp/B07Y7S5BH1/ref=cm_cr_srp_d_product_top?ie=UTF8,2020-09-29 17:51:33.902653,2020-09-29 17:51:43.137950,Zario,Clothing & Accessories,B002G9UDYG,B07Y7S5BH1
16,16,16,16,AEJEBBRJZQ3CRKJVIICNBFZJC7BQ,"April 24, 2020",I like it,Go up a size or two. It looks nice but is thin material. More like a long sleep with a hood and it has 1 fake pocket but I like it.,yes,0,5.0,https://www.amazon.ca/dp/B086DQZ4KV/ref=cm_cr_srp_d_product_top?ie=UTF8,2020-09-29 17:51:51.229113,2020-09-29 17:51:57.501142,Zario,Clothing & Accessories,B002G9UDYG,B086DQZ4KV
17,17,17,17,AEJEBBRJZQ3CRKJVIICNBFZJC7BQ,"April 24, 2020",I like it,Hoodie looks pretty good. Go up a size or two,yes,0,4.0,https://www.amazon.ca/GURUNVANI-Graphic-Hoodie-Hooded-Sweatshirt/dp/B082P1BG5K/ref=cm_cr_srp_d_product_top?ie=UTF8,2020-09-29 17:52:05.588465,2020-09-29 17:52:12.856635,Zario,Clothing & Accessories,B002G9UDYG,B082P1BG5K
18,18,18,18,AEJEBBRJZQ3CRKJVIICNBFZJC7BQ,"April 24, 2020",Updated review: 5 stars,"Amazing company, very friendly and nice",yes,0,5.0,https://www.amazon.ca/LED-Strip-Lights-Kit-RGB/dp/B07RFFJ7YL/ref=cm_cr_srp_d_product_top?ie=UTF8,2020-09-29 17:52:21.957681,2020-09-29 17:52:31.237626,Zario,Clothing & Accessories,B002G9UDYG,B07RFFJ7YL
19,19,19,19,AEJEBBRJZQ3CRKJVIICNBFZJC7BQ,"April 20, 2020",Worth it,If you need to sell tiny sandwiches they’re great. Holds up to 4-5 tiny sandwiches at once,yes,0,5.0,https://www.amazon.ca/BeadaholiqueCA-Count-Resealable-Zipper-3-Inch/dp/B00AFRWKRO/ref=cm_cr_srp_d_product_top?ie=UTF8,2020-09-29 17:52:41.320781,2020-09-29 17:52:48.586195,Zario,Clothing & Accessories,B002G9UDYG,B00AFRWKRO
20,20,20,20,AEJEBBRJZQ3CRKJVIICNBFZJC7BQ,"April 20, 2020",Good quality,Looks good and feels good. Pretty thin but I love it,yes,0,5.0,https://www.amazon.ca/Minimalist-Bracelet-Stainless-Steel-Jewelry/dp/B07RHND479/ref=cm_cr_srp_d_product_top?ie=UTF8,2020-09-29 17:52:56.679152,2020-09-29 17:53:03.948437,Zario,Clothing & Accessories,B002G9UDYG,B07RHND479
21,21,21,21,AEJEBBRJZQ3CRKJVIICNBFZJC7BQ,"April 20, 2020",Give me my money back,Give me a refund. Product was. Cheap and thin metal not even fitting the right size. Horrible product don’t waste your money.,yes,0,1.0,https://www.amazon.ca/Eternity-Thorn-Branch-Sterling-Silver/dp/B073X75YJV/ref=cm_cr_srp_d_product_top?ie=UTF8,2020-09-29 17:53:13.033436,2020-09-29 17:53:19.261779,Zario,Clothing & Accessories,B002G9UDYG,B073X75YJV
22,22,22,22,AEJEBBRJZQ3CRKJVIICNBFZJC7BQ,"April 16, 2020",It’s pretty good I would recommend,"They feel good, they play good, and look good. Honestly makes gaming so much more fun. I couldn’t play with the analogs it came with because there wasn’t enough room for the fast pace movements I have to make. Skin/ case is amazing though",yes,0,5.0,https://www.amazon.ca/CHINFAI-Controller-DualShock-Anti-slip-Protector/dp/B07BKYC5LB/ref=cm_cr_srp_d_product_top?ie=UTF8,2020-09-29 17:53:28.350999,2020-09-29 17:53:36.622557,Zario,Clothing & Accessories,B002G9UDYG,B07BKYC5LB
23,23,23,23,AEJEBBRJZQ3CRKJVIICNBFZJC7BQ,"April 16, 2020",I recommend,If you need one get this one. It’s worth it,yes,0,5.0,https://www.amazon.ca/Weigh-Gram-Digital-Jewelry-Kitchen/dp/B06ZY1BSYL/ref=cm_cr_srp_d_product_top?ie=UTF8,2020-09-29 17:53:45.717151,2020-09-29 17:53:52.014408,Zario,Clothing & Accessories,B002G9UDYG,B06ZY1BSYL
24,24,24,24,AEJEBBRJZQ3CRKJVIICNBFZJC7BQ,"April 15, 2020",Give me money back if you decrease the price,I don’t know why they charged me double them decreased the price. The shelves are nice but the company is pretty scummy,yes,0,1.0,https://www.amazon.ca/Greenco-Floating-Shelves-Espresso-Finish/dp/B019WROCMS/ref=cm_cr_srp_d_product_top?ie=UTF8,2020-09-29 17:53:59.103717,2020-09-29 17:54:08.376684,Zario,Clothing & Accessories,B002G9UDYG,B019WROCMS
25,25,25,25,AEJEBBRJZQ3CRKJVIICNBFZJC7BQ,"April 13, 2020",Buy if you want but not perfect,"Pretty cheap glasses but I love em. They fit pretty small, just fits me (I have a small head)",yes,0,4.0,https://www.amazon.ca/Kimorn-Sunglasses-Colors-Unisex-Glasses/dp/B07D7SZN8D/ref=cm_cr_srp_d_product_top?ie=UTF8,2020-09-29 17:54:17.466200,2020-09-29 17:54:24.768922,Zario,Clothing & Accessories,B002G9UDYG,B07D7SZN8D
26,26,26,26,AEJEBBRJZQ3CRKJVIICNBFZJC7BQ,"April 13, 2020",Worth the purchase,Good quality chain,yes,0,5.0,https://www.amazon.ca/ChainsHouse-Chain-Stainless-Necklace-Pendant/dp/B07RB59M6F/ref=cm_cr_srp_d_product_top?ie=UTF8,2020-09-29 17:54:33.865339,2020-09-29 17:54:42.125570,Zario,Clothing & Accessories,B002G9UDYG,B07RB59M6F
27,27,27,27,AEJEBBRJZQ3CRKJVIICNBFZJC7BQ,"April 13, 2020",Nit the best,Looks good but isn’t very durable. I fell once on my hands and the chain broke,yes,0,2.0,https://www.amazon.ca/ChainsHouse-Stainless-Bracelet-10-5mm-Jewelry/dp/B07W4TDGMS/ref=cm_cr_srp_d_product_top?ie=UTF8,2020-09-29 17:54:51.219897,2020-09-29 17:55:00.476974,Zario,Clothing & Accessories,B002G9UDYG,B07W4TDGMS
28,28,28,28,AEJEBBRJZQ3CRKJVIICNBFZJC7BQ,"April 13, 2020",Very nice flannel,"Amazing product, love the flannel. Goes well with my travis Jordan 1s",yes,0,5.0,https://www.amazon.ca/Amazon-Essentials-Regular-Fit-Long-Sleeve-Flannel/dp/B073XQBD8B/ref=cm_cr_srp_d_product_top?ie=UTF8,2020-09-29 17:55:09.564151,2020-09-29 17:55:15.814529,Zario,Clothing & Accessories,B002G9UDYG,B073XQBD8B
29,29,29,29,AEJEBBRJZQ3CRKJVIICNBFZJC7BQ,"April 8, 2020",Worth the buy,Very cute and funny. It’s solid wood. I bought one and just recently bought another. Really like them,yes,0,5.0,https://www.amazon.ca/Christmas-Rosewood-Nose-shaped-Eyeglass-Spectacle/dp/B016F2SMU6/ref=cm_cr_srp_d_product_top?ie=UTF8,2020-09-29 17:55:22.909479,2020-09-29 17:55:32.183441,Zario,Clothing & Accessories,B002G9UDYG,B016F2SMU6
30,30,30,30,AEJEBBRJZQ3CRKJVIICNBFZJC7BQ,"April 8, 2020",Nice sunglasses,Felt a little big but I like them overall,yes,0,4.0,https://www.amazon.ca/Vintage-Round-Sunglasses-Glasses-Summer/dp/B07D6LZNCY/ref=cm_cr_srp_d_product_top?ie=UTF8,2020-09-29 17:55:40.275779,2020-09-29 17:55:49.524160,Zario,Clothing & Accessories,B002G9UDYG,B07D6LZNCY
31,31,31,31,AEJEBBRJZQ3CRKJVIICNBFZJC7BQ,"April 8, 2020",I would recommend,Pretty cool and looks more organized. Definitely worth a buy,yes,0,4.0,https://www.amazon.ca/Controller-Charger-Playstation-Charging-Station/dp/B075YBBQMM/ref=cm_cr_srp_d_product_top?ie=UTF8,2020-09-29 17:55:56.615922,2020-09-29 17:56:03.905306,Zario,Clothing & Accessories,B002G9UDYG,B075YBBQMM
32,32,32,32,AEJEBBRJZQ3CRKJVIICNBFZJC7BQ,"April 7, 2020",Shipped quick,"Will update the review if the cord breaks quick but it is what it is, an extension cord and it works good for now.",yes,0,5.0,https://www.amazon.ca/Cordinate-Designer-3-Outlet-Extension-Braided/dp/B074G4QVW9/ref=cm_cr_srp_d_product_top?ie=UTF8,2020-09-29 17:56:13.005049,2020-09-29 17:56:20.262175,Zario,Clothing & Accessories,B002G9UDYG,B074G4QVW9
33,33,33,33,AEJEBBRJZQ3CRKJVIICNBFZJC7BQ,"April 7, 2020",Bought it cause mom doesn’t like the smell of weed,Will update this review the more I use it. But it works pretty well. My friend had one of these and they loved it. I like it as well. Worth a buy if you want a quality sploof,yes,0,4.0,https://www.amazon.ca/Smoke-Buddy-0159-RD-Personal-Filter/dp/B00II8FXNA/ref=cm_cr_srp_d_product_top?ie=UTF8,2020-09-29 17:56:29.359042,2020-09-29 17:56:37.607951,Zario,Clothing & Accessories,B002G9UDYG,B00II8FXNA
34,34,34,34,AEJEBBRJZQ3CRKJVIICNBFZJC7BQ,"April 6, 2020",Funny pipe good,The bowl is too close to the mouth. It’s cute but gets kinda hot. I enjoy it but you have to be cautious while lighting it,yes,0,4.0,https://www.amazon.ca/dp/B07WDJ7L34/ref=cm_cr_srp_d_product_top?ie=UTF8,2020-09-29 17:56:47.704328,2020-09-29 17:56:55.981513,Zario,Clothing & Accessories,B002G9UDYG,B07WDJ7L34
35,35,35,35,AEJEBBRJZQ3CRKJVIICNBFZJC7BQ,"March 31, 2020",Good replica kaws,Came in sooner then expected. It is a fake kaws figure but it looks pretty good. His right button was a little scratched but other then that it looks amazing,yes,0,4.0,https://www.amazon.ca/Sweetichic-Action-Figure-Street-Collection/dp/B07WT39C7P/ref=cm_cr_srp_d_product_top?ie=UTF8,2020-09-29 17:57:04.077206,2020-09-29 17:57:12.364235,Zario,Clothing & Accessories,B002G9UDYG,B07WT39C7P
36,36,36,36,AEJEBBRJZQ3CRKJVIICNBFZJC7BQ,"March 28, 2020",Worth a buy,"Definitely worth a buy. Definitely would survive a crash, or at least help guard anything. Also really good for another thing (if you know what I’m talking about you’ll understand)",yes,0,5.0,https://www.amazon.ca/Outdoor-Reinforced-Motorcycle-Motorbike-Powersports/dp/B07FCMCWJV/ref=cm_cr_srp_d_product_top?ie=UTF8,2020-09-29 17:57:21.456517,2020-09-29 17:57:28.726349,Zario,Clothing & Accessories,B002G9UDYG,B07FCMCWJV
37,37,37,37,AEJEBBRJZQ3CRKJVIICNBFZJC7BQ,"March 28, 2020",They’re alright,Pretty small but they’re alright. A lot of duplicates. You wouldn’t catch me counting if there’s 80 exactly or no. So good at more reviews if you want,yes,0,4.0,https://www.amazon.ca/Naler-Assorted-Jewellery-Decoration-Accessories/dp/B07DLQZV7V/ref=cm_cr_srp_d_product_top?ie=UTF8,2020-09-29 17:57:35.820408,2020-09-29 17:57:44.103995,Zario,Clothing & Accessories,B002G9UDYG,B07DLQZV7V
38,38,38,38,AEJEBBRJZQ3CRKJVIICNBFZJC7BQ,"March 28, 2020",They are what they are,Just as advertised,yes,0,4.0,https://www.amazon.ca/SUMAJU-Pieces-Keychain-Swivel-Jewellery/dp/B07V4R9DS7/ref=cm_cr_srp_d_product_top?ie=UTF8,2020-09-29 17:57:51.198619,2020-09-29 17:58:00.462877,Zario,Clothing & Accessories,B002G9UDYG,B07V4R9DS7
39,39,39,39,AEJEBBRJZQ3CRKJVIICNBFZJC7BQ,"March 28, 2020",Not worth it. Wouldn’t recommend,I mean it’s alright for the price but I wouldn’t recommend it. Thing chain seems flimsy. The tree of life pendant kept falling off the chain so I had to get pliers to bend the link. Was disappointed because I bought another pro steel chain and it was good quality. This however wasn't,yes,0,2.0,https://www.amazon.ca/Necklaces-Pendants-Necklace-Jewelry-PSP3262H/dp/B07CHCJ5F9/ref=cm_cr_srp_d_product_top?ie=UTF8,2020-09-29 17:58:10.564548,2020-09-29 17:58:16.867282,Zario,Clothing & Accessories,B002G9UDYG,B07CHCJ5F9
40,40,40,40,AEJEBBRJZQ3CRKJVIICNBFZJC7BQ,"March 23, 2020",50/50,"Looks great. Don’t really like the moon light so I just put a sticker over that part of the light. Makes a quiet nose, but you’d be able to hear it in a completely silent room. Honestly don’t know if it’s worth $50 but it is pretty cool",yes,0,5.0,https://www.amazon.ca/Projector-Musical-Universe-Christmas-Bedrooms/dp/B07Z9782KB/ref=cm_cr_srp_d_product_top?ie=UTF8,2020-09-29 17:58:24.958704,2020-09-29 17:58:32.224122,Zario,Clothing & Accessories,B002G9UDYG,B07Z9782KB
41,41,41,41,AEJEBBRJZQ3CRKJVIICNBFZJC7BQ,"March 23, 2020",Love them,They look amazing and do a great job. Definitely worth the money,yes,0,5.0,https://www.amazon.ca/Deconovo-Curtains-Blackout-Insulated-Blocking/dp/B00PF72K38/ref=cm_cr_srp_d_product_top?ie=UTF8,2020-09-29 17:58:40.319891,2020-09-29 17:58:46.575329,Zario,Clothing & Accessories,B002G9UDYG,B00PF72K38
42,42,42,42,AEJEBBRJZQ3CRKJVIICNBFZJC7BQ,"March 19, 2020",Love it,A bit bigger then I expected but it looks amazing,yes,0,5.0,https://www.amazon.ca/BlueSpace-Printing-Doormat-Outdoor-Carpets/dp/B074YZ9KHJ/ref=cm_cr_srp_d_product_top?ie=UTF8,2020-09-29 17:58:53.669146,2020-09-29 17:58:59.927582,Zario,Clothing & Accessories,B002G9UDYG,B074YZ9KHJ
43,43,43,43,AEJEBBRJZQ3CRKJVIICNBFZJC7BQ,"March 19, 2020",Very cute,A bit smaller then I expected but looks adorable. About the size of a paperweight,yes,0,5.0,https://www.amazon.ca/Balloons-Ornament-Silver-Figure-Kitchen/dp/B07Q2DKJFS/ref=cm_cr_srp_d_product_top?ie=UTF8,2020-09-29 17:59:09.025454,2020-09-29 17:59:18.293039,Zario,Clothing & Accessories,B002G9UDYG,B07Q2DKJFS
44,44,44,44,AEJEBBRJZQ3CRKJVIICNBFZJC7BQ,"March 19, 2020",Would be five stars but,Came in and it was missing a screw. Love the design and seems pretty sturdy I just had to go out and get another screw,yes,0,4.0,https://www.amazon.ca/FURINNO-15080WNBK-Simple-Design-Walnut/dp/B01FX5CM8O/ref=cm_cr_srp_d_product_top?ie=UTF8,2020-09-29 17:59:26.386087,2020-09-29 17:59:33.663290,Zario,Clothing & Accessories,B002G9UDYG,B01FX5CM8O
45,45,45,45,AEJEBBRJZQ3CRKJVIICNBFZJC7BQ,"March 17, 2020",It’s alright,Quality wasn’t the best but it wasn’t horrible. Graphic looks cool but seems a bit blurry,yes,0,3.0,https://www.amazon.ca/SYNEE-Tapestry-Universe-Psychedelic-Hanging/dp/B07H6G9G7B/ref=cm_cr_srp_d_product_top?ie=UTF8,2020-09-29 17:59:42.763554,2020-09-29 17:59:50.027934,Zario,Clothing & Accessories,B002G9UDYG,B07H6G9G7B
46,46,46,46,AEJEBBRJZQ3CRKJVIICNBFZJC7BQ,"March 17, 2020",Probably better ones,"Updated Review:
The adhesive only stays on for about two weeks then it falls off",yes,2,3.0,https://www.amazon.ca/Width-Adhesive-Sticky-Fastener-Black/dp/B077LMZ47W/ref=cm_cr_srp_d_product_top?ie=UTF8,2020-09-29 18:00:00.104115,2020-09-29 18:00:08.358304,Zario,Clothing & Accessories,B002G9UDYG,B077LMZ47W
47,47,47,47,AEJEBBRJZQ3CRKJVIICNBFZJC7BQ,"March 17, 2020",Great deal,Came and was bigger then I expected. Looks amazing and seems pretty durable,yes,0,5.0,https://www.amazon.ca/Love-KANKEI-Organizer-Necklaces-Bracelets-Weathered/dp/B07MNVBTJB/ref=cm_cr_srp_d_product_top?ie=UTF8,2020-09-29 18:00:16.454838,2020-09-29 18:00:24.722259,Zario,Clothing & Accessories,B002G9UDYG,B07MNVBTJB
48,48,48,48,AEJEBBRJZQ3CRKJVIICNBFZJC7BQ,"February 26, 2020",Not for me but someone else might like it,Don’t wear it much because I find it too small (not size wise just how thick it is). If you like the ring then it’s worth the buy,yes,0,4.0,https://www.amazon.ca/Sterling-Silver-Plumeria-Gorgeous-Flower/dp/B00XNRWJPG/ref=cm_cr_srp_d_product_top?ie=UTF8,2020-09-29 18:00:32.814806,2020-09-29 18:00:42.067206,Zario,Clothing & Accessories,B002G9UDYG,B00XNRWJPG
49,49,49,49,AEJEBBRJZQ3CRKJVIICNBFZJC7BQ,"February 26, 2020",Is real stainless steel,Very detailed ring. If it’s too small or too big you can bend it to fit your finger due to the top not being connected,yes,0,5.0,https://www.amazon.ca/IVYRISE-Jewelry-Gothic-Dragon-Stainless/dp/B06XGJ2Y4N/ref=cm_cr_srp_d_product_top?ie=UTF8,2020-09-29 18:00:49.159748,2020-09-29 18:00:58.457922,Zario,Clothing & Accessories,B002G9UDYG,B06XGJ2Y4N
50,50,50,50,AEJEBBRJZQ3CRKJVIICNBFZJC7BQ,"February 26, 2020",Kinda small links but worth it,A link broke on my but I just ended up fixing it,yes,0,4.0,https://www.amazon.ca/Pocket-Teskyer-Keychain-Lobster-Wallet-Silver/dp/B07SCNY5Z9/ref=cm_cr_srp_d_product_top?ie=UTF8,2020-09-29 18:01:05.538077,2020-09-29 18:01:14.807524,Zario,Clothing & Accessories,B002G9UDYG,B07SCNY5Z9
51,51,51,51,AEJEBBRJZQ3CRKJVIICNBFZJC7BQ,"February 26, 2020",Pretty cool ring,Pretty cool ring but it scratches very easy. Is stainless however so it won’t make your finger green,yes,0,4.0,https://www.amazon.ca/Jude-Jewelers-Stainless-Classical-Stainless-Steel/dp/B01MT6KTG2/ref=cm_cr_srp_d_product_top?ie=UTF8,2020-09-29 18:01:24.905164,2020-09-29 18:01:32.161559,Zario,Clothing & Accessories,B002G9UDYG,B01MT6KTG2
52,52,52,52,AEJEBBRJZQ3CRKJVIICNBFZJC7BQ,"February 26, 2020",Cool,Looks pretty cool. Put it on my ceiling with thumb tacks,yes,0,5.0,https://www.amazon.ca/Fantasy-Tapestry-Hanging-Bedroom-Landscape/dp/B079D2N3NC/ref=cm_cr_srp_d_product_top?ie=UTF8,2020-09-29 18:01:41.255993,2020-09-29 18:01:50.527912,Zario,Clothing & Accessories,B002G9UDYG,B079D2N3NC
53,53,53,53,AEJEBBRJZQ3CRKJVIICNBFZJC7BQ,"February 26, 2020",Worth the money,Is as shown. Comes in different sizes and colours. Can bend them if they’re too big or too small,yes,6,5.0,https://www.amazon.ca/FUNRUN-JEWELRY-Stainless-Cartilage-Piercing/dp/B07PX2PF1V/ref=cm_cr_srp_d_product_top?ie=UTF8,2020-09-29 18:02:00.623914,2020-09-29 18:02:09.902227,Zario,Clothing & Accessories,B002G9UDYG,B07PX2PF1V
54,54,54,54,AEJEBBRJZQ3CRKJVIICNBFZJC7BQ,"February 26, 2020",Very big,Very big. Pretty much fits around my biceps. If you want bulky ankle chain then this is what you’re looking for. Wouldn’t wear it as a bracelet because it’s too big,yes,0,3.0,https://www.amazon.ca/Cupimatch-Gothic-Stainless-Motorcycle-Bracelet/dp/B01N49269L/ref=cm_cr_srp_d_product_top?ie=UTF8,2020-09-29 18:02:17.001345,2020-09-29 18:02:25.286088,Zario,Clothing & Accessories,B002G9UDYG,B01N49269L
55,55,55,55,AEJEBBRJZQ3CRKJVIICNBFZJC7BQ,"February 26, 2020",Not too big not too small,Good small chain. Goes with anything. Kinda bulky but in a good way,yes,0,5.0,https://www.amazon.ca/Stainless-Steel-Chain-Necklace-20inch/dp/B07YDH1D6P/ref=cm_cr_srp_d_product_top?ie=UTF8,2020-09-29 18:02:35.377028,2020-09-29 18:02:44.608671,Zario,Clothing & Accessories,B002G9UDYG,B07YDH1D6P
56,56,56,56,AEJEBBRJZQ3CRKJVIICNBFZJC7BQ,"February 26, 2020","Anarchy logo feels solid, doesn’t really move much",I mean it’s pretty cool but the anarchy logo doesn’t really move on the chain due to loop that is put on the chain is almost smaller then the links,yes,0,3.0,https://www.amazon.ca/Anarchy-Necklace-Pewter-Stainless-Steel/dp/B07Z8L83D9/ref=cm_cr_srp_d_product_top?ie=UTF8,2020-09-29 18:02:51.703013,2020-09-29 18:03:00.980359,Zario,Clothing & Accessories,B002G9UDYG,B07Z8L83D9
57,57,57,57,AEJEBBRJZQ3CRKJVIICNBFZJC7BQ,"February 26, 2020",Is as shown,Bigger sizes can get a bit heavy,yes,0,5.0,https://www.amazon.ca/ChainsHouse-Street-Jewelry-Plating-Necklace/dp/B07R5RVT1F/ref=cm_cr_srp_d_product_top?ie=UTF8,2020-09-29 18:03:08.064699,2020-09-29 18:03:16.329271,Zario,Clothing & Accessories,B002G9UDYG,B07R5RVT1F
58,58,58,58,AEJEBBRJZQ3CRKJVIICNBFZJC7BQ,"February 26, 2020",Is as shown,Doesn’t work for all phones but fit my 6s pretty good. If you have a bigger face/ head it won’t work the best,yes,0,4.0,https://www.amazon.ca/VR-BOX-Smartphones-eCostConnection-Microfiber/dp/B01BN0P8ZM/ref=cm_cr_srp_d_product_top?ie=UTF8,2020-09-29 18:03:23.424747,2020-09-29 18:03:32.710093,Zario,Clothing & Accessories,B002G9UDYG,B01BN0P8ZM
59,59,59,59,AEJEBBRJZQ3CRKJVIICNBFZJC7BQ,"February 26, 2020",As shown in the pictures,Kinda a pain to install but I’m not the brightest. Wouldn’t put anything heavy on them but they do look pretty cool,yes,0,4.0,https://www.amazon.ca/Floating-Shelves-Set-Wall-Saganizer/dp/B071SKY5QJ/ref=cm_cr_srp_d_product_top?ie=UTF8,2020-09-29 18:03:42.795951,2020-09-29 18:03:52.045962,Zario,Clothing & Accessories,B002G9UDYG,B071SKY5QJ
60,60,60,60,AEJEBBRJZQ3CRKJVIICNBFZJC7BQ,"February 26, 2020",Nice boxers,I like the design on them pretty cool,yes,0,5.0,https://www.amazon.ca/Saxx-Underwear-Boxer-Briefs-Built/dp/B07GH15ZHP/ref=cm_cr_srp_d_product_top?ie=UTF8,2020-09-29 18:03:59.134000,2020-09-29 18:04:05.410274,Zario,Clothing & Accessories,B002G9UDYG,B07GH15ZHP
61,61,61,61,AEJEBBRJZQ3CRKJVIICNBFZJC7BQ,"February 26, 2020",It’s alright,Cactus looked kinda wonky. Poor design but not horrible. Still gonna wear it,yes,0,3.0,https://www.amazon.ca/ZLYC-Unisex-Fashion-Embroidered-Fisherman/dp/B07VD7WN9N/ref=cm_cr_srp_d_product_top?ie=UTF8,2020-09-29 18:04:14.499283,2020-09-29 18:04:20.766370,Zario,Clothing & Accessories,B002G9UDYG,B07VD7WN9N
62,62,62,62,AEJEBBRJZQ3CRKJVIICNBFZJC7BQ,"February 26, 2020",Cool stickers,Definitely worth the money. Kinda random stickers but doesn’t really matter to me because I just used them to sticker bomb my dresser,yes,0,5.0,https://www.amazon.ca/QWDDECO-Skateboard-Car-Party-Girls-Graffiti-Waterproof/dp/B07T4ZW8YR/ref=cm_cr_srp_d_product_top?ie=UTF8,2020-09-29 18:04:30.862084,2020-09-29 18:04:38.126461,Zario,Clothing & Accessories,B002G9UDYG,B07T4ZW8YR
63,63,63,63,AEJEBBRJZQ3CRKJVIICNBFZJC7BQ,"February 26, 2020",Big,"Fit pretty big on my wrist, and I have fairly big wrists, the Black has rubbed off a little bit and turned into silver, but it is real stainless steal",yes,0,3.0,https://www.amazon.ca/Franco-Bracelet-Plated-Jewelry-PSH2865H-21/dp/B07F27T8QR/ref=cm_cr_srp_d_product_top?ie=UTF8,2020-09-29 18:04:48.215182,2020-09-29 18:04:54.492783,Zario,Clothing & Accessories,B002G9UDYG,B07F27T8QR
64,64,64,64,AEJEBBRJZQ3CRKJVIICNBFZJC7BQ,"February 26, 2020",6 stars,"Was looking to just buy the skeleton painting for the theme of my room, was very delighted when I found out it had two sides to it. Both by van go. Was laminate.",yes,0,5.0,https://www.amazon.ca/Palace-Learning-Vincent-Cigarette-Poster/dp/B07BHXCHC8/ref=cm_cr_srp_d_product_top?ie=UTF8,2020-09-29 18:05:02.575977,2020-09-29 18:05:11.859435,Zario,Clothing & Accessories,B002G9UDYG,B07BHXCHC8
65,65,65,65,AEJEBBRJZQ3CRKJVIICNBFZJC7BQ,"February 26, 2020",Stainless steal not fake metal,"Fits a tiny bit smaller maybe 1/2 a size or 1/3 a size. Came as expected though, no tarnish or wear I have noticed",yes,One,4.0,https://www.amazon.ca/ChainsPro-Steel-Cuban-Rapper-Promise/dp/B07YKMR7ZH/ref=cm_cr_srp_d_product_top?ie=UTF8,2020-09-29 18:05:21.955365,2020-09-29 18:05:31.221993,Zario,Clothing & Accessories,B002G9UDYG,B07YKMR7ZH
66,66,66,66,AEJEBBRJZQ3CRKJVIICNBFZJC7BQ,"February 26, 2020",Yellowish colour,It’s solid all the way through but came in as a yellowish colour. Was a little disappointed because I was hoping it was silver but other then that it’s cool,yes,0,3.0,https://www.amazon.ca/importers-Llavero043-Bullet-Keychain-Model/dp/B07DFSMNJL/ref=cm_cr_srp_d_product_top?ie=UTF8,2020-09-29 18:05:40.316663,2020-09-29 18:05:48.588708,Zario,Clothing & Accessories,B002G9UDYG,B07DFSMNJL
67,67,67,67,AEJEBBRJZQ3CRKJVIICNBFZJC7BQ,"February 26, 2020",Looks the same,Product was same as expected,yes,0,5.0,https://www.amazon.ca/Saxx-Underwear-Ultra-Boxer-Jeepster/dp/B079MGJZ5C/ref=cm_cr_srp_d_product_top?ie=UTF8,2020-09-29 18:05:57.679747,2020-09-29 18:06:03.972506,Zario,Clothing & Accessories,B002G9UDYG,B079MGJZ5C
68,68,68,68,AEJEBBRJZQ3CRKJVIICNBFZJC7BQ,"January 6, 2020",Wear them every day,"Surprisingly amazing deal for the price. You get gold silver and black. I prefer the black ones, but that’s just my personal preference. My girlfriend and I love them!",yes,0,5.0,https://www.amazon.ca/Oidea-Assorted-Stainless-Earrings-Hypoallergenic/dp/B01M272IPW/ref=cm_cr_srp_d_product_top?ie=UTF8,2020-09-29 18:06:11.059222,2020-09-29 18:06:17.296379,Zario,Clothing & Accessories,B002G9UDYG,B01M272IPW
69,69,69,69,AEJEBBRJZQ3CRKJVIICNBFZJC7BQ,"January 6, 2020",Love them,Very good deal for the price. Love the art socks. Fits any size under 14 US mens but I think would be best fit for a size 8-10 US mens,yes,0,5.0,https://www.amazon.ca/WeciBor-Renaissance-Multicolor-Colorful-Wholesale/dp/B07B6K34KD/ref=cm_cr_srp_d_product_top?ie=UTF8,2020-09-29 18:06:25.424756,2020-09-29 18:06:32.103693,Zario,Clothing & Accessories,B002G9UDYG,B07B6K34KD
70,70,70,70,AEJEBBRJZQ3CRKJVIICNBFZJC7BQ,"January 6, 2020",Amazing,Good quality and cute gift. My girlfriend loved it!,yes,One,5.0,https://www.amazon.ca/Fesciory-Bracelet-Universe-Sandstone-Adjustable/dp/B078X5CRTN/ref=cm_cr_srp_d_product_top?ie=UTF8,2020-09-29 18:06:42.549569,2020-09-29 18:06:50.228965,Zario,Clothing & Accessories,B002G9UDYG,B078X5CRTN
71,71,71,71,AEJEBBRJZQ3CRKJVIICNBFZJC7BQ,"January 6, 2020",Looks amazing,"Pretty cool phone case, seems well designed and looks amazing. Pretty light too considering it’s metal. Don’t know if it’s a protectable phone case and don’t wanna test to see. Look wise it’s a 5 star, but am sceptical to it see what happens when I drop it.",yes,0,4.0,https://www.amazon.ca/Migemi-Tech-Metal-iPhone-Proof-Silver/dp/B078W44BJ9/ref=cm_cr_srp_d_product_top?ie=UTF8,2020-09-29 18:06:57.333802,2020-09-29 18:07:03.763038,Zario,Clothing & Accessories,B002G9UDYG,B078W44BJ9
72,72,72,72,AEJEBBRJZQ3CRKJVIICNBFZJC7BQ,"September 6, 2019",Garbage,Mold does not work properly and the metal used for the teeth is garbage quality,yes,0,1.0,https://www.amazon.ca/Plated-Grillz-Removable-Halloween-Accessories/dp/B07GXKWWKV/ref=cm_cr_srp_d_product_top?ie=UTF8,2020-09-29 18:07:12.864082,2020-09-29 18:07:22.284704,Zario,Clothing & Accessories,B002G9UDYG,B07GXKWWKV
73,73,73,73,AEJEBBRJZQ3CRKJVIICNBFZJC7BQ,"August 25, 2019",Not what expected,Fits weird and the colour is wrong,yes,0,2.0,https://www.amazon.ca/Baseball-Fashionable-Corduroy-Adjustable-Winter/dp/B07M853LCX/ref=cm_cr_srp_d_product_top?ie=UTF8,2020-09-29 18:07:32.389969,2020-09-29 18:07:40.804950,Zario,Clothing & Accessories,B002G9UDYG,B07M853LCX
74,74,74,74,AEJEBBRJZQ3CRKJVIICNBFZJC7BQ,"August 25, 2019",Decent,Not the best quality but you get what you pay for,yes,0,2.0,https://www.amazon.ca/Earring-Crystal-Rhinestone-Princess-Setting/dp/B07DGLB6NP/ref=cm_cr_srp_d_product_top?ie=UTF8,2020-09-29 18:07:47.907363,2020-09-29 18:07:54.310782,Zario,Clothing & Accessories,B002G9UDYG,B07DGLB6NP
75,75,75,75,AEJEBBRJZQ3CRKJVIICNBFZJC7BQ,"August 25, 2019",Large,Good product but fits pretty large,yes,0,3.0,https://www.amazon.ca/Carhartt-Acrylic-Watch-Black-Size/dp/B002G9UDYG/ref=cm_cr_srp_d_product_top?ie=UTF8,2020-09-29 18:08:03.425897,2020-09-29 18:08:09.854819,Zario,Clothing & Accessories,B002G9UDYG,B002G9UDYG
