,Unnamed: 0,Unnamed: 0.1,Unnamed: 0.1.1,author_id,date_review_posted,review_title,reviews,verified_purchase,people_find_helpful,ratings,product_url,start,end,reviewer_name,product_category,product_id,subproduct_id
0,0,0,0,AEJMJOFKYAP7AJO6KQRYEEXIENMQ,"April 20, 2020",Dont waste your time,did not stick and let in particles behind the plastic,no,0,1.0,https://www.amazon.ca/Protector-Anti-Scratch-Definition-Ultrasonic-Fingerprint/dp/B081Z27RK6/ref=cm_cr_srp_d_product_top?ie=UTF8,2020-09-30 13:48:22.638687,2020-09-30 13:48:32.072983,m,Clothing & Accessories,B002G9UDYG,B081Z27RK6
1,1,1,1,AEJMJOFKYAP7AJO6KQRYEEXIENMQ,"December 9, 2018",Quick and easy,I use this breakfast maker 3-4 times per week. Omelettes turn out great and the waffles are easy with store bought mix. I would but it again,yes,0,5.0,https://www.amazon.ca/Cuisinart-WAF-600C-Breakfast-Central-Silver/dp/B005MN1IK6/ref=cm_cr_srp_d_product_top?ie=UTF8,2020-09-30 13:48:40.180776,2020-09-30 13:48:48.569268,m,Clothing & Accessories,B002G9UDYG,B005MN1IK6
2,2,2,2,AEJMJOFKYAP7AJO6KQRYEEXIENMQ,"December 13, 2017",Five Stars,Excellent fit and quality. A little thinner then I thought but still adequate,yes,0,5.0,https://www.amazon.ca/Carhartt-Mens-Flat-Knit-3-Pack-Large/dp/B004NRNR88/ref=cm_cr_srp_d_product_top?ie=UTF8,2020-09-30 13:48:56.677816,2020-09-30 13:49:06.098295,m,Clothing & Accessories,B002G9UDYG,B004NRNR88
3,3,3,3,AEJMJOFKYAP7AJO6KQRYEEXIENMQ,"December 13, 2017",Five Stars,Excellent fit and quality,no,0,5.0,https://www.amazon.ca/Carhartt-Acrylic-Watch-Black-Size/dp/B002G9UDYG/ref=cm_cr_srp_d_product_top?ie=UTF8,2020-09-30 13:49:15.206660,2020-09-30 13:49:21.598759,m,Clothing & Accessories,B002G9UDYG,B002G9UDYG
