,Unnamed: 0,Unnamed: 0.1,Unnamed: 0.1.1,author_id,date_review_posted,review_title,reviews,verified_purchase,people_find_helpful,ratings,product_url,start,end,reviewer_name,product_category,product_id,subproduct_id
0,0,0,0,AEL4PEFWBBEB7RDVIFLE6DVJDYKQ,"November 27, 2019",Good,Nothing special but great for the price,yes,0,4.0,https://www.amazon.ca/COVERGIRL-Clump-Crusher-Mascara-Packaging/dp/B0094GHGQM/ref=cm_cr_srp_d_product_top?ie=UTF8,2020-09-18 11:51:54.654276,2020-09-18 11:52:03.944486,Naomi,Clothing & Accessories,B002G9UDYG,B0094GHGQM
1,1,1,1,AEL4PEFWBBEB7RDVIFLE6DVJDYKQ,"January 29, 2019",Disapointed with this one,"I was disappointed with this because the last bra I ordered from this company is my favourite bra. Unfortunately, this one seems like a bigger cup, the fit isn't awful but definitely not proper (even though they are both apparently 34DDD) and the sides of it dig into my armpit no matter how much I adjust the straps. The quality of the bra overall is decent for the price if it weren't for the issues mentioned above.",yes,One,3.0,https://www.amazon.ca/Smart-Sexy-Perfect-Push-Up-Blushing/dp/B07BVWZ2V1/ref=cm_cr_srp_d_product_top?ie=UTF8,2020-09-18 11:52:12.040280,2020-09-18 11:52:19.320976,Naomi,Clothing & Accessories,B002G9UDYG,B07BVWZ2V1
2,2,2,2,AEL4PEFWBBEB7RDVIFLE6DVJDYKQ,"January 22, 2019",Love it,"I am obsessed with this it feels so great, I haven't been able to find mine for a couple days and I'm getting desperate I may order another!",yes,0,5.0,https://www.amazon.ca/Foot-Rubz-North-Hand-Massage/dp/B002QEY6NK/ref=cm_cr_srp_d_product_top?ie=UTF8,2020-09-18 11:52:29.407785,2020-09-18 11:52:36.683719,Naomi,Clothing & Accessories,B002G9UDYG,B002QEY6NK
3,3,3,3,AEL4PEFWBBEB7RDVIFLE6DVJDYKQ,"January 9, 2019",I love it!,"This is great, only cruelty-free deodorant I've tried that actually works and it doesn't irritate my super sensitive skin. I have previously used the Bergamot and Lime one but I prefer this one by far especially because it goes on much easier and smoother. Great smell too that's not overpowering.",yes,0,5.0,https://www.amazon.ca/Schmidts-Deodorant-Lavender-Sage-3-25/dp/B01851E0R4/ref=cm_cr_srp_d_product_top?ie=UTF8,2020-09-18 11:52:45.770370,2020-09-18 11:52:54.030640,Naomi,Clothing & Accessories,B002G9UDYG,B01851E0R4
4,4,4,4,AEL4PEFWBBEB7RDVIFLE6DVJDYKQ,"January 9, 2019",Amazing,"I am blown away by how great this face wash is, it takes off all my makeup easily and makes my skin feel incredible. Previously I had bought the Neem Foaming Face Wash but I felt it dried my skin out (I didn't realize it said it was for oily skin) but this Aloe Vera one is incredible for my dry skin.",yes,0,5.0,https://www.amazon.ca/Himalaya-Moisturizing-Cleanser-Soap-Free-Normal/dp/B0158URNGK/ref=cm_cr_srp_d_product_top?ie=UTF8,2020-09-18 11:53:04.118447,2020-09-18 11:53:12.400584,Naomi,Clothing & Accessories,B002G9UDYG,B0158URNGK
5,5,5,5,AEL4PEFWBBEB7RDVIFLE6DVJDYKQ,"December 11, 2018",Good but loud,"I love this but not long after getting it noticed it makes a loud sound when drinking through the straw, I have tried unscrewing and re-attaching the straw but nothing seems to help. Also occasionally it seems to leak a bit even if it the lid is on very tightly but this doesn't seem to happen all the time.",no,0,3.0,https://www.amazon.ca/Contigo-AUTOSPOUT-Straw-Ashland-Bottle/dp/B01GKCHKCM/ref=cm_cr_srp_d_product_top?ie=UTF8,2020-09-18 11:53:19.492370,2020-09-18 11:53:28.730010,Naomi,Clothing & Accessories,B002G9UDYG,B01GKCHKCM
6,6,6,6,AEL4PEFWBBEB7RDVIFLE6DVJDYKQ,"December 11, 2018",Amazing but...,"I love these and I find they fit true to size but unfortunately, if you wear them a few times between washing, the elastic stretches after you wear them and then start to seem looser and baggy until they are washed again.",yes,0,4.0,https://www.amazon.ca/Suko-Ponte-Leggings-Women-Pants/dp/B074Q3TND6/ref=cm_cr_srp_d_product_top?ie=UTF8,2020-09-18 11:53:36.814333,2020-09-18 11:53:46.146586,Naomi,Clothing & Accessories,B002G9UDYG,B074Q3TND6
7,7,7,7,AEL4PEFWBBEB7RDVIFLE6DVJDYKQ,"November 20, 2018",Good quality but ridiculously tall,It's nice quality but its so long it sticks up way too much unless you fold it so much that it looks equally as ridiculous. it looks like something from a H3H3 video tbh,yes,2,2.0,https://www.amazon.ca/Carhartt-Acrylic-Watch-Black-Size/dp/B002G9UDYG/ref=cm_cr_srp_d_product_top?ie=UTF8,2020-09-18 11:53:54.227142,2020-09-18 11:54:02.516475,Naomi,Clothing & Accessories,B002G9UDYG,B002G9UDYG
8,8,8,8,AEL4PEFWBBEB7RDVIFLE6DVJDYKQ,"August 25, 2018",Best waterbottle,"I'm obsessed with it, Ive had it for over 6 months and it's the best water bottle I've ever had, left it at a friends for a while and he didn't want to give it back because it was so great!",no,0,5.0,https://www.amazon.ca/CONTIGO-CGO70615-Autoseal-Cortland-24-Ounce/dp/B00MVODHIK/ref=cm_cr_srp_d_product_top?ie=UTF8,2020-09-18 11:54:10.612209,2020-09-18 11:54:17.917232,Naomi,Clothing & Accessories,B002G9UDYG,B00MVODHIK
9,9,9,9,AEL4PEFWBBEB7RDVIFLE6DVJDYKQ,"August 25, 2018","I've already ordered them twice, love it!","Such a good deal, these are really great quality and the perfect amount of bouncyness",yes,0,5.0,https://www.amazon.ca/Real-Techniques-Miracle-Complexion-sponges/dp/B00QPNVC0I/ref=cm_cr_srp_d_product_top?ie=UTF8,2020-09-18 11:54:25.004187,2020-09-18 11:54:31.268426,Naomi,Clothing & Accessories,B002G9UDYG,B00QPNVC0I
10,10,10,10,AEL4PEFWBBEB7RDVIFLE6DVJDYKQ,"July 3, 2018",Very small bottle and greasy,"I want to love this especially because it's so hard to find cruelty free sunscreen but it feels so greasy, I waited a long time between putting it on and doing my makeup yet it still made my foundation go on weird and made my face very shiny, it's an extremely tiny bottle for the price too",yes,6,3.0,https://www.amazon.ca/Sun-Bum-Spectrum-Protection-Paraben/dp/B0759HWDVM/ref=cm_cr_srp_d_product_top?ie=UTF8,2020-09-18 11:54:38.349713,2020-09-18 11:54:45.607496,Naomi,Clothing & Accessories,B002G9UDYG,B0759HWDVM
11,11,11,11,AEL4PEFWBBEB7RDVIFLE6DVJDYKQ,"July 1, 2018",rides up but good,It rides up quite a bit but it's cute and not bad for the price :),yes,One,4.0,https://www.amazon.ca/Sleeveless-Plain-Solid-Onesize-Black/dp/B011T5HW8M/ref=cm_cr_srp_d_product_top?ie=UTF8,2020-09-18 11:54:54.706118,2020-09-18 11:55:01.951579,Naomi,Clothing & Accessories,B002G9UDYG,B011T5HW8M
12,12,12,12,AEL4PEFWBBEB7RDVIFLE6DVJDYKQ,"April 2, 2018",Love it,I was kind of skeptical that a fairly cheap bra would actually work well but it's amazing! Since it can be hard to find nice inexpensive bras that come in a DDD I'm so glad I got this,no,6,5.0,https://www.amazon.ca/Smart-Sexy-Womens-Everyday-Shirt/dp/B01N4K9QO9/ref=cm_cr_srp_d_product_top?ie=UTF8,2020-09-18 11:55:09.042119,2020-09-18 11:55:17.273293,Naomi,Clothing & Accessories,B002G9UDYG,B01N4K9QO9
13,13,13,13,AEL4PEFWBBEB7RDVIFLE6DVJDYKQ,"March 4, 2018",Pretty good but a little bland,"If you like nutritional yeast then you'll probably like this. I used cashew milk and a bit of vegan butter, it turned out pretty good but a bit bland I added some seasoning salt and a couple drops of ketchup and that helped make it much more flavourful. Doesn't taste exactly like Kraft dinner or anything but it's not bad!",no,0,4.0,https://www.amazon.ca/Roads-End-Organics-Chreese-6-5-Ounce/dp/B000LKZEP0/ref=cm_cr_srp_d_product_top?ie=UTF8,2020-09-18 11:55:26.351950,2020-09-18 11:55:34.588838,Naomi,Clothing & Accessories,B002G9UDYG,B000LKZEP0
14,14,14,14,AEL4PEFWBBEB7RDVIFLE6DVJDYKQ,"February 15, 2018",Four Stars,"Gorgeous, the sewing around the top was a tiny bit wonky but not noticable",yes,0,4.0,https://www.amazon.ca/Eiffel-Womens-Shoulder-Evening-Skater/dp/B01MRP1BMU/ref=cm_cr_srp_d_product_top?ie=UTF8,2020-09-18 11:55:44.687518,2020-09-18 11:55:50.987452,Naomi,Clothing & Accessories,B002G9UDYG,B01MRP1BMU
15,15,15,15,AEL4PEFWBBEB7RDVIFLE6DVJDYKQ,"February 15, 2018",Decent for price but breaks easily,"I loved it at first but the zipper broke twice and by the second time it was unable to be fixed, for the price though it's not bad",yes,0,3.0,https://www.amazon.ca/Badiya-Womens-Vintage-Floral-Wallet/dp/B01HARGR8E/ref=cm_cr_srp_d_product_top?ie=UTF8,2020-09-18 11:55:58.084240,2020-09-18 11:56:07.320522,Naomi,Clothing & Accessories,B002G9UDYG,B01HARGR8E
