,Unnamed: 0,Unnamed: 0.1,Unnamed: 0.1.1,author_id,date_review_posted,review_title,reviews,verified_purchase,people_find_helpful,ratings,product_url,start,end,reviewer_name,product_category,product_id,subproduct_id
0,0,0,0,AEOMESB76SKVG2XNMOELW3XARH4A,"February 8, 2020",Good,Good,yes,0,5.0,https://www.amazon.ca/StarTech-com-Cat6-Ethernet-Cable-Snagless/dp/B003OCRW8E/ref=cm_cr_srp_d_product_top?ie=UTF8,2020-09-29 23:51:21.788805,2020-09-29 23:51:30.146775,Jean Sebastien Veilleux,Clothing & Accessories,B002G9UDYG,B003OCRW8E
1,1,1,1,AEOMESB76SKVG2XNMOELW3XARH4A,"February 8, 2020",Gx,Gx,yes,One,3.0,https://www.amazon.ca/Assorted-Pokemon-Trading-Cards-Free/dp/B01N0OWYZR/ref=cm_cr_srp_d_product_top?ie=UTF8,2020-09-29 23:51:37.266845,2020-09-29 23:51:45.686231,Jean Sebastien Veilleux,Clothing & Accessories,B002G9UDYG,B01N0OWYZR
2,2,2,2,AEOMESB76SKVG2XNMOELW3XARH4A,"February 8, 2020",Sucks,Not working with Windows 7,yes,0,1.0,https://www.amazon.ca/Command-Conquer-Red-Alert-2/dp/B0009J1JIY/ref=cm_cr_srp_d_product_top?ie=UTF8,2020-09-29 23:51:55.784502,2020-09-29 23:52:04.089097,Jean Sebastien Veilleux,Clothing & Accessories,B002G9UDYG,B0009J1JIY
3,3,3,3,AEOMESB76SKVG2XNMOELW3XARH4A,"February 8, 2020",Good,Good,yes,0,5.0,https://www.amazon.ca/crossover-compatible-Enlighten-straight-splitter/dp/B00NCLHEF8/ref=cm_cr_srp_d_product_top?ie=UTF8,2020-09-29 23:52:11.190873,2020-09-29 23:52:18.448778,Jean Sebastien Veilleux,Clothing & Accessories,B002G9UDYG,B00NCLHEF8
4,4,4,4,AEOMESB76SKVG2XNMOELW3XARH4A,"February 8, 2020",Good,Good,yes,0,5.0,https://www.amazon.ca/Kalypso-Media-848466000949-Dungeons-PlayStation/dp/B071HV6MV8/ref=cm_cr_srp_d_product_top?ie=UTF8,2020-09-29 23:52:28.561256,2020-09-29 23:52:35.884161,Jean Sebastien Veilleux,Clothing & Accessories,B002G9UDYG,B071HV6MV8
5,5,5,5,AEOMESB76SKVG2XNMOELW3XARH4A,"February 8, 2020",Sucks,Not working with Windows 7,yes,0,1.0,https://www.amazon.ca/Lords-of-the-Realm-II/dp/B000XREEIY/ref=cm_cr_srp_d_product_top?ie=UTF8,2020-09-29 23:52:46.013191,2020-09-29 23:52:53.285043,Jean Sebastien Veilleux,Clothing & Accessories,B002G9UDYG,B000XREEIY
6,6,6,6,AEOMESB76SKVG2XNMOELW3XARH4A,"February 8, 2020",Good,Good,yes,0,5.0,https://www.amazon.ca/Headphones-Earphones-Earbuds-Control-Samsung/dp/B07Q2S9R96/ref=cm_cr_srp_d_product_top?ie=UTF8,2020-09-29 23:53:00.376365,2020-09-29 23:53:06.666377,Jean Sebastien Veilleux,Clothing & Accessories,B002G9UDYG,B07Q2S9R96
7,7,7,7,AEOMESB76SKVG2XNMOELW3XARH4A,"February 8, 2020",Petite,Petite,yes,0,4.0,https://www.amazon.ca/Flicker-Incandescent-Flickering-Shaped-String/dp/B081L5HC3V/ref=cm_cr_srp_d_product_top?ie=UTF8,2020-09-29 23:53:16.772930,2020-09-29 23:53:25.057951,Jean Sebastien Veilleux,Clothing & Accessories,B002G9UDYG,B081L5HC3V
8,8,8,8,AEOMESB76SKVG2XNMOELW3XARH4A,"February 8, 2020",Good,Good,yes,0,5.0,https://www.amazon.ca/AmazonBasics-SBD86WD-Gaming-Mouse-Pad/dp/B06X3W3YQD/ref=cm_cr_srp_d_product_top?ie=UTF8,2020-09-29 23:53:34.152878,2020-09-29 23:53:42.438112,Jean Sebastien Veilleux,Clothing & Accessories,B002G9UDYG,B06X3W3YQD
9,9,9,9,AEOMESB76SKVG2XNMOELW3XARH4A,"February 8, 2020",Good,Good,yes,0,5.0,https://www.amazon.ca/OPOLAR-F401-Personal-Operation-Compatibility/dp/B00WM7TRTY/ref=cm_cr_srp_d_product_top?ie=UTF8,2020-09-29 23:53:49.529911,2020-09-29 23:53:58.936767,Jean Sebastien Veilleux,Clothing & Accessories,B002G9UDYG,B00WM7TRTY
10,10,10,10,AEOMESB76SKVG2XNMOELW3XARH4A,"February 8, 2020",Very nice,Very nice,yes,0,5.0,https://www.amazon.ca/Swanson-Tool-TL043M-Heavy-Duty-Magnetic/dp/B002C2SUHY/ref=cm_cr_srp_d_product_top?ie=UTF8,2020-09-29 23:54:07.047250,2020-09-29 23:54:13.449024,Jean Sebastien Veilleux,Clothing & Accessories,B002G9UDYG,B002C2SUHY
11,11,11,11,AEOMESB76SKVG2XNMOELW3XARH4A,"February 8, 2020",Good,Good,yes,0,5.0,https://www.amazon.ca/StarTech-com-Telephone-Modem-25-Feet-RJ25FT/dp/B00066HS94/ref=cm_cr_srp_d_product_top?ie=UTF8,2020-09-29 23:54:21.541246,2020-09-29 23:54:28.854339,Jean Sebastien Veilleux,Clothing & Accessories,B002G9UDYG,B00066HS94
12,12,12,12,AEOMESB76SKVG2XNMOELW3XARH4A,"February 8, 2020",Good,Good pour une imitation!,yes,0,5.0,https://www.amazon.ca/Biswaye-Lithium-Ion-Charger-Replacement-Battery/dp/B073GLHRX8/ref=cm_cr_srp_d_product_top?ie=UTF8,2020-09-29 23:54:36.965881,2020-09-29 23:54:44.250444,Jean Sebastien Veilleux,Clothing & Accessories,B002G9UDYG,B073GLHRX8
13,13,13,13,AEOMESB76SKVG2XNMOELW3XARH4A,"February 8, 2020",Très nice,Très nice!!,yes,0,5.0,https://www.amazon.ca/Hansang-Flickering-Decorative-Simulation-Decorations/dp/B07GKXSDNR/ref=cm_cr_srp_d_product_top?ie=UTF8,2020-09-29 23:54:52.347431,2020-09-29 23:55:01.599627,Jean Sebastien Veilleux,Clothing & Accessories,B002G9UDYG,B07GKXSDNR
14,14,14,14,AEOMESB76SKVG2XNMOELW3XARH4A,"January 11, 2020",Good,Good,yes,0,5.0,https://www.amazon.ca/Panasonic-Cr2016-Lithium-Battery-Ecr2016/dp/B00K5Y83HS/ref=cm_cr_srp_d_product_top?ie=UTF8,2020-09-29 23:55:09.702125,2020-09-29 23:55:19.077014,Jean Sebastien Veilleux,Clothing & Accessories,B002G9UDYG,B00K5Y83HS
15,15,15,15,AEOMESB76SKVG2XNMOELW3XARH4A,"January 11, 2020",Pourri,Pourri,yes,0,1.0,https://www.amazon.ca/Pieces-Model-Trees-1-36-Architecture/dp/B07RY7NB9X/ref=cm_cr_srp_d_product_top?ie=UTF8,2020-09-29 23:55:29.182978,2020-09-29 23:55:36.563688,Jean Sebastien Veilleux,Clothing & Accessories,B002G9UDYG,B07RY7NB9X
16,16,16,16,AEOMESB76SKVG2XNMOELW3XARH4A,"January 11, 2020",Très nice,Très nice,yes,0,5.0,https://www.amazon.ca/Wireless-ENACFIRE-Bluetooth-Headphones-Microphone/dp/B07MQ1FVBV/ref=cm_cr_srp_d_product_top?ie=UTF8,2020-09-29 23:55:44.661904,2020-09-29 23:55:54.125026,Jean Sebastien Veilleux,Clothing & Accessories,B002G9UDYG,B07MQ1FVBV
17,17,17,17,AEOMESB76SKVG2XNMOELW3XARH4A,"August 22, 2019",Good,Good,yes,0,5.0,https://www.amazon.ca/LEGO-High-speed-Passenger-Train-60051/dp/B00J4S6PGC/ref=cm_cr_srp_d_product_top?ie=UTF8,2020-09-29 23:56:04.234302,2020-09-29 23:56:12.600541,Jean Sebastien Veilleux,Clothing & Accessories,B002G9UDYG,B00J4S6PGC
18,18,18,18,AEOMESB76SKVG2XNMOELW3XARH4A,"August 22, 2019",Good,Good,yes,0,5.0,https://www.amazon.ca/Maximum-Games-790329-Farming-Simulator/dp/B01HD1B5Y8/ref=cm_cr_srp_d_product_top?ie=UTF8,2020-09-29 23:56:21.704012,2020-09-29 23:56:31.110046,Jean Sebastien Veilleux,Clothing & Accessories,B002G9UDYG,B01HD1B5Y8
19,19,19,19,AEOMESB76SKVG2XNMOELW3XARH4A,"August 22, 2019",Good,Good,yes,0,5.0,https://www.amazon.ca/Carhartt-Acrylic-Watch-Black-Size/dp/B002G9UDYG/ref=cm_cr_srp_d_product_top?ie=UTF8,2020-09-29 23:56:40.218243,2020-09-29 23:56:46.632991,Jean Sebastien Veilleux,Clothing & Accessories,B002G9UDYG,B002G9UDYG
20,20,20,20,AEOMESB76SKVG2XNMOELW3XARH4A,"August 22, 2019",Good,Good,yes,0,5.0,https://www.amazon.ca/Samsung-Charger-EP-TA20JBE-EP-DG950CBE-Galaxy/dp/B073TLKQB9/ref=cm_cr_srp_d_product_top?ie=UTF8,2020-09-29 23:56:53.730554,2020-09-29 23:57:03.160739,Jean Sebastien Veilleux,Clothing & Accessories,B002G9UDYG,B073TLKQB9
21,21,21,21,AEOMESB76SKVG2XNMOELW3XARH4A,"August 22, 2019",Good,Good,yes,0,5.0,https://www.amazon.ca/Samsung-3-5mm-Stereo-Headset-Galaxy/dp/B00K7JPHHA/ref=cm_cr_srp_d_product_top?ie=UTF8,2020-09-29 23:57:11.270667,2020-09-29 23:57:19.651040,Jean Sebastien Veilleux,Clothing & Accessories,B002G9UDYG,B00K7JPHHA
22,22,22,22,AEOMESB76SKVG2XNMOELW3XARH4A,"August 22, 2019",Good,Good,yes,0,5.0,https://www.amazon.ca/Bosch-Daredevil-DSBE1012-12-Inch-Extension/dp/B002BYOWKM/ref=cm_cr_srp_d_product_top?ie=UTF8,2020-09-29 23:57:26.762892,2020-09-29 23:57:34.180313,Jean Sebastien Veilleux,Clothing & Accessories,B002G9UDYG,B002BYOWKM
23,23,23,23,AEOMESB76SKVG2XNMOELW3XARH4A,"August 22, 2019",Good,Je flotte dedans,yes,0,3.0,https://www.amazon.ca/Carhartt-Signature-T-Shirt-Original-X-Large/dp/B007FPOWUC/ref=cm_cr_srp_d_product_top?ie=UTF8,2020-09-29 23:57:42.291496,2020-09-29 23:57:51.719979,Jean Sebastien Veilleux,Clothing & Accessories,B002G9UDYG,B007FPOWUC
24,24,24,24,AEOMESB76SKVG2XNMOELW3XARH4A,"August 22, 2019",Good,Good,yes,0,5.0,https://www.amazon.ca/Official-Minecraft-Sprites-Black-T-Shirt/dp/B00U2HP4YS/ref=cm_cr_srp_d_product_top?ie=UTF8,2020-09-29 23:58:00.834734,2020-09-29 23:58:10.278314,Jean Sebastien Veilleux,Clothing & Accessories,B002G9UDYG,B00U2HP4YS
25,25,25,25,AEOMESB76SKVG2XNMOELW3XARH4A,"August 22, 2019",Good,Good,yes,0,5.0,https://www.amazon.ca/Bosch-DSBE1006-DareDevil-6-Inch-Extension/dp/B002GU6QGE/ref=cm_cr_srp_d_product_top?ie=UTF8,2020-09-29 23:58:19.404792,2020-09-29 23:58:27.807800,Jean Sebastien Veilleux,Clothing & Accessories,B002G9UDYG,B002GU6QGE
26,26,26,26,AEOMESB76SKVG2XNMOELW3XARH4A,"August 22, 2019",Good,Good,yes,13,5.0,https://www.amazon.ca/Goldblatt-Lighted-Aluminum-Verti-Torpedo/dp/B014SJ92GG/ref=cm_cr_srp_d_product_top?ie=UTF8,2020-09-29 23:58:36.922817,2020-09-29 23:58:43.302562,Jean Sebastien Veilleux,Clothing & Accessories,B002G9UDYG,B014SJ92GG
27,27,27,27,AEOMESB76SKVG2XNMOELW3XARH4A,"August 22, 2019",Good,Good,yes,0,5.0,https://www.amazon.ca/Gildan-Cotton-Extended-Safety-XX-Large/dp/B00GSIHOQG/ref=cm_cr_srp_d_product_top?ie=UTF8,2020-09-29 23:58:50.406304,2020-09-29 23:58:59.775332,Jean Sebastien Veilleux,Clothing & Accessories,B002G9UDYG,B00GSIHOQG
28,28,28,28,AEOMESB76SKVG2XNMOELW3XARH4A,"August 22, 2019",Good,Good,yes,0,5.0,https://www.amazon.ca/Extension-VCE-Ethernet-Supports-Channel/dp/B0714JTLT1/ref=cm_cr_srp_d_product_top?ie=UTF8,2020-09-29 23:59:09.881951,2020-09-29 23:59:16.283445,Jean Sebastien Veilleux,Clothing & Accessories,B002G9UDYG,B0714JTLT1
29,29,29,29,AEOMESB76SKVG2XNMOELW3XARH4A,"August 22, 2019",Good,Good,yes,0,5.0,https://www.amazon.ca/UGREEN-Braided-Nintendo-Television-Connectors/dp/B00LM1W43C/ref=cm_cr_srp_d_product_top?ie=UTF8,2020-09-29 23:59:24.412713,2020-09-29 23:59:32.770479,Jean Sebastien Veilleux,Clothing & Accessories,B002G9UDYG,B00LM1W43C
30,30,30,30,AEOMESB76SKVG2XNMOELW3XARH4A,"August 22, 2019",Good,Good,yes,0,5.0,https://www.amazon.ca/LEGO-Passenger-Train-Building-Multicolor/dp/B07BHGHXD3/ref=cm_cr_srp_d_product_top?ie=UTF8,2020-09-29 23:59:39.867805,2020-09-29 23:59:46.275619,Jean Sebastien Veilleux,Clothing & Accessories,B002G9UDYG,B07BHGHXD3
31,31,31,31,AEOMESB76SKVG2XNMOELW3XARH4A,"August 22, 2019",Good,Good,yes,0,5.0,https://www.amazon.ca/LEGO-Tracks-60205-Building-Piece/dp/B07BGLZ7WK/ref=cm_cr_srp_d_product_top?ie=UTF8,2020-09-29 23:59:56.400114,2020-09-30 00:00:04.819939,Jean Sebastien Veilleux,Clothing & Accessories,B002G9UDYG,B07BGLZ7WK
32,32,32,32,AEOMESB76SKVG2XNMOELW3XARH4A,"August 22, 2019",Good,Good,yes,0,5.0,https://www.amazon.ca/LEGO-Switch-Tracks-60238-Building/dp/B07BGMMSRG/ref=cm_cr_srp_d_product_top?ie=UTF8,2020-09-30 00:00:12.951712,2020-09-30 00:00:20.392955,Jean Sebastien Veilleux,Clothing & Accessories,B002G9UDYG,B07BGMMSRG
33,33,33,33,AEOMESB76SKVG2XNMOELW3XARH4A,"July 6, 2019",Très bien,Très bien fit parfaitement,yes,0,5.0,https://www.amazon.ca/MoKo-Nintendo-Protective-Shock-Absorption-Anti-Scratch/dp/B078V15VY4/ref=cm_cr_srp_d_product_top?ie=UTF8,2020-09-30 00:00:29.515348,2020-09-30 00:00:38.900377,Jean Sebastien Veilleux,Clothing & Accessories,B002G9UDYG,B078V15VY4
34,34,34,34,AEOMESB76SKVG2XNMOELW3XARH4A,"July 6, 2019",Good,Good,yes,0,5.0,https://www.amazon.ca/Nintendo-Charging-imuto-Macbook-OnePlus/dp/B01M18T8KM/ref=cm_cr_srp_d_product_top?ie=UTF8,2020-09-30 00:00:47.011146,2020-09-30 00:00:55.462054,Jean Sebastien Veilleux,Clothing & Accessories,B002G9UDYG,B01M18T8KM
35,35,35,35,AEOMESB76SKVG2XNMOELW3XARH4A,"July 6, 2019",Pourri,Pourri comme étui je ne la recommande pas aucun anti choque,yes,0,1.0,https://www.amazon.ca/Samsung-Galaxy-GOGODOG-Scratch-Resistant/dp/B07DKJCLQS/ref=cm_cr_srp_d_product_top?ie=UTF8,2020-09-30 00:01:02.570550,2020-09-30 00:01:10.987791,Jean Sebastien Veilleux,Clothing & Accessories,B002G9UDYG,B07DKJCLQS
36,36,36,36,AEOMESB76SKVG2XNMOELW3XARH4A,"July 6, 2019",Good,Good,yes,0,5.0,https://www.amazon.ca/dp/B07RJTNM34/ref=cm_cr_srp_d_product_top?ie=UTF8,2020-09-30 00:01:20.103093,2020-09-30 00:01:27.545772,Jean Sebastien Veilleux,Clothing & Accessories,B002G9UDYG,B07RJTNM34
37,37,37,37,AEOMESB76SKVG2XNMOELW3XARH4A,"June 13, 2019",Excellent,En très bonne état,yes,0,5.0,https://www.amazon.ca/Pokemon-Detective-Pikachu-Greninja-Oversized/dp/B07QHHXCBZ/ref=cm_cr_srp_d_product_top?ie=UTF8,2020-09-30 00:01:37.679613,2020-09-30 00:01:47.058602,Jean Sebastien Veilleux,Clothing & Accessories,B002G9UDYG,B07QHHXCBZ
38,38,38,38,AEOMESB76SKVG2XNMOELW3XARH4A,"June 13, 2019",Excellent,Très bonne état merci,yes,0,5.0,https://www.amazon.ca/Pokemon-Detective-Pikachu-Charizard-Oversized/dp/B07QFC6N3G/ref=cm_cr_srp_d_product_top?ie=UTF8,2020-09-30 00:01:57.179083,2020-09-30 00:02:06.664474,Jean Sebastien Veilleux,Clothing & Accessories,B002G9UDYG,B07QFC6N3G
39,39,39,39,AEOMESB76SKVG2XNMOELW3XARH4A,"June 13, 2019",Excellent,Mon garçon est vraiment content la grandeur et les couleurs sont bonne!!,yes,0,5.0,https://www.amazon.ca/P-X-Legencls-Hoodie-Unisex-Sweater/dp/B07NWLTYQV/ref=cm_cr_srp_d_product_top?ie=UTF8,2020-09-30 00:02:14.783342,2020-09-30 00:02:23.161427,Jean Sebastien Veilleux,Clothing & Accessories,B002G9UDYG,B07NWLTYQV
40,40,40,40,AEOMESB76SKVG2XNMOELW3XARH4A,"June 13, 2019",Good,Good,yes,One,5.0,https://www.amazon.ca/Layer-Skinz-Playstation-Controller-Legends/dp/B07NXVLG9G/ref=cm_cr_srp_d_product_top?ie=UTF8,2020-09-30 00:02:32.276696,2020-09-30 00:02:38.683066,Jean Sebastien Veilleux,Clothing & Accessories,B002G9UDYG,B07NXVLG9G
41,41,41,41,AEOMESB76SKVG2XNMOELW3XARH4A,"June 13, 2019",Déteindu,Le blanc de la couverture est comme déteindu un peu déçu mais sinon grande et chaude mon gars l'aime bien,yes,One,4.0,https://www.amazon.ca/Fancy-Blanket-Wearable-Childrens-200x150cm/dp/B07PFXQVMR/ref=cm_cr_srp_d_product_top?ie=UTF8,2020-09-30 00:02:48.805144,2020-09-30 00:02:55.168996,Jean Sebastien Veilleux,Clothing & Accessories,B002G9UDYG,B07PFXQVMR
42,42,42,42,AEOMESB76SKVG2XNMOELW3XARH4A,"May 26, 2018",Excellent,Très bon éclairage pour le prix vraiment satisfait!,yes,0,5.0,https://www.amazon.ca/Litom-Headlamp-Waterproof-Flashlight-Lighting/dp/B01ABD1ZC2/ref=cm_cr_srp_d_product_top?ie=UTF8,2020-09-30 00:03:03.274972,2020-09-30 00:03:09.667775,Jean Sebastien Veilleux,Clothing & Accessories,B002G9UDYG,B01ABD1ZC2
43,43,43,43,AEOMESB76SKVG2XNMOELW3XARH4A,"May 26, 2018",Excellent,Marche très bien très satisfait,yes,0,5.0,https://www.amazon.ca/Milwaukee-Genuine-Multi-Voltage-Battery-48-59-1812/dp/B007PDBHBG/ref=cm_cr_srp_d_product_top?ie=UTF8,2020-09-30 00:03:19.779358,2020-09-30 00:03:29.151360,Jean Sebastien Veilleux,Clothing & Accessories,B002G9UDYG,B007PDBHBG
44,44,44,44,AEOMESB76SKVG2XNMOELW3XARH4A,"May 26, 2018",Pas terrible,Pas terrible il colle bien mais il faut je pèse plus fort sur les touches et aux extrémités beaucoup moins de sensibilité faque finalement je lai enlever et jeter au poubelle !,yes,One,2.0,https://www.amazon.ca/dp/B07C2VCFNW/ref=cm_cr_srp_d_product_top?ie=UTF8,2020-09-30 00:03:37.276441,2020-09-30 00:03:44.778958,Jean Sebastien Veilleux,Clothing & Accessories,B002G9UDYG,B07C2VCFNW
