,Unnamed: 0,Unnamed: 0.1,Unnamed: 0.1.1,author_id,date_review_posted,review_title,reviews,verified_purchase,people_find_helpful,ratings,product_url,start,end,reviewer_name,product_category,product_id,subproduct_id
0,0,0,0,AERAUOMMMEYDQ3GZMWICDJZH3XMA,"January 7, 2019",LOVE THEM,I REALLY LIKE THE PILLOW COVERS - FELT THE QUALITY WAS VERY GOOD. BETTER THAN BUYING WHOLE NEW PILLOWS....LESS STORAGE. GREAT PURCHASE,yes,0,5.0,https://www.amazon.ca/HANGOOD-Flannel-Cushion-Christmas-Snowman/dp/B07HHRZG8P/ref=cm_cr_srp_d_product_top?ie=UTF8,2020-09-30 08:55:27.058455,2020-09-30 08:55:34.356382,Amazon Customer,Clothing & Accessories,B002G9UDYG,B07HHRZG8P
1,1,1,1,AERAUOMMMEYDQ3GZMWICDJZH3XMA,"November 28, 2018",hats fit well...good quality,buy these hats for my sons....they love them...love all Carhart products.,yes,0,5.0,https://www.amazon.ca/Carhartt-Acrylic-Watch-Black-Size/dp/B002G9UDYG/ref=cm_cr_srp_d_product_top?ie=UTF8,2020-09-30 08:55:42.453362,2020-09-30 08:55:51.744279,Amazon Customer,Clothing & Accessories,B002G9UDYG,B002G9UDYG
2,2,2,2,AERAUOMMMEYDQ3GZMWICDJZH3XMA,"August 16, 2017",I absolutely love this tree,"I absolutely love this tree. However, after having the tree up for only two weeks one whole branch of the tree will not light up. I disconnected the branch that won't light and tried to connect it to a different one but still would not light up. Disappointed this happened already. Not sure if there is anything you can advise.",yes,0,4.0,https://www.amazon.ca/dp/B015HQI4YU/ref=cm_cr_srp_d_product_top?ie=UTF8,2020-09-30 08:56:01.838382,2020-09-30 08:56:09.105750,Amazon Customer,Clothing & Accessories,B002G9UDYG,B015HQI4YU
3,3,3,3,AERAUOMMMEYDQ3GZMWICDJZH3XMA,"January 6, 2017",Four Stars,bought as gift for son - loved it,yes,0,4.0,https://www.amazon.ca/Titanfall-2-Xbox-One-Standard/dp/B01GWA53Z8/ref=cm_cr_srp_d_product_top?ie=UTF8,2020-09-30 08:56:17.201482,2020-09-30 08:56:26.453694,Amazon Customer,Clothing & Accessories,B002G9UDYG,B01GWA53Z8
4,4,4,4,AERAUOMMMEYDQ3GZMWICDJZH3XMA,"January 6, 2017",Four Stars,bought as gift for son - loved it,yes,0,4.0,https://www.amazon.ca/Still-Searching-Senses-Fail/dp/B000HIP3XE/ref=cm_cr_srp_d_product_top?ie=UTF8,2020-09-30 08:56:34.546959,2020-09-30 08:56:40.817404,Amazon Customer,Clothing & Accessories,B002G9UDYG,B000HIP3XE
5,5,5,5,AERAUOMMMEYDQ3GZMWICDJZH3XMA,"January 6, 2017",Five Stars,bought as gift for son -- he loves it,yes,0,5.0,https://www.amazon.ca/Call-Duty-Infinite-Warfare-Legacy/dp/B01EZA0DEI/ref=cm_cr_srp_d_product_top?ie=UTF8,2020-09-30 08:56:47.897488,2020-09-30 08:56:57.148093,Amazon Customer,Clothing & Accessories,B002G9UDYG,B01EZA0DEI
6,6,6,6,AERAUOMMMEYDQ3GZMWICDJZH3XMA,"January 6, 2017",Four Stars,bought as gift for someone - they really liked it,yes,0,4.0,https://www.amazon.ca/Bestand-Charger-Station-Support-0mm-2mm/dp/B01LYX8KUK/ref=cm_cr_srp_d_product_top?ie=UTF8,2020-09-30 08:57:05.239948,2020-09-30 08:57:13.486908,Amazon Customer,Clothing & Accessories,B002G9UDYG,B01LYX8KUK
7,7,7,7,AERAUOMMMEYDQ3GZMWICDJZH3XMA,"January 6, 2017",Four Stars,bought as gift for son - loved it,yes,0,4.0,https://www.amazon.ca/Life-Waiting-Room-Senses-Fail/dp/B001EOQWIU/ref=cm_cr_srp_d_product_top?ie=UTF8,2020-09-30 08:57:20.573493,2020-09-30 08:57:29.813109,Amazon Customer,Clothing & Accessories,B002G9UDYG,B001EOQWIU
8,8,8,8,AERAUOMMMEYDQ3GZMWICDJZH3XMA,"January 6, 2017",Four Stars,bought as gift for son - he loved it,yes,0,4.0,https://www.amazon.ca/Age-Ignorance-Our-Last-Night/dp/B008I7NR84/ref=cm_cr_srp_d_product_top?ie=UTF8,2020-09-30 08:57:37.900030,2020-09-30 08:57:44.156926,Amazon Customer,Clothing & Accessories,B002G9UDYG,B008I7NR84
