,Unnamed: 0,Unnamed: 0.1,Unnamed: 0.1.1,author_id,date_review_posted,review_title,reviews,verified_purchase,people_find_helpful,ratings,product_url,start,end,reviewer_name,product_category,product_id,subproduct_id
0,0,0,0,AEVK3ER6LVNEH6BPIAK3XQF6GF2Q,"September 5, 2020",Good for the price,I bought this bag set during Christmas last year. I have only used the small sachel bag. The corner of one side has already started to rip on the last couple of months. Not the most durable bag. You get what you pay for,no,0,3.0,https://www.amazon.ca/Handbags-Women-Shoulder-Satchel-Purse/dp/B07DF9MVN4/ref=cm_cr_srp_d_product_top?ie=UTF8,2020-09-30 17:34:52.657637,2020-09-30 17:35:01.921768,Aarin W,Clothing & Accessories,B002G9UDYG,B07DF9MVN4
1,1,1,1,AEVK3ER6LVNEH6BPIAK3XQF6GF2Q,"August 31, 2020",Great camera for the price ! My 2yo loves it,"I really love this product. My son absolutely loves it !!!!! He has and will get so much use out of it. He's 2yo. I'm giving it 4 stars because you have no hole to look through the camera with. My son doesn't mind but this could have been very easily implemented when making the toy so that it's that much better !!!!!

Also the projection is a little doggie. Some slides show super clear where a few others aren't.

The camera makes a clicking noise when you take a picture, it has a flash ect.... Very worth the price you pay !!!!",yes,0,4.0,https://www.amazon.ca/Camera-12-36-Children-Education-Birthday/dp/B07P5D7GMJ/ref=cm_cr_srp_d_product_top?ie=UTF8,2020-09-30 17:35:09.002195,2020-09-30 17:35:15.267742,Aarin W,Clothing & Accessories,B002G9UDYG,B07P5D7GMJ
2,2,2,2,AEVK3ER6LVNEH6BPIAK3XQF6GF2Q,"May 28, 2020",Nice idea. Didn't work for my baby,My baby didn't like this product. It didn't make a difference in his sleeping comfort. I returned it as for the expensive price it wasn't worth what I got,yes,One,2.0,https://www.amazon.ca/Babymoov-Cosydream-Ultra-Comfortable-Osteopath-CO-SLEEPER/dp/B07FDQFBRJ/ref=cm_cr_srp_d_product_top?ie=UTF8,2020-09-30 17:35:22.346265,2020-09-30 17:35:29.592795,Aarin W,Clothing & Accessories,B002G9UDYG,B07FDQFBRJ
3,3,3,3,AEVK3ER6LVNEH6BPIAK3XQF6GF2Q,"May 28, 2020",Good item,I enjoy this product. It's fun and entertaining. I feel it could be 9.99 verses 15$,yes,0,5.0,https://www.amazon.ca/Simon-Micro-Series-Game-English/dp/B00OFOER8S/ref=cm_cr_srp_d_product_top?ie=UTF8,2020-09-30 17:35:39.678022,2020-09-30 17:35:45.945565,Aarin W,Clothing & Accessories,B002G9UDYG,B00OFOER8S
4,4,4,4,AEVK3ER6LVNEH6BPIAK3XQF6GF2Q,"May 28, 2020",Best screws ever ! Worth the price,These Drew's are fantastic!!! I've set up a shade tent in my backyard for the kids. My text kept blowing away. After putting these screws/pegs in it hasn't budged even with strong winds,yes,One,5.0,https://www.amazon.ca/Fstop-Labs-Outdoor-Stakes-Ultimate/dp/B07CPPX3QD/ref=cm_cr_srp_d_product_top?ie=UTF8,2020-09-30 17:35:55.020471,2020-09-30 17:36:01.305253,Aarin W,Clothing & Accessories,B002G9UDYG,B07CPPX3QD
5,5,5,5,AEVK3ER6LVNEH6BPIAK3XQF6GF2Q,"May 28, 2020",Great value,Perfect for toddlers,yes,0,5.0,https://www.amazon.ca/Cuddly-Hippo-Plastic-Dinnerware-Flatware/dp/B0847HBFWX/ref=cm_cr_srp_d_product_top?ie=UTF8,2020-09-30 17:36:08.386675,2020-09-30 17:36:17.662486,Aarin W,Clothing & Accessories,B002G9UDYG,B0847HBFWX
6,6,6,6,AEVK3ER6LVNEH6BPIAK3XQF6GF2Q,"May 16, 2020",Worth it,Will be good gift. Good quality materials. Looks great,yes,0,5.0,https://www.amazon.ca/Reflective-Visibility-Comfortable-Motorcycle-Reflector/dp/B019ABLX7S/ref=cm_cr_srp_d_product_top?ie=UTF8,2020-09-30 17:36:24.760470,2020-09-30 17:36:31.061354,Aarin W,Clothing & Accessories,B002G9UDYG,B019ABLX7S
7,7,7,7,AEVK3ER6LVNEH6BPIAK3XQF6GF2Q,"April 25, 2020",Best book ever,"The most amazing book ! My son loved it when he was 1 and loves it even more now that he's 2. Best book ever for your toddler, highly recommended !!!!",yes,0,5.0,https://www.amazon.ca/Elmo-Sesame-Street-Sarah-Albee/dp/0375845402/ref=cm_cr_srp_d_product_top?ie=UTF8,2020-09-30 17:36:40.138380,2020-09-30 17:36:47.406871,Aarin W,Clothing & Accessories,B002G9UDYG,0375845402
8,8,8,8,AEVK3ER6LVNEH6BPIAK3XQF6GF2Q,"April 25, 2020",Tooo big,This hat size is three to six months old but it is huge on my almost 3 month old. If it wasn't such a hassle to return it with the quarantine and having extended delivery times I would return it for a different size,yes,One,4.0,https://www.amazon.ca/JANGANNSA-Summer-Protect-Bucket-Octopus/dp/B07V1T22BH/ref=cm_cr_srp_d_product_top?ie=UTF8,2020-09-30 17:36:56.496023,2020-09-30 17:37:05.760266,Aarin W,Clothing & Accessories,B002G9UDYG,B07V1T22BH
9,9,9,9,AEVK3ER6LVNEH6BPIAK3XQF6GF2Q,"April 25, 2020",My 2 yo loves this hat .,Amazing hat for my toddler ! Fits great and stays on well,yes,0,5.0,https://www.amazon.ca/XIAOHAWANG-Bucket-Toddler-Fishing-Outdoor/dp/B0863TC5LD/ref=cm_cr_srp_d_product_top?ie=UTF8,2020-09-30 17:37:12.849281,2020-09-30 17:37:22.143349,Aarin W,Clothing & Accessories,B002G9UDYG,B0863TC5LD
10,10,10,10,AEVK3ER6LVNEH6BPIAK3XQF6GF2Q,"April 23, 2020",Awesome rainboots. Very bright !,I got these rainboots as my 2 to has a bit of a wide foot so normal rainboots don't fit. There exactly as described! The reason for four stars is because they tend to fall off alot when he's picked up. Super frustrating lol,yes,2,4.0,https://www.amazon.ca/Amoji-Toddler-Chelsea-Children-Waterproof/dp/B07ZLVS71W/ref=cm_cr_srp_d_product_top?ie=UTF8,2020-09-30 17:37:29.225261,2020-09-30 17:37:35.484457,Aarin W,Clothing & Accessories,B002G9UDYG,B07ZLVS71W
11,11,11,11,AEVK3ER6LVNEH6BPIAK3XQF6GF2Q,"April 23, 2020",Such a wonderful tent that makes family outings 100x more enjoyable,Amazing tent ! Exactly as described. This tent is very spacious and can fit 3 large men easy ! This tent is highly recommended,yes,0,5.0,https://www.amazon.ca/Person-Portable-Shelters-Protection-Jewelry/dp/B078N4MC58/ref=cm_cr_srp_d_product_top?ie=UTF8,2020-09-30 17:37:42.573387,2020-09-30 17:37:48.834093,Aarin W,Clothing & Accessories,B002G9UDYG,B078N4MC58
12,12,12,12,AEVK3ER6LVNEH6BPIAK3XQF6GF2Q,"March 9, 2020",Not bad but not fabulous,"This is a good stroller overall. But has some major flaws. The frame is extremely flexible which makes it hard to manoeuvre. If you like myself and you live in a place with snow, forget going out if there is a snowstorm or snow that hasn't been pack down or sidewalks that haven't been plowed. It is very compact and fold amazingly into my truck and is a very sleek look in comparison to other double strollers an overall is a great stroller but using it in the snow is a big No-No. Also if you are using it with a toddler in the front it becomes extremely heavy and almost impossible to lift the stroller up to go over curbs or onto the bus etc like the wheels will literally not go up a 2 inch curb without getting stuck. it's actually quite sad because overall the stroller is good if these design features would be handled.",no,One,2.0,https://www.amazon.ca/Evenflo-Modular-Travel-SafeMax-Stallion/dp/B07Q47GT8T/ref=cm_cr_srp_d_product_top?ie=UTF8,2020-09-30 17:37:55.916221,2020-09-30 17:38:02.211416,Aarin W,Clothing & Accessories,B002G9UDYG,B07Q47GT8T
13,13,13,13,AEVK3ER6LVNEH6BPIAK3XQF6GF2Q,"February 6, 2020",Good product,Good mat just as described. Stays in place and doesn't slip around,yes,2,5.0,https://www.amazon.ca/AmazonBasics-Chenille-Bath-Mat-Small/dp/B07FPRVP85/ref=cm_cr_srp_d_product_top?ie=UTF8,2020-09-30 17:38:09.286229,2020-09-30 17:38:15.569256,Aarin W,Clothing & Accessories,B002G9UDYG,B07FPRVP85
14,14,14,14,AEVK3ER6LVNEH6BPIAK3XQF6GF2Q,"February 6, 2020",Good case,I've been using this phone case for about two months now with zero problems.,yes,0,5.0,https://www.amazon.ca/Compatible-Huawei-ArmorBox-Resistant-Protective/dp/B07P2YJ9LM/ref=cm_cr_srp_d_product_top?ie=UTF8,2020-09-30 17:38:25.655544,2020-09-30 17:38:31.928283,Aarin W,Clothing & Accessories,B002G9UDYG,B07P2YJ9LM
15,15,15,15,AEVK3ER6LVNEH6BPIAK3XQF6GF2Q,"February 6, 2020",Good wallets. Sturdy,This was a gift for my husband and he seems to be enjoying the wallet very well. He was very impressed with it,yes,0,5.0,https://www.amazon.ca/Genuine-Leather-Wallet-Bifold-Vintage/dp/B07PPB3WWC/ref=cm_cr_srp_d_product_top?ie=UTF8,2020-09-30 17:38:42.010275,2020-09-30 17:38:50.270737,Aarin W,Clothing & Accessories,B002G9UDYG,B07PPB3WWC
16,16,16,16,AEVK3ER6LVNEH6BPIAK3XQF6GF2Q,"February 6, 2020",Good product,These were a gift for my mother haven't heard any complaints so I'm assuming they are working very well,yes,0,5.0,https://www.amazon.ca/Crampons-Leolee-Universal-Traction-Stainless/dp/B07Y1GSPHL/ref=cm_cr_srp_d_product_top?ie=UTF8,2020-09-30 17:38:58.351328,2020-09-30 17:39:07.594480,Aarin W,Clothing & Accessories,B002G9UDYG,B07Y1GSPHL
17,17,17,17,AEVK3ER6LVNEH6BPIAK3XQF6GF2Q,"February 6, 2020",Seems to be doing the job,These were a gift for my husband to my knowledge they are working out well for him,yes,0,5.0,https://www.amazon.ca/MENDENG-Suspenders-Vintage-Adjustable-Groomsmen/dp/B07DN9PH44/ref=cm_cr_srp_d_product_top?ie=UTF8,2020-09-30 17:39:16.675082,2020-09-30 17:39:24.953347,Aarin W,Clothing & Accessories,B002G9UDYG,B07DN9PH44
18,18,18,18,AEVK3ER6LVNEH6BPIAK3XQF6GF2Q,"February 6, 2020",This product is highly highly highly recommended,Absolutely the best car magnet that you could ever buy,yes,0,5.0,https://www.amazon.ca/magnetic-holder-Strong-Rotation-Samsung/dp/B07S8NFM3S/ref=cm_cr_srp_d_product_top?ie=UTF8,2020-09-30 17:39:33.043701,2020-09-30 17:39:41.292844,Aarin W,Clothing & Accessories,B002G9UDYG,B07S8NFM3S
19,19,19,19,AEVK3ER6LVNEH6BPIAK3XQF6GF2Q,"February 6, 2020",Good shopping cart,Good product. Grocery items are a bit disappointing but overall good for the price,yes,0,3.0,https://www.amazon.ca/Battat-Grocery-Shopping-Toddlers-Pieces/dp/B01MYBGXO4/ref=cm_cr_srp_d_product_top?ie=UTF8,2020-09-30 17:39:50.372161,2020-09-30 17:39:56.645972,Aarin W,Clothing & Accessories,B002G9UDYG,B01MYBGXO4
20,20,20,20,AEVK3ER6LVNEH6BPIAK3XQF6GF2Q,"February 6, 2020",Good for the price. No complaints,Product just as discribed. Would be nice if the container came with a lib but overall good product. No problems,yes,0,5.0,https://www.amazon.ca/Battat-Cooking-Pretend-Set-Plastic-Toddlers/dp/B01MUDW9Y1/ref=cm_cr_srp_d_product_top?ie=UTF8,2020-09-30 17:40:06.729003,2020-09-30 17:40:14.979494,Aarin W,Clothing & Accessories,B002G9UDYG,B01MUDW9Y1
21,21,21,21,AEVK3ER6LVNEH6BPIAK3XQF6GF2Q,"February 6, 2020",Meh ......it's okay,It's okay nothing spectacular. My 2 yo plays with it occasionally,yes,0,3.0,https://www.amazon.ca/VTech-Wheels-Station-English-Version/dp/B06Y1B2Q4S/ref=cm_cr_srp_d_product_top?ie=UTF8,2020-09-30 17:40:23.069259,2020-09-30 17:40:29.328527,Aarin W,Clothing & Accessories,B002G9UDYG,B06Y1B2Q4S
22,22,22,22,AEVK3ER6LVNEH6BPIAK3XQF6GF2Q,"February 6, 2020",Best potty ever,Amazing potty. Easy to assemble. My toddler loves it. It's super sterdy,yes,0,5.0,https://www.amazon.ca/Training-Children-Toddler-Cushion-Non-Slip/dp/B07S5ZXVY9/ref=cm_cr_srp_d_product_top?ie=UTF8,2020-09-30 17:40:39.422024,2020-09-30 17:40:48.702352,Aarin W,Clothing & Accessories,B002G9UDYG,B07S5ZXVY9
23,23,23,23,AEVK3ER6LVNEH6BPIAK3XQF6GF2Q,"January 24, 2020",Amazing. High quality mug !!!!!!!,Bought this for my boss. I was super super impressed. Amazing mug. Great details. High quality ! Super recommended,yes,0,5.0,https://www.amazon.ca/Our-Name-Mud-6001245-Like/dp/B078S3296B/ref=cm_cr_srp_d_product_top?ie=UTF8,2020-09-30 17:40:55.791411,2020-09-30 17:41:04.061930,Aarin W,Clothing & Accessories,B002G9UDYG,B078S3296B
24,24,24,24,AEVK3ER6LVNEH6BPIAK3XQF6GF2Q,"January 24, 2020",Most amazing container,Best baby/toddler snack container !!!!! Highly recommended as an essential!!!,no,0,5.0,https://www.amazon.ca/Munchkin-Piece-Snack-Catcher-Green/dp/B01GKZNWTO/ref=cm_cr_srp_d_product_top?ie=UTF8,2020-09-30 17:41:14.163926,2020-09-30 17:41:21.416730,Aarin W,Clothing & Accessories,B002G9UDYG,B01GKZNWTO
25,25,25,25,AEVK3ER6LVNEH6BPIAK3XQF6GF2Q,"December 12, 2019",Lots of spirals!,Spiralizer!,yes,0,5.0,https://www.amazon.ca/Spiralizer-Vegetable-Sedhoom-Spaghetti-Gluten-Free/dp/B07Q3FMLMN/ref=cm_cr_srp_d_product_top?ie=UTF8,2020-09-30 17:41:30.512737,2020-09-30 17:41:37.791754,Aarin W,Clothing & Accessories,B002G9UDYG,B07Q3FMLMN
26,26,26,26,AEVK3ER6LVNEH6BPIAK3XQF6GF2Q,"December 12, 2019",Awesome educational product,Great educational product,yes,0,5.0,https://www.amazon.ca/Brighter-Child-Flash-Cards-First/dp/0769647197/ref=cm_cr_srp_d_product_top?ie=UTF8,2020-09-30 17:41:47.875259,2020-09-30 17:41:56.147069,Aarin W,Clothing & Accessories,B002G9UDYG,0769647197
27,27,27,27,AEVK3ER6LVNEH6BPIAK3XQF6GF2Q,"December 12, 2019",Good pens,Good pens as advertised,yes,0,5.0,https://www.amazon.ca/BIC-Round-Point-Medium-144-Count/dp/B06W2HD8B9/ref=cm_cr_srp_d_product_top?ie=UTF8,2020-09-30 17:42:05.237721,2020-09-30 17:42:11.502691,Aarin W,Clothing & Accessories,B002G9UDYG,B06W2HD8B9
28,28,28,28,AEVK3ER6LVNEH6BPIAK3XQF6GF2Q,"December 12, 2019",Very good Winter cover. Unfortunately zipper is very cheap and has broken,"I waited to give my feedback on this product as I was very skeptical as to the durability of this product.

I've used this product now about a dozen times and feel that it is a fair amount of time to give a review.

I love this product because it has given me the peace of mind that my toddler will be kept warm in cold weather.
Thus far ive only used it in - 15 and it has done the trick very well.
I like that it fits well on my baby trend jogger stroller as well as on my expand evenflo stroller.

Thebonly flaw about thisbstroller is the zipper that goes around the main windownis extremely flimsy. It almost feels as though it will break when I use it.
Another con would be that its NOT ment for rain. Personally this isnt a problem foe me but could be for others. It retains water quite a bit.

Thankfully i dont need to use this window often as i dont think it would withstand content use.

Update : Feb 6 20

I've been using this stroller cover everyday since it began snowing in November and as stated on the arrival of the product the zipper is super flimsy. Today wall out in a snowstorm one of the zippers as there are two for the window broke completely off. The product is a great idea but unfortunately the very cheap zipper lowers the value of this product.",yes,One,2.0,https://www.amazon.ca/Universal-Size-Stroller-Thicken-Cover/dp/B07KTPYB6X/ref=cm_cr_srp_d_product_top?ie=UTF8,2020-09-30 17:42:21.585120,2020-09-30 17:42:27.849897,Aarin W,Clothing & Accessories,B002G9UDYG,B07KTPYB6X
29,29,29,29,AEVK3ER6LVNEH6BPIAK3XQF6GF2Q,"November 15, 2019",Good size for the price,I just received the product today. I'm very impressed with the size of the bottle and the accessories that it comes with. Totally worth the price. Will update later with results,yes,0,5.0,https://www.amazon.ca/Viva-Naturals-Pure-Organic-Castor/dp/B071RD69HX/ref=cm_cr_srp_d_product_top?ie=UTF8,2020-09-30 17:42:35.930393,2020-09-30 17:42:43.194210,Aarin W,Clothing & Accessories,B002G9UDYG,B071RD69HX
30,30,30,30,AEVK3ER6LVNEH6BPIAK3XQF6GF2Q,"November 10, 2019",Exactly as expected,Wonderful book shelf. Helps my 15 month old pick the books he wants and helps boost his literacy by having him interested in books. Great product. A bit on the pricy side for what you receive.,yes,0,5.0,https://www.amazon.ca/Storage-Bookshelf-Display-Espresso-Primary/dp/B0756C52ZD/ref=cm_cr_srp_d_product_top?ie=UTF8,2020-09-30 17:42:51.274777,2020-09-30 17:43:00.540704,Aarin W,Clothing & Accessories,B002G9UDYG,B0756C52ZD
31,31,31,31,AEVK3ER6LVNEH6BPIAK3XQF6GF2Q,"November 10, 2019",THE BEST PRODUCT EVER!!!!!!!! WORTH THE PRICE,Wow!!!!!! I'm sooooo impressed with this item. I was a bit skeptical at first but I felt as if I had nothing to lose really. Let me tell you these do the trick and are worth every dollar. No son has no more leaks and can sleep through the night soundly without wetting the bed. They truly are FANTASTIC!!!!! I'd recommend these to everyone.,yes,0,5.0,https://www.amazon.ca/Bamboo-Diaper-Inserts-BumGenius-Reusable-Liners/dp/B06XKX42YC/ref=cm_cr_srp_d_product_top?ie=UTF8,2020-09-30 17:43:09.620649,2020-09-30 17:43:17.917819,Aarin W,Clothing & Accessories,B002G9UDYG,B06XKX42YC
32,32,32,32,AEVK3ER6LVNEH6BPIAK3XQF6GF2Q,"October 25, 2019",Rip off,Great product but extremely extremely extremely overpriced at Walmart it's sold for 2.50 $the same size.,yes,2,1.0,https://www.amazon.ca/Tabasco-Chipotle-Sauce-57mL-TABASCO/dp/B00LM9161A/ref=cm_cr_srp_d_product_top?ie=UTF8,2020-09-30 17:43:26.006335,2020-09-30 17:43:34.266029,Aarin W,Clothing & Accessories,B002G9UDYG,B00LM9161A
33,33,33,33,AEVK3ER6LVNEH6BPIAK3XQF6GF2Q,"October 25, 2019",Haven't used them that much because they don't really hold,Not too bad. Doesn't hold a lot of hair but are very pretty. I have a bit thick hair that's curly. This would work for maybe a child or someone with fine hair. They also don't stay up all that well with a small amount of hair,yes,One,1.0,https://www.amazon.ca/Aniwon-Triangle-Barrettes-Hairpins-Accessories/dp/B076HGXB1F/ref=cm_cr_srp_d_product_top?ie=UTF8,2020-09-30 17:43:44.345326,2020-09-30 17:43:50.615433,Aarin W,Clothing & Accessories,B002G9UDYG,B076HGXB1F
34,34,34,34,AEVK3ER6LVNEH6BPIAK3XQF6GF2Q,"October 25, 2019",Amazing price for the quality,I've only one that's necklace two times but I am extremely pleased with the price and the quality of the necklace. It has not tarnished or cause my skin to be green thus far,yes,0,5.0,https://www.amazon.ca/Sterling-Silver-Italian-Chain-Inches/dp/B00P9ZMZTU/ref=cm_cr_srp_d_product_top?ie=UTF8,2020-09-30 17:43:58.696842,2020-09-30 17:44:06.970149,Aarin W,Clothing & Accessories,B002G9UDYG,B00P9ZMZTU
35,35,35,35,AEVK3ER6LVNEH6BPIAK3XQF6GF2Q,"October 13, 2019",Not worth the money,One of the clasps broke as I was putting it on the sheet,yes,0,1.0,https://www.amazon.ca/eZAKKA-Triangle-Suspenders-Grippers-Fasteners/dp/B01N2XKRN7/ref=cm_cr_srp_d_product_top?ie=UTF8,2020-09-30 17:44:14.050530,2020-09-30 17:44:21.299657,Aarin W,Clothing & Accessories,B002G9UDYG,B01N2XKRN7
36,36,36,36,AEVK3ER6LVNEH6BPIAK3XQF6GF2Q,"October 12, 2019",Wasn't comfortable for me,Super uncomfortable. Slept on it for a few hours and had a sore neck for 3 days,yes,0,2.0,https://www.amazon.ca/Intex-Classic-Airbed-Pillows-Double/dp/B000HBIL9O/ref=cm_cr_srp_d_product_top?ie=UTF8,2020-09-30 17:44:30.383090,2020-09-30 17:44:39.643167,Aarin W,Clothing & Accessories,B002G9UDYG,B000HBIL9O
37,37,37,37,AEVK3ER6LVNEH6BPIAK3XQF6GF2Q,"October 12, 2019",Good for the price. Great purchase,Perfect as expected,yes,0,5.0,https://www.amazon.ca/BeadaholiqueCA-FEA-01022-12-Piece-Sterling-Earring/dp/B00BBAXQOA/ref=cm_cr_srp_d_product_top?ie=UTF8,2020-09-30 17:44:46.744205,2020-09-30 17:44:54.042093,Aarin W,Clothing & Accessories,B002G9UDYG,B00BBAXQOA
38,38,38,38,AEVK3ER6LVNEH6BPIAK3XQF6GF2Q,"October 12, 2019",Good hat,"Good hat, good quality. Nice and warm. Well worth the price",yes,0,5.0,https://www.amazon.ca/Carhartt-Acrylic-Watch-Black-Size/dp/B002G9UDYG/ref=cm_cr_srp_d_product_top?ie=UTF8,2020-09-30 17:45:02.126363,2020-09-30 17:45:09.377202,Aarin W,Clothing & Accessories,B002G9UDYG,B002G9UDYG
39,39,39,39,AEVK3ER6LVNEH6BPIAK3XQF6GF2Q,"October 2, 2019",Good quality and would definitely recommend the sunglasses but they are quite large,This is exactly the type of quality that I would expect from a $30 pair of sunglasses. So they definitely didn't disappoint. But definitely be aware that these sunglasses are extra large sunglasses. I have a large face and usually wear large sunglasses and even these are quite big on my face,yes,3,5.0,https://www.amazon.ca/RazLiubit-Oversized-Sunglasses-Polarized-Mirrored/dp/B07MYQKT2M/ref=cm_cr_srp_d_product_top?ie=UTF8,2020-09-30 17:45:17.461721,2020-09-30 17:45:26.754093,Aarin W,Clothing & Accessories,B002G9UDYG,B07MYQKT2M
40,40,40,40,AEVK3ER6LVNEH6BPIAK3XQF6GF2Q,"September 16, 2019",A must have product,Absolutely ba must have for every kid ! I'm so happy I bought this product.,yes,0,5.0,https://www.amazon.ca/LeapFrog-Learning-Friends-Words-Book/dp/B07DJP3SKJ/ref=cm_cr_srp_d_product_top?ie=UTF8,2020-09-30 17:45:35.842069,2020-09-30 17:45:44.102623,Aarin W,Clothing & Accessories,B002G9UDYG,B07DJP3SKJ
41,41,41,41,AEVK3ER6LVNEH6BPIAK3XQF6GF2Q,"September 16, 2019",Very nice product,Wonder cute product. Does exactly as it's suppose to.,yes,0,5.0,https://www.amazon.ca/VicTsing-Essential-%E3%80%90Valentines-Ultrasonic-Waterless/dp/B07DPC723Z/ref=cm_cr_srp_d_product_top?ie=UTF8,2020-09-30 17:45:52.183798,2020-09-30 17:45:58.449630,Aarin W,Clothing & Accessories,B002G9UDYG,B07DPC723Z
42,42,42,42,AEVK3ER6LVNEH6BPIAK3XQF6GF2Q,"September 16, 2019",I wouldn't buy this product again,Didn't do as good of a job as expected. Took some yellow tone out but nothing exceptional. The reason I wouldn't buy this brand again is that the shampoo makes my hair crazy dry. Of course there is the conditionor but it's not amazingly conditioning to the point where it would make up for the shampoo. It's also kinda pricy so you don't want to over indulge.,yes,3,3.0,https://www.amazon.ca/Joico-Balance-Purple-Shampoo-Conditioner/dp/B01HAJ28P8/ref=cm_cr_srp_d_product_top?ie=UTF8,2020-09-30 17:46:06.527332,2020-09-30 17:46:14.798030,Aarin W,Clothing & Accessories,B002G9UDYG,B01HAJ28P8
43,43,43,43,AEVK3ER6LVNEH6BPIAK3XQF6GF2Q,"September 16, 2019",Very durable,Husband likes them and they have been very durable thus far. Which is important as he works construction.,yes,0,5.0,https://www.amazon.ca/Hanes-Active-12-Pack-Ankle-Socks/dp/B073CMQ293/ref=cm_cr_srp_d_product_top?ie=UTF8,2020-09-30 17:46:24.883125,2020-09-30 17:46:33.141549,Aarin W,Clothing & Accessories,B002G9UDYG,B073CMQ293
44,44,44,44,AEVK3ER6LVNEH6BPIAK3XQF6GF2Q,"September 16, 2019",Not bad ...,You get what you pay for. This grooming kit isn't bad but definitely you can tell it's longer quality than the one I previously purchased. The items get the job done so it's ok. Only used it a few times this far,yes,0,4.0,https://www.amazon.ca/Dreambaby-L330-Essential-Grooming-Kit/dp/B00CD4VLR2/ref=cm_cr_srp_d_product_top?ie=UTF8,2020-09-30 17:46:41.212746,2020-09-30 17:46:50.681552,Aarin W,Clothing & Accessories,B002G9UDYG,B00CD4VLR2
45,45,45,45,AEVK3ER6LVNEH6BPIAK3XQF6GF2Q,"September 16, 2019",Overall it's good,"I was a bit disappointed with this product as the one from my child's play from has English and French words printed in the insides of the doors telling you what the animals are. This adds an extra educational touch.

This one didn't have that . Overall good product",yes,0,3.0,https://www.amazon.ca/Melissa-Doug-Latches-Wooden-Activity/dp/B0026ZPTYY/ref=cm_cr_srp_d_product_top?ie=UTF8,2020-09-30 17:47:00.759714,2020-09-30 17:47:08.043918,Aarin W,Clothing & Accessories,B002G9UDYG,B0026ZPTYY
46,46,46,46,AEVK3ER6LVNEH6BPIAK3XQF6GF2Q,"September 16, 2019",Exactly what I wanted ! Super happy,"Such a wonderful, fun and Beautiful case",yes,0,5.0,https://www.amazon.ca/Glitter-LeYi-Quicksand-Protective-Turquoise/dp/B07H2VSV2F/ref=cm_cr_srp_d_product_top?ie=UTF8,2020-09-30 17:47:15.126429,2020-09-30 17:47:24.357626,Aarin W,Clothing & Accessories,B002G9UDYG,B07H2VSV2F
47,47,47,47,AEVK3ER6LVNEH6BPIAK3XQF6GF2Q,"August 29, 2019",Amazing Sun protector for all strollers,This product is exactly what I have been looking for. I just recently bought an evenfli and the sun over is just so insufficient. I bought this cover and at first was skeptical but once I tried it out I was very pleased . It definitely can fit any stroller that already has a sunvisor. What sold me the most is how much shade it produced when my son was in a lying down position. It comes with a clip start that straps to the bottom of the stroller which is very adjustable and the two hook straps for either side ! It's a must buy to keep you LO out of the Sun,yes,0,5.0,https://www.amazon.ca/Dreamsoule-Universal-Stroller-Waterproof-Windproof/dp/B07SH73C62/ref=cm_cr_srp_d_product_top?ie=UTF8,2020-09-30 17:47:32.450188,2020-09-30 17:47:39.750755,Aarin W,Clothing & Accessories,B002G9UDYG,B07SH73C62
48,48,48,48,AEVK3ER6LVNEH6BPIAK3XQF6GF2Q,"July 12, 2019",Very good bag for the price,I definitely like this baby bag it doesn't really have any flaws. If I were to make a small critique it would definitely be on the fact that the bottle holders are in the front and if you were to put an 8-ounce bottle and both holders it does not close if you have a lid on your bottles. Otherwise this bag is phenomenal,yes,0,5.0,https://www.amazon.ca/Lekebaby-Multi-function-Backpack-Waterproof-Insulated/dp/B07BK4BGFY/ref=cm_cr_srp_d_product_top?ie=UTF8,2020-09-30 17:47:47.842562,2020-09-30 17:47:54.106878,Aarin W,Clothing & Accessories,B002G9UDYG,B07BK4BGFY
49,49,49,49,AEVK3ER6LVNEH6BPIAK3XQF6GF2Q,"July 12, 2019",Awesome vitamins,Very good vitamins my baby has been taking them for about a year now,yes,0,5.0,https://www.amazon.ca/dp/B0074EIDGI/ref=cm_cr_srp_d_product_top?ie=UTF8,2020-09-30 17:48:01.205081,2020-09-30 17:48:08.480103,Aarin W,Clothing & Accessories,B002G9UDYG,B0074EIDGI
50,50,50,50,AEVK3ER6LVNEH6BPIAK3XQF6GF2Q,"July 12, 2019",Super awesome product,Super awesome product I definitely recommend it,yes,0,5.0,https://www.amazon.ca/NWK-Handprints-Footprints-Non-Toxic-Watercolor/dp/B07H76M1C6/ref=cm_cr_srp_d_product_top?ie=UTF8,2020-09-30 17:48:17.574203,2020-09-30 17:48:23.864294,Aarin W,Clothing & Accessories,B002G9UDYG,B07H76M1C6
51,51,51,51,AEVK3ER6LVNEH6BPIAK3XQF6GF2Q,"July 12, 2019",I'm so happy that I bought this product,I highly recommend this baby swing. On purchasing this way I did feel that it was a bit expensive. Once I set it up I realize that it was worth every single penny and I'm so happy that I purchased it. It is a very high value and will be lasting a long time,yes,2,5.0,https://www.amazon.ca/Eastern-Jungle-Gym-Heavy-Duty-Assembled/dp/B005KUKJOW/ref=cm_cr_srp_d_product_top?ie=UTF8,2020-09-30 17:48:33.980588,2020-09-30 17:48:43.252732,Aarin W,Clothing & Accessories,B002G9UDYG,B005KUKJOW
52,52,52,52,AEVK3ER6LVNEH6BPIAK3XQF6GF2Q,"July 4, 2019",Great product !,Amazing buy for the price. My son absolutely adores his cozy Coupe. He plays with it each day. I'm 💯 satisfied with this purchase .,yes,0,5.0,https://www.amazon.ca/Little-Tikes-Dino-Cozy-Coupe/dp/B01LY46WJN/ref=cm_cr_srp_d_product_top?ie=UTF8,2020-09-30 17:48:52.341313,2020-09-30 17:49:01.600650,Aarin W,Clothing & Accessories,B002G9UDYG,B01LY46WJN
53,53,53,53,AEVK3ER6LVNEH6BPIAK3XQF6GF2Q,"June 11, 2019",A must have !!!!,This is an absolute must have !!!!! This is one of the best things I've bought for my son,yes,0,5.0,https://www.amazon.ca/Boon-Squirt-Silicone-Dispensing-Spoon/dp/B00BNUVOPG/ref=cm_cr_srp_d_product_top?ie=UTF8,2020-09-30 17:49:09.692141,2020-09-30 17:49:18.979303,Aarin W,Clothing & Accessories,B002G9UDYG,B00BNUVOPG
54,54,54,54,AEVK3ER6LVNEH6BPIAK3XQF6GF2Q,"June 11, 2019",This works just as it says,This device works just as described,yes,0,5.0,https://www.amazon.ca/Fitbit-Replacement-Charger-Removal-Needed/dp/B0776K568L/ref=cm_cr_srp_d_product_top?ie=UTF8,2020-09-30 17:49:26.066883,2020-09-30 17:49:35.323457,Aarin W,Clothing & Accessories,B002G9UDYG,B0776K568L
55,55,55,55,AEVK3ER6LVNEH6BPIAK3XQF6GF2Q,"June 11, 2019",Super good for the price,This is one of the best rain protectors for my stroller. It works great and stays on perfectly,yes,0,5.0,https://www.amazon.ca/Jolly-Jumper-Weather-Shield-Jogger-Strollers/dp/B000JQ2AMQ/ref=cm_cr_srp_d_product_top?ie=UTF8,2020-09-30 17:49:43.409883,2020-09-30 17:49:49.722740,Aarin W,Clothing & Accessories,B002G9UDYG,B000JQ2AMQ
56,56,56,56,AEVK3ER6LVNEH6BPIAK3XQF6GF2Q,"June 11, 2019",Just what I was looking for,Came just as described,yes,0,5.0,https://www.amazon.ca/Satkago-Foldble-Waterproof-Children-Educational/dp/B07NYPNS8S/ref=cm_cr_srp_d_product_top?ie=UTF8,2020-09-30 17:49:58.804178,2020-09-30 17:50:07.065884,Aarin W,Clothing & Accessories,B002G9UDYG,B07NYPNS8S
57,57,57,57,AEVK3ER6LVNEH6BPIAK3XQF6GF2Q,"June 11, 2019",Too small,I bought these for my son for when he goes in the pool. He's 11 months old and weighs 22 lb. When I tried them on they were on the largest snap and they were too snug. There were quite tight around his thighs and would not have lasted very long. I will be returning this,yes,0,2.0,https://www.amazon.ca/Babygoal-Reusable-Adjustable-Activities-2SWD0223-CA/dp/B07GRL4G6B/ref=cm_cr_srp_d_product_top?ie=UTF8,2020-09-30 17:50:16.151372,2020-09-30 17:50:22.408541,Aarin W,Clothing & Accessories,B002G9UDYG,B07GRL4G6B
58,58,58,58,AEVK3ER6LVNEH6BPIAK3XQF6GF2Q,"May 28, 2019","Super good socks , no complaints",Amazing socks,yes,0,5.0,https://www.amazon.ca/Amazon-Essentials-Performance-Cushioned-Athletic/dp/B07F282SF7/ref=cm_cr_srp_d_product_top?ie=UTF8,2020-09-30 17:50:31.504562,2020-09-30 17:50:37.762091,Aarin W,Clothing & Accessories,B002G9UDYG,B07F282SF7
59,59,59,59,AEVK3ER6LVNEH6BPIAK3XQF6GF2Q,"May 28, 2019",Just as described,Perfect,yes,0,5.0,https://www.amazon.ca/Triomph-Bathroom-Weighing-Technology-Platform/dp/B07CVFQ2PC/ref=cm_cr_srp_d_product_top?ie=UTF8,2020-09-30 17:50:46.872111,2020-09-30 17:50:54.177221,Aarin W,Clothing & Accessories,B002G9UDYG,B07CVFQ2PC
60,60,60,60,AEVK3ER6LVNEH6BPIAK3XQF6GF2Q,"May 16, 2019",The brush makes the product worth it,Isn't too bad for the price. The best part of this is the brush. The cream is extremely hard and makes it difficult to extract from its container. Also when you put it on and gives you this greasy type of look on your face and if you get some by your hair your hair then looks greasy or dirty. It's definitely not the worst product but it's far from the best.,yes,0,3.0,https://www.amazon.ca/Boolavard%C2%AE-Professional-Concealer-Camouflage-Cosmetics/dp/B01D9B572C/ref=cm_cr_srp_d_product_top?ie=UTF8,2020-09-30 17:51:04.293075,2020-09-30 17:51:11.560146,Aarin W,Clothing & Accessories,B002G9UDYG,B01D9B572C
61,61,61,61,AEVK3ER6LVNEH6BPIAK3XQF6GF2Q,"May 9, 2019",Made a black mark on my skin after an hour of wearing,Made a black mark on my skin after an hour of wearing . It is probably made of cheap metal and will further tarnish. I'm returning it which is a shame because it absolutely beautiful !,yes,0,1.0,https://www.amazon.ca/Silver-Bracelets-Charms-Plated-7-8inch/dp/B00PRJJK50/ref=cm_cr_srp_d_product_top?ie=UTF8,2020-09-30 17:51:21.666968,2020-09-30 17:51:27.953386,Aarin W,Clothing & Accessories,B002G9UDYG,B00PRJJK50
62,62,62,62,AEVK3ER6LVNEH6BPIAK3XQF6GF2Q,"April 9, 2019",Life-changing product !!!!,This tool must be in everybody's bathroom cabinet. This makes drying and styling your hair the easiest thing to do. My life has been changed forever by this product,yes,0,5.0,https://www.amazon.ca/Revlon-Collection-Dryer-Volumizer-Count/dp/B01HZ5K8UE/ref=cm_cr_srp_d_product_top?ie=UTF8,2020-09-30 17:51:37.034902,2020-09-30 17:51:44.316720,Aarin W,Clothing & Accessories,B002G9UDYG,B01HZ5K8UE
63,63,63,63,AEVK3ER6LVNEH6BPIAK3XQF6GF2Q,"April 9, 2019",Blocks out the light 100%,These blackout curtains do exactly as described. They are absolutely perfect and block out the light. I'm extremely happy with this product and so happy that I finally purchased them,no,0,5.0,https://www.amazon.ca/Deconovo-Curtains-Blackout-Insulated-Blocking/dp/B00PF74JZU/ref=cm_cr_srp_d_product_top?ie=UTF8,2020-09-30 17:51:52.399947,2020-09-30 17:51:59.659007,Aarin W,Clothing & Accessories,B002G9UDYG,B00PF74JZU
64,64,64,64,AEVK3ER6LVNEH6BPIAK3XQF6GF2Q,"April 9, 2019",Hands down the best car clip you'll ever buy !!!!,This is the best phone clip for a vehicle that anyone could ever buy !!!!!!! my husband was and is still so impressed with everything that this product has to offer.,yes,0,5.0,https://www.amazon.ca/GETIHU-Universal-Dashboard-BlackBerry-Smartphone/dp/B075WSS482/ref=cm_cr_srp_d_product_top?ie=UTF8,2020-09-30 17:52:09.743061,2020-09-30 17:52:17.021919,Aarin W,Clothing & Accessories,B002G9UDYG,B075WSS482
65,65,65,65,AEVK3ER6LVNEH6BPIAK3XQF6GF2Q,"April 9, 2019",This is a wonderful product,this is a wonderful natural product that does exactly as it says. But is a bit expensive for the size that you get and the amount that is needed.,yes,0,5.0,https://www.amazon.ca/Burts-Bees-Baby-Diaper-Ointment/dp/B00YRKV1U2/ref=cm_cr_srp_d_product_top?ie=UTF8,2020-09-30 17:52:27.120419,2020-09-30 17:52:36.408976,Aarin W,Clothing & Accessories,B002G9UDYG,B00YRKV1U2
66,66,66,66,AEVK3ER6LVNEH6BPIAK3XQF6GF2Q,"March 27, 2019",Idk how I survived before I purchased this product,The best 2 in 1 hairdryer !!!!! This is a must must buy. I'd recommend this item to anyone !!!!! It's a life changer !!!!,yes,0,5.0,https://www.amazon.ca/dp/B07JVHT3GX/ref=cm_cr_srp_d_product_top?ie=UTF8,2020-09-30 17:52:46.490767,2020-09-30 17:52:52.790439,Aarin W,Clothing & Accessories,B002G9UDYG,B07JVHT3GX
67,67,67,67,AEVK3ER6LVNEH6BPIAK3XQF6GF2Q,"March 27, 2019",Very much worth it,Amazing Quality ! Amazing price,yes,0,5.0,https://www.amazon.ca/Professional-Oscillating-Universal-Multitool-Craftsman/dp/B07G78QVQX/ref=cm_cr_srp_d_product_top?ie=UTF8,2020-09-30 17:52:59.870898,2020-09-30 17:53:06.147547,Aarin W,Clothing & Accessories,B002G9UDYG,B07G78QVQX
68,68,68,68,AEVK3ER6LVNEH6BPIAK3XQF6GF2Q,"March 27, 2019",This is a perfect first time toothbrush,This is the most perfect toothbrush and toothpaste combo my nine month old loves it it's easy to use and clean.,yes,0,5.0,https://www.amazon.ca/Nuby-Citroganix-Toddler-Toothpaste-Toothbrush/dp/B01LX7JBX8/ref=cm_cr_srp_d_product_top?ie=UTF8,2020-09-30 17:53:13.238631,2020-09-30 17:53:20.547809,Aarin W,Clothing & Accessories,B002G9UDYG,B01LX7JBX8
69,69,69,69,AEVK3ER6LVNEH6BPIAK3XQF6GF2Q,"March 27, 2019",Definitely over price for what you receive,The adult shirt was exactly as I thought it would be. Good quality and definitely durable. The child size material seemed very cheap and not exactly as I would have liked.,yes,0,4.0,https://www.amazon.ca/Pizza-Bodysuit-T-Shirt-Matching-XX-Large/dp/B078RRS4RM/ref=cm_cr_srp_d_product_top?ie=UTF8,2020-09-30 17:53:30.637493,2020-09-30 17:53:37.906849,Aarin W,Clothing & Accessories,B002G9UDYG,B078RRS4RM
70,70,70,70,AEVK3ER6LVNEH6BPIAK3XQF6GF2Q,"March 27, 2019",Exactly what I needed,Just as described,yes,0,5.0,https://www.amazon.ca/Easy-Home-Ovulation-Predictor-Sticks/dp/B06XCYWBTD/ref=cm_cr_srp_d_product_top?ie=UTF8,2020-09-30 17:53:45.990198,2020-09-30 17:53:53.241742,Aarin W,Clothing & Accessories,B002G9UDYG,B06XCYWBTD
71,71,71,71,AEVK3ER6LVNEH6BPIAK3XQF6GF2Q,"March 27, 2019",This is a perfect product for children's books,Exactly as described and exactly what I wanted,yes,0,5.0,https://www.amazon.ca/Bookends-Non-Slip-Durable-Elephant-Nonskid/dp/B07DJ9WGLC/ref=cm_cr_srp_d_product_top?ie=UTF8,2020-09-30 17:54:02.332025,2020-09-30 17:54:11.604617,Aarin W,Clothing & Accessories,B002G9UDYG,B07DJ9WGLC
72,72,72,72,AEVK3ER6LVNEH6BPIAK3XQF6GF2Q,"March 27, 2019",This is a perfect product to help clean up and store bath toys,Exactly as described haven't had any trouble with it doesn't fall down and is over all exactly what I was hoping for,yes,0,5.0,https://www.amazon.ca/Munchkin-Super-Scoop-Bath-Organizer/dp/B00RQ83FGU/ref=cm_cr_srp_d_product_top?ie=UTF8,2020-09-30 17:54:18.685307,2020-09-30 17:54:25.974559,Aarin W,Clothing & Accessories,B002G9UDYG,B00RQ83FGU
73,73,73,73,AEVK3ER6LVNEH6BPIAK3XQF6GF2Q,"March 27, 2019",This is a wonderful toy,My son loves to play with this product and came fast and exactly as described,yes,0,5.0,https://www.amazon.ca/Melissa-Doug-Deluxe-Wooden-Pound/dp/B00005LOXV/ref=cm_cr_srp_d_product_top?ie=UTF8,2020-09-30 17:54:36.068601,2020-09-30 17:54:45.345756,Aarin W,Clothing & Accessories,B002G9UDYG,B00005LOXV
74,74,74,74,AEVK3ER6LVNEH6BPIAK3XQF6GF2Q,"March 27, 2019",I return this product,I returned it because it didn't work as described,yes,0,1.0,https://www.amazon.ca/dp/B07MW9QT4B/ref=cm_cr_srp_d_product_top?ie=UTF8,2020-09-30 17:54:54.429649,2020-09-30 17:55:00.716825,Aarin W,Clothing & Accessories,B002G9UDYG,B07MW9QT4B
75,75,75,75,AEVK3ER6LVNEH6BPIAK3XQF6GF2Q,"March 27, 2019",Not the worst product but not the best,the product came as described but unfortunately my child didn't really enjoy having these on his knees. And I didn't feel that the non-slip part of it was all that helpful.,yes,One,3.0,https://www.amazon.ca/WONYERED-Breathable-Crawling-Anti-Slip-Multiple/dp/B07JCL82GS/ref=cm_cr_srp_d_product_top?ie=UTF8,2020-09-30 17:55:10.810296,2020-09-30 17:55:20.101061,Aarin W,Clothing & Accessories,B002G9UDYG,B07JCL82GS
76,76,76,76,AEVK3ER6LVNEH6BPIAK3XQF6GF2Q,"March 27, 2019",Good product for the price,this product is very good for the price that I paid. Only one of the little creatures was folded and had to be removed and flattened out. definitely I would recommend this product to anyone who has a child who is not yet crawling. My 9 month old doesn't seem interested in it at all as he is up and about and on the go. definitely more geared towards a baby who is not yet crawling and wonderful for tummy Time action,yes,One,5.0,https://www.amazon.ca/Infantino-Pat-Play-Water-Mat/dp/B00DJPK8MS/ref=cm_cr_srp_d_product_top?ie=UTF8,2020-09-30 17:55:30.179245,2020-09-30 17:55:38.519721,Aarin W,Clothing & Accessories,B002G9UDYG,B00DJPK8MS
77,77,77,77,AEVK3ER6LVNEH6BPIAK3XQF6GF2Q,"March 18, 2019",Highly recommended !!!!!,Wonderful Vacuum ! Makes keeping up with the house work a sinch with having a small child,yes,0,5.0,https://www.amazon.ca/ILIFE-Cleaner-Powerful-Suction-Control/dp/B078RHKKRW/ref=cm_cr_srp_d_product_top?ie=UTF8,2020-09-30 17:55:48.609190,2020-09-30 17:55:55.874804,Aarin W,Clothing & Accessories,B002G9UDYG,B078RHKKRW
78,78,78,78,AEVK3ER6LVNEH6BPIAK3XQF6GF2Q,"February 27, 2019",Highly recommended !!!!,Amazing chair seat,yes,0,5.0,https://www.amazon.ca/Safety-1st-Grow-Car-Seat/dp/B0765839BJ/ref=cm_cr_srp_d_product_top?ie=UTF8,2020-09-30 17:56:04.964643,2020-09-30 17:56:13.257422,Aarin W,Clothing & Accessories,B002G9UDYG,B0765839BJ
79,79,79,79,AEVK3ER6LVNEH6BPIAK3XQF6GF2Q,"February 27, 2019",The best value for your Buck !,My husband is absolutely in love with this product and uses it multiple times each day. He's told me numerous times how this was the best gift ever!!!,no,0,5.0,https://www.amazon.ca/Delonghi-EC155M-America-Espresso-Machine/dp/B072X2HHQ3/ref=cm_cr_srp_d_product_top?ie=UTF8,2020-09-30 17:56:23.349192,2020-09-30 17:56:31.600953,Aarin W,Clothing & Accessories,B002G9UDYG,B072X2HHQ3
80,80,80,80,AEVK3ER6LVNEH6BPIAK3XQF6GF2Q,"January 20, 2019",Don't waste your money,Shipping was fast and the product was beautiful. Unfortunately the magnetic clasp that holds the case shut is not strong at all. It is so weak that you could only put one card in the holder. this doesn't work for me as I have numerous cards to put in the slots provided. I will be returning this product.,yes,0,1.0,https://www.amazon.ca/Huawei-Scratch-Proof-Leather-Wallet-Protector/dp/B07CMZDV4S/ref=cm_cr_srp_d_product_top?ie=UTF8,2020-09-30 17:56:41.691184,2020-09-30 17:56:51.005274,Aarin W,Clothing & Accessories,B002G9UDYG,B07CMZDV4S
81,81,81,81,AEVK3ER6LVNEH6BPIAK3XQF6GF2Q,"December 26, 2018",Just as described,Wonderful glasses. No complaints,yes,One,5.0,https://www.amazon.ca/PUKCLAR-Polarized-Wayfarer-Sunglasses-pk1004/dp/B07DVCT77D/ref=cm_cr_srp_d_product_top?ie=UTF8,2020-09-30 17:57:01.084339,2020-09-30 17:57:07.363121,Aarin W,Clothing & Accessories,B002G9UDYG,B07DVCT77D
82,82,82,82,AEVK3ER6LVNEH6BPIAK3XQF6GF2Q,"December 26, 2018",Beautiful earings,Great product,yes,0,5.0,https://www.amazon.ca/Sterling-Setting-Gorgeous-Leverback-Earrings/dp/B076P7FR2Y/ref=cm_cr_srp_d_product_top?ie=UTF8,2020-09-30 17:57:17.444380,2020-09-30 17:57:25.739711,Aarin W,Clothing & Accessories,B002G9UDYG,B076P7FR2Y
83,83,83,83,AEVK3ER6LVNEH6BPIAK3XQF6GF2Q,"December 26, 2018",Definitely water proof,Exactly as described. I was a bit mislead regarding the size. It's way too tiny for the expensive price,yes,0,5.0,https://www.amazon.ca/Clevamama-Waterproof-Mattress-Protector-Crib/dp/B0059EOL4I/ref=cm_cr_srp_d_product_top?ie=UTF8,2020-09-30 17:57:32.837207,2020-09-30 17:57:41.122012,Aarin W,Clothing & Accessories,B002G9UDYG,B0059EOL4I
84,84,84,84,AEVK3ER6LVNEH6BPIAK3XQF6GF2Q,"December 26, 2018",Perfect brushes,Exactly as described,yes,0,5.0,https://www.amazon.ca/BESTOPE-Synthetic-Foundation-Blending-Concealer/dp/B07CZVT7HF/ref=cm_cr_srp_d_product_top?ie=UTF8,2020-09-30 17:57:51.204758,2020-09-30 17:57:57.496952,Aarin W,Clothing & Accessories,B002G9UDYG,B07CZVT7HF
85,85,85,85,AEVK3ER6LVNEH6BPIAK3XQF6GF2Q,"December 26, 2018",Best socks ever !!!,Most amazing socks I've ever worn,yes,0,5.0,https://www.amazon.ca/Ofeily-Organic-Athletic-Breathable-ZYX-00104A/dp/B07D8TWKXL/ref=cm_cr_srp_d_product_top?ie=UTF8,2020-09-30 17:58:06.574542,2020-09-30 17:58:13.867627,Aarin W,Clothing & Accessories,B002G9UDYG,B07D8TWKXL
86,86,86,86,AEVK3ER6LVNEH6BPIAK3XQF6GF2Q,"December 18, 2018",Absolutely perfect,My five month old baby absolutely loves these and uses then with ears.,yes,0,5.0,https://www.amazon.ca/Edealing-Pacifier-Silicone-Supplies-Multicolored/dp/B014W0JKH2/ref=cm_cr_srp_d_product_top?ie=UTF8,2020-09-30 17:58:20.959144,2020-09-30 17:58:28.259878,Aarin W,Clothing & Accessories,B002G9UDYG,B014W0JKH2
87,87,87,87,AEVK3ER6LVNEH6BPIAK3XQF6GF2Q,"October 26, 2018",Very squishy and comfortable to use,It's exactly like the photo but I feel that the duration of used will not be very long with regards to it's very cushiony and foam like material. It's very squishy and comfortable to use I just don't know how long it will last.,yes,0,4.0,https://www.amazon.ca/Density-Exercise-Pilates-Fitness-Carrying/dp/B01CTRKODO/ref=cm_cr_srp_d_product_top?ie=UTF8,2020-09-30 17:58:38.343631,2020-09-30 17:58:45.640467,Aarin W,Clothing & Accessories,B002G9UDYG,B01CTRKODO
88,88,88,88,AEVK3ER6LVNEH6BPIAK3XQF6GF2Q,"October 26, 2018",Haven't seen anything yet,I've been using this product for about 2 weeks now a couple of times a week and I haven't really noticed any kind of difference. I'm going to keep using it to see if I have to use a longer to see a difference in the whiteness. There were a lot of reviews and that's why I purchased this item so I'm hoping that after a longer period of use I will start to see something.,yes,One,1.0,https://www.amazon.ca/Isabellas-Clearly-Whitening-Toothbrush-Toothpaste/dp/B01FOLJBI6/ref=cm_cr_srp_d_product_top?ie=UTF8,2020-09-30 17:58:53.731732,2020-09-30 17:59:00.085954,Aarin W,Clothing & Accessories,B002G9UDYG,B01FOLJBI6
89,89,89,89,AEVK3ER6LVNEH6BPIAK3XQF6GF2Q,"October 26, 2018",Very much worth the price,I like this product very much at work excellent on my 4 month old,yes,0,5.0,https://www.amazon.ca/2149-SleepSack-100-Percent-Cotton-Swaddle/dp/B007F9QQQG/ref=cm_cr_srp_d_product_top?ie=UTF8,2020-09-30 17:59:08.178260,2020-09-30 17:59:15.476368,Aarin W,Clothing & Accessories,B002G9UDYG,B007F9QQQG
90,90,90,90,AEVK3ER6LVNEH6BPIAK3XQF6GF2Q,"October 26, 2018",Very good product,Very good product,yes,0,5.0,https://www.amazon.ca/VELCRO-Brand-Industrial-Strength-Superior/dp/B0010HADEA/ref=cm_cr_srp_d_product_top?ie=UTF8,2020-09-30 17:59:23.572042,2020-09-30 17:59:29.882268,Aarin W,Clothing & Accessories,B002G9UDYG,B0010HADEA
91,91,91,91,AEVK3ER6LVNEH6BPIAK3XQF6GF2Q,"October 25, 2018",The best teething toys for 3 month old !!!,These are the best teething toys that I've boughten for my almost 4 month old son. they are so extremely easy to hold for him and they also stand on their own so they don't get covered in any care or dirt. what my son likes most about them is that they are flat so that he can easily put them in his tiny mouth whereas other teething toys are quite thick so he had a hard time comfortably fitting them in his mouth.,yes,One,5.0,https://www.amazon.ca/dp/B078W4H4NY/ref=cm_cr_srp_d_product_top?ie=UTF8,2020-09-30 17:59:36.994760,2020-09-30 17:59:44.297607,Aarin W,Clothing & Accessories,B002G9UDYG,B078W4H4NY
92,92,92,92,AEVK3ER6LVNEH6BPIAK3XQF6GF2Q,"October 24, 2018",100% a must haves for baby clothing,Perfect product allows me to easily hang baby clothes and jackets without doing them up. Very hassle-free and highly recommended,yes,0,5.0,https://www.amazon.ca/Closet-Complete-True-Heavyweight-Virtually-UNBREAKABLE-Ultra-Thin/dp/B00QPTHIU0/ref=cm_cr_srp_d_product_top?ie=UTF8,2020-09-30 17:59:53.406995,2020-09-30 18:00:02.757071,Aarin W,Clothing & Accessories,B002G9UDYG,B00QPTHIU0
93,93,93,93,AEVK3ER6LVNEH6BPIAK3XQF6GF2Q,"September 27, 2018",I would not recommend this product,I will be returning this product as it does not fit into my scooter and is extremely loose when attaching it. I would not recommend this product.,yes,0,1.0,https://www.amazon.ca/dp/B079MCWBLN/ref=cm_cr_srp_d_product_top?ie=UTF8,2020-09-30 18:00:11.845120,2020-09-30 18:00:20.172308,Aarin W,Clothing & Accessories,B002G9UDYG,B079MCWBLN
94,94,94,94,AEVK3ER6LVNEH6BPIAK3XQF6GF2Q,"September 27, 2018",It did come late but otherwise she is very happy with the product,I got this product as a gift for my mother and it came exactly as described. It did come late but otherwise she is very happy with the product. She got into a minor accident and was wearing this helmet and it definitely protected her head.,yes,0,5.0,https://www.amazon.ca/Bell-Adult-Herringbone-Torque-Helmet/dp/B00TS3FWTE/ref=cm_cr_srp_d_product_top?ie=UTF8,2020-09-30 18:00:30.256181,2020-09-30 18:00:37.564748,Aarin W,Clothing & Accessories,B002G9UDYG,B00TS3FWTE
95,95,95,95,AEVK3ER6LVNEH6BPIAK3XQF6GF2Q,"September 27, 2018",Exactly what I needed !!,"I just tried on this product and it fits incredibly, it's super good quality. It's exactly as described and came early. Also, it's perfect for the price and cheaper than what I've seen anywhere. It's true to size, as I've put on weight since giving birth I ordered a large and it fits perfectly. I would highly recommend this product to nursing mothers.",yes,2,5.0,https://www.amazon.ca/INIBUD-Nursing-Seamless-Maternity-Extenders/dp/B07GFCVCWD/ref=cm_cr_srp_d_product_top?ie=UTF8,2020-09-30 18:00:44.647991,2020-09-30 18:00:53.981597,Aarin W,Clothing & Accessories,B002G9UDYG,B07GFCVCWD
96,96,96,96,AEVK3ER6LVNEH6BPIAK3XQF6GF2Q,"September 17, 2018",Amazing !!!!!,Absolutely perfect! My baby doesn't take soothers but definitely takes this one,yes,0,5.0,https://www.amazon.ca/Philips-Soothie-Pacifier-SCF190-01/dp/B0045I6IAO/ref=cm_cr_srp_d_product_top?ie=UTF8,2020-09-30 18:01:02.075764,2020-09-30 18:01:11.431696,Aarin W,Clothing & Accessories,B002G9UDYG,B0045I6IAO
97,97,97,97,AEVK3ER6LVNEH6BPIAK3XQF6GF2Q,"September 17, 2018",Exactly what I needed !,Exactly as described,yes,0,5.0,https://www.amazon.ca/Lansinoh-Breastmilk-Storage-Bags-Count/dp/B002GJY0U4/ref=cm_cr_srp_d_product_top?ie=UTF8,2020-09-30 18:01:18.517818,2020-09-30 18:01:24.850242,Aarin W,Clothing & Accessories,B002G9UDYG,B002GJY0U4
98,98,98,98,AEVK3ER6LVNEH6BPIAK3XQF6GF2Q,"September 17, 2018","Very wide band , not alot of stretch",This product came very fast. I was a bit disappointed on the stretching this of the material. Also it is thicker than I had expected and is quite wide. I'm actually quite disappointed by it does do the trick.,yes,0,3.0,https://www.amazon.ca/ISHOWDEAL-Lightweight-Stretchy-Breathable-Toddlers/dp/B077T18L2S/ref=cm_cr_srp_d_product_top?ie=UTF8,2020-09-30 18:01:31.928904,2020-09-30 18:01:38.233949,Aarin W,Clothing & Accessories,B002G9UDYG,B077T18L2S
99,99,99,99,AEVK3ER6LVNEH6BPIAK3XQF6GF2Q,"August 9, 2018",This product is very good if your baby is under 9 pounds,"This product is very good if your baby is under 9 pounds. After that it gets a bit tight. Something that wasn't ideal or advertised was that there is a perfume or scent to the diaper. Of course, it is a pleasant scent but I would like there to be no sent when it comes to all my newborn is wearing. Also there were quite a few leaks from behind while baby was lying down.",yes,2,4.0,https://www.amazon.ca/Pampers-Disposable-Diapers-Newborn-Packaging/dp/B00DEYYRGM/ref=cm_cr_srp_d_product_top?ie=UTF8,2020-09-30 18:01:45.320230,2020-09-30 18:01:54.597285,Aarin W,Clothing & Accessories,B002G9UDYG,B00DEYYRGM
100,100,100,100,AEVK3ER6LVNEH6BPIAK3XQF6GF2Q,"August 9, 2018",Perfect for the price,"The pattern of this product is absolutely beautiful and causes the bed, but very elegant and expensive. Unfortunately the feeling of the fabric is a bit locking in softness.",yes,0,5.0,https://www.amazon.ca/Piece-Sheets-Queen-Fitted-Pillow/dp/B00VNHD8KS/ref=cm_cr_srp_d_product_top?ie=UTF8,2020-09-30 18:02:01.677780,2020-09-30 18:02:07.975323,Aarin W,Clothing & Accessories,B002G9UDYG,B00VNHD8KS
101,101,101,101,AEVK3ER6LVNEH6BPIAK3XQF6GF2Q,"August 9, 2018",Not for infants,the product is exactly as described. The reason that I'm giving it three stars is because in the description I did say that it was for an infant which is incorrect. this is definitely more so for toddler because of the size of the band. I've had to sell mine and half so that it could fit my newborn.,yes,0,3.0,https://www.amazon.ca/SYOOY-Sleep-Support-Fastening-Stroller/dp/B077RX2ZXM/ref=cm_cr_srp_d_product_top?ie=UTF8,2020-09-30 18:02:17.057278,2020-09-30 18:02:23.330280,Aarin W,Clothing & Accessories,B002G9UDYG,B077RX2ZXM
102,102,102,102,AEVK3ER6LVNEH6BPIAK3XQF6GF2Q,"August 9, 2018",Exactly what I needed !,This product is absolutely amazing. I wish I would have bought sooner because it has been such a help one breastfeeding.,yes,0,5.0,https://www.amazon.ca/NatureBond-Silicone-Breast-Breastfeeding-Saver/dp/B0796P71WC/ref=cm_cr_srp_d_product_top?ie=UTF8,2020-09-30 18:02:33.420583,2020-09-30 18:02:41.674663,Aarin W,Clothing & Accessories,B002G9UDYG,B0796P71WC
103,103,103,103,AEVK3ER6LVNEH6BPIAK3XQF6GF2Q,"August 4, 2018",Exactly what I needed !,This product was exactly what I needed. Now that the baby has arrived I still use I a lot. It's great for breastfeeding.,yes,0,5.0,https://www.amazon.ca/Meiz-Shape-Comfortable-Pregnancy-Pillow/dp/B01ASMPXGK/ref=cm_cr_srp_d_product_top?ie=UTF8,2020-09-30 18:02:50.756271,2020-09-30 18:03:00.056018,Aarin W,Clothing & Accessories,B002G9UDYG,B01ASMPXGK
