,Unnamed: 0,Unnamed: 0.1,Unnamed: 0.1.1,author_id,date_review_posted,review_title,reviews,verified_purchase,people_find_helpful,ratings,product_url,start,end,reviewer_name,product_category,product_id,subproduct_id
0,0,0,0,AEVSZIHCGEFCOLOXJPBU2XK4SWLQ,"July 17, 2020",Good shorts,Not a fan of the mesh liner but I cut it out and fits great,yes,0,5.0,https://www.amazon.ca/TBMPOY-Workout-Swimsuit-Lightweight-Athletic/dp/B0824GNS8H/ref=cm_cr_srp_d_product_top?ie=UTF8,2020-09-30 11:17:41.551445,2020-09-30 11:17:47.919717,Goodman204,Clothing & Accessories,B002G9UDYG,B0824GNS8H
1,1,1,1,AEVSZIHCGEFCOLOXJPBU2XK4SWLQ,"June 28, 2020",Just okay,Just ok nothing special,yes,0,3.0,https://www.amazon.ca/Samsung-Arae-Leather-Feature-4-Slots/dp/B082S94H39/ref=cm_cr_srp_d_product_top?ie=UTF8,2020-09-30 11:17:58.022407,2020-09-30 11:18:05.439265,Goodman204,Clothing & Accessories,B002G9UDYG,B082S94H39
2,2,2,2,AEVSZIHCGEFCOLOXJPBU2XK4SWLQ,"March 27, 2020",Didn’t work,All of them came pre bent did not work,yes,0,1.0,https://www.amazon.ca/Charger-Certified-Lightning-Charging-Compatible/dp/B0811LPW4B/ref=cm_cr_srp_d_product_top?ie=UTF8,2020-09-30 11:18:13.538814,2020-09-30 11:18:22.950645,Goodman204,Clothing & Accessories,B002G9UDYG,B0811LPW4B
3,3,3,3,AEVSZIHCGEFCOLOXJPBU2XK4SWLQ,"April 10, 2019",Small,Little small for my massive head,yes,0,5.0,https://www.amazon.ca/Carhartt-Acrylic-Watch-Black-Size/dp/B002G9UDYG/ref=cm_cr_srp_d_product_top?ie=UTF8,2020-09-30 11:18:31.048733,2020-09-30 11:18:38.467461,Goodman204,Clothing & Accessories,B002G9UDYG,B002G9UDYG
4,4,4,4,AEVSZIHCGEFCOLOXJPBU2XK4SWLQ,"April 10, 2019",Rip easy but warm,For pretty good only thing is the pants ripped after using them for about two weeks this winter,yes,0,2.0,https://www.amazon.ca/AORAEM-Thermal-Clothing-Underwear-Camouflage/dp/B07HK6H1SD/ref=cm_cr_srp_d_product_top?ie=UTF8,2020-09-30 11:18:46.566704,2020-09-30 11:18:55.987006,Goodman204,Clothing & Accessories,B002G9UDYG,B07HK6H1SD
5,5,5,5,AEVSZIHCGEFCOLOXJPBU2XK4SWLQ,"April 10, 2019",Little small but good,Not bad for kicking around in cheaply made but there cheap to buy! Only beef is that I’m an 11 in every shoe and these barely fit so go a size bigger then normal,no,0,4.0,https://www.amazon.ca/Under-Armour-Locker-Slide-Sandal/dp/B0759CQM3Y/ref=cm_cr_srp_d_product_top?ie=UTF8,2020-09-30 11:19:04.086877,2020-09-30 11:19:12.488045,Goodman204,Clothing & Accessories,B002G9UDYG,B0759CQM3Y
6,6,6,6,AEVSZIHCGEFCOLOXJPBU2XK4SWLQ,"July 18, 2017",09f250 alternator,Came when they said it would been in my 09 f250 for a year and still works great plus you can't beat the price,yes,0,5.0,https://www.amazon.ca/Electrical-AND0457-104210-5430-104210-5431-7C3T-10300-FB/dp/B00KYYWDJI/ref=cm_cr_srp_d_product_top?ie=UTF8,2020-09-30 11:19:22.590791,2020-09-30 11:19:29.009933,Goodman204,Clothing & Accessories,B002G9UDYG,B00KYYWDJI
