,Unnamed: 0,Unnamed: 0.1,Unnamed: 0.1.1,author_id,date_review_posted,review_title,reviews,verified_purchase,people_find_helpful,ratings,product_url,start,end,reviewer_name,product_category,product_id,subproduct_id
0,0,0,0,AEZ2ISMJPWKRQCHAOGFFDAYDXEWQ,"June 17, 2018",Faded after first wash. Looks old and dinghy!!,I would of did 5 star but after the first wash they faded drastically!! They look very old and dinghy now. I'm not to happy with the outcome. I wash all my clothes by the tag. Other than that they are great for my little one and his teething days. I wont be purchasing these again not will I reccomend them.,yes,One,3.0,https://www.amazon.ca/Bandana-Organic-Absorbent-Teething-Feeding/dp/B01N7QFFHI/ref=cm_cr_srp_d_product_top?ie=UTF8,2020-09-30 11:28:41.031935,2020-09-30 11:28:47.397626,Tam&JC,Clothing & Accessories,B002G9UDYG,B01N7QFFHI
1,1,1,1,AEZ2ISMJPWKRQCHAOGFFDAYDXEWQ,"May 26, 2018",Awesome purchase,Absolutely love these sun glasses!! He doesn't bother them when their on his face. Awesome purchase!!!,yes,0,5.0,https://www.amazon.ca/Hipsterkid-Free-Polarized-Sunglasses-Babies/dp/B00LBGUYBC/ref=cm_cr_srp_d_product_top?ie=UTF8,2020-09-30 11:28:54.498722,2020-09-30 11:29:02.918005,Tam&JC,Clothing & Accessories,B002G9UDYG,B00LBGUYBC
2,2,2,2,AEZ2ISMJPWKRQCHAOGFFDAYDXEWQ,"March 16, 2018",I personally wouldn't reccommend unless you like this brand company,"It seems a bit puffy for my boyfriends liking and I agree once I seen it on him. I had to send the first one back because I didn't realize that the sizing in the US are alot bigger than Canada sizing. So i had to get 2 sizes smaller than what I had actually got. So instead of an xl I ended up getting my boyfriend a medium and it still looked big on him.
I won't be buying carhartt in the future ever again.
I personally wouldn't reccommend unless you like this brand company.",yes,0,3.0,https://www.amazon.ca/Carhartt-Quilted-Flannel-Active-Jacket/dp/B002GHC2Y2/ref=cm_cr_srp_d_product_top?ie=UTF8,2020-09-30 11:29:13.018591,2020-09-30 11:29:20.429497,Tam&JC,Clothing & Accessories,B002G9UDYG,B002GHC2Y2
3,3,3,3,AEZ2ISMJPWKRQCHAOGFFDAYDXEWQ,"March 16, 2018",Great,Fits my head and also my boyfriends head.,yes,0,5.0,https://www.amazon.ca/Carhartt-Acrylic-Watch-Black-Size/dp/B002G9UDYG/ref=cm_cr_srp_d_product_top?ie=UTF8,2020-09-30 11:29:30.531190,2020-09-30 11:29:39.958498,Tam&JC,Clothing & Accessories,B002G9UDYG,B002G9UDYG
4,4,4,4,AEZ2ISMJPWKRQCHAOGFFDAYDXEWQ,"March 16, 2018",Great quality. I loved it but my son had ...,My son is 3 and a half months. 1 week from 4 months old. I completely forgot this in the back of my closet!! I first tired it on him around 2 weeks old and it was so huge on him and I had put it away. I wish I could have used it while I got the chance. I will either regift it or save it for my next child! Great quality. I loved it but my son had no patience as it was tight to put his arms through and zip to it up. This one is 0-3months. I wouldn't reccommend getting 0-3 months because the arms are so small. But id reccommend getting a bigger size. All a baby needs in winter is a fluffy bear jumpsuit and a few blankets to cover while being taken out to appointments. Other than that they shouldn't get this in the smallest size.,yes,0,5.0,https://www.amazon.ca/iXtreme-Snowsuit-Colorblock-Stripes-Bunting/dp/B01H7SAAWU/ref=cm_cr_srp_d_product_top?ie=UTF8,2020-09-30 11:29:49.062053,2020-09-30 11:29:57.463218,Tam&JC,Clothing & Accessories,B002G9UDYG,B01H7SAAWU
5,5,5,5,AEZ2ISMJPWKRQCHAOGFFDAYDXEWQ,"March 16, 2018",Great quality. Wipes smell stronger. Great night light during late night diaper changes,"I bought this before I had my son. Early November 2017. I had this plugged in ever since and it's March 16th, 2018; 4 months later. I absolutely love it! My son loves it. I wonder how much longer it will last haha. The wipes smell stronger. Just make sure to keep the cover closed otherwise the first few top wipes will dry out. I highly reccommend.",yes,10,5.0,https://www.amazon.ca/Munchkin-10049-Warm-Glow-Warmer/dp/B000CNOIQ2/ref=cm_cr_srp_d_product_top?ie=UTF8,2020-09-30 11:30:04.559208,2020-09-30 11:30:13.992398,Tam&JC,Clothing & Accessories,B002G9UDYG,B000CNOIQ2
6,6,6,6,AEZ2ISMJPWKRQCHAOGFFDAYDXEWQ,"March 16, 2018",Fits like a glove,"Fits like a glove. Haha
I purchased one for my boyfriend and myself fall 2017. It is now march 2018 and thought I'd give my review. We live in a very cold area when it's winter time and honestly they weren't as warm as I thought they would be. My fingertips would be cold. I used mine all winter because I wasn't really outside for long but my boyfriend who spends more time outside hunting, shoveling, etcc.. He needed to buy a whole new different brand. For warmth I do not reccommend.",yes,10,2.0,https://www.amazon.ca/Carhartt-Waterproof-Insulated-Glove-Medium/dp/B005I33OWU/ref=cm_cr_srp_d_product_top?ie=UTF8,2020-09-30 11:30:22.102465,2020-09-30 11:30:30.540764,Tam&JC,Clothing & Accessories,B002G9UDYG,B005I33OWU
7,7,7,7,AEZ2ISMJPWKRQCHAOGFFDAYDXEWQ,"March 16, 2018",Love love love these toys,Love love love these toys! More than I expected. And I love that the big bottle turns into a piggy bank. My son is pleased with them.,yes,0,5.0,https://www.amazon.ca/YeahiBaby-Rattle-Teether-Bottle-Colorful/dp/B076M3968Q/ref=cm_cr_srp_d_product_top?ie=UTF8,2020-09-30 11:30:39.641644,2020-09-30 11:30:46.022633,Tam&JC,Clothing & Accessories,B002G9UDYG,B076M3968Q
8,8,8,8,AEZ2ISMJPWKRQCHAOGFFDAYDXEWQ,"March 16, 2018",It is the best seat to invest in. Fast 2 day shipping,It is the best seat to invest in!! Giving 4 star because it's not true to color and when I opened it the packaging looked like it was open. I was hoping like a vibrant like color but it's a bit of a dull lime. Other than that I absolutely love it!!! It's great. My son also loves being in it!!!,yes,0,4.0,https://www.amazon.ca/Bumbo-3-in-1-Multi-Seat-Lime/dp/B01IHSDUOY/ref=cm_cr_srp_d_product_top?ie=UTF8,2020-09-30 11:30:56.127175,2020-09-30 11:31:05.477420,Tam&JC,Clothing & Accessories,B002G9UDYG,B01IHSDUOY
9,9,9,9,AEZ2ISMJPWKRQCHAOGFFDAYDXEWQ,"October 20, 2017",I ordered too large BUT I LOVED THE QUALITY OF IT WHEN MY BF TRIED IT ...,I ordered too large BUT I LOVED THE QUALITY OF IT WHEN MY BF TRIED IT ON so i went and ordered 2 sizes smaller because american sizes are bigger compared to Canadian sizes! Will be buying more!!,yes,One,5.0,https://www.amazon.ca/Caterpillar-Big-Tall-Sweatshirt-Heather-2X-Large/dp/B003SOES26/ref=cm_cr_srp_d_product_top?ie=UTF8,2020-09-30 11:31:15.581057,2020-09-30 11:31:24.013556,Tam&JC,Clothing & Accessories,B002G9UDYG,B003SOES26
