,Unnamed: 0,Unnamed: 0.1,Unnamed: 0.1.1,author_id,date_review_posted,review_title,reviews,verified_purchase,people_find_helpful,ratings,product_url,start,end,reviewer_name,product_category,product_id,subproduct_id
0,0,0,0,AEZ6SWSKP4HT2G7FQ6EE7NDGD2XQ,"September 18, 2020",Great watch for under 200,Very slick watch the clear back casing is a very cool feature,yes,0,5.0,https://www.amazon.ca/Seiko-SNXL72-Automatic-Gold-Tone-Stainless/dp/B000ZAW3C8/ref=cm_cr_srp_d_product_top?ie=UTF8,2020-09-30 11:19:50.990727,2020-09-30 11:19:57.391427,Aidan Duffy,Clothing & Accessories,B002G9UDYG,B000ZAW3C8
1,1,1,1,AEZ6SWSKP4HT2G7FQ6EE7NDGD2XQ,"July 16, 2020",Great itwm,Fit perfectly and is great quality,yes,0,5.0,https://www.amazon.ca/Buckle-Down-DC-WBM001-L-Collar-Seatbelt-Buckle-Batman/dp/B00CS23X34/ref=cm_cr_srp_d_product_top?ie=UTF8,2020-09-30 11:20:06.491347,2020-09-30 11:20:13.845011,Aidan Duffy,Clothing & Accessories,B002G9UDYG,B00CS23X34
2,2,2,2,AEZ6SWSKP4HT2G7FQ6EE7NDGD2XQ,"December 30, 2019",Good shirt,Good shirt. After a few washes though the neck really began to stretch,yes,0,3.0,https://www.amazon.ca/Carhartt-Maddock-Pocket-T-Shirt-Heather/dp/B00FXPUNZE/ref=cm_cr_srp_d_product_top?ie=UTF8,2020-09-30 11:20:23.954022,2020-09-30 11:20:30.386010,Aidan Duffy,Clothing & Accessories,B002G9UDYG,B00FXPUNZE
3,3,3,3,AEZ6SWSKP4HT2G7FQ6EE7NDGD2XQ,"December 30, 2019",Great quality,Great work hat. Solid quality,yes,0,4.0,https://www.amazon.ca/Carhartt-Odessa-Cotton-Sandstone-Driftwood/dp/B01LVUBVNO/ref=cm_cr_srp_d_product_top?ie=UTF8,2020-09-30 11:20:38.486359,2020-09-30 11:20:45.847577,Aidan Duffy,Clothing & Accessories,B002G9UDYG,B01LVUBVNO
4,4,4,4,AEZ6SWSKP4HT2G7FQ6EE7NDGD2XQ,"December 30, 2019",Great,Good fit,yes,0,4.0,https://www.amazon.ca/Newborn-Mittens-Scratch-Organic-Drawstring/dp/B07KWV16HS/ref=cm_cr_srp_d_product_top?ie=UTF8,2020-09-30 11:20:55.947483,2020-09-30 11:21:03.369375,Aidan Duffy,Clothing & Accessories,B002G9UDYG,B07KWV16HS
5,5,5,5,AEZ6SWSKP4HT2G7FQ6EE7NDGD2XQ,"December 30, 2019",Great value,Fantastic colouring book. Lots of details and all the great Disney villains. Great buy for the $,yes,0,5.0,https://www.amazon.ca/Art-Coloring-Villains-Creativity-Relaxation/dp/1484780361/ref=cm_cr_srp_d_product_top?ie=UTF8,2020-09-30 11:21:13.470301,2020-09-30 11:21:20.826701,Aidan Duffy,Clothing & Accessories,B002G9UDYG,1484780361
6,6,6,6,AEZ6SWSKP4HT2G7FQ6EE7NDGD2XQ,"December 29, 2019",Fit well,Fit like a glove,yes,One,4.0,https://www.amazon.ca/OtterBox-Commuter-Case-iPhone-Pro/dp/B07W69H11T/ref=cm_cr_srp_d_product_top?ie=UTF8,2020-09-30 11:21:27.925343,2020-09-30 11:21:37.339627,Aidan Duffy,Clothing & Accessories,B002G9UDYG,B07W69H11T
7,7,7,7,AEZ6SWSKP4HT2G7FQ6EE7NDGD2XQ,"December 18, 2018",Right fitting,Very tight,yes,0,2.0,https://www.amazon.ca/Lepfun-S9000-Anti-collision-Kneeling-Climbing/dp/B01N2VJD90/ref=cm_cr_srp_d_product_top?ie=UTF8,2020-09-30 11:21:44.450281,2020-09-30 11:21:53.826604,Aidan Duffy,Clothing & Accessories,B002G9UDYG,B01N2VJD90
8,8,8,8,AEZ6SWSKP4HT2G7FQ6EE7NDGD2XQ,"December 18, 2018",Exactly what I was expecting g will order again.,Exactly what I was expecting will order ahain,yes,0,5.0,https://www.amazon.ca/Carhartt-Acrylic-Watch-Black-Size/dp/B002G9UDYG/ref=cm_cr_srp_d_product_top?ie=UTF8,2020-09-30 11:22:00.925842,2020-09-30 11:22:08.338822,Aidan Duffy,Clothing & Accessories,B002G9UDYG,B002G9UDYG
