,Unnamed: 0,Unnamed: 0.1,Unnamed: 0.1.1,author_id,date_review_posted,review_title,reviews,verified_purchase,people_find_helpful,ratings,product_url,start,end,reviewer_name,product_category,product_id,subproduct_id
0,0,0,0,AF3R3IEVDCGFJK3P6S5WWZS3N3KA,"March 8, 2019",Great value!,This was an awesome set.,yes,0,5.0,https://www.amazon.ca/Piece-Airtight-Storage-Container-Chrome/dp/B007RBB4XW/ref=cm_cr_srp_d_product_top?ie=UTF8,2020-09-30 09:47:12.980833,2020-09-30 09:47:21.389741,Amazon Customer,Clothing & Accessories,B002G9UDYG,B007RBB4XW
1,1,1,1,AF3R3IEVDCGFJK3P6S5WWZS3N3KA,"February 23, 2019",Would buy againg,"Works pretty well, but arrived in a pretty banged up package. Controls are a little stiff to turn, but otherwise satisfied.",yes,0,4.0,https://www.amazon.ca/dp/B07K9ZGNM5/ref=cm_cr_srp_d_product_top?ie=UTF8,2020-09-30 09:47:29.496838,2020-09-30 09:47:36.825462,Amazon Customer,Clothing & Accessories,B002G9UDYG,B07K9ZGNM5
2,2,2,2,AF3R3IEVDCGFJK3P6S5WWZS3N3KA,"February 23, 2019",Underwhelmed,Screen printing very blurry/diull. Sizing small for a men’s medium.,yes,0,2.0,https://www.amazon.ca/LookHUMAN-Believe-Heathered-Medium-Triblend/dp/B074RN7MYW/ref=cm_cr_srp_d_product_top?ie=UTF8,2020-09-30 09:47:46.920145,2020-09-30 09:47:54.342343,Amazon Customer,Clothing & Accessories,B002G9UDYG,B074RN7MYW
3,3,3,3,AF3R3IEVDCGFJK3P6S5WWZS3N3KA,"January 15, 2019",Everyone is happy,My son was happy with the fit. I like the price.,yes,0,5.0,https://www.amazon.ca/Carhartt-Acrylic-Watch-Black-Size/dp/B002G9UDYG/ref=cm_cr_srp_d_product_top?ie=UTF8,2020-09-30 09:48:03.444317,2020-09-30 09:48:09.878763,Amazon Customer,Clothing & Accessories,B002G9UDYG,B002G9UDYG
4,4,4,4,AF3R3IEVDCGFJK3P6S5WWZS3N3KA,"January 15, 2019",Satisfied customer,"Worked well for what I wanted. Not high quality, but not junk.",yes,0,5.0,https://www.amazon.ca/Snap-09FP359-Front-Loading-12-Inch/dp/B006GZY07C/ref=cm_cr_srp_d_product_top?ie=UTF8,2020-09-30 09:48:17.977572,2020-09-30 09:48:24.360226,Amazon Customer,Clothing & Accessories,B002G9UDYG,B006GZY07C
5,5,5,5,AF3R3IEVDCGFJK3P6S5WWZS3N3KA,"January 15, 2019",Satisfied customer,Looks good and arrived in a reasonable amount of time.,yes,0,5.0,https://www.amazon.ca/Lost-Posters-Album-Poster-Travis/dp/B07JH3BHN8/ref=cm_cr_srp_d_product_top?ie=UTF8,2020-09-30 09:48:31.461016,2020-09-30 09:48:38.882784,Amazon Customer,Clothing & Accessories,B002G9UDYG,B07JH3BHN8
6,6,6,6,AF3R3IEVDCGFJK3P6S5WWZS3N3KA,"November 22, 2018",Fast delivery. Decent product.,Quick delivery. Good product.,no,0,5.0,https://www.amazon.ca/C-C-Embroidered-Adjustable-Baseball-Resting/dp/B079SY9GD2/ref=cm_cr_srp_d_product_top?ie=UTF8,2020-09-30 09:48:48.986807,2020-09-30 09:48:56.389567,Amazon Customer,Clothing & Accessories,B002G9UDYG,B079SY9GD2
7,7,7,7,AF3R3IEVDCGFJK3P6S5WWZS3N3KA,"January 14, 2017",Two Stars,Cap is ill-fitting.,yes,0,2.0,https://www.amazon.ca/KISSUU-Garcons-Baseball-Unisex-Embroidery/dp/B01LK59VJ4/ref=cm_cr_srp_d_product_top?ie=UTF8,2020-09-30 09:49:06.507371,2020-09-30 09:49:13.923560,Amazon Customer,Clothing & Accessories,B002G9UDYG,B01LK59VJ4
8,8,8,8,AF3R3IEVDCGFJK3P6S5WWZS3N3KA,"April 30, 2016",Five Stars,An absolute riot!,yes,0,5.0,https://www.amazon.ca/Cards-Against-Humanity-Canadian-Edition/dp/B004S8F7QM/ref=cm_cr_srp_d_product_top?ie=UTF8,2020-09-30 09:49:23.025643,2020-09-30 09:49:32.437878,Amazon Customer,Clothing & Accessories,B002G9UDYG,B004S8F7QM
