,Unnamed: 0,Unnamed: 0.1,Unnamed: 0.1.1,author_id,date_review_posted,review_title,reviews,verified_purchase,people_find_helpful,ratings,product_url,start,end,reviewer_name,product_category,product_id,subproduct_id
0,0,0,0,AFAD555A2NKYBX2ZDKI2UBBVULTQ,"December 13, 2018",Only Comes With One!!!,"The oven mitt is fantastic but I wasn't reading properly and completely didn't notice the absence of the s in ""Oven Mitt"". I understand its my fault but I think it should be more clearly stated that there is only 1 oven mitt. I feel like a lot of people could miss that",yes,2,3.0,https://www.amazon.ca/All-Clad-Textiles-Professional-600-Degree-Resistant/dp/B01N6NC8A0/ref=cm_cr_srp_d_product_top?ie=UTF8,2020-09-30 05:19:00.204244,2020-09-30 05:19:06.581176,Betty,Clothing & Accessories,B002G9UDYG,B01N6NC8A0
1,1,1,1,AFAD555A2NKYBX2ZDKI2UBBVULTQ,"October 8, 2018",so cute & very warm,"nice quality beanie, fits the way I wanted it to and im very happy! I ordered the black beanie and it says it was made in Canada which was a big plus!",yes,0,5.0,https://www.amazon.ca/Carhartt-Acrylic-Watch-Black-Size/dp/B002G9UDYG/ref=cm_cr_srp_d_product_top?ie=UTF8,2020-09-30 05:19:13.674093,2020-09-30 05:19:21.076988,Betty,Clothing & Accessories,B002G9UDYG,B002G9UDYG
2,2,2,2,AFAD555A2NKYBX2ZDKI2UBBVULTQ,"September 28, 2018",Really Great!,Took a while to get here but worth it :),yes,0,5.0,https://www.amazon.ca/Zebra-Highlighter-Mildliner-Color-WKT7-5C/dp/B0027MDL3C/ref=cm_cr_srp_d_product_top?ie=UTF8,2020-09-30 05:19:30.187630,2020-09-30 05:19:38.484720,Betty,Clothing & Accessories,B002G9UDYG,B0027MDL3C
3,3,3,3,AFAD555A2NKYBX2ZDKI2UBBVULTQ,"August 20, 2018",So cute,Got this bathing suit when it was on sale and omg it look amazing! I would recommend this swimsuit to anyone,yes,0,5.0,https://www.amazon.ca/SHEKINI-Womens-Bottom-Triangle-Bathing/dp/B06Y28X5YY/ref=cm_cr_srp_d_product_top?ie=UTF8,2020-09-30 05:19:47.596111,2020-09-30 05:19:55.030154,Betty,Clothing & Accessories,B002G9UDYG,B06Y28X5YY
