,Unnamed: 0,Unnamed: 0.1,Unnamed: 0.1.1,author_id,date_review_posted,review_title,reviews,verified_purchase,people_find_helpful,ratings,product_url,start,end,reviewer_name,product_category,product_id,subproduct_id
0,0,0,0,AFCSBQLIGZZP7ULEXZ7IBKB6VD7A,"November 24, 2019",Great work pants!!,Fits as expected. Maybe a touch small. I normally wear 32 waist 34 inseam so that’s what I ordered and the waist is snug but length is perfect so I’d recommend ordering up one size waist wise. Very comfortable tho and quality feels great! Have held up very well in the first couple weeks in a wet construction environment. They seem to dry out fairly quickly when the rain lets up. Not perfectly waterproof but very water resistant and for a pair of pants that as comfortable and breathable as these ones they exceeded my expectations for the price.,yes,0,5.0,https://www.amazon.ca/Caterpillar-Mens-Defender-Black-Graphite/dp/B01ELSVW9Y/ref=cm_cr_srp_d_product_top?ie=UTF8,2020-09-30 12:03:07.519680,2020-09-30 12:03:15.957205,Amazon Customer,Clothing & Accessories,B002G9UDYG,B01ELSVW9Y
1,1,1,1,AFCSBQLIGZZP7ULEXZ7IBKB6VD7A,"November 24, 2019",Definitely buy these!!,Very comfortable and great quality. Blew me away for the price!!,yes,0,5.0,https://www.amazon.ca/Pyramex-Carhartt-Billings-CH110ST-Glasses/dp/B002RM0PAE/ref=cm_cr_srp_d_product_top?ie=UTF8,2020-09-30 12:03:24.062420,2020-09-30 12:03:32.480088,Amazon Customer,Clothing & Accessories,B002G9UDYG,B002RM0PAE
2,2,2,2,AFCSBQLIGZZP7ULEXZ7IBKB6VD7A,"May 5, 2019",Recommended!!,Great quality and really helps soothe and distract the baby!,yes,0,5.0,https://www.amazon.ca/Tiny-Love-Meadow-Along-Mobile/dp/B072LF733G/ref=cm_cr_srp_d_product_top?ie=UTF8,2020-09-30 12:03:40.582533,2020-09-30 12:03:48.032647,Amazon Customer,Clothing & Accessories,B002G9UDYG,B072LF733G
3,3,3,3,AFCSBQLIGZZP7ULEXZ7IBKB6VD7A,"May 5, 2019",Excellent,Great product,yes,0,5.0,https://www.amazon.ca/Reusable-Straw-Stainless-Steel-Straight/dp/B074S2TXZK/ref=cm_cr_srp_d_product_top?ie=UTF8,2020-09-30 12:03:58.134281,2020-09-30 12:04:07.551318,Amazon Customer,Clothing & Accessories,B002G9UDYG,B074S2TXZK
4,4,4,4,AFCSBQLIGZZP7ULEXZ7IBKB6VD7A,"July 30, 2018",Great purchase!,Easy install and instantly improved the hard water and removed the chlorine smell from the city water system.,yes,0,5.0,https://www.amazon.ca/dp/B079FXP7QT/ref=cm_cr_srp_d_product_top?ie=UTF8,2020-09-30 12:04:17.657551,2020-09-30 12:04:26.065096,Amazon Customer,Clothing & Accessories,B002G9UDYG,B079FXP7QT
5,5,5,5,AFCSBQLIGZZP7ULEXZ7IBKB6VD7A,"July 30, 2018",Perfect quality!,Exactly as expected. Perfect quality!,yes,0,5.0,https://www.amazon.ca/Carhartt-Acrylic-Watch-Black-Size/dp/B002G9UDYG/ref=cm_cr_srp_d_product_top?ie=UTF8,2020-09-30 12:04:34.165888,2020-09-30 12:04:41.582441,Amazon Customer,Clothing & Accessories,B002G9UDYG,B002G9UDYG
6,6,6,6,AFCSBQLIGZZP7ULEXZ7IBKB6VD7A,"November 29, 2017",Five Stars,Arrived ahead of expected delivery date and product is perfect!,yes,0,5.0,https://www.amazon.ca/Vancle-Compatible-Adjustable-Replacement-Smartwatch/dp/B071DV6ZDM/ref=cm_cr_srp_d_product_top?ie=UTF8,2020-09-30 12:04:51.686293,2020-09-30 12:05:00.086538,Amazon Customer,Clothing & Accessories,B002G9UDYG,B071DV6ZDM
