,Unnamed: 0,Unnamed: 0.1,Unnamed: 0.1.1,author_id,date_review_posted,review_title,reviews,verified_purchase,people_find_helpful,ratings,product_url,start,end,reviewer_name,product_category,product_id,subproduct_id
0,0,0,0,AFIFHJVFNYQJBVOECZH6ZIXRXLNA,"May 23, 2020",Wow,"Could not wait to use this as soon as I got it. Remember my gran had something similar but beat up and old and some beautiful, flavorful food came out of that pot. OMG...perfect size and it browns meat beautifully. People please understand this is old school cooking pot. Just be gentle and it will last you for years. No metal. Seriously, not metal. Wooden spoon. Jambalaya came out beautiful, had to say I made the best Paella in that pan ever and the burgundy stew was out of this world.",yes,0,5.0,https://www.amazon.ca/Cooks-Standard-02518-Stainless-Casserole/dp/B01M2Z7PYC/ref=cm_cr_srp_d_product_top?ie=UTF8,2020-09-30 20:38:46.926127,2020-09-30 20:38:54.202340,Buzz,Clothing & Accessories,B00T7U6FDK,B01M2Z7PYC
1,1,1,1,AFIFHJVFNYQJBVOECZH6ZIXRXLNA,"May 23, 2020",silent,"Can you hear that? No, because its a silent clock you dummy. Looks great and not a sound.",yes,0,5.0,https://www.amazon.ca/Lumuasky-Non-Ticking-Classic-Kitchen-Decorative/dp/B07YXWQDWG/ref=cm_cr_srp_d_product_top?ie=UTF8,2020-09-30 20:39:04.296125,2020-09-30 20:39:11.568776,Buzz,Clothing & Accessories,B00T7U6FDK,B07YXWQDWG
2,2,2,2,AFIFHJVFNYQJBVOECZH6ZIXRXLNA,"May 23, 2020",Perfect size,"for the price, you can't loose. Little inside ridge holds all your hanging files and then some. Just what this is designed for. A large lightweight, stack able add as you go filing box's.",yes,0,5.0,https://www.amazon.ca/IRIS-USA-Inc-R-FB-21E-Letter/dp/B07CQ919KP/ref=cm_cr_srp_d_product_top?ie=UTF8,2020-09-30 20:39:19.662587,2020-09-30 20:39:26.961347,Buzz,Clothing & Accessories,B00T7U6FDK,B07CQ919KP
3,3,3,3,AFIFHJVFNYQJBVOECZH6ZIXRXLNA,"May 18, 2020",Perfect size,"Heavy duty and perfect size. For the price, you can't go wrong.",yes,0,5.0,https://www.amazon.ca/DEWALT-DWST17806-Tstak-Deep-Flat/dp/B00CBY2EIO/ref=cm_cr_srp_d_product_top?ie=UTF8,2020-09-30 20:39:35.055861,2020-09-30 20:39:44.324357,Buzz,Clothing & Accessories,B00T7U6FDK,B00CBY2EIO
4,4,4,4,AFIFHJVFNYQJBVOECZH6ZIXRXLNA,"May 4, 2020",very nice,just like advertised. Fits perfect and looks great,yes,0,5.0,https://www.amazon.ca/Superior-Modern-Viking-Collection-Chocolate/dp/B01M63NA29/ref=cm_cr_srp_d_product_top?ie=UTF8,2020-09-30 20:39:52.420301,2020-09-30 20:40:00.683708,Buzz,Clothing & Accessories,B00T7U6FDK,B01M63NA29
5,5,5,5,AFIFHJVFNYQJBVOECZH6ZIXRXLNA,"April 17, 2020",Very nice,"Arrived quick, super cheap and adds a great look to the man cave. Exactly what it looks like, beautiful.",yes,0,5.0,https://www.amazon.ca/Wall-Art-Painting-Pictures-Decoration/dp/B00RDDW06Y/ref=cm_cr_srp_d_product_top?ie=UTF8,2020-09-30 20:40:07.775550,2020-09-30 20:40:16.042550,Buzz,Clothing & Accessories,B00T7U6FDK,B00RDDW06Y
6,6,6,6,AFIFHJVFNYQJBVOECZH6ZIXRXLNA,"April 10, 2020",Best deal ever,Why pay $50 + for a name brand hoodie when this is the best,yes,3,5.0,https://www.amazon.ca/Jerzees-Pullover-Hooded-Sweatshirt-Medium/dp/B00T7U6FPI/ref=cm_cr_srp_d_product_top?ie=UTF8,2020-09-30 20:40:24.131596,2020-09-30 20:40:31.416831,Buzz,Clothing & Accessories,B00T7U6FDK,B00T7U6FPI
7,7,7,7,AFIFHJVFNYQJBVOECZH6ZIXRXLNA,"April 10, 2020",Genuine product,Real cinnamon sticks.,yes,0,5.0,https://www.amazon.ca/Certified-Organic-Ceylon-Cinnamon-Sticks/dp/B07495F2X5/ref=cm_cr_srp_d_product_top?ie=UTF8,2020-09-30 20:40:38.499990,2020-09-30 20:40:45.722860,Buzz,Clothing & Accessories,B00T7U6FDK,B07495F2X5
8,8,8,8,AFIFHJVFNYQJBVOECZH6ZIXRXLNA,"June 24, 2018",like really deep,"Deep, like really deep. Big brain stuff, mine to small",yes,0,4.0,https://www.amazon.ca/Simpsons-Their-Mathematical-Secrets/dp/1620402777/ref=cm_cr_srp_d_product_top?ie=UTF8,2020-09-30 20:40:55.818099,2020-09-30 20:41:02.093298,Buzz,Clothing & Accessories,B00T7U6FDK,1620402777
9,9,9,9,AFIFHJVFNYQJBVOECZH6ZIXRXLNA,"June 24, 2018",Five Stars,works as it should,yes,0,5.0,https://www.amazon.ca/MoKo-Tab-9-6-Case-Folding/dp/B01EHSKXE8/ref=cm_cr_srp_d_product_top?ie=UTF8,2020-09-30 20:41:10.183404,2020-09-30 20:41:17.479976,Buzz,Clothing & Accessories,B00T7U6FDK,B01EHSKXE8
10,10,10,10,AFIFHJVFNYQJBVOECZH6ZIXRXLNA,"June 24, 2018",Five Stars,You need to have this in your library,yes,0,5.0,https://www.amazon.ca/Deadpool-Blu-ray-Digital-Copy-Bilingual/dp/B01BT0BFSU/ref=cm_cr_srp_d_product_top?ie=UTF8,2020-09-30 20:41:25.565634,2020-09-30 20:41:31.864039,Buzz,Clothing & Accessories,B00T7U6FDK,B01BT0BFSU
11,11,11,11,AFIFHJVFNYQJBVOECZH6ZIXRXLNA,"June 24, 2018",Nothing else is to be said and the price was awesome.,Peace of mind. Nothing else is to be said and the price was awesome.,yes,0,5.0,https://www.amazon.ca/APC-P11VT3-11-Outlet-3020j-Protector/dp/B0012YLTR6/ref=cm_cr_srp_d_product_top?ie=UTF8,2020-09-30 20:41:40.967084,2020-09-30 20:41:47.214896,Buzz,Clothing & Accessories,B00T7U6FDK,B0012YLTR6
12,12,12,12,AFIFHJVFNYQJBVOECZH6ZIXRXLNA,"June 24, 2018",Five Stars,"Great feel, heft is perfect. Love all the accessories. Can't go wrong with a Wahl.",yes,0,5.0,https://www.amazon.ca/Wahl-Canada-3145-Performance-Cutting/dp/B00U0YK4MK/ref=cm_cr_srp_d_product_top?ie=UTF8,2020-09-30 20:41:54.312838,2020-09-30 20:42:03.561694,Buzz,Clothing & Accessories,B00T7U6FDK,B00U0YK4MK
13,13,13,13,AFIFHJVFNYQJBVOECZH6ZIXRXLNA,"June 24, 2018",Four Stars,I liked it,yes,0,4.0,https://www.amazon.ca/Star-Wars-Awakens-J-J-Abrams/dp/B01B80CM4W/ref=cm_cr_srp_d_product_top?ie=UTF8,2020-09-30 20:42:11.648704,2020-09-30 20:42:18.952976,Buzz,Clothing & Accessories,B00T7U6FDK,B01B80CM4W
14,14,14,14,AFIFHJVFNYQJBVOECZH6ZIXRXLNA,"June 24, 2018",Five Stars,Awesome,yes,0,5.0,https://www.amazon.ca/Norpro-Grip-Ez-Ice-Cream-Scoop/dp/B0000VLUJO/ref=cm_cr_srp_d_product_top?ie=UTF8,2020-09-30 20:42:29.040108,2020-09-30 20:42:37.290130,Buzz,Clothing & Accessories,B00T7U6FDK,B0000VLUJO
15,15,15,15,AFIFHJVFNYQJBVOECZH6ZIXRXLNA,"June 24, 2018",Four Stars,cool,yes,0,4.0,https://www.amazon.ca/Good-Cook-Smart-Cream-Scoop/dp/B000UDCB2C/ref=cm_cr_srp_d_product_top?ie=UTF8,2020-09-30 20:42:45.386337,2020-09-30 20:42:52.674778,Buzz,Clothing & Accessories,B00T7U6FDK,B000UDCB2C
16,16,16,16,AFIFHJVFNYQJBVOECZH6ZIXRXLNA,"June 24, 2018",Five Stars,perfect,yes,0,5.0,https://www.amazon.ca/VIVO-Computer-Desktop-Adjustable-CART-PC01/dp/B074P76TBW/ref=cm_cr_srp_d_product_top?ie=UTF8,2020-09-30 20:43:02.767012,2020-09-30 20:43:09.031640,Buzz,Clothing & Accessories,B00T7U6FDK,B074P76TBW
17,17,17,17,AFIFHJVFNYQJBVOECZH6ZIXRXLNA,"June 24, 2018",Eco drive is awesome and the band makes it so comfortable,"A beauty, just a shame it did not come in the case advertised. (the hard case shown in the left column). Eco drive is awesome and the band makes it so comfortable.",yes,0,5.0,https://www.amazon.ca/Citizen-Eco-Drive-Quartz-Stainless-Polyurethane/dp/B0719LVNKP/ref=cm_cr_srp_d_product_top?ie=UTF8,2020-09-30 20:43:16.117566,2020-09-30 20:43:23.416877,Buzz,Clothing & Accessories,B00T7U6FDK,B0719LVNKP
18,18,18,18,AFIFHJVFNYQJBVOECZH6ZIXRXLNA,"March 1, 2018",Five Stars,"Boom, works right out of the box.",yes,0,5.0,https://www.amazon.ca/ASUS-USB-Adapter-Bluetooth-USB-BT400/dp/B00DJ83070/ref=cm_cr_srp_d_product_top?ie=UTF8,2020-09-30 20:43:31.503202,2020-09-30 20:43:40.740077,Buzz,Clothing & Accessories,B00T7U6FDK,B00DJ83070
19,19,19,19,AFIFHJVFNYQJBVOECZH6ZIXRXLNA,"March 1, 2018",Five Stars,no fuss,yes,0,5.0,https://www.amazon.ca/AmazonBasics-Shower-Curtain-Treated-Deterioration/dp/B014QPQJSG/ref=cm_cr_srp_d_product_top?ie=UTF8,2020-09-30 20:43:48.832675,2020-09-30 20:43:56.092461,Buzz,Clothing & Accessories,B00T7U6FDK,B014QPQJSG
20,20,20,20,AFIFHJVFNYQJBVOECZH6ZIXRXLNA,"March 1, 2018",Five Stars,beautiful,yes,0,5.0,https://www.amazon.ca/Hamoery-Natural-Bracelet-Elastic-Bangle/dp/B074MPTFT5/ref=cm_cr_srp_d_product_top?ie=UTF8,2020-09-30 20:44:03.189873,2020-09-30 20:44:12.450115,Buzz,Clothing & Accessories,B00T7U6FDK,B074MPTFT5
21,21,21,21,AFIFHJVFNYQJBVOECZH6ZIXRXLNA,"March 1, 2018",just perfect for any design,"So small, just perfect for any design, any type and any size of laptop, notebook and tablet.",yes,0,5.0,https://www.amazon.ca/CloudValley-Magnetic-Macbook-Surfcase-Guardian/dp/B0748FZX99/ref=cm_cr_srp_d_product_top?ie=UTF8,2020-09-30 20:44:20.544552,2020-09-30 20:44:27.822075,Buzz,Clothing & Accessories,B00T7U6FDK,B0748FZX99
22,22,22,22,AFIFHJVFNYQJBVOECZH6ZIXRXLNA,"December 10, 2017",Five Stars,perfect,yes,0,5.0,https://www.amazon.ca/TEKTON-2830-Everybit-Precision-Electronic/dp/B009MKGRQA/ref=cm_cr_srp_d_product_top?ie=UTF8,2020-09-30 20:44:37.914245,2020-09-30 20:44:45.176953,Buzz,Clothing & Accessories,B00T7U6FDK,B009MKGRQA
23,23,23,23,AFIFHJVFNYQJBVOECZH6ZIXRXLNA,"December 10, 2017",Five Stars,perfact,yes,0,5.0,https://www.amazon.ca/dp/B006Z4JS3A/ref=cm_cr_srp_d_product_top?ie=UTF8,2020-09-30 20:44:54.272436,2020-09-30 20:45:02.550388,Buzz,Clothing & Accessories,B00T7U6FDK,B006Z4JS3A
24,24,24,24,AFIFHJVFNYQJBVOECZH6ZIXRXLNA,"December 10, 2017",Five Stars,wow,yes,0,5.0,https://www.amazon.ca/Instant-Pot-Ultra-Electric-Stainless/dp/B06Y1MP2PY/ref=cm_cr_srp_d_product_top?ie=UTF8,2020-09-30 20:45:11.644334,2020-09-30 20:45:18.907888,Buzz,Clothing & Accessories,B00T7U6FDK,B06Y1MP2PY
25,25,25,25,AFIFHJVFNYQJBVOECZH6ZIXRXLNA,"December 1, 2017",comfortable and stylish,"consistent as always, just have to be careful choosing width sizes. Waterproof, comfortable and stylish.",yes,0,5.0,https://www.amazon.ca/Rockport-Essential-Details-Waterproof-Oxford/dp/B01474FJNC/ref=cm_cr_srp_d_product_top?ie=UTF8,2020-09-30 20:45:29.003238,2020-09-30 20:45:35.290127,Buzz,Clothing & Accessories,B00T7U6FDK,B01474FJNC
26,26,26,26,AFIFHJVFNYQJBVOECZH6ZIXRXLNA,"November 26, 2017",Five Stars,"Beautiful watch, great features and great price. Damn Black Friday.",yes,0,5.0,https://www.amazon.ca/Timex-Intelligent-T2N720CS-Adventure-Silicone/dp/B015KOJ8YO/ref=cm_cr_srp_d_product_top?ie=UTF8,2020-09-30 20:45:44.387831,2020-09-30 20:45:53.629163,Buzz,Clothing & Accessories,B00T7U6FDK,B015KOJ8YO
27,27,27,27,AFIFHJVFNYQJBVOECZH6ZIXRXLNA,"November 26, 2017",For the price its the best one around and is put together so well,For the price its the best one around and is put together so well. Can't believe they are not 3 times as much. really.,yes,0,5.0,https://www.amazon.ca/HyperX-Cloud-Gaming-Headset-KHX-H3CL/dp/B00JJNQG98/ref=cm_cr_srp_d_product_top?ie=UTF8,2020-09-30 20:46:02.723539,2020-09-30 20:46:09.015745,Buzz,Clothing & Accessories,B00T7U6FDK,B00JJNQG98
28,28,28,28,AFIFHJVFNYQJBVOECZH6ZIXRXLNA,"November 26, 2017",Five Stars,just perfect. Plain and simple,yes,0,5.0,https://www.amazon.ca/Casio-W216H-1AV-Classic-Digital-Watch/dp/B00N48YJTS/ref=cm_cr_srp_d_product_top?ie=UTF8,2020-09-30 20:46:19.107966,2020-09-30 20:46:25.359469,Buzz,Clothing & Accessories,B00T7U6FDK,B00N48YJTS
29,29,29,29,AFIFHJVFNYQJBVOECZH6ZIXRXLNA,"November 26, 2017",Five Stars,finally something that is just awesome that it works.,yes,2,5.0,https://www.amazon.ca/Tenacious-Tape-Patches-Wildlife-Black/dp/B00SCVGQ4S/ref=cm_cr_srp_d_product_top?ie=UTF8,2020-09-30 20:46:34.455641,2020-09-30 20:46:41.767001,Buzz,Clothing & Accessories,B00T7U6FDK,B00SCVGQ4S
30,30,30,30,AFIFHJVFNYQJBVOECZH6ZIXRXLNA,"November 26, 2017",so damn awesome the 2nd time around,so damn awesome the 2nd time around. Blizzard just gave away Starcraft for free so I will be playing it all the through again. What a hoot. Damn this brings back memories. LAN parties....,yes,0,5.0,https://www.amazon.ca/Starcraft-II-Legacy-Void-Standard/dp/B011W8UMOC/ref=cm_cr_srp_d_product_top?ie=UTF8,2020-09-30 20:46:48.895770,2020-09-30 20:46:58.143142,Buzz,Clothing & Accessories,B00T7U6FDK,B011W8UMOC
31,31,31,31,AFIFHJVFNYQJBVOECZH6ZIXRXLNA,"November 26, 2017",Liked Vegas better though,500hrs and still counting. Can do so much after you basically do everything. Liked Vegas better though.,yes,0,4.0,https://www.amazon.ca/Fallout-4-PC-Standard-Edition/dp/B00YSWI9YK/ref=cm_cr_srp_d_product_top?ie=UTF8,2020-09-30 20:47:05.230636,2020-09-30 20:47:13.504167,Buzz,Clothing & Accessories,B00T7U6FDK,B00YSWI9YK
32,32,32,32,AFIFHJVFNYQJBVOECZH6ZIXRXLNA,"November 26, 2017",Driving me batshit but so damn awesome. Man the learning curve is a bitch and ...,Driving me batshit but so damn awesome. Man the learning curve is a bitch and I had to take a break for awhile cuz I kept getting my guys killed and I felt bad...like PTSD. great game.,yes,0,5.0,https://www.amazon.ca/2K-Games-710425416484-Xcom-PC/dp/B01AGSA7CQ/ref=cm_cr_srp_d_product_top?ie=UTF8,2020-09-30 20:47:20.600614,2020-09-30 20:47:27.904174,Buzz,Clothing & Accessories,B00T7U6FDK,B01AGSA7CQ
33,33,33,33,AFIFHJVFNYQJBVOECZH6ZIXRXLNA,"November 26, 2017",Five Stars,"OMG, really, works. Changed the way I sleep. Nice",yes,0,5.0,https://www.amazon.ca/Sleep-Better-Peaceful-Conventional-Mattress/dp/B00MNB6E1S/ref=cm_cr_srp_d_product_top?ie=UTF8,2020-09-30 20:47:34.995752,2020-09-30 20:47:42.249492,Buzz,Clothing & Accessories,B00T7U6FDK,B00MNB6E1S
34,34,34,34,AFIFHJVFNYQJBVOECZH6ZIXRXLNA,"November 26, 2017",Five Stars,cool,yes,0,5.0,https://www.amazon.ca/Homar-Tie-Shoelaces-Kids-Adults/dp/B01H56O3F4/ref=cm_cr_srp_d_product_top?ie=UTF8,2020-09-30 20:47:49.344750,2020-09-30 20:47:58.615851,Buzz,Clothing & Accessories,B00T7U6FDK,B01H56O3F4
35,35,35,35,AFIFHJVFNYQJBVOECZH6ZIXRXLNA,"November 26, 2017",you feel like you are standing inside the song,"About time someone made a quality wireless headphone. Yes there are others but these have such a rich and powerfully clear sound, you feel like you are standing inside the song. That's immersive, that's deep.",yes,0,5.0,https://www.amazon.ca/Marshall-4091742-Bluetooth-Headphones-Black/dp/B01MCY4UYM/ref=cm_cr_srp_d_product_top?ie=UTF8,2020-09-30 20:48:06.710055,2020-09-30 20:48:13.984710,Buzz,Clothing & Accessories,B00T7U6FDK,B01MCY4UYM
