,Unnamed: 0,Unnamed: 0.1,Unnamed: 0.1.1,author_id,date_review_posted,review_title,reviews,verified_purchase,people_find_helpful,ratings,product_url,start,end,reviewer_name,product_category,product_id,subproduct_id
0,0,0,0,AFJ6PWURIMPETXZGCKDCX7VLOLRA,"September 6, 2020",Deceive,"Picture is deceiving, doesn't come with the 2MT shaft.",yes,0,1.0,https://www.amazon.ca/Mugast-Capacity-Centering-Drilling-Operation/dp/B07RK4JBKJ/ref=cm_cr_srp_d_product_top?ie=UTF8,2020-09-30 20:17:09.012941,2020-09-30 20:17:15.525113,Adam Pinsoneault,Clothing & Accessories,B00T7U6FDK,B07RK4JBKJ
1,1,1,1,AFJ6PWURIMPETXZGCKDCX7VLOLRA,"July 12, 2020",love it,great product. keeps your pit nice and dry.,yes,0,5.0,https://www.amazon.ca/Classic-Accessories-58992-EC-Terrazzo-Cover/dp/B00BBAP274/ref=cm_cr_srp_d_product_top?ie=UTF8,2020-09-30 20:17:23.635091,2020-09-30 20:17:30.587771,Adam Pinsoneault,Clothing & Accessories,B00T7U6FDK,B00BBAP274
2,2,2,2,AFJ6PWURIMPETXZGCKDCX7VLOLRA,"July 12, 2020",love them,they are super comfortable and adjustable i would recommend though ordering one size up. I ordered according to my size chart and its borderline too small. go one size up and it'd be better. cotton material but double lined in the front so you dont see your nipples through t shirts.,yes,One,5.0,https://www.amazon.ca/Fruit-Loom-Adjustable-Shirred-Racerback/dp/B00330OTM4/ref=cm_cr_srp_d_product_top?ie=UTF8,2020-09-30 20:17:39.745936,2020-09-30 20:17:48.147060,Adam Pinsoneault,Clothing & Accessories,B00T7U6FDK,B00330OTM4
3,3,3,3,AFJ6PWURIMPETXZGCKDCX7VLOLRA,"July 12, 2020",its cute,"its stretchy and nice good quailty my niece was thrilled to recieve this as a gift. i always check quality brefore giving anything i buy online away, and it was nice. not super high quality or anything, but not like dollar store cheap either. like walmart quality. if that makes sense lol",yes,One,3.0,https://www.amazon.ca/dp/B0868G24M7/ref=cm_cr_srp_d_product_top?ie=UTF8,2020-09-30 20:17:56.295651,2020-09-30 20:18:05.758822,Adam Pinsoneault,Clothing & Accessories,B00T7U6FDK,B0868G24M7
4,4,4,4,AFJ6PWURIMPETXZGCKDCX7VLOLRA,"July 12, 2020",we like it,nice and big and has a rubber backing so it dosent slide around. good quality,yes,0,5.0,https://www.amazon.ca/AUKEY-Gaming-Resistent-Non-slippery-Rubber/dp/B00QPYENUI/ref=cm_cr_srp_d_product_top?ie=UTF8,2020-09-30 20:18:14.875065,2020-09-30 20:18:22.320486,Adam Pinsoneault,Clothing & Accessories,B00T7U6FDK,B00QPYENUI
5,5,5,5,AFJ6PWURIMPETXZGCKDCX7VLOLRA,"July 12, 2020",love it,"great quality and has a rubber backing already so it dosent move or slide. durable and will save my floors in the high traffic area i put it in. I bought the grey color and its very nice. id buy it again, but it likely wont need replacing for a long time. good quality, thick and not cheap feeling",yes,0,5.0,https://www.amazon.ca/iCustomRug-Indoor-Outdoor-Utility-Berber/dp/B074PZD7JG/ref=cm_cr_srp_d_product_top?ie=UTF8,2020-09-30 20:18:30.459718,2020-09-30 20:18:38.844590,Adam Pinsoneault,Clothing & Accessories,B00T7U6FDK,B074PZD7JG
6,6,6,6,AFJ6PWURIMPETXZGCKDCX7VLOLRA,"July 12, 2020",gross,"these are awful, tastless and gross. ewwww never again.",yes,0,1.0,https://www.amazon.ca/365-Everyday-Value-Veggie-Straws/dp/B074H51HD3/ref=cm_cr_srp_d_product_top?ie=UTF8,2020-09-30 20:18:47.957766,2020-09-30 20:18:55.428504,Adam Pinsoneault,Clothing & Accessories,B00T7U6FDK,B074H51HD3
7,7,7,7,AFJ6PWURIMPETXZGCKDCX7VLOLRA,"July 12, 2020",love them!!!!,"i work as a letter carrier at canada post. My job is outside in the heat all day and these container hold ice!!! its so exciting for me to find a great product, like the ice cubes are still huge at the end of the day. They dont leak and they fit in my satchel cup holder as well as cup holders in my truck. I love love love these. the only downfall is that they are not dishwasher safe, but its certainly not a deal breaker. Contigo is known for its great quality so its unlikely they will need to be replaced any time soon. I am thrilled to find a water bottle that wasnt 100 dollars plus that can still hold ice outside in the heat all day. I highly recommend these.",yes,0,5.0,https://www.amazon.ca/Contigo-AUTOSEAL-Stainless-Bottles-2-Pack/dp/B077MLY1CQ/ref=cm_cr_srp_d_product_top?ie=UTF8,2020-09-30 20:19:03.545252,2020-09-30 20:19:11.919422,Adam Pinsoneault,Clothing & Accessories,B00T7U6FDK,B077MLY1CQ
8,8,8,8,AFJ6PWURIMPETXZGCKDCX7VLOLRA,"July 12, 2020",i love it......but definetly buy one size up,"i am 5.1 about 155lbs and after readin all the reviews they said to buy one size up. i did and im glad. so it fits perfectly. the quality is great. my girls feel like they are well supported with thicker straps which is nice. the bottoms are nice, my butt is not falling out, no wedgies and the high waist still allows you to still see my curvy figure with the rouching flatters my mommy pouch lol
im likely going to buy another one for my second suit.",yes,One,5.0,https://www.amazon.ca/Printed-Waisted-Control-Bathing-Swimsuit/dp/B07MV5VLL2/ref=cm_cr_srp_d_product_top?ie=UTF8,2020-09-30 20:19:22.010812,2020-09-30 20:19:29.389413,Adam Pinsoneault,Clothing & Accessories,B00T7U6FDK,B07MV5VLL2
9,9,9,9,AFJ6PWURIMPETXZGCKDCX7VLOLRA,"July 12, 2020",cute,"these are cute and will be a nice addition to our outside fairy garden. i really dont think they will last long though as the quality is not quite there. im going to spray them with a clear coat and see if it will help, but judging by the feel of it, its meant for indoor use only. we'll see",yes,0,3.0,https://www.amazon.ca/10021-Garden-Miniature-Dollhouse-Bistro/dp/B007NKDL38/ref=cm_cr_srp_d_product_top?ie=UTF8,2020-09-30 20:19:36.545027,2020-09-30 20:19:42.952643,Adam Pinsoneault,Clothing & Accessories,B00T7U6FDK,B007NKDL38
10,10,10,10,AFJ6PWURIMPETXZGCKDCX7VLOLRA,"July 12, 2020",meh,"they are much smaller than we thought and the flowers in the box dont have any detail, they just look like dots of color. were using it for an outside fairy house so its ok but definitely not what we thought it would be and very low low quality. would not buy this again.",yes,0,1.0,https://www.amazon.ca/Flower-Miniature-Landscape-Dollhouse-Accessories/dp/B07W199D76/ref=cm_cr_srp_d_product_top?ie=UTF8,2020-09-30 20:19:52.059442,2020-09-30 20:20:01.441613,Adam Pinsoneault,Clothing & Accessories,B00T7U6FDK,B07W199D76
11,11,11,11,AFJ6PWURIMPETXZGCKDCX7VLOLRA,"July 12, 2020",we like it,"it serves its pupose and isnt too flexible that it bows out, but not too firm that you worry about cracking. its a pretty decent floor mat for your office/gaming chair
were happy with it",yes,0,5.0,https://www.amazon.ca/AmazonBasics-Polycarbonate-Carpet-Chair-Mat/dp/B07GQ4D6Z4/ref=cm_cr_srp_d_product_top?ie=UTF8,2020-09-30 20:20:09.573678,2020-09-30 20:20:18.024384,Adam Pinsoneault,Clothing & Accessories,B00T7U6FDK,B07GQ4D6Z4
12,12,12,12,AFJ6PWURIMPETXZGCKDCX7VLOLRA,"July 12, 2020",nice shoes,"color is nice and vibrant. comfortable shoes with foam comfort. they do take a while to dry though if you end of getting them wet, but thats not by any means a deal breaker. decent quality shoes",yes,2,5.0,https://www.amazon.ca/Under-Armour-Womens-Playmaker-Cerise/dp/B071F9VR8S/ref=cm_cr_srp_d_product_top?ie=UTF8,2020-09-30 20:20:25.137650,2020-09-30 20:20:33.561295,Adam Pinsoneault,Clothing & Accessories,B00T7U6FDK,B071F9VR8S
13,13,13,13,AFJ6PWURIMPETXZGCKDCX7VLOLRA,"July 12, 2020",very nice,"its not cheap or crappy at all. its actually pretty decent quality for a dress up costume. my neice is three and was thrilled to open this gift on her birthday. and it fit well within her age group. mind you she is small for her age.
i recommend it",yes,0,4.0,https://www.amazon.ca/Cotrio-Princess-Costume-Halloween-Accessories/dp/B07W12FMTF/ref=cm_cr_srp_d_product_top?ie=UTF8,2020-09-30 20:20:41.673901,2020-09-30 20:20:48.171355,Adam Pinsoneault,Clothing & Accessories,B00T7U6FDK,B07W12FMTF
14,14,14,14,AFJ6PWURIMPETXZGCKDCX7VLOLRA,"July 12, 2020",we love it,"were happy with our purchase.
we reviewed dozens of different chairs and took about 2months before we decided to buy a chair, for us its a pretty big purchase and wanted to avoid the hassle of trying to return somehthing large during covid19.
this chair is acutally really really nice. leather of good quality. my husband is not an idiot and didnt have any problem assembling the chair. it has a relcline option with foot out which is nice. it hugs you when sit in it properly. the color is vibrant and nice. we got orange and black. and there is a lumbar pillow which plugs in and vibrates if you like that. I dont, it just upsets my stomach lol but i can see how some ppl might like that. were very happy with our purchase and would recommend it to others",yes,3,5.0,https://www.amazon.ca/EDWELL-Footrest-Computer-Ergonomic-Headrest/dp/B086X15MN5/ref=cm_cr_srp_d_product_top?ie=UTF8,2020-09-30 20:20:57.261336,2020-09-30 20:21:03.710490,Adam Pinsoneault,Clothing & Accessories,B00T7U6FDK,B086X15MN5
15,15,15,15,AFJ6PWURIMPETXZGCKDCX7VLOLRA,"July 12, 2020",nice set,"higher quality, nice easy adjustable straps, good suction and really is antifog. my kids have been loving this set and practice with them a lot in our pool. will definietly be taking them with us when we travel too. great set. great quality. id recommend them",yes,0,5.0,https://www.amazon.ca/Kekilo-Panoramic-Professional-Snorkeling-Purple%EF%BC%8CKids/dp/B0811R1C4B/ref=cm_cr_srp_d_product_top?ie=UTF8,2020-09-30 20:21:11.847021,2020-09-30 20:21:18.289111,Adam Pinsoneault,Clothing & Accessories,B00T7U6FDK,B0811R1C4B
16,16,16,16,AFJ6PWURIMPETXZGCKDCX7VLOLRA,"July 12, 2020",garbage,"mine is absolute trash. water comes out all around the base of the shouwer head and it dosent give you a shower flow, more like a slowed down version of just not having a nozzle at all.
dont waste your money on this",yes,0,1.0,https://www.amazon.ca/Dramm-12806-Touch-N-Flow-30-Inch-Length/dp/B000S6HTE6/ref=cm_cr_srp_d_product_top?ie=UTF8,2020-09-30 20:21:28.389140,2020-09-30 20:21:34.911008,Adam Pinsoneault,Clothing & Accessories,B00T7U6FDK,B000S6HTE6
17,17,17,17,AFJ6PWURIMPETXZGCKDCX7VLOLRA,"July 12, 2020",good,"they dont seem like much when you first open them.....my first thought was ""may as well go commando"" but they are actually pretty decent for sweat wicking and dryness. I work as a letter carrier for canada post and delivering mail in this recent heat wave has not been very pleasant. so sweat wicking anything is very important for me as my job requires me to be quite athletic. Ill be ordering more now that I know they are worth it. I recommend them, they are breathable and dont retain moisture unlike cotton.",yes,0,5.0,https://www.amazon.ca/New-Balance-Womens-Breathe-Panties/dp/B01CTOFGT4/ref=cm_cr_srp_d_product_top?ie=UTF8,2020-09-30 20:21:42.011295,2020-09-30 20:21:51.365973,Adam Pinsoneault,Clothing & Accessories,B00T7U6FDK,B01CTOFGT4
18,18,18,18,AFJ6PWURIMPETXZGCKDCX7VLOLRA,"July 12, 2020",so fun!,"very fun, easy to use and has everything you need to create something pretty and personal for your garden. my daughter and i had a great time with this craft.",yes,0,5.0,https://www.amazon.ca/Midwest-Products-901-11455-Mosaic-Stepping/dp/B0018BXVDS/ref=cm_cr_srp_d_product_top?ie=UTF8,2020-09-30 20:21:58.499430,2020-09-30 20:22:05.973234,Adam Pinsoneault,Clothing & Accessories,B00T7U6FDK,B0018BXVDS
19,19,19,19,AFJ6PWURIMPETXZGCKDCX7VLOLRA,"July 12, 2020",not big enough,"the headline says 4 by 9 feet
its four inches so i sent it back",yes,0,1.0,https://www.amazon.ca/Darice-6614-105-Galvanized-Chicken-Craftwork/dp/B00MA6YBNO/ref=cm_cr_srp_d_product_top?ie=UTF8,2020-09-30 20:22:13.116937,2020-09-30 20:22:20.556008,Adam Pinsoneault,Clothing & Accessories,B00T7U6FDK,B00MA6YBNO
20,20,20,20,AFJ6PWURIMPETXZGCKDCX7VLOLRA,"July 12, 2020",keeps ice for a decent amount of time,"keeps ice for a while like 5 hours ish. leaks when it tips over so that sucks and you have to use your hands to open the mouth peice. for me thats not very good. I work outside all day and dont have access to wash my hands as often as i would like, so i dont use this container because i dont want my dirty fingers touching whats got to go in my mouth. kind of a bummer. just letting you guys know just in case your in the same boat, something you dont really think about",yes,2,2.0,https://www.amazon.ca/Coleman-Gallon-Flip-Spout-Blue/dp/B007E613M2/ref=cm_cr_srp_d_product_top?ie=UTF8,2020-09-30 20:22:29.674881,2020-09-30 20:22:36.085688,Adam Pinsoneault,Clothing & Accessories,B00T7U6FDK,B007E613M2
21,21,21,21,AFJ6PWURIMPETXZGCKDCX7VLOLRA,"May 28, 2020",good buy,"actually figured by ordering this online that all the chips would be crunched up but surprisingly in great shape when we received them. will order again, they are a favorite in our household.",yes,0,5.0,https://www.amazon.ca/Pringles-Mega-Cream-Onion-Flavour/dp/B07DPGSCL7/ref=cm_cr_srp_d_product_top?ie=UTF8,2020-09-30 20:22:43.206929,2020-09-30 20:22:50.612568,Adam Pinsoneault,Clothing & Accessories,B00T7U6FDK,B07DPGSCL7
22,22,22,22,AFJ6PWURIMPETXZGCKDCX7VLOLRA,"May 28, 2020",smells so good,"you cannot beat this smell and softness. its never a ""good deal"" its always expensive. but you get what you pay for. this is seriously the best laundry product on the market for scent.",yes,0,5.0,https://www.amazon.ca/Downy-Unstopables-wash-Scent-Booster/dp/B07BHXTZVB/ref=cm_cr_srp_d_product_top?ie=UTF8,2020-09-30 20:22:58.753217,2020-09-30 20:23:06.238297,Adam Pinsoneault,Clothing & Accessories,B00T7U6FDK,B07BHXTZVB
23,23,23,23,AFJ6PWURIMPETXZGCKDCX7VLOLRA,"May 28, 2020",love them,we buy this regularly. they are nice and chewy and flavor is great. my wife cant swallow pills so this was the perfect alternative. we will continue to purchase them. amazon is a better price than our local drug-marts and we've never had any issues with packaging or wait times so we will continue to purchase through amazon,yes,0,5.0,https://www.amazon.ca/Centrum%C2%AE-MultiGummies-Cherry-Multivitamin-Gummies/dp/B01N6C6E7K/ref=cm_cr_srp_d_product_top?ie=UTF8,2020-09-30 20:23:13.349813,2020-09-30 20:23:20.793140,Adam Pinsoneault,Clothing & Accessories,B00T7U6FDK,B01N6C6E7K
24,24,24,24,AFJ6PWURIMPETXZGCKDCX7VLOLRA,"May 28, 2020",wonderful,"we eat this regularly in my household. kids love it on everything. amazon always seems to have better prices than the grocery stores too, so we will continue to order it through here.",yes,0,5.0,https://www.amazon.ca/NUTELLA-Hazelnut-Spread-1000-Grams/dp/B0766117N4/ref=cm_cr_srp_d_product_top?ie=UTF8,2020-09-30 20:23:28.911604,2020-09-30 20:23:37.333889,Adam Pinsoneault,Clothing & Accessories,B00T7U6FDK,B0766117N4
25,25,25,25,AFJ6PWURIMPETXZGCKDCX7VLOLRA,"May 28, 2020",small,"i thought that i had ordered lunch bag size but these are more like penny candy size. i kept them anyways because im sure ill eventually find a use for them. maybe i miss read the size??? they're ok on quality, as far as paper bags go. just a bit disappointed with the size. Double check next time, lesson learned",yes,0,3.0,https://www.amazon.ca/Value-White-Paper-Crafting-Bags/dp/B000PCWS4O/ref=cm_cr_srp_d_product_top?ie=UTF8,2020-09-30 20:23:46.424500,2020-09-30 20:23:52.768307,Adam Pinsoneault,Clothing & Accessories,B00T7U6FDK,B000PCWS4O
26,26,26,26,AFJ6PWURIMPETXZGCKDCX7VLOLRA,"May 28, 2020",bought for fun,my son loves this chocolate so we bought him an entire box just for fun. they are the smaller bars and its a good deal for your money. but......sometimes we buy stupid things just for fun lol,yes,0,5.0,https://www.amazon.ca/Toblerone-Standard-1-23-Ounce-Units-0-84-Kilogram/dp/B004SKKPHQ/ref=cm_cr_srp_d_product_top?ie=UTF8,2020-09-30 20:24:01.897884,2020-09-30 20:24:10.333073,Adam Pinsoneault,Clothing & Accessories,B00T7U6FDK,B004SKKPHQ
27,27,27,27,AFJ6PWURIMPETXZGCKDCX7VLOLRA,"May 28, 2020",my favorite water bottle,"dishwasher safe, no silicone pieces like other contigo bottles that get moldy. this one is the best. i did drop my first one from a fairly high surface and crack it, but that was my fault. so i ordered this one to replace it because this style is my favorite. it fits in cup holders and it has a hook thing on the top which i use to put my keys on when i go to the gym. i literally take it everywhere. will buy another one again when needed.",yes,0,5.0,https://www.amazon.ca/CONTIGO-CGO70615-Autoseal-Cortland-24-Ounce/dp/B00MVODHIK/ref=cm_cr_srp_d_product_top?ie=UTF8,2020-09-30 20:24:19.443135,2020-09-30 20:24:28.851710,Adam Pinsoneault,Clothing & Accessories,B00T7U6FDK,B00MVODHIK
28,28,28,28,AFJ6PWURIMPETXZGCKDCX7VLOLRA,"May 28, 2020","its gain, its great",great brand. smell is incredible. i like the way amazon packages it so it doesn't leak. will purchase again and again,yes,0,5.0,https://www.amazon.ca/Gain-Liquid-Laundry-Detergent-Tropical/dp/B06XT1XV1W/ref=cm_cr_srp_d_product_top?ie=UTF8,2020-09-30 20:24:36.008884,2020-09-30 20:24:45.458731,Adam Pinsoneault,Clothing & Accessories,B00T7U6FDK,B06XT1XV1W
29,29,29,29,AFJ6PWURIMPETXZGCKDCX7VLOLRA,"May 28, 2020",not for us,"i usually like this brand, but these cookies are just bland. not a real peanut buttery taste. wont purchase these again. stick to home made.",yes,0,1.0,https://www.amazon.ca/BETTY-CROCKER-Cookie-Peanut-Butter/dp/B07SZMXY1F/ref=cm_cr_srp_d_product_top?ie=UTF8,2020-09-30 20:24:54.602061,2020-09-30 20:25:01.076875,Adam Pinsoneault,Clothing & Accessories,B00T7U6FDK,B07SZMXY1F
30,30,30,30,AFJ6PWURIMPETXZGCKDCX7VLOLRA,"May 28, 2020",yum!,these are so delicious! the green taste like green jello and the watermelon is very close to slush puppies brand. i feel like i got a good deal with the price as well. im happy with this purchase.,yes,0,5.0,https://www.amazon.ca/Treats-Tropical-Watermelon-VICTORIO-VKP1107/dp/B002VRM274/ref=cm_cr_srp_d_product_top?ie=UTF8,2020-09-30 20:25:11.178496,2020-09-30 20:25:19.586901,Adam Pinsoneault,Clothing & Accessories,B00T7U6FDK,B002VRM274
31,31,31,31,AFJ6PWURIMPETXZGCKDCX7VLOLRA,"May 28, 2020",extreamly long lol,"i dont know why the heck these are so long. not kidding they are like 8 feet long lol
no biggie i cut them but you do lose the magnets on the bottom by doing that. decent quality. seems durable enough.",yes,0,5.0,https://www.amazon.ca/InterDesign-Mildew-Free-Gauge-Shower-Liner/dp/B00WWBN2CS/ref=cm_cr_srp_d_product_top?ie=UTF8,2020-09-30 20:25:27.723286,2020-09-30 20:25:36.166663,Adam Pinsoneault,Clothing & Accessories,B00T7U6FDK,B00WWBN2CS
32,32,32,32,AFJ6PWURIMPETXZGCKDCX7VLOLRA,"May 28, 2020",very cute!,"good size, good quality canvas. a bit darker than i thought i purchased but i could be wrong. for some reason i remember the background being blue not black, but no biggie ill just paint it what i want lol
everything is included except the frame, which is what they tell you so no surprise. shipping took a bit long though.",yes,0,5.0,https://www.amazon.ca/Shukqueen-Numbers-Adults-Painting-Beginner/dp/B07SGB1MTG/ref=cm_cr_srp_d_product_top?ie=UTF8,2020-09-30 20:25:45.327581,2020-09-30 20:25:52.847190,Adam Pinsoneault,Clothing & Accessories,B00T7U6FDK,B07SGB1MTG
33,33,33,33,AFJ6PWURIMPETXZGCKDCX7VLOLRA,"May 28, 2020",great!,great full flavor. we only buy this brand so we will purchase this one again,yes,0,5.0,https://www.amazon.ca/Club-House-Flavouring-Extracts-Peppermint/dp/B00HVVN7BK/ref=cm_cr_srp_d_product_top?ie=UTF8,2020-09-30 20:25:59.989310,2020-09-30 20:26:09.595483,Adam Pinsoneault,Clothing & Accessories,B00T7U6FDK,B00HVVN7BK
34,34,34,34,AFJ6PWURIMPETXZGCKDCX7VLOLRA,"May 28, 2020",great as always,great brand we trust always. tasteless which is nice for for food dyes. great vibrant colors. we only buy this brand.,yes,0,5.0,https://www.amazon.ca/Club-House-Colour-Preparation-Green/dp/B00HVVNC2E/ref=cm_cr_srp_d_product_top?ie=UTF8,2020-09-30 20:26:17.704242,2020-09-30 20:26:26.096574,Adam Pinsoneault,Clothing & Accessories,B00T7U6FDK,B00HVVNC2E
35,35,35,35,AFJ6PWURIMPETXZGCKDCX7VLOLRA,"May 28, 2020",great quality,"great quality, but took FOREVER to get here. not kidding took like 3 months to receive.",yes,0,5.0,https://www.amazon.ca/Braided-Elastic-Stretch-Elasticity-Bedspread/dp/B086R4XS9H/ref=cm_cr_srp_d_product_top?ie=UTF8,2020-09-30 20:26:33.187171,2020-09-30 20:26:39.748607,Adam Pinsoneault,Clothing & Accessories,B00T7U6FDK,B086R4XS9H
36,36,36,36,AFJ6PWURIMPETXZGCKDCX7VLOLRA,"May 28, 2020",great as always,"my daughter and i applied this seed to our lawn with just a bit of topsoil as recommeded, and literally the next day we had grass sprouting. will order again next year. we have to repair what parts get chewed by snow plow.",yes,0,5.0,https://www.amazon.ca/Scotts-12688-Builder-Traffic-Technology/dp/B07D7DFVY4/ref=cm_cr_srp_d_product_top?ie=UTF8,2020-09-30 20:26:46.868611,2020-09-30 20:26:56.539245,Adam Pinsoneault,Clothing & Accessories,B00T7U6FDK,B07D7DFVY4
37,37,37,37,AFJ6PWURIMPETXZGCKDCX7VLOLRA,"May 28, 2020",very nice,very heavy. good quality cast iron opener. im happy with my purchase,yes,0,5.0,https://www.amazon.ca/Abbott-27-IRON-AGE-266-Collection/dp/B01KJVFOBO/ref=cm_cr_srp_d_product_top?ie=UTF8,2020-09-30 20:27:06.703712,2020-09-30 20:27:15.254690,Adam Pinsoneault,Clothing & Accessories,B00T7U6FDK,B01KJVFOBO
38,38,38,38,AFJ6PWURIMPETXZGCKDCX7VLOLRA,"May 28, 2020",love them!!!,"i absolutely awesome!!! the size chart is accurate which is always a bonus. good quality, durable. would purchase again.",yes,One,5.0,https://www.amazon.ca/Vgo-Extra-Long-Thornproof-Anti-Abrasion-Anti-Impact/dp/B07P8KZSRV/ref=cm_cr_srp_d_product_top?ie=UTF8,2020-09-30 20:27:25.374599,2020-09-30 20:27:33.773388,Adam Pinsoneault,Clothing & Accessories,B00T7U6FDK,B07P8KZSRV
39,39,39,39,AFJ6PWURIMPETXZGCKDCX7VLOLRA,"May 22, 2020",The best,"Top quality
No predrilling required
Holds strong",yes,0,5.0,https://www.amazon.ca/GRK-RSS10212HP-HandyPak-Structural-Package/dp/B000I1E9F8/ref=cm_cr_srp_d_product_top?ie=UTF8,2020-09-30 20:27:42.867923,2020-09-30 20:27:49.272896,Adam Pinsoneault,Clothing & Accessories,B00T7U6FDK,B000I1E9F8
40,40,40,40,AFJ6PWURIMPETXZGCKDCX7VLOLRA,"May 22, 2020",Pretty good for price point,"Good quality
Not the greatest for gaming
Cool rgb lighting",yes,0,4.0,https://www.amazon.ca/Keyboard-Keyboad-Rainbow-Waterproof-Computer/dp/B07Q36HKPF/ref=cm_cr_srp_d_product_top?ie=UTF8,2020-09-30 20:27:59.436585,2020-09-30 20:28:07.786176,Adam Pinsoneault,Clothing & Accessories,B00T7U6FDK,B07Q36HKPF
41,41,41,41,AFJ6PWURIMPETXZGCKDCX7VLOLRA,"May 12, 2020",good,it does the job and the magnet is strong too. mine is compretly full and its still secure,yes,0,5.0,https://www.amazon.ca/Tools-School-Magnetic-Pencil-Refrigerator/dp/B07JN3GMZN/ref=cm_cr_srp_d_product_top?ie=UTF8,2020-09-30 20:28:17.898160,2020-09-30 20:28:25.371237,Adam Pinsoneault,Clothing & Accessories,B00T7U6FDK,B07JN3GMZN
42,42,42,42,AFJ6PWURIMPETXZGCKDCX7VLOLRA,"May 12, 2020",love them!!!,"these are so cool!!! I would say they are medium weight. not too heavy but not thin either. they will fit all in your organizer in drawer, which is important to me. The only reason i gave the 3 star rating is because the knives are all a different purple than the rest of the set. like, they are purple but lighter and not nearly as vibrant or shiny. not a deal breaker for me but would have been nice to have everything the same color as shown in the picture. its a definite noticeable difference.",yes,One,3.0,https://www.amazon.ca/Silverware-Bisda-Stainless-Multipurpose-Restaurant/dp/B07GXFWQMH/ref=cm_cr_srp_d_product_top?ie=UTF8,2020-09-30 20:28:33.492724,2020-09-30 20:28:39.987597,Adam Pinsoneault,Clothing & Accessories,B00T7U6FDK,B07GXFWQMH
43,43,43,43,AFJ6PWURIMPETXZGCKDCX7VLOLRA,"May 12, 2020",terrible,"I ordered a black long sleeve in size medium. the fit is too small and the material is extreamly poor quality. the pictures make it appear as if its a thicker for soft and flowly fabric. not at all what i recieved. its thin, stiff and absolute crap. definetly going to return this one. dont waste your time or money. halloween costumes are better quality than this. i wish ppl were honest with reviews.
- rachel",yes,0,1.0,https://www.amazon.ca/ZIOOER-Sleeve-Dresses-Casual-Pockets/dp/B07KM4TZHB/ref=cm_cr_srp_d_product_top?ie=UTF8,2020-09-30 20:28:49.070393,2020-09-30 20:28:58.504249,Adam Pinsoneault,Clothing & Accessories,B00T7U6FDK,B07KM4TZHB
44,44,44,44,AFJ6PWURIMPETXZGCKDCX7VLOLRA,"May 12, 2020",good purchase,"im happy with it. fits my samsung s8 perfectly. the card holder fits two cards nicely and it clicks in place closed. so its not going to pop open, its secure. i attached my pop socet to the the slider door and its just fine, actually easier to access when needed. im happy with my purchase",yes,0,5.0,https://www.amazon.ca/Galaxy-Case-Holder-Spigen-Armor/dp/B06XP6DTXF/ref=cm_cr_srp_d_product_top?ie=UTF8,2020-09-30 20:29:07.669841,2020-09-30 20:29:17.132656,Adam Pinsoneault,Clothing & Accessories,B00T7U6FDK,B06XP6DTXF
45,45,45,45,AFJ6PWURIMPETXZGCKDCX7VLOLRA,"May 12, 2020",good buy!,"was worried about quality, never purchased anything like this online. but this was a score. great quality, bendable. would buy again",yes,0,5.0,https://www.amazon.ca/Flexzilla-Industrial-Coupler-Lightweight-ZillaGreen-HFZ1450YW2-D/dp/B01HD4GUA4/ref=cm_cr_srp_d_product_top?ie=UTF8,2020-09-30 20:29:25.233495,2020-09-30 20:29:33.680390,Adam Pinsoneault,Clothing & Accessories,B00T7U6FDK,B01HD4GUA4
46,46,46,46,AFJ6PWURIMPETXZGCKDCX7VLOLRA,"May 12, 2020",great tool,the angle helps keep your hands off the table and out of the way of your work. great quality. made the job easier.,yes,0,5.0,https://www.amazon.ca/Midwest-Tool-Cutlery-MWT-6516-PowerCutter/dp/B00OCGQJDA/ref=cm_cr_srp_d_product_top?ie=UTF8,2020-09-30 20:29:42.787600,2020-09-30 20:29:49.191737,Adam Pinsoneault,Clothing & Accessories,B00T7U6FDK,B00OCGQJDA
47,47,47,47,AFJ6PWURIMPETXZGCKDCX7VLOLRA,"May 12, 2020",best quality,ravensburger puzzles really are what they clain to be. no dust. snaps in place beautifully and no glare. i dont think i can go back to cheap puzzles ......and these are disney too.,yes,0,5.0,https://www.amazon.ca/Ravensburger-Disney-Villainous-Maleficent-Jigsaw/dp/B07S2R9DJH/ref=cm_cr_srp_d_product_top?ie=UTF8,2020-09-30 20:29:57.302301,2020-09-30 20:30:05.681933,Adam Pinsoneault,Clothing & Accessories,B00T7U6FDK,B07S2R9DJH
48,48,48,48,AFJ6PWURIMPETXZGCKDCX7VLOLRA,"May 12, 2020",fits fine but pocket is not centre,"the product is decent enough. soft, fits well. I bought it to have my cousin screen print on it and we noticed that the pocket is about and inch and a bit off centre and kinda slanted. probably not noticable when on and moving. Im probably going to just stick to buying Haynes though from now on. Quality is ""meh""",yes,0,3.0,https://www.amazon.ca/Jerzees-Pullover-Hooded-Sweatshirt-X-Large/dp/B00T7U6R88/ref=cm_cr_srp_d_product_top?ie=UTF8,2020-09-30 20:30:14.787642,2020-09-30 20:30:21.219198,Adam Pinsoneault,Clothing & Accessories,B00T7U6FDK,B00T7U6R88
49,49,49,49,AFJ6PWURIMPETXZGCKDCX7VLOLRA,"May 12, 2020",good quality,"fits as exspected and good quality shorts. nice length too. my husband is 6.4 and often has trouble with length and these are great.
----rachel P",yes,0,5.0,https://www.amazon.ca/Wrangler-Authentics-Premium-Cargo-Anthracite/dp/B00XKYLHAU/ref=cm_cr_srp_d_product_top?ie=UTF8,2020-09-30 20:30:29.305450,2020-09-30 20:30:37.698955,Adam Pinsoneault,Clothing & Accessories,B00T7U6FDK,B00XKYLHAU
50,50,50,50,AFJ6PWURIMPETXZGCKDCX7VLOLRA,"May 12, 2020",its wilton your good!,"its a wilton product you have no worries about quality. non stick like it says, sturdy, wont bend or twist in oven. i always buy wilton when i can. great deal",yes,One,5.0,https://www.amazon.ca/Wilton-Perfect-Results-Non-Stick-8-Cavity/dp/B00FL62D1C/ref=cm_cr_srp_d_product_top?ie=UTF8,2020-09-30 20:30:44.834547,2020-09-30 20:30:52.262880,Adam Pinsoneault,Clothing & Accessories,B00T7U6FDK,B00FL62D1C
51,51,51,51,AFJ6PWURIMPETXZGCKDCX7VLOLRA,"May 10, 2020",Poor sound,Not great sound,yes,0,3.0,https://www.amazon.ca/VENTION-Auxiliary-Splitter-Microphone-Earphone/dp/B077T23T82/ref=cm_cr_srp_d_product_top?ie=UTF8,2020-09-30 20:30:59.412924,2020-09-30 20:31:08.842423,Adam Pinsoneault,Clothing & Accessories,B00T7U6FDK,B077T23T82
52,52,52,52,AFJ6PWURIMPETXZGCKDCX7VLOLRA,"May 10, 2020",Fits razor,Fit perfectly on my son's Razor scooter.,yes,One,5.0,https://www.amazon.ca/FREEDARE-Scooter-Wheels-Replacement-Bearings/dp/B07B613ND6/ref=cm_cr_srp_d_product_top?ie=UTF8,2020-09-30 20:31:16.979226,2020-09-30 20:31:25.420208,Adam Pinsoneault,Clothing & Accessories,B00T7U6FDK,B07B613ND6
53,53,53,53,AFJ6PWURIMPETXZGCKDCX7VLOLRA,"May 10, 2020",Tough,I always recommend tasks they last long and Built Tough,yes,0,5.0,https://www.amazon.ca/Task-Tools-T67712-Robertson-Screwdriver/dp/B00A157B0G/ref=cm_cr_srp_d_product_top?ie=UTF8,2020-09-30 20:31:34.519244,2020-09-30 20:31:42.966001,Adam Pinsoneault,Clothing & Accessories,B00T7U6FDK,B00A157B0G
54,54,54,54,AFJ6PWURIMPETXZGCKDCX7VLOLRA,"May 10, 2020",Good manufacturing,Did the trick.,yes,0,4.0,https://www.amazon.ca/Ullman-CHP6-LP-Piece-Hook-Pick/dp/B075KXP2KP/ref=cm_cr_srp_d_product_top?ie=UTF8,2020-09-30 20:31:50.077062,2020-09-30 20:31:57.463765,Adam Pinsoneault,Clothing & Accessories,B00T7U6FDK,B075KXP2KP
55,55,55,55,AFJ6PWURIMPETXZGCKDCX7VLOLRA,"May 10, 2020",Good quality,Exactly as I expected. High quality and easy to install.,yes,0,5.0,https://www.amazon.ca/Arlington-DBVS1C-1-Recessed-Outlet-Construction/dp/B002W6ZOPQ/ref=cm_cr_srp_d_product_top?ie=UTF8,2020-09-30 20:32:06.561647,2020-09-30 20:32:13.122619,Adam Pinsoneault,Clothing & Accessories,B00T7U6FDK,B002W6ZOPQ
56,56,56,56,AFJ6PWURIMPETXZGCKDCX7VLOLRA,"May 7, 2020",i love them!,beautiful colors and designs. great quality! i loved them so much i went ahead and ordered another set so i can scrap every other tea towel i own.,no,0,5.0,https://www.amazon.ca/DII-Oversized-Dishcloth-Dishtowels-Baking-Eggplant/dp/B008POKM9W/ref=cm_cr_srp_d_product_top?ie=UTF8,2020-09-30 20:32:20.249079,2020-09-30 20:32:30.027135,Adam Pinsoneault,Clothing & Accessories,B00T7U6FDK,B008POKM9W
57,57,57,57,AFJ6PWURIMPETXZGCKDCX7VLOLRA,"May 7, 2020",these are so cool,"very cool and very fun. you can change them too. can be solid color, flashing or one color or alternating colors or rainbow. definitely not a waste of money like my husband said lol",yes,2,5.0,https://www.amazon.ca/ETCBUYS-Light-Gloves-Flashing-Different/dp/B077GGK8B6/ref=cm_cr_srp_d_product_top?ie=UTF8,2020-09-30 20:32:39.156020,2020-09-30 20:32:48.571997,Adam Pinsoneault,Clothing & Accessories,B00T7U6FDK,B077GGK8B6
58,58,58,58,AFJ6PWURIMPETXZGCKDCX7VLOLRA,"May 7, 2020",beautiful,"my son loves it!! the color is brilliant, its so soft and my boy is a sweaty guy (asthmatic) so a light blanket is exactly what he wanted. its not light to the point its thin.....its still fluffy and full just not heavy and overly warm. its good quality. I washed it immediatly, no problems. so far so good.",yes,0,5.0,https://www.amazon.ca/Pop-Shop-University-Comforter-Orange/dp/B07QJ7B56R/ref=cm_cr_srp_d_product_top?ie=UTF8,2020-09-30 20:32:55.678835,2020-09-30 20:33:04.118484,Adam Pinsoneault,Clothing & Accessories,B00T7U6FDK,B07QJ7B56R
59,59,59,59,AFJ6PWURIMPETXZGCKDCX7VLOLRA,"May 7, 2020",high quality,"once you go ravensburger, there is no going back. super high quality. its true when they say no dust and no glare! and these are disney too......whats not to love!",yes,0,5.0,https://www.amazon.ca/Ravensburger-Disney-Villainous-Captain-Jigsaw/dp/B07RXK3BZ3/ref=cm_cr_srp_d_product_top?ie=UTF8,2020-09-30 20:33:14.251590,2020-09-30 20:33:21.667773,Adam Pinsoneault,Clothing & Accessories,B00T7U6FDK,B07RXK3BZ3
60,60,60,60,AFJ6PWURIMPETXZGCKDCX7VLOLRA,"May 7, 2020",delicious!!,will buy again. needed very few other ingrediants. just butter and water.,yes,0,5.0,https://www.amazon.ca/McCormick-Gourmet-Premium-International-Hollandaise/dp/B00HVVP1KA/ref=cm_cr_srp_d_product_top?ie=UTF8,2020-09-30 20:33:28.795776,2020-09-30 20:33:38.184453,Adam Pinsoneault,Clothing & Accessories,B00T7U6FDK,B00HVVP1KA
61,61,61,61,AFJ6PWURIMPETXZGCKDCX7VLOLRA,"May 7, 2020",super cute!,my daughter loves them. they are made of a spandex type material and could definetly stretch to suit slightly bigger dolls. my daughters dolls are 15 inch and they fit beautifully. good quality and well made.,yes,0,5.0,https://www.amazon.ca/ZITA-ELEMENT-Jumpsuits-Headbands-Accessories/dp/B07XSPMVKG/ref=cm_cr_srp_d_product_top?ie=UTF8,2020-09-30 20:33:47.297562,2020-09-30 20:33:53.685139,Adam Pinsoneault,Clothing & Accessories,B00T7U6FDK,B07XSPMVKG
62,62,62,62,AFJ6PWURIMPETXZGCKDCX7VLOLRA,"May 7, 2020",so relaxing,"i enjoyed this one very much. it is a lot of numbers though, more than i had anticipated. lots of fine detail and tiny spaces. it said suitable for kids, so i bought one for my 9 year old. absolutely not for kids. teenagers sure, not kids. which is why i took it over instead lol
they do give you plenty of paint and its on a good quality canvas. brushes are decent.",yes,0,5.0,https://www.amazon.ca/ESOOR-Numbers-Adults-Painting-Beginner/dp/B07PFS4JVT/ref=cm_cr_srp_d_product_top?ie=UTF8,2020-09-30 20:34:03.804655,2020-09-30 20:34:13.298355,Adam Pinsoneault,Clothing & Accessories,B00T7U6FDK,B07PFS4JVT
63,63,63,63,AFJ6PWURIMPETXZGCKDCX7VLOLRA,"May 7, 2020",cool gadget,"they are cool and very useful for nightlight or bathroom or darker hallways. easy to install. the reason for the 4 out of 5 star rating though, is only three out of the 4 actually worked. the forth one is a dudd.",yes,0,4.0,https://www.amazon.ca/4PACK-Duplex-Electrical-Outlet-Lights/dp/B082W66D6J/ref=cm_cr_srp_d_product_top?ie=UTF8,2020-09-30 20:34:21.447447,2020-09-30 20:34:30.914918,Adam Pinsoneault,Clothing & Accessories,B00T7U6FDK,B082W66D6J
64,64,64,64,AFJ6PWURIMPETXZGCKDCX7VLOLRA,"May 7, 2020",too thick can bring down my top menu and you have to press hard to select anything,"easy to apply, its probably really strong but after having it on for 2 weeks now i just cant handle it. the screen protector is so thick that my phone is not as responsive because you really have to push or tap hard to get the right button. waste of money. cant wait to get this thing off when something new comes in.",yes,0,2.0,https://www.amazon.ca/Protector-Alignment-Installation-Friendly-Replacement/dp/B07Q4RSMB8/ref=cm_cr_srp_d_product_top?ie=UTF8,2020-09-30 20:34:38.010903,2020-09-30 20:34:44.489295,Adam Pinsoneault,Clothing & Accessories,B00T7U6FDK,B07Q4RSMB8
65,65,65,65,AFJ6PWURIMPETXZGCKDCX7VLOLRA,"April 17, 2020",Great purchase,"I'm a letter carrier and these are a game changer. I can still wear my runners and get proper support, then throw on these neos and get the waterproof properties. I walk about 20km a day. So far they're holding up.",yes,0,5.0,https://www.amazon.ca/NEOS-Adventurer-Season-Waterproof-Overshoes/dp/B001GUM97A/ref=cm_cr_srp_d_product_top?ie=UTF8,2020-09-30 20:34:51.613070,2020-09-30 20:34:58.055962,Adam Pinsoneault,Clothing & Accessories,B00T7U6FDK,B001GUM97A
66,66,66,66,AFJ6PWURIMPETXZGCKDCX7VLOLRA,"April 17, 2020",Peice of crap,Terrible quality. No shape to it whatsoever. Feels like a hooded potato sack. Then they refused to return it. Save your money and yourself a hassle.,yes,0,1.0,https://www.amazon.ca/Asymmetric-Hoodies-Costumes-Vintage-Sweatshirts/dp/B07LFJ6S6C/ref=cm_cr_srp_d_product_top?ie=UTF8,2020-09-30 20:35:05.165015,2020-09-30 20:35:11.668944,Adam Pinsoneault,Clothing & Accessories,B00T7U6FDK,B07LFJ6S6C
67,67,67,67,AFJ6PWURIMPETXZGCKDCX7VLOLRA,"April 17, 2020",Great quality,I'm in love!!! Gotta get my daughter one now as she keeps taking mine!,yes,0,5.0,https://www.amazon.ca/RelaxBlanket-Premium-Weighted-Blanket-Natural/dp/B07JQ8C67M/ref=cm_cr_srp_d_product_top?ie=UTF8,2020-09-30 20:35:20.760927,2020-09-30 20:35:29.058857,Adam Pinsoneault,Clothing & Accessories,B00T7U6FDK,B07JQ8C67M
68,68,68,68,AFJ6PWURIMPETXZGCKDCX7VLOLRA,"April 17, 2020",Great buy!,Love it. Very soft. Nice Bright color. Happy kid😊,yes,0,5.0,https://www.amazon.ca/AmazonBasics-Kids-Sheet-Set-Microfiber/dp/B07K8MKKN8/ref=cm_cr_srp_d_product_top?ie=UTF8,2020-09-30 20:35:37.140440,2020-09-30 20:35:45.403098,Adam Pinsoneault,Clothing & Accessories,B00T7U6FDK,B07K8MKKN8
69,69,69,69,AFJ6PWURIMPETXZGCKDCX7VLOLRA,"April 17, 2020",It's not 2.5 inches at all. Maybe 1 at best!,"It's ok. I read reviews saying it was great. Its mediocre. If it wasn't covid19 right now I'd sent it back. Since I cant go out, I'll just deal with it. Definitely not 2.5 inches. Maybe 1 inch at best. Definitely not over stuffed. Wish more ppl would be honest with reviews. Not worth 90 bucks :(",yes,2,2.0,https://www.amazon.ca/BedStory-Mattress-Hypoallergenic-Alternative-Stretches/dp/B07WTCWQ3X/ref=cm_cr_srp_d_product_top?ie=UTF8,2020-09-30 20:35:52.483481,2020-09-30 20:35:58.723380,Adam Pinsoneault,Clothing & Accessories,B00T7U6FDK,B07WTCWQ3X
70,70,70,70,AFJ6PWURIMPETXZGCKDCX7VLOLRA,"April 17, 2020",Cant stop ordering these! Lol so good,Delicious,yes,0,5.0,https://www.amazon.ca/AERO-White-Chocolate-95g-Bar/dp/B078GZV53N/ref=cm_cr_srp_d_product_top?ie=UTF8,2020-09-30 20:36:05.810466,2020-09-30 20:36:15.083788,Adam Pinsoneault,Clothing & Accessories,B00T7U6FDK,B078GZV53N
71,71,71,71,AFJ6PWURIMPETXZGCKDCX7VLOLRA,"April 17, 2020",RIP off,TINY. Biggest rip off. Not at all worth 20 bucks! We thought it was much bigger.,yes,0,1.0,https://www.amazon.ca/Birthday-Fluffy-Scented-Non-Sticky-Include/dp/B07RP6DK1L/ref=cm_cr_srp_d_product_top?ie=UTF8,2020-09-30 20:36:22.181492,2020-09-30 20:36:28.479604,Adam Pinsoneault,Clothing & Accessories,B00T7U6FDK,B07RP6DK1L
72,72,72,72,AFJ6PWURIMPETXZGCKDCX7VLOLRA,"April 17, 2020",Relaxing,Very fun. Good size. Whole picture is to be diamond covered.,yes,0,5.0,https://www.amazon.ca/Diamond-Painting-Rhinestone-Embroidery-Pictures/dp/B07F3K7QN5/ref=cm_cr_srp_d_product_top?ie=UTF8,2020-09-30 20:36:38.559301,2020-09-30 20:36:47.843212,Adam Pinsoneault,Clothing & Accessories,B00T7U6FDK,B07F3K7QN5
73,73,73,73,AFJ6PWURIMPETXZGCKDCX7VLOLRA,"April 17, 2020",Wont buy again,"It's so small. The only part that you actually paint by diamonds is the t-rex, the rest is printed.",yes,0,1.0,https://www.amazon.ca/Diamond-Painting-Toolkit-Embroidery-Supplies/dp/B07D9J8K99/ref=cm_cr_srp_d_product_top?ie=UTF8,2020-09-30 20:36:56.939431,2020-09-30 20:37:06.190472,Adam Pinsoneault,Clothing & Accessories,B00T7U6FDK,B07D9J8K99
74,74,74,74,AFJ6PWURIMPETXZGCKDCX7VLOLRA,"April 17, 2020",High quality,Ravenburger puzzles are so high quality. Definitely no going back to cheap puzzles after this.,yes,0,5.0,https://www.amazon.ca/Ravensburger-Disney-Villainous-Ursula-Jigsaw/dp/B07RXK5162/ref=cm_cr_srp_d_product_top?ie=UTF8,2020-09-30 20:37:13.275744,2020-09-30 20:37:21.578185,Adam Pinsoneault,Clothing & Accessories,B00T7U6FDK,B07RXK5162
75,75,75,75,AFJ6PWURIMPETXZGCKDCX7VLOLRA,"April 17, 2020",So soft!,Love them! So soft,yes,0,5.0,https://www.amazon.ca/Sheets-Brushed-Microfiber-Wrinkle-Resistant/dp/B077QFCMQ9/ref=cm_cr_srp_d_product_top?ie=UTF8,2020-09-30 20:37:30.675662,2020-09-30 20:37:37.968064,Adam Pinsoneault,Clothing & Accessories,B00T7U6FDK,B077QFCMQ9
76,76,76,76,AFJ6PWURIMPETXZGCKDCX7VLOLRA,"December 13, 2019",Easy to use,Uses for sonar homework,yes,0,4.0,https://www.amazon.ca/Calculator-Helect-Standard-Function-Desktop/dp/B01B5MU6JG/ref=cm_cr_srp_d_product_top?ie=UTF8,2020-09-30 20:37:46.081856,2020-09-30 20:37:53.383965,Adam Pinsoneault,Clothing & Accessories,B00T7U6FDK,B01B5MU6JG
77,77,77,77,AFJ6PWURIMPETXZGCKDCX7VLOLRA,"October 19, 2018",Works well,Easy to use use it to make coffee,yes,0,3.0,https://www.amazon.ca/Hamilton-Beach-43874-Digital-Coffee-Maker/dp/B00U3MCLE8/ref=cm_cr_srp_d_product_top?ie=UTF8,2020-09-30 20:38:00.483732,2020-09-30 20:38:09.734595,Adam Pinsoneault,Clothing & Accessories,B00T7U6FDK,B00U3MCLE8
78,78,78,78,AFJ6PWURIMPETXZGCKDCX7VLOLRA,"January 7, 2018",Four Stars,seems to be real bore hair and i like the compact size of the wood comb!,yes,0,4.0,https://www.amazon.ca/DUCKBUTTER-Grooming-Set-Genuine-Bristles/dp/B01E80O3BO/ref=cm_cr_srp_d_product_top?ie=UTF8,2020-09-30 20:38:19.818694,2020-09-30 20:38:26.085920,Adam Pinsoneault,Clothing & Accessories,B00T7U6FDK,B01E80O3BO
