,Unnamed: 0,Unnamed: 0.1,Unnamed: 0.1.1,author_id,date_review_posted,review_title,reviews,verified_purchase,people_find_helpful,ratings,product_url,start,end,reviewer_name,product_category,product_id,subproduct_id
0,0,0,0,AFJECYP5VOVIDHMBE6ZF75HHHWXA,"February 1, 2019",Great,works great & fit my Bmw 320i 2001! Thank you,yes,0,5.0,https://www.amazon.ca/ALTERNATOR-TENSIONER-11281427252-11287841228-PULLEY/dp/B07BMZP4VC/ref=cm_cr_srp_d_product_top?ie=UTF8,2020-09-30 12:27:55.958267,2020-09-30 12:28:05.366896,ashley,Clothing & Accessories,B002G9UDYG,B07BMZP4VC
1,1,1,1,AFJECYP5VOVIDHMBE6ZF75HHHWXA,"February 1, 2019",Fits!,good,yes,0,5.0,https://www.amazon.ca/Carhartt-Acrylic-Watch-Black-Size/dp/B002G9UDYG/ref=cm_cr_srp_d_product_top?ie=UTF8,2020-09-30 12:28:15.472058,2020-09-30 12:28:24.894608,ashley,Clothing & Accessories,B002G9UDYG,B002G9UDYG
2,2,2,2,AFJECYP5VOVIDHMBE6ZF75HHHWXA,"February 1, 2019",Great for a gift,bought as xmas gift worked as listed 5/5!,yes,0,5.0,https://www.amazon.ca/Upgraded-ieGeek-Charging-Playstation-Controller/dp/B0799HJMPT/ref=cm_cr_srp_d_product_top?ie=UTF8,2020-09-30 12:28:32.004587,2020-09-30 12:28:41.429692,ashley,Clothing & Accessories,B002G9UDYG,B0799HJMPT
3,3,3,3,AFJECYP5VOVIDHMBE6ZF75HHHWXA,"February 1, 2019",Great Quality/ Deal!,"Great quality, true to fit, comfortable and lightweight!",yes,0,5.0,https://www.amazon.ca/Kodiak-8-Inch-Industrial-Construction-Caramel/dp/B01N0JLRX1/ref=cm_cr_srp_d_product_top?ie=UTF8,2020-09-30 12:28:51.530253,2020-09-30 12:28:58.955799,ashley,Clothing & Accessories,B002G9UDYG,B01N0JLRX1
4,4,4,4,AFJECYP5VOVIDHMBE6ZF75HHHWXA,"February 1, 2019",o.k.,did its job for about 3 weeks then spring broke again,yes,0,3.0,https://www.amazon.ca/Cylinder-Barrel-Repair-1998-2006-323ci/dp/B01GAB7T3S/ref=cm_cr_srp_d_product_top?ie=UTF8,2020-09-30 12:29:07.053378,2020-09-30 12:29:14.490660,ashley,Clothing & Accessories,B002G9UDYG,B01GAB7T3S
