,Unnamed: 0,Unnamed: 0.1,Unnamed: 0.1.1,author_id,date_review_posted,review_title,reviews,verified_purchase,people_find_helpful,ratings,product_url,start,end,reviewer_name,product_category,product_id,subproduct_id
0,0,0,0,AFL6SN2BXQPWL5RWB3T625BNVXJQ,"September 9, 2020",My 11 Year Old Is Obsessed with these !,Great Product / Amazing Quality,yes,0,5.0,https://www.amazon.ca/RDX-Boxing-Gloves-Leather-Training/dp/B00PC9BMB0/ref=cm_cr_srp_d_product_top?ie=UTF8,2020-09-30 09:49:53.379055,2020-09-30 09:50:02.808667,KrissyDawnB,Clothing & Accessories,B002G9UDYG,B00PC9BMB0
1,1,1,1,AFL6SN2BXQPWL5RWB3T625BNVXJQ,"December 4, 2019",AWESOME,"Perfect For my Bathroom, Everyone loves them.",yes,0,5.0,https://www.amazon.ca/Bathroom-Unframed-Letters-Premium-Sayings/dp/B07FF2Z5FJ/ref=cm_cr_srp_d_product_top?ie=UTF8,2020-09-30 09:50:11.903905,2020-09-30 09:50:18.224820,KrissyDawnB,Clothing & Accessories,B002G9UDYG,B07FF2Z5FJ
2,2,2,2,AFL6SN2BXQPWL5RWB3T625BNVXJQ,"November 18, 2019",So Cute,Bought for My Sister- she said she loves them,yes,0,5.0,https://www.amazon.ca/Bulldog-Earrings-Sterling-Christmas-Presentski/dp/B07BK22NJM/ref=cm_cr_srp_d_product_top?ie=UTF8,2020-09-30 09:50:28.321176,2020-09-30 09:50:37.738291,KrissyDawnB,Clothing & Accessories,B002G9UDYG,B07BK22NJM
3,3,3,3,AFL6SN2BXQPWL5RWB3T625BNVXJQ,"November 18, 2019",Great Product,Used for over a Year LOVE IT,yes,0,5.0,https://www.amazon.ca/BESTOPE-Straightener-Adjustable-Temperature-Shut-Off/dp/B079GWB3KZ/ref=cm_cr_srp_d_product_top?ie=UTF8,2020-09-30 09:50:46.840519,2020-09-30 09:50:55.268423,KrissyDawnB,Clothing & Accessories,B002G9UDYG,B079GWB3KZ
4,4,4,4,AFL6SN2BXQPWL5RWB3T625BNVXJQ,"November 18, 2019",Perfect,Love !,yes,0,5.0,https://www.amazon.ca/NuWallpaper-NU2236-Brick-Fa%C3%A7ade-Wallpaper/dp/B06XSWX95Z/ref=cm_cr_srp_d_product_top?ie=UTF8,2020-09-30 09:51:05.373461,2020-09-30 09:51:14.796804,KrissyDawnB,Clothing & Accessories,B002G9UDYG,B06XSWX95Z
5,5,5,5,AFL6SN2BXQPWL5RWB3T625BNVXJQ,"November 18, 2019",LOVE,Great Product !,yes,0,5.0,https://www.amazon.ca/Carhartt-Acrylic-Watch-Black-Size/dp/B002G9UDYG/ref=cm_cr_srp_d_product_top?ie=UTF8,2020-09-30 09:51:21.900976,2020-09-30 09:51:29.313024,KrissyDawnB,Clothing & Accessories,B002G9UDYG,B002G9UDYG
6,6,6,6,AFL6SN2BXQPWL5RWB3T625BNVXJQ,"November 18, 2019",Great Deal,They Do Hurt ! But Great Product,yes,0,5.0,https://www.amazon.ca/VCOSTORE-Refill-Bullets-N-Strike-Blasters/dp/B07FD4N4GX/ref=cm_cr_srp_d_product_top?ie=UTF8,2020-09-30 09:51:38.417392,2020-09-30 09:51:44.776551,KrissyDawnB,Clothing & Accessories,B002G9UDYG,B07FD4N4GX
7,7,7,7,AFL6SN2BXQPWL5RWB3T625BNVXJQ,"November 18, 2019",Perfect !,Great Item,yes,0,5.0,https://www.amazon.ca/Yostyle-Halloween-Cosplay-Festival-Party-Blue/dp/B07VCQN7HC/ref=cm_cr_srp_d_product_top?ie=UTF8,2020-09-30 09:51:52.880785,2020-09-30 09:51:59.254370,KrissyDawnB,Clothing & Accessories,B002G9UDYG,B07VCQN7HC
8,8,8,8,AFL6SN2BXQPWL5RWB3T625BNVXJQ,"November 18, 2019",LOVE,Great !,yes,One,5.0,https://www.amazon.ca/3-Pack-Sweet-Welcome-Grateful-Stencils/dp/B07SMW5DWC/ref=cm_cr_srp_d_product_top?ie=UTF8,2020-09-30 09:52:08.361506,2020-09-30 09:52:16.790007,KrissyDawnB,Clothing & Accessories,B002G9UDYG,B07SMW5DWC
