,Unnamed: 0,Unnamed: 0.1,Unnamed: 0.1.1,author_id,date_review_posted,review_title,reviews,verified_purchase,people_find_helpful,ratings,product_url,start,end,reviewer_name,product_category,product_id,subproduct_id
0,0,0,0,AFMBXEG4QMVJOC2UKTKTTTNXJ5EQ,"December 9, 2019",Too floppy,Nice and warm but there is too much extra material at the top. Ok for a teenager but looks ridiculous on my adult head lol.,yes,0,3.0,https://www.amazon.ca/Carhartt-Acrylic-Watch-Black-Size/dp/B002G9UDYG/ref=cm_cr_srp_d_product_top?ie=UTF8,2020-09-29 21:58:22.359193,2020-09-29 21:58:28.637205,Amazon Customer,Clothing & Accessories,B002G9UDYG,B002G9UDYG
1,1,1,1,AFMBXEG4QMVJOC2UKTKTTTNXJ5EQ,"December 9, 2019",Solid purchase,Good gloves. Fit well and keep you dry.,yes,0,5.0,https://www.amazon.ca/Kekilo-Waterproof-Touchscreen-Windproof-Rainproof/dp/B07Z38QPDQ/ref=cm_cr_srp_d_product_top?ie=UTF8,2020-09-29 21:58:36.733244,2020-09-29 21:58:42.990062,Amazon Customer,Clothing & Accessories,B002G9UDYG,B07Z38QPDQ
2,2,2,2,AFMBXEG4QMVJOC2UKTKTTTNXJ5EQ,"March 25, 2019",Perfect kit,Love it!,yes,0,5.0,https://www.amazon.ca/MayBeau-Grooming-Shampoo-Unscented-Scissors/dp/B07L6J2WQH/ref=cm_cr_srp_d_product_top?ie=UTF8,2020-09-29 21:58:51.076218,2020-09-29 21:59:00.318898,Amazon Customer,Clothing & Accessories,B002G9UDYG,B07L6J2WQH
3,3,3,3,AFMBXEG4QMVJOC2UKTKTTTNXJ5EQ,"December 31, 2016",Five Stars,I couldnt help but read this entire book in Archers voice. Sploosh!,no,0,5.0,https://www.amazon.ca/How-Archer-Ultimate-Espionage-Cocktails/dp/0062066315/ref=cm_cr_srp_d_product_top?ie=UTF8,2020-09-29 21:59:07.406775,2020-09-29 21:59:15.678112,Amazon Customer,Clothing & Accessories,B002G9UDYG,0062066315
4,4,4,4,AFMBXEG4QMVJOC2UKTKTTTNXJ5EQ,"December 31, 2016",Hilarious!,"big fan of the show. couldnt wait for season 3, so this was my next option. absolutely love it!",yes,0,5.0,https://www.amazon.ca/Rick-Morty-Vol-Zac-Gorman/dp/1620102811/ref=cm_cr_srp_d_product_top?ie=UTF8,2020-09-29 21:59:23.782438,2020-09-29 21:59:30.071489,Amazon Customer,Clothing & Accessories,B002G9UDYG,1620102811
