,Unnamed: 0,Unnamed: 0.1,Unnamed: 0.1.1,author_id,date_review_posted,review_title,reviews,verified_purchase,people_find_helpful,ratings,product_url,start,end,reviewer_name,product_category,product_id,subproduct_id
0,0,0,0,AFQISQNX4G23FK7EOQG5HKKJYD4Q,"November 5, 2019",Good,Great,yes,0,5.0,https://www.amazon.ca/Carhartt-Acrylic-Watch-Black-Size/dp/B002G9UDYG/ref=cm_cr_srp_d_product_top?ie=UTF8,2020-09-30 11:53:18.943267,2020-09-30 11:53:25.308536,Ivan Kostenyuk,Clothing & Accessories,B002G9UDYG,B002G9UDYG
1,1,1,1,AFQISQNX4G23FK7EOQG5HKKJYD4Q,"November 5, 2019",Tools,Could come in a better case but over all for the value great.,yes,0,4.0,https://www.amazon.ca/Neuftech-Screwdriver-Disassembly-Repair-Smartphone/dp/B01NAEWU8O/ref=cm_cr_srp_d_product_top?ie=UTF8,2020-09-30 11:53:33.413106,2020-09-30 11:53:42.788327,Ivan Kostenyuk,Clothing & Accessories,B002G9UDYG,B01NAEWU8O
2,2,2,2,AFQISQNX4G23FK7EOQG5HKKJYD4Q,"November 5, 2019","Musin , Phone answering calls.",Great lasts me for over a week of charge from the case. Worth the money.,yes,0,5.0,https://www.amazon.ca/Eleoption-Bluetooth-Smallest-Wireless-Earphones/dp/B07NNDBJFB/ref=cm_cr_srp_d_product_top?ie=UTF8,2020-09-30 11:53:52.890451,2020-09-30 11:54:01.308359,Ivan Kostenyuk,Clothing & Accessories,B002G9UDYG,B07NNDBJFB
3,3,3,3,AFQISQNX4G23FK7EOQG5HKKJYD4Q,"March 15, 2019",Great,Its great love it,yes,0,5.0,https://www.amazon.ca/TORU-Wallet-Hidden-Adapter-Samsung/dp/B07GN8YJK4/ref=cm_cr_srp_d_product_top?ie=UTF8,2020-09-30 11:54:11.413237,2020-09-30 11:54:17.761000,Ivan Kostenyuk,Clothing & Accessories,B002G9UDYG,B07GN8YJK4
