,Unnamed: 0,Unnamed: 0.1,Unnamed: 0.1.1,author_id,date_review_posted,review_title,reviews,verified_purchase,people_find_helpful,ratings,product_url,start,end,reviewer_name,product_category,product_id,subproduct_id
0,0,0,0,AFUKWP6AGJKESSP7UAGNFU3Z7XAQ,"September 23, 2019",Awesome stove well worth the money,Replaced an old Coleman stove that was stolen! Absolutely love this stove but make sure it’s level or you will have issues with heat setting. Once it’s level the control of the heat is precise and can be used to cook anything,yes,0,5.0,https://www.amazon.ca/The-Coleman-Company-2000017462NP-FyreCadet/dp/B00S57OG5K/ref=cm_cr_srp_d_product_top?ie=UTF8,2020-09-30 05:50:25.324069,2020-09-30 05:50:32.700384,andrew,Clothing & Accessories,B002G9UDYG,B00S57OG5K
1,1,1,1,AFUKWP6AGJKESSP7UAGNFU3Z7XAQ,"September 1, 2019",Awesome product,Exact replacement for my application on a 1991 trophy,yes,0,5.0,https://www.amazon.ca/Attwood-Marine-2638-1-Standard-Glove/dp/B00144D6BG/ref=cm_cr_srp_d_product_top?ie=UTF8,2020-09-30 05:50:40.827388,2020-09-30 05:50:47.206605,andrew,Clothing & Accessories,B002G9UDYG,B00144D6BG
2,2,2,2,AFUKWP6AGJKESSP7UAGNFU3Z7XAQ,"April 19, 2019",This stuff plain works!,Wow!,yes,0,5.0,https://www.amazon.ca/Chemical-CLD201-Signature-Orange-Degreaser/dp/B00E0MWTLW/ref=cm_cr_srp_d_product_top?ie=UTF8,2020-09-30 05:50:54.329010,2020-09-30 05:51:02.768277,andrew,Clothing & Accessories,B002G9UDYG,B00E0MWTLW
3,3,3,3,AFUKWP6AGJKESSP7UAGNFU3Z7XAQ,"April 6, 2019",1 snapped first use other is my favourite,Bought rod 6 months ago used it for the first time today it snapped getting the line thru the eyes. Other one is fantastic and I’d love to have another like the other one,yes,0,1.0,https://www.amazon.ca/Fenwick-Salmon-Steelhead-Piece-Mooching/dp/B01IDEO7KI/ref=cm_cr_srp_d_product_top?ie=UTF8,2020-09-30 05:51:11.879975,2020-09-30 05:51:20.324441,andrew,Clothing & Accessories,B002G9UDYG,B01IDEO7KI
4,4,4,4,AFUKWP6AGJKESSP7UAGNFU3Z7XAQ,"March 8, 2019",Best of the best,This is some of the best line money can buy! Every hardcore salmon guy on the west coast is using this stuff,yes,0,5.0,https://www.amazon.ca/Maxima-Ultragreen-Copolymer-Monofilament-300-600/dp/B07HNG65B2/ref=cm_cr_srp_d_product_top?ie=UTF8,2020-09-30 05:51:28.425954,2020-09-30 05:51:35.861491,andrew,Clothing & Accessories,B002G9UDYG,B07HNG65B2
5,5,5,5,AFUKWP6AGJKESSP7UAGNFU3Z7XAQ,"February 27, 2019",Exactly what you need,Been using these for years great product! Lost my last one last one to a friend and a large halibut. But this will replace it perfectly,yes,0,5.0,https://www.amazon.ca/Danielson-Gaff-Commercial-Hook-32-Inch/dp/B0000AYB2Y/ref=cm_cr_srp_d_product_top?ie=UTF8,2020-09-30 05:51:45.979345,2020-09-30 05:51:54.434810,andrew,Clothing & Accessories,B002G9UDYG,B0000AYB2Y
6,6,6,6,AFUKWP6AGJKESSP7UAGNFU3Z7XAQ,"February 13, 2019",Great deal,Amazing coffee at have the price and very easy to order/ find compared to Rivo branded,yes,0,5.0,https://www.amazon.ca/Italian-Coffee-capsules-compatible-machines/dp/B01MZ4NJE4/ref=cm_cr_srp_d_product_top?ie=UTF8,2020-09-30 05:52:04.563477,2020-09-30 05:52:11.004849,andrew,Clothing & Accessories,B002G9UDYG,B01MZ4NJE4
7,7,7,7,AFUKWP6AGJKESSP7UAGNFU3Z7XAQ,"February 13, 2019",Perfect fit!!,Perfect fit for my helix 7 it’s a little tight at first but after a few uses stretches perfectly!,yes,0,5.0,https://www.amazon.ca/Humminbird-780029-1-Helix-Unit-Cover/dp/B015T2MIHG/ref=cm_cr_srp_d_product_top?ie=UTF8,2020-09-30 05:52:20.100408,2020-09-30 05:52:29.484383,andrew,Clothing & Accessories,B002G9UDYG,B015T2MIHG
8,8,8,8,AFUKWP6AGJKESSP7UAGNFU3Z7XAQ,"January 1, 2019",Value,Great value for razors,yes,0,5.0,https://www.amazon.ca/Gillette-Venus-Sensitive-Womens-Disposable/dp/B003X5EJBU/ref=cm_cr_srp_d_product_top?ie=UTF8,2020-09-30 05:52:38.611926,2020-09-30 05:52:46.061201,andrew,Clothing & Accessories,B002G9UDYG,B003X5EJBU
9,9,9,9,AFUKWP6AGJKESSP7UAGNFU3Z7XAQ,"January 1, 2019",Great lighting,Exactly what your looking for if you need better lighting from your phone,yes,0,5.0,https://www.amazon.ca/Ocathnon-Perfect-Brightness-Make-up-Cellphone/dp/B0144OGZ42/ref=cm_cr_srp_d_product_top?ie=UTF8,2020-09-30 05:52:54.192429,2020-09-30 05:53:02.634210,andrew,Clothing & Accessories,B002G9UDYG,B0144OGZ42
10,10,10,10,AFUKWP6AGJKESSP7UAGNFU3Z7XAQ,"January 1, 2019",Awesome set of headphones,Seems to be great headphones with great sounds!,yes,0,5.0,https://www.amazon.ca/Edifier-P270-ear-Headset-Headphones/dp/B013J7JZQK/ref=cm_cr_srp_d_product_top?ie=UTF8,2020-09-30 05:53:10.734790,2020-09-30 05:53:19.127178,andrew,Clothing & Accessories,B002G9UDYG,B013J7JZQK
11,11,11,11,AFUKWP6AGJKESSP7UAGNFU3Z7XAQ,"January 1, 2019",Well,"Seems well
Made and you get lots for the price! A little painful at first but seems to be helping my bunions",yes,0,4.0,https://www.amazon.ca/Bunion-Corrector-Straightener-Daytime-Separators/dp/B07C7L17J1/ref=cm_cr_srp_d_product_top?ie=UTF8,2020-09-30 05:53:27.249708,2020-09-30 05:53:35.680879,andrew,Clothing & Accessories,B002G9UDYG,B07C7L17J1
12,12,12,12,AFUKWP6AGJKESSP7UAGNFU3Z7XAQ,"January 1, 2019",Great double waffle maker,"So easy to use and makes an amazing waffle!
Only downside is there’s is no heat control",no,0,4.0,https://www.amazon.ca/dp/B00UH1Z2OG/ref=cm_cr_srp_d_product_top?ie=UTF8,2020-09-30 05:53:42.799310,2020-09-30 05:53:52.140757,andrew,Clothing & Accessories,B002G9UDYG,B00UH1Z2OG
13,13,13,13,AFUKWP6AGJKESSP7UAGNFU3Z7XAQ,"January 1, 2019",Great price for a great product,Is there better line for salmon fishing? I’d say if your buying this you already know that!,yes,0,5.0,https://www.amazon.ca/Maxima-MSFG-25-Ultra-Green-Maxi-660/dp/B003OAOKV8/ref=cm_cr_srp_d_product_top?ie=UTF8,2020-09-30 05:53:59.275489,2020-09-30 05:54:05.674585,andrew,Clothing & Accessories,B002G9UDYG,B003OAOKV8
14,14,14,14,AFUKWP6AGJKESSP7UAGNFU3Z7XAQ,"January 1, 2019",Great price!,"Well
Priced cover that fits most mooching reels or large arbor fly reels",yes,0,4.0,https://www.amazon.ca/Rapala-RMOC-1-Mooching-Reel-Cover/dp/B06VVXD7W2/ref=cm_cr_srp_d_product_top?ie=UTF8,2020-09-30 05:54:13.778551,2020-09-30 05:54:23.230178,andrew,Clothing & Accessories,B002G9UDYG,B06VVXD7W2
15,15,15,15,AFUKWP6AGJKESSP7UAGNFU3Z7XAQ,"January 1, 2019",Great value!! Espeacially when on sale,For the price you can’t beat this reel! The clicker is almost obnoxious but if you’re like me you will love it! Seems to be of high quality and so far have had no issues.,no,One,5.0,https://www.amazon.ca/Okuma-Fishing-Tackle-Solterra-SLX-10CS/dp/B01GUSWCWY/ref=cm_cr_srp_d_product_top?ie=UTF8,2020-09-30 05:54:33.338025,2020-09-30 05:54:42.722975,andrew,Clothing & Accessories,B002G9UDYG,B01GUSWCWY
16,16,16,16,AFUKWP6AGJKESSP7UAGNFU3Z7XAQ,"January 1, 2019",Heck of a reel for the price,Sry nice feel and being larger then some other high end reels means line pick up will be awesome! Bearings seem to be slightly more noisy then my islander but other then that seems like it gonna be a great addition to my fishing arsonal,no,0,4.0,https://www.amazon.ca/Rapala-CP-1-Mooching-Bearings-Retrieve/dp/B06X19QVMQ/ref=cm_cr_srp_d_product_top?ie=UTF8,2020-09-30 05:54:50.833775,2020-09-30 05:54:58.215446,andrew,Clothing & Accessories,B002G9UDYG,B06X19QVMQ
17,17,17,17,AFUKWP6AGJKESSP7UAGNFU3Z7XAQ,"January 1, 2019",Great info! Lots of awesome recipes,Lots of great info! Already knowing a fair bit about the diet it was helpful in planning daily meals and understanding the diet even more,yes,0,4.0,https://www.amazon.ca/Keto-Diet-Complete-Delectable-Confidence/dp/1628600160/ref=cm_cr_srp_d_product_top?ie=UTF8,2020-09-30 05:55:05.331539,2020-09-30 05:55:11.724359,andrew,Clothing & Accessories,B002G9UDYG,1628600160
18,18,18,18,AFUKWP6AGJKESSP7UAGNFU3Z7XAQ,"January 1, 2019",Great starter kit,Great starter kit for caring for your stove top! Just buy a full size liquid cause the provided one won’t last long,yes,0,5.0,https://www.amazon.ca/Weiman-Complete-Cook-Top-Cleaning/dp/B005MKY9LO/ref=cm_cr_srp_d_product_top?ie=UTF8,2020-09-30 05:55:18.837274,2020-09-30 05:55:27.221795,andrew,Clothing & Accessories,B002G9UDYG,B005MKY9LO
19,19,19,19,AFUKWP6AGJKESSP7UAGNFU3Z7XAQ,"January 1, 2019",Great product and great customer service,"Great price for a good product! I ordered one and it came with a dent in it. Amazon replaced it and I had a new one before I had time
To send the old
One back",yes,0,5.0,https://www.amazon.ca/Shoreline-Marine-Boat-Tele-53in-92in-2/dp/B004D3ALOK/ref=cm_cr_srp_d_product_top?ie=UTF8,2020-09-30 05:55:34.334662,2020-09-30 05:55:43.763040,andrew,Clothing & Accessories,B002G9UDYG,B004D3ALOK
20,20,20,20,AFUKWP6AGJKESSP7UAGNFU3Z7XAQ,"January 1, 2019",Great deal,What a great price! Seems to be exactly what you pay double for in store,yes,One,5.0,https://www.amazon.ca/Natrol-Biotin-Maximum-Strength-Tablets/dp/B00LTWRN6C/ref=cm_cr_srp_d_product_top?ie=UTF8,2020-09-30 05:55:51.865100,2020-09-30 05:56:01.307405,andrew,Clothing & Accessories,B002G9UDYG,B00LTWRN6C
21,21,21,21,AFUKWP6AGJKESSP7UAGNFU3Z7XAQ,"January 1, 2019",Get exactly what you pay for,Get what you pay for here!,yes,0,3.0,https://www.amazon.ca/Thunaraz-Stainless-Piercing-Earrings-Zirconia/dp/B07D5XSQ2T/ref=cm_cr_srp_d_product_top?ie=UTF8,2020-09-30 05:56:11.422309,2020-09-30 05:56:18.875880,andrew,Clothing & Accessories,B002G9UDYG,B07D5XSQ2T
22,22,22,22,AFUKWP6AGJKESSP7UAGNFU3Z7XAQ,"January 1, 2019",Lots of pieces,Works perfectly! But is quite the project to put together,yes,One,4.0,https://www.amazon.ca/Franklin-Brass-193153-FN-Triple-Nickel/dp/B01JUD4PUI/ref=cm_cr_srp_d_product_top?ie=UTF8,2020-09-30 05:56:28.974367,2020-09-30 05:56:37.412739,andrew,Clothing & Accessories,B002G9UDYG,B01JUD4PUI
23,23,23,23,AFUKWP6AGJKESSP7UAGNFU3Z7XAQ,"January 1, 2019",Exact fit,Perfect fit for my tld 20 s speed reels,yes,0,5.0,https://www.amazon.ca/Shimano-ANRC850A-Neoprene-Cover-Black/dp/B015XPAR4A/ref=cm_cr_srp_d_product_top?ie=UTF8,2020-09-30 05:56:44.518279,2020-09-30 05:56:51.944511,andrew,Clothing & Accessories,B002G9UDYG,B015XPAR4A
24,24,24,24,AFUKWP6AGJKESSP7UAGNFU3Z7XAQ,"January 1, 2019",Definitely useful product,Exactly as described!,yes,0,4.0,https://www.amazon.ca/Morning-Meeting-Book-Roxann-Kriete/dp/1892989603/ref=cm_cr_srp_d_product_top?ie=UTF8,2020-09-30 05:57:02.060736,2020-09-30 05:57:11.487319,andrew,Clothing & Accessories,B002G9UDYG,1892989603
25,25,25,25,AFUKWP6AGJKESSP7UAGNFU3Z7XAQ,"January 1, 2019",Fresh herbs on demand!,Works great and easy to take care of! Always have fresh herbs for home cooking,yes,2,5.0,https://www.amazon.ca/AeroGarden-901106-1200-Harvest-Elite-Sage/dp/B07CM4C44M/ref=cm_cr_srp_d_product_top?ie=UTF8,2020-09-30 05:57:21.632931,2020-09-30 05:57:31.105919,andrew,Clothing & Accessories,B002G9UDYG,B07CM4C44M
26,26,26,26,AFUKWP6AGJKESSP7UAGNFU3Z7XAQ,"January 1, 2019",Nice finish,Seem to be good quality but a little smaller then I thought they would be,yes,0,4.0,https://www.amazon.ca/QualyQualy-Fishing-Saltwater-0-88oz-Treble/dp/B01M3RTW8H/ref=cm_cr_srp_d_product_top?ie=UTF8,2020-09-30 05:57:38.222010,2020-09-30 05:57:46.683245,andrew,Clothing & Accessories,B002G9UDYG,B01M3RTW8H
27,27,27,27,AFUKWP6AGJKESSP7UAGNFU3Z7XAQ,"January 1, 2019",All around great,Great fit and great price!,yes,0,5.0,https://www.amazon.ca/Carhartt-Wicking-Cotton-Weather-Bottom/dp/B00CBAOEMW/ref=cm_cr_srp_d_product_top?ie=UTF8,2020-09-30 05:57:55.833896,2020-09-30 05:58:02.149955,andrew,Clothing & Accessories,B002G9UDYG,B00CBAOEMW
28,28,28,28,AFUKWP6AGJKESSP7UAGNFU3Z7XAQ,"January 1, 2019",Great fit,"Great fit but does yellow if left in the sun to
Long",yes,0,4.0,https://www.amazon.ca/FISHFINDER-Invisible-Protector-Replacement-IPG/dp/B074H28V4R/ref=cm_cr_srp_d_product_top?ie=UTF8,2020-09-30 05:58:10.264551,2020-09-30 05:58:17.749983,andrew,Clothing & Accessories,B002G9UDYG,B074H28V4R
29,29,29,29,AFUKWP6AGJKESSP7UAGNFU3Z7XAQ,"January 1, 2019",Great cover easy to use,Perfect fit for my squall 2 speed,yes,0,5.0,https://www.amazon.ca/Penn-Neoprene-Reel-Cover-Large/dp/B003BY5G24/ref=cm_cr_srp_d_product_top?ie=UTF8,2020-09-30 05:58:27.919043,2020-09-30 05:58:34.294500,andrew,Clothing & Accessories,B002G9UDYG,B003BY5G24
30,30,30,30,AFUKWP6AGJKESSP7UAGNFU3Z7XAQ,"January 1, 2019",Perfect offshore rod holder,"These are perfect for use offshore for salmon, halibut or really anything the sea can throw at you",yes,0,5.0,https://www.amazon.ca/Scotty-Striker-Holder-240-Mount/dp/B001M4HT20/ref=cm_cr_srp_d_product_top?ie=UTF8,2020-09-30 05:58:44.423606,2020-09-30 05:58:52.809777,andrew,Clothing & Accessories,B002G9UDYG,B001M4HT20
31,31,31,31,AFUKWP6AGJKESSP7UAGNFU3Z7XAQ,"December 26, 2018",Awesome fit,Fits great,yes,0,5.0,https://www.amazon.ca/Carhartt-Acrylic-Watch-Black-Size/dp/B002G9UDYG/ref=cm_cr_srp_d_product_top?ie=UTF8,2020-09-30 05:58:59.940046,2020-09-30 05:59:06.356422,andrew,Clothing & Accessories,B002G9UDYG,B002G9UDYG
32,32,32,32,AFUKWP6AGJKESSP7UAGNFU3Z7XAQ,"December 17, 2018",Great buy!,Very well priced harpoon! Light but still sturdy,yes,0,4.0,https://www.amazon.ca/KUFA-Floatable-Aluminum-Harpoon-detachable/dp/B00HSTP1UK/ref=cm_cr_srp_d_product_top?ie=UTF8,2020-09-30 05:59:15.468983,2020-09-30 05:59:24.842651,andrew,Clothing & Accessories,B002G9UDYG,B00HSTP1UK
33,33,33,33,AFUKWP6AGJKESSP7UAGNFU3Z7XAQ,"December 17, 2018",Get what you pay for,Little lighter then I’d like! But for the price you get what you’re paying for,yes,0,3.0,https://www.amazon.ca/KUFA-Sports-H48-Stainless-48-Inch/dp/B008J54DQ0/ref=cm_cr_srp_d_product_top?ie=UTF8,2020-09-30 05:59:34.040452,2020-09-30 05:59:43.383619,andrew,Clothing & Accessories,B002G9UDYG,B008J54DQ0
34,34,34,34,AFUKWP6AGJKESSP7UAGNFU3Z7XAQ,"December 17, 2018",Great value,What a rod for the price!,yes,0,5.0,https://www.amazon.ca/Okuma-Fishing-CE-C-561Ha-Graphite-Halibut/dp/B00COCLZMO/ref=cm_cr_srp_d_product_top?ie=UTF8,2020-09-30 05:59:51.530778,2020-09-30 06:00:00.055216,andrew,Clothing & Accessories,B002G9UDYG,B00COCLZMO
35,35,35,35,AFUKWP6AGJKESSP7UAGNFU3Z7XAQ,"December 17, 2018",Wonderful reel,Great west coast halibut reel!! Used with my trusty tld 20 2 speeds and I find myself grabbing for the penn more and more! Great drag and loud clicker,yes,0,5.0,https://www.amazon.ca/Penn-30VSW-Squall-Lever-Speed/dp/B00EOTC7OU/ref=cm_cr_srp_d_product_top?ie=UTF8,2020-09-30 06:00:08.158227,2020-09-30 06:00:16.631882,andrew,Clothing & Accessories,B002G9UDYG,B00EOTC7OU
36,36,36,36,AFUKWP6AGJKESSP7UAGNFU3Z7XAQ,"November 20, 2018",Worth every penny,Great tool,yes,0,5.0,https://www.amazon.ca/Klein-32500-Screwdriver-Driver-Cushion/dp/B0015SBILG/ref=cm_cr_srp_d_product_top?ie=UTF8,2020-09-30 06:00:23.742834,2020-09-30 06:00:30.142592,andrew,Clothing & Accessories,B002G9UDYG,B0015SBILG
37,37,37,37,AFUKWP6AGJKESSP7UAGNFU3Z7XAQ,"September 6, 2018",Great for beer darts,If your looking for professional darts this isn’t the product for you. But if you’re like me and just need darts to play around with these are absolutely perfect!,yes,One,5.0,https://www.amazon.ca/Fat-Cat-Darts-Jar-Container/dp/B01N63VOY5/ref=cm_cr_srp_d_product_top?ie=UTF8,2020-09-30 06:00:38.254910,2020-09-30 06:00:44.630805,andrew,Clothing & Accessories,B002G9UDYG,B01N63VOY5
38,38,38,38,AFUKWP6AGJKESSP7UAGNFU3Z7XAQ,"September 6, 2018",Love it,Love this backpack have been. Using one for the last 6 months still looks like new!,yes,One,5.0,https://www.amazon.ca/Business-Backpack-Chromebooks-Ultrabooks-Avion-Gear/dp/B075KFY88T/ref=cm_cr_srp_d_product_top?ie=UTF8,2020-09-30 06:00:54.745157,2020-09-30 06:01:04.129043,andrew,Clothing & Accessories,B002G9UDYG,B075KFY88T
39,39,39,39,AFUKWP6AGJKESSP7UAGNFU3Z7XAQ,"September 6, 2018",Wow,Love this product makes some of the best coffee!,yes,0,5.0,https://www.amazon.ca/Coleman-9-Cup-Coffee-Percolator/dp/B00168YEQ6/ref=cm_cr_srp_d_product_top?ie=UTF8,2020-09-30 06:01:14.246157,2020-09-30 06:01:23.675193,andrew,Clothing & Accessories,B002G9UDYG,B00168YEQ6
40,40,40,40,AFUKWP6AGJKESSP7UAGNFU3Z7XAQ,"September 6, 2018",👌,Such a cool product! Worked great camping last weekend! Make sure you have a power pack to power it though!,yes,0,5.0,https://www.amazon.ca/Auledio-Camping-Lantern-Zapper-Emergencies%EF%BC%88Black%EF%BC%89/dp/B07F2V7BD2/ref=cm_cr_srp_d_product_top?ie=UTF8,2020-09-30 06:01:32.771376,2020-09-30 06:01:41.198792,andrew,Clothing & Accessories,B002G9UDYG,B07F2V7BD2
41,41,41,41,AFUKWP6AGJKESSP7UAGNFU3Z7XAQ,"September 6, 2018",Fun,"Game is lots of fun! But I will say the adult does not
Mean what other “adult” games do",yes,0,5.0,https://www.amazon.ca/Spin-Master-Games-HedBanz-Adult-Inventor/dp/B011NJEB60/ref=cm_cr_srp_d_product_top?ie=UTF8,2020-09-30 06:01:48.307295,2020-09-30 06:01:55.759050,andrew,Clothing & Accessories,B002G9UDYG,B011NJEB60
42,42,42,42,AFUKWP6AGJKESSP7UAGNFU3Z7XAQ,"September 6, 2018",Super informative to the average angler,Great read! Hard to put down!!,yes,0,5.0,https://www.amazon.ca/Maximum-Salmon-Fishing-Alaska-California/dp/1550174037/ref=cm_cr_srp_d_product_top?ie=UTF8,2020-09-30 06:02:04.901968,2020-09-30 06:02:12.270197,andrew,Clothing & Accessories,B002G9UDYG,1550174037
43,43,43,43,AFUKWP6AGJKESSP7UAGNFU3Z7XAQ,"September 6, 2018",🤙,Gr at product!! Works as good as my much pricier yeti! And much less bulky,yes,0,5.0,https://www.amazon.ca/Thermos-Stainless-Beverage-Insulator-Charcoal/dp/B00VAG7FU6/ref=cm_cr_srp_d_product_top?ie=UTF8,2020-09-30 06:02:22.392649,2020-09-30 06:02:28.769665,andrew,Clothing & Accessories,B002G9UDYG,B00VAG7FU6
44,44,44,44,AFUKWP6AGJKESSP7UAGNFU3Z7XAQ,"September 6, 2018",Cool product,Such a cool product wife loves hers and it’s increased my water intake to where I wanted it to be,yes,0,5.0,https://www.amazon.ca/Thermos-Ounce-Hydration-Bottle-Connected/dp/B00ZQUNHO0/ref=cm_cr_srp_d_product_top?ie=UTF8,2020-09-30 06:02:37.892223,2020-09-30 06:02:47.317224,andrew,Clothing & Accessories,B002G9UDYG,B00ZQUNHO0
45,45,45,45,AFUKWP6AGJKESSP7UAGNFU3Z7XAQ,"September 6, 2018",Perfect replacement,Great replacement for my lost charger!!,yes,0,5.0,https://www.amazon.ca/Electric-Toothbrush-Replacement-Inductive-Environmental/dp/B077Q24CVT/ref=cm_cr_srp_d_product_top?ie=UTF8,2020-09-30 06:02:54.426030,2020-09-30 06:03:02.853066,andrew,Clothing & Accessories,B002G9UDYG,B077Q24CVT
46,46,46,46,AFUKWP6AGJKESSP7UAGNFU3Z7XAQ,"September 6, 2018",Great product,Awesome product! Easy connectivity seems to be fairly accurate when compared to professional testing,yes,0,5.0,https://www.amazon.ca/iHealth-Wireless-Composition-Scale-Android/dp/B00Y2N86JI/ref=cm_cr_srp_d_product_top?ie=UTF8,2020-09-30 06:03:10.973063,2020-09-30 06:03:17.397244,andrew,Clothing & Accessories,B002G9UDYG,B00Y2N86JI
47,47,47,47,AFUKWP6AGJKESSP7UAGNFU3Z7XAQ,"September 6, 2018",Amazing!!,Great product!!! Perfect for use on the front of my cabin cruiser! Would recommend,yes,0,5.0,https://www.amazon.ca/Rio-Brands-Aloha-Chair-20-25/dp/B00BFM9RQ0/ref=cm_cr_srp_d_product_top?ie=UTF8,2020-09-30 06:03:25.502163,2020-09-30 06:03:34.917022,andrew,Clothing & Accessories,B002G9UDYG,B00BFM9RQ0
48,48,48,48,AFUKWP6AGJKESSP7UAGNFU3Z7XAQ,"March 9, 2016",Five Stars,Great reel recommended to anyone looking for an awesome line counter.,yes,0,5.0,https://www.amazon.ca/Okuma-Water-Linecounter-Trolling-CW-153D/dp/B008GQ6U68/ref=cm_cr_srp_d_product_top?ie=UTF8,2020-09-30 06:03:45.049820,2020-09-30 06:03:51.393868,andrew,Clothing & Accessories,B002G9UDYG,B008GQ6U68
