,Unnamed: 0,author_id,date_review_posted,review_title,reviews,verified_purchase,people_find_helpful,ratings,product_url,start,end,reviewer_name,product_category,product_id,subproduct_id
0,0,AFXWWXJX2T2YWCMUTE4DTJWIWMKA,"August 21, 2020",I can fix it now,So many bits to fix my computer.,yes,0,5.0,https://www.amazon.ca/EEEKit-Screwdriver-Maintenance-Smartphone-Electronic/dp/B0123DAZWO/ref=cm_cr_srp_d_product_top?ie=UTF8,2020-09-30 06:15:32.401105,2020-09-30 06:15:39.879638,Pat De Jonge,Clothing & Accessories,B002G9UDYG,B0123DAZWO
1,1,AFXWWXJX2T2YWCMUTE4DTJWIWMKA,"August 7, 2020",made for my feet,very comfortable,yes,0,5.0,https://www.amazon.ca/New-Balance-MW411v2-Walking-Black/dp/B00V3MLSZA/ref=cm_cr_srp_d_product_top?ie=UTF8,2020-09-30 06:15:49.004345,2020-09-30 06:15:57.350306,Pat De Jonge,Clothing & Accessories,B002G9UDYG,B00V3MLSZA
2,2,AFXWWXJX2T2YWCMUTE4DTJWIWMKA,"August 7, 2020",great little viewer,i like it,yes,0,5.0,https://www.amazon.ca/Amazon-Paperwhite-Premium-Leather-Generation-2018/dp/B079GHKCNP/ref=cm_cr_srp_d_product_top?ie=UTF8,2020-09-30 06:16:05.486008,2020-09-30 06:16:13.890870,Pat De Jonge,Clothing & Accessories,B002G9UDYG,B079GHKCNP
3,3,AFXWWXJX2T2YWCMUTE4DTJWIWMKA,"August 7, 2020",easy and simple,impressive little camera,yes,0,5.0,https://www.amazon.ca/Mbangde-Endoscope-Waterproof-Borescope-Inspection/dp/B01M8PG7M5/ref=cm_cr_srp_d_product_top?ie=UTF8,2020-09-30 06:16:24.010525,2020-09-30 06:16:33.354733,Pat De Jonge,Clothing & Accessories,B002G9UDYG,B01M8PG7M5
4,4,AFXWWXJX2T2YWCMUTE4DTJWIWMKA,"August 5, 2020",Daughter loved it,Quick delivery,yes,0,5.0,https://www.amazon.ca/Kingdom-Ash-Sarah-J-Maas/dp/1619636123/ref=cm_cr_srp_d_product_top?ie=UTF8,2020-09-30 06:16:40.462480,2020-09-30 06:16:47.865965,Pat De Jonge,Clothing & Accessories,B002G9UDYG,1619636123
5,5,AFXWWXJX2T2YWCMUTE4DTJWIWMKA,"July 28, 2020",Snaps on,Great,yes,0,5.0,https://www.amazon.ca/Suoman-Compatible-Protector-All-Around-Protective/dp/B086YTHDRK/ref=cm_cr_srp_d_product_top?ie=UTF8,2020-09-30 06:16:55.991788,2020-09-30 06:17:05.368097,Pat De Jonge,Clothing & Accessories,B002G9UDYG,B086YTHDRK
6,6,AFXWWXJX2T2YWCMUTE4DTJWIWMKA,"July 4, 2020",Good cables,Great,yes,0,5.0,https://www.amazon.ca/Mcsher-Splitter-Mounting-Screws-Connection/dp/B07YWVZ6CY/ref=cm_cr_srp_d_product_top?ie=UTF8,2020-09-30 06:17:15.473008,2020-09-30 06:17:23.243659,Pat De Jonge,Clothing & Accessories,B002G9UDYG,B07YWVZ6CY
7,7,AFXWWXJX2T2YWCMUTE4DTJWIWMKA,"June 25, 2020",Daughter loves it,She can use it in her room. She has freedom to move about room,yes,0,5.0,https://www.amazon.ca/Charging-AkoaDa-Certified-Lightning-Compatible/dp/B0895D42Z2/ref=cm_cr_srp_d_product_top?ie=UTF8,2020-09-30 06:17:30.365098,2020-09-30 06:17:36.664277,Pat De Jonge,Clothing & Accessories,B002G9UDYG,B0895D42Z2
8,8,AFXWWXJX2T2YWCMUTE4DTJWIWMKA,"June 25, 2020",Plug it in and works,Windows 10 works instantly with this dongle,yes,0,5.0,https://www.amazon.ca/Avantree-Bluetooth-Adapter-Computer-Keyboard/dp/B00VWEK4IG/ref=cm_cr_srp_d_product_top?ie=UTF8,2020-09-30 06:17:45.768144,2020-09-30 06:17:52.158084,Pat De Jonge,Clothing & Accessories,B002G9UDYG,B00VWEK4IG
9,9,AFXWWXJX2T2YWCMUTE4DTJWIWMKA,"June 20, 2020",Great adapters,Handy to have.,yes,0,5.0,https://www.amazon.ca/CableCreation-Adapter-Coupler-Speakers-Headphones/dp/B077GRPWJW/ref=cm_cr_srp_d_product_top?ie=UTF8,2020-09-30 06:18:02.263667,2020-09-30 06:18:11.672991,Pat De Jonge,Clothing & Accessories,B002G9UDYG,B077GRPWJW
10,10,AFXWWXJX2T2YWCMUTE4DTJWIWMKA,"June 16, 2020",Quick,Way faster than the older hard drives,yes,0,5.0,https://www.amazon.ca/Samsung-Internal-MZ-76E250B-AM-Version/dp/B07864WMK8/ref=cm_cr_srp_d_product_top?ie=UTF8,2020-09-30 06:18:19.785622,2020-09-30 06:18:26.177720,Pat De Jonge,Clothing & Accessories,B002G9UDYG,B07864WMK8
11,11,AFXWWXJX2T2YWCMUTE4DTJWIWMKA,"June 4, 2020",funny,miss one character voice,yes,0,5.0,https://www.amazon.ca/gp/video/ssoredirect/?ru=https://app.primevideo.com/detail%3Fgti%3Damzn1.dv.gti.c4b8d504-54f9-5210-3c89-d7df00505ddf%26ref_%3Ddvm_src_ret_ca_xx_s&page-type-id=B0886LTR6H/ref=cm_cr_srp_d_product_top?ie=UTF8,2020-09-30 06:18:33.293906,2020-09-30 06:18:42.662224,Pat De Jonge,Clothing & Accessories,B002G9UDYG,
12,12,AFXWWXJX2T2YWCMUTE4DTJWIWMKA,"June 1, 2020",Simple and easy,Plug it in and it works,yes,0,5.0,https://www.amazon.ca/Sabrent-5-25-INCH-Converter-Activity-USB-DS12/dp/B0758RP5V8/ref=cm_cr_srp_d_product_top?ie=UTF8,2020-09-30 06:18:51.780349,2020-09-30 06:19:01.153308,Pat De Jonge,Clothing & Accessories,B002G9UDYG,B0758RP5V8
13,13,AFXWWXJX2T2YWCMUTE4DTJWIWMKA,"June 1, 2020",Great Drive,For $10 more you get an extra terrabyte,yes,0,5.0,https://www.amazon.ca/Seagate-Barracuda-Internal-Drive-3-5-Inch/dp/B07H2RR55Q/ref=cm_cr_srp_d_product_top?ie=UTF8,2020-09-30 06:19:11.274431,2020-09-30 06:19:19.691364,Pat De Jonge,Clothing & Accessories,B002G9UDYG,B07H2RR55Q
14,14,AFXWWXJX2T2YWCMUTE4DTJWIWMKA,"December 23, 2019",Made my computer usable,"Before I installed this memory, I hated this computer. It now works like it should.",yes,0,5.0,https://www.amazon.ca/Timetec-PC3L-12800-Unbuffered-Notebook-Computer/dp/B0145WDNI4/ref=cm_cr_srp_d_product_top?ie=UTF8,2020-09-30 06:19:28.808190,2020-09-30 06:19:37.191097,Pat De Jonge,Clothing & Accessories,B002G9UDYG,B0145WDNI4
15,15,AFXWWXJX2T2YWCMUTE4DTJWIWMKA,"December 23, 2019",Looks good,Daughter loves it on her Computer,yes,0,5.0,https://www.amazon.ca/KEC-Laptop-MacBook-Plastic-Sparkling/dp/B071NZMQ77/ref=cm_cr_srp_d_product_top?ie=UTF8,2020-09-30 06:19:45.306110,2020-09-30 06:19:51.682687,Pat De Jonge,Clothing & Accessories,B002G9UDYG,B071NZMQ77
16,16,AFXWWXJX2T2YWCMUTE4DTJWIWMKA,"December 23, 2019",Durable and cheap,Use it all the time,yes,0,5.0,https://www.amazon.ca/JETech-Apple-Smart-Cover-Sleep/dp/B013X9JBMC/ref=cm_cr_srp_d_product_top?ie=UTF8,2020-09-30 06:20:00.794001,2020-09-30 06:20:09.231297,Pat De Jonge,Clothing & Accessories,B002G9UDYG,B013X9JBMC
17,17,AFXWWXJX2T2YWCMUTE4DTJWIWMKA,"December 23, 2019",Cheap and well packaged,Can hardly wait to see what the engine check light is,yes,0,5.0,https://www.amazon.ca/dp/B07W43GGLB/ref=cm_cr_srp_d_product_top?ie=UTF8,2020-09-30 06:20:17.349307,2020-09-30 06:20:24.763053,Pat De Jonge,Clothing & Accessories,B002G9UDYG,B07W43GGLB
18,18,AFXWWXJX2T2YWCMUTE4DTJWIWMKA,"December 23, 2019",fast delivery,Carhartt is always good,yes,0,5.0,https://www.amazon.ca/Carhartt-Acrylic-Watch-Black-Size/dp/B002G9UDYG/ref=cm_cr_srp_d_product_top?ie=UTF8,2020-09-30 06:20:33.898980,2020-09-30 06:20:42.325866,Pat De Jonge,Clothing & Accessories,B002G9UDYG,B002G9UDYG
