,Unnamed: 0,author_id,date_review_posted,review_title,reviews,verified_purchase,people_find_helpful,ratings,product_url,start,end,reviewer_name,product_category,product_id,subproduct_id
0,0,AG323L4DYFPGX2TFUYPDOCDVVOYQ,"September 7, 2020",👍🏼,"So far so good! Lint gets stuck between the screen protector and the case, which is already annoying me, but other than that it is grea!",yes,0,4.0,https://www.amazon.ca/JETech-3-Pack-Protector-6-1-Inch-Tempered/dp/B07GZSDHSK/ref=cm_cr_srp_d_product_top?ie=UTF8,2020-09-18 21:20:06.272971,2020-09-18 21:20:13.571267,Anon.,Clothing & Accessories,B002G9UDYG,B07GZSDHSK
1,1,AG323L4DYFPGX2TFUYPDOCDVVOYQ,"July 15, 2020",My Favorite toque ever,"Purchased to wear working outside, and has become my favorite toque. So warm, and big enough to wear with a pony if I needed. Will buy in more colors.",yes,0,5.0,https://www.amazon.ca/Carhartt-Acrylic-Watch-Black-Size/dp/B002G9UDYG/ref=cm_cr_srp_d_product_top?ie=UTF8,2020-09-18 21:20:22.662218,2020-09-18 21:20:29.940214,Anon.,Clothing & Accessories,B002G9UDYG,B002G9UDYG
2,2,AG323L4DYFPGX2TFUYPDOCDVVOYQ,"July 15, 2020","Warm, great color","Ordered a Men's Small as a female, and found it to still be quite big, except tight on the waist/hips. I am 5'8"", and 125lbs.",yes,0,4.0,https://www.amazon.ca/Carhartt-Midweight-Original-Sweatshirt-K121/dp/B07C94CQNR/ref=cm_cr_srp_d_product_top?ie=UTF8,2020-09-18 21:20:38.033574,2020-09-18 21:20:45.305738,Anon.,Clothing & Accessories,B002G9UDYG,B07C94CQNR
3,3,AG323L4DYFPGX2TFUYPDOCDVVOYQ,"July 15, 2020",Good for the purpose intended,Purchased as bedroom clock/alarm. Really like the auto-dim feature and the slow wake alarm.,yes,0,4.0,https://www.amazon.ca/Echo-Show-5/dp/B07KD6RCKS/ref=cm_cr_srp_d_product_top?ie=UTF8,2020-09-18 21:20:55.393169,2020-09-18 21:21:04.656847,Anon.,Clothing & Accessories,B002G9UDYG,B07KD6RCKS
4,4,AG323L4DYFPGX2TFUYPDOCDVVOYQ,"July 14, 2020","Really great comfortable 1/4 Zip, but stitching is already starting to come undone","Really love this fleece top. The pocket on the chest is great for storing phone, but the stitching in the shoulders is already starting to come undone. Would probably order again.",yes,0,3.0,https://www.amazon.ca/Mountain-Warehouse-Argyle-Mens-Fleece/dp/B06XCQG5BS/ref=cm_cr_srp_d_product_top?ie=UTF8,2020-09-18 21:21:13.743618,2020-09-18 21:21:21.986329,Anon.,Clothing & Accessories,B002G9UDYG,B06XCQG5BS
5,5,AG323L4DYFPGX2TFUYPDOCDVVOYQ,"April 30, 2020",Serves a purpose,"Used for bedroom bookshelves. Stud expanders were not great, so used other items to hang the shelves.",yes,0,4.0,https://www.amazon.ca/Love-KANKEI-Floating-Shelves-Wall-Mounted/dp/B077GQ87NP/ref=cm_cr_srp_d_product_top?ie=UTF8,2020-09-18 21:21:31.076234,2020-09-18 21:21:39.367127,Anon.,Clothing & Accessories,B002G9UDYG,B077GQ87NP
6,6,AG323L4DYFPGX2TFUYPDOCDVVOYQ,"April 30, 2020",Recieved as described,Works well for what I was needing it for.,yes,0,5.0,https://www.amazon.ca/CableDeconn-Multi-Function-Displayport-Thunderbolt-Compatible/dp/B0192ZURCE/ref=cm_cr_srp_d_product_top?ie=UTF8,2020-09-18 21:21:47.459040,2020-09-18 21:21:55.763830,Anon.,Clothing & Accessories,B002G9UDYG,B0192ZURCE
