,Unnamed: 0,author_id,date_review_posted,review_title,reviews,verified_purchase,people_find_helpful,ratings,product_url,start,end,reviewer_name,product_category,product_id,subproduct_id
0,0,AG42DAKQSB7SUQ3MF7GONUHTBMNA,"November 14, 2018",Ordered a set if 4 arrived with only 3....,Decent set of frames but dissapointed thethey left out one frame,yes,0,1.0,https://www.amazon.ca/Giftgarden-Inch-Black-Picture-Frame/dp/B01I4UTFG2/ref=cm_cr_srp_d_product_top?ie=UTF8,2020-09-30 12:37:29.890067,2020-09-30 12:37:38.250544,William,Clothing & Accessories,B002G9UDYG,B01I4UTFG2
1,1,AG42DAKQSB7SUQ3MF7GONUHTBMNA,"December 7, 2017",Five Stars,"Great battery charger gives me a full charge in less than 30 minutes, the 2 ports are great",yes,0,5.0,https://www.amazon.ca/AUKEY-20000mAh-Portable-External-Technology/dp/B00R97DNHE/ref=cm_cr_srp_d_product_top?ie=UTF8,2020-09-30 12:37:48.356413,2020-09-30 12:37:56.772724,William,Clothing & Accessories,B002G9UDYG,B00R97DNHE
2,2,AG42DAKQSB7SUQ3MF7GONUHTBMNA,"December 7, 2017",Great hoodie although it came with a nasty gash in ...,"Great hoodie although it came with a nasty gash in the side stitching at the bottom.
Was an easy fix though.
V comfy",yes,0,3.0,https://www.amazon.ca/Champion-S700-Eco-Hooded-Sweatshirt/dp/B007ASN7AU/ref=cm_cr_srp_d_product_top?ie=UTF8,2020-09-30 12:38:03.872297,2020-09-30 12:38:13.194474,William,Clothing & Accessories,B002G9UDYG,B007ASN7AU
3,3,AG42DAKQSB7SUQ3MF7GONUHTBMNA,"December 7, 2017",Five Stars,Amazing hat for every use,yes,0,5.0,https://www.amazon.ca/Carhartt-Acrylic-Watch-Black-Size/dp/B002G9UDYG/ref=cm_cr_srp_d_product_top?ie=UTF8,2020-09-30 12:38:21.294840,2020-09-30 12:38:28.718543,William,Clothing & Accessories,B002G9UDYG,B002G9UDYG
4,4,AG42DAKQSB7SUQ3MF7GONUHTBMNA,"December 7, 2017",Comfy,"I planned to wear these socks with boots to keep my feet warm during winter but sadly when they arrived
they didnt fit as i'd like them to, was under the impression these were tube socks, but they're still
VERY comfy and great for regular shoes or to use around the house",yes,2,4.0,https://www.amazon.ca/EBMORE-Comfort-Winter-5-Pack-Colors/dp/B014IVTLXS/ref=cm_cr_srp_d_product_top?ie=UTF8,2020-09-30 12:38:37.816862,2020-09-30 12:38:46.185532,William,Clothing & Accessories,B002G9UDYG,B014IVTLXS
