,Unnamed: 0,author_id,date_review_posted,review_title,reviews,verified_purchase,people_find_helpful,ratings,product_url,start,end,reviewer_name,product_category,product_id,subproduct_id
0,0,AG5SZKNWQKN3EFFECKJJRFCXUFJQ,"December 23, 2019",Works great,"As expexted ,Very comfy and stretchy,Works great",no,0,5.0,https://www.amazon.ca/Carhartt-Acrylic-Watch-Black-Size/dp/B002G9UDYG/ref=cm_cr_srp_d_product_top?ie=UTF8,2020-09-30 13:44:44.882501,2020-09-30 13:44:53.284774,Andrew,Clothing & Accessories,B002G9UDYG,B002G9UDYG
1,1,AG5SZKNWQKN3EFFECKJJRFCXUFJQ,"December 23, 2019",Bright and love the thin bezles,"Compared to other monitors in the market this definitely looks a lot nicer with the thinner bezels, the 450nit brightness guarantees good visibility even under direct sunlight, excellent!",no,0,5.0,https://www.amazon.ca/Neewer-5-5-Inch-Monitor-1920x1080-Peaking/dp/B07QYTCC3B/ref=cm_cr_srp_d_product_top?ie=UTF8,2020-09-30 13:45:00.402321,2020-09-30 13:45:07.821026,Andrew,Clothing & Accessories,B002G9UDYG,B07QYTCC3B
2,2,AG5SZKNWQKN3EFFECKJJRFCXUFJQ,"December 12, 2019",Easy to use,"Great product,It works great. Easy to use",no,0,5.0,https://www.amazon.ca/Gosund-Required-Control-Devices-Anywhere/dp/B07NNPBT2Y/ref=cm_cr_srp_d_product_top?ie=UTF8,2020-09-30 13:45:14.932717,2020-09-30 13:45:23.308394,Andrew,Clothing & Accessories,B002G9UDYG,B07NNPBT2Y
3,3,AG5SZKNWQKN3EFFECKJJRFCXUFJQ,"December 11, 2019",Awesome product and delivery,"The package arrived quickly to my home, well protected and contained the stands, softboxes and light heads. Assembly was easy without any use of my DIY kit needed. The stands feel very strong and the two-tone lighting is very effective depending on the color temperature sought. The light can be set very bright or adjusted to a low, dim setting. Recommend 100%",yes,0,5.0,https://www.amazon.ca/Neewer-LED-Softbox-Lighting-Kit/dp/B07KC5X5H4/ref=cm_cr_srp_d_product_top?ie=UTF8,2020-09-30 13:45:31.426490,2020-09-30 13:45:38.835259,Andrew,Clothing & Accessories,B002G9UDYG,B07KC5X5H4
