,Unnamed: 0,author_id,date_review_posted,review_title,reviews,verified_purchase,people_find_helpful,ratings,product_url,start,end,reviewer_name,product_category,product_id,subproduct_id
0,0,AGBYYRC3M7CGFLABCWARY3BHKUFA,"May 5, 2020",Good for student nurses,Great pant scrub size clip board! Holds lots off paper and decent ideas on the outside for reminders of practices,yes,0,5.0,https://www.amazon.ca/WhiteCoat-Clipboard-Black-Nursing-Edition/dp/B00GWSII5S/ref=cm_cr_srp_d_product_top?ie=UTF8,2020-09-18 23:46:04.693906,2020-09-18 23:46:11.979515,Isabelle,Clothing & Accessories,B002G9UDYG,B00GWSII5S
1,1,AGBYYRC3M7CGFLABCWARY3BHKUFA,"May 5, 2020",Get this!,Helped me pass my nclex! Easy to follow and good review,yes,0,5.0,https://www.amazon.ca/Saunders-Comprehensive-Review-NCLEX-RN-Examination/dp/0323358519/ref=cm_cr_srp_d_product_top?ie=UTF8,2020-09-18 23:46:21.069195,2020-09-18 23:46:27.318912,Isabelle,Clothing & Accessories,B002G9UDYG,0323358519
2,2,AGBYYRC3M7CGFLABCWARY3BHKUFA,"May 5, 2020",Good quality!,Great product! Decent value for number of prints,yes,0,5.0,https://www.amazon.ca/Fujifilm-Instax-Mini-Film-Multi-Pack/dp/B01JOVISTA/ref=cm_cr_srp_d_product_top?ie=UTF8,2020-09-18 23:46:35.413453,2020-09-18 23:46:41.703197,Isabelle,Clothing & Accessories,B002G9UDYG,B01JOVISTA
3,3,AGBYYRC3M7CGFLABCWARY3BHKUFA,"May 5, 2020",As expected! Good product,Bought for a friend and she said work well! Package was a little bent but that’s okay,yes,0,5.0,https://www.amazon.ca/Tombow-Fudenosuke-Brush-Pen-Pens/dp/B01M71S9DU/ref=cm_cr_srp_d_product_top?ie=UTF8,2020-09-18 23:46:49.797413,2020-09-18 23:46:58.056939,Isabelle,Clothing & Accessories,B002G9UDYG,B01M71S9DU
4,4,AGBYYRC3M7CGFLABCWARY3BHKUFA,"May 5, 2020",Fun gift,Bought for friend she said she enjoys! Good quality pages,yes,0,5.0,https://www.amazon.ca/Lettering-Modern-Calligraphy-Beginners-Guide/dp/1948209004/ref=cm_cr_srp_d_product_top?ie=UTF8,2020-09-18 23:47:05.150046,2020-09-18 23:47:12.411735,Isabelle,Clothing & Accessories,B002G9UDYG,1948209004
5,5,AGBYYRC3M7CGFLABCWARY3BHKUFA,"May 5, 2020",Good for price,Good cheap slides but sticky on bare foot.. not great if your feet sweat for this reason but good product for money!,yes,0,4.0,https://www.amazon.ca/FLY-HAWK-Household-Anti-Slip-Bathroom/dp/B07CRVMN79/ref=cm_cr_srp_d_product_top?ie=UTF8,2020-09-18 23:47:20.505703,2020-09-18 23:47:29.845492,Isabelle,Clothing & Accessories,B002G9UDYG,B07CRVMN79
6,6,AGBYYRC3M7CGFLABCWARY3BHKUFA,"May 5, 2020",As ordered,"For my mom, she enjoys! Easy to follow and good workout for her",yes,0,5.0,https://www.amazon.ca/Bundle-2-DVD-FLOW-STRENGTH-David-Dorian/dp/B01M9K904M/ref=cm_cr_srp_d_product_top?ie=UTF8,2020-09-18 23:47:36.940948,2020-09-18 23:47:45.282259,Isabelle,Clothing & Accessories,B002G9UDYG,B01M9K904M
7,7,AGBYYRC3M7CGFLABCWARY3BHKUFA,"May 5, 2020",Perfect!,Came as ordered.. beautiful pictures,yes,0,5.0,https://www.amazon.ca/Walter-Phillps-Phillips-Nancy-Green/dp/0764966049/ref=cm_cr_srp_d_product_top?ie=UTF8,2020-09-18 23:47:54.376713,2020-09-18 23:48:03.689090,Isabelle,Clothing & Accessories,B002G9UDYG,0764966049
8,8,AGBYYRC3M7CGFLABCWARY3BHKUFA,"May 5, 2020",Good at first and now doesn’t hold charge,I would love to give this 5 stars originally but unfortunately after less than 6 months it no longer holds a charge and does quickly.. it used to charge my phone 2-3 times and now dies quickly after plugging it in.. too bad,yes,0,3.0,https://www.amazon.ca/Luxtude-PowerEasy-10000mAh-Certified-Lightning/dp/B07MVJ2G4M/ref=cm_cr_srp_d_product_top?ie=UTF8,2020-09-18 23:48:11.785590,2020-09-18 23:48:20.055866,Isabelle,Clothing & Accessories,B002G9UDYG,B07MVJ2G4M
9,9,AGBYYRC3M7CGFLABCWARY3BHKUFA,"May 5, 2020",As ordered!,"Ordered for my mom, she loves! Came in good condition and no problems",yes,0,5.0,https://www.amazon.ca/Murder-She-Wrote-Angela-Lansbury/dp/B00E8V78S4/ref=cm_cr_srp_d_product_top?ie=UTF8,2020-09-18 23:48:27.148969,2020-09-18 23:48:35.411421,Isabelle,Clothing & Accessories,B002G9UDYG,B00E8V78S4
10,10,AGBYYRC3M7CGFLABCWARY3BHKUFA,"May 5, 2020",Basic good watch for nurse,"Much smaller face than I expected but does the job for work at the hospital! Easy to clean, durable, battery lasts long, and I like it can be in military time",yes,0,5.0,https://www.amazon.ca/Casio-Womens-LA20WH-8A-Sport-Watch/dp/B075LG1WZ6/ref=cm_cr_srp_d_product_top?ie=UTF8,2020-09-18 23:48:44.509979,2020-09-18 23:48:53.791615,Isabelle,Clothing & Accessories,B002G9UDYG,B075LG1WZ6
11,11,AGBYYRC3M7CGFLABCWARY3BHKUFA,"May 5, 2020",Good help for uni,Helped me pass my 2000 level stats course! Recommend,yes,0,5.0,https://www.amazon.ca/Statistics-Dummies-Deborah-J-Rumsey/dp/1119293529/ref=cm_cr_srp_d_product_top?ie=UTF8,2020-09-18 23:49:03.883340,2020-09-18 23:49:10.145388,Isabelle,Clothing & Accessories,B002G9UDYG,1119293529
12,12,AGBYYRC3M7CGFLABCWARY3BHKUFA,"May 5, 2020",Perfect,Just as expected! Love the quality,yes,0,5.0,https://www.amazon.ca/Carhartt-Acrylic-Watch-Black-Size/dp/B002G9UDYG/ref=cm_cr_srp_d_product_top?ie=UTF8,2020-09-18 23:49:19.237397,2020-09-18 23:49:28.522125,Isabelle,Clothing & Accessories,B002G9UDYG,B002G9UDYG
13,13,AGBYYRC3M7CGFLABCWARY3BHKUFA,"May 5, 2020",Fun gift,Bought for a friend for her birthday! She loves it,yes,0,5.0,https://www.amazon.ca/Good-Days-Start-Gratitude-Cultivate/dp/1976436184/ref=cm_cr_srp_d_product_top?ie=UTF8,2020-09-18 23:49:35.615434,2020-09-18 23:49:41.877452,Isabelle,Clothing & Accessories,B002G9UDYG,1976436184
14,14,AGBYYRC3M7CGFLABCWARY3BHKUFA,"May 5, 2020",Perfect pen for a nurse,I love love love this pen/pencil for work! 3 colors and a pencil in one... doesn’t get much better than that ! Would definitely recommend! I just wish it came in a 3 pack instead of a single,yes,0,5.0,https://www.amazon.ca/4-Color-Pencil-Medium-Point-Assorted/dp/B01N7W7KU8/ref=cm_cr_srp_d_product_top?ie=UTF8,2020-09-18 23:49:51.969710,2020-09-18 23:49:59.261893,Isabelle,Clothing & Accessories,B002G9UDYG,B01N7W7KU8
15,15,AGBYYRC3M7CGFLABCWARY3BHKUFA,"May 5, 2020",Perfect gift,Exactly as pictured! My mom loved them,yes,0,5.0,https://www.amazon.ca/Christmas-Cookie-Cutter-Variety-Set/dp/B07J5SFFWN/ref=cm_cr_srp_d_product_top?ie=UTF8,2020-09-18 23:50:06.353477,2020-09-18 23:50:15.600510,Isabelle,Clothing & Accessories,B002G9UDYG,B07J5SFFWN
16,16,AGBYYRC3M7CGFLABCWARY3BHKUFA,"May 5, 2020",A great dupe to the real thing for much cheaper,Just as I ordered! Fit in my vacuum no problem,yes,0,5.0,https://www.amazon.ca/KEEPOW-AirClean-Efficiency-Canisters-Compact/dp/B07DHHXXWB/ref=cm_cr_srp_d_product_top?ie=UTF8,2020-09-18 23:50:25.692466,2020-09-18 23:50:32.959849,Isabelle,Clothing & Accessories,B002G9UDYG,B07DHHXXWB
17,17,AGBYYRC3M7CGFLABCWARY3BHKUFA,"May 5, 2020",What I ordered,Just as ordered but box was severely smashed and damaged.. product okay but box was not.,yes,0,5.0,https://www.amazon.ca/Bulk-Buy-Embroidery-117-BLANC-12-Pack/dp/B0033PCHLE/ref=cm_cr_srp_d_product_top?ie=UTF8,2020-09-18 23:50:43.055370,2020-09-18 23:50:49.306573,Isabelle,Clothing & Accessories,B002G9UDYG,B0033PCHLE
18,18,AGBYYRC3M7CGFLABCWARY3BHKUFA,"May 5, 2020",Good product,Came as expected! No damages,yes,0,5.0,https://www.amazon.ca/Heater-Blower-Resistor-Rabbit-1K0959263A/dp/B07VZMRFW7/ref=cm_cr_srp_d_product_top?ie=UTF8,2020-09-18 23:50:59.399559,2020-09-18 23:51:05.668220,Isabelle,Clothing & Accessories,B002G9UDYG,B07VZMRFW7
19,19,AGBYYRC3M7CGFLABCWARY3BHKUFA,"February 25, 2019",Drying,The smell is okay and makes my skin dry. Stopped using after a week and use occasionally now but leaves skin feeling very stripped,yes,One,4.0,https://www.amazon.ca/Mario-Badescu-Botanical-Body-Soap/dp/B002CBZB5E/ref=cm_cr_srp_d_product_top?ie=UTF8,2020-09-18 23:51:13.763397,2020-09-18 23:51:22.052342,Isabelle,Clothing & Accessories,B002G9UDYG,B002CBZB5E
20,20,AGBYYRC3M7CGFLABCWARY3BHKUFA,"February 25, 2019",Perfect!,"Bought for a friend for her birthday, she loves it and found the book very helpful/intriguing",yes,0,5.0,https://www.amazon.ca/Life-Changing-Magic-Tidying-Decluttering-Organizing/dp/1607747308/ref=cm_cr_srp_d_product_top?ie=UTF8,2020-09-18 23:51:29.142221,2020-09-18 23:51:36.427558,Isabelle,Clothing & Accessories,B002G9UDYG,1607747308
21,21,AGBYYRC3M7CGFLABCWARY3BHKUFA,"February 25, 2019",Just what I needed,Easy to use!,yes,0,5.0,https://www.amazon.ca/Seagate-Backup-Portable-External-STDR2000102/dp/B00FRHTTIU/ref=cm_cr_srp_d_product_top?ie=UTF8,2020-09-18 23:51:46.523907,2020-09-18 23:51:52.853318,Isabelle,Clothing & Accessories,B002G9UDYG,B00FRHTTIU
22,22,AGBYYRC3M7CGFLABCWARY3BHKUFA,"December 9, 2018",Just what I needed!,Perfect for the cold Canadian winters! Got this for when walking to/from bus when my hair up and works perfectly. very happy with product and speedy delivery.,yes,0,5.0,https://www.amazon.ca/Turtle-Double-Layer-Chelonia-Fleece-Headband/dp/B002BEDRE4/ref=cm_cr_srp_d_product_top?ie=UTF8,2020-09-18 23:52:00.950586,2020-09-18 23:52:08.212273,Isabelle,Clothing & Accessories,B002G9UDYG,B002BEDRE4
