,Unnamed: 0,author_id,date_review_posted,review_title,reviews,verified_purchase,people_find_helpful,ratings,product_url,start,end,reviewer_name,product_category,product_id,subproduct_id
0,0,AGC7C7OHHXP6JULTTX74J6HNGZXA,"November 18, 2019",Toe stitch comes out within s month of new,Toe stitch comes loose right away.,yes,0,3.0,https://www.amazon.ca/Skechers-Stamina-Cutback-Lace-Up-Charcoal/dp/B00VR539JQ/ref=cm_cr_srp_d_product_top?ie=UTF8,2020-09-30 10:25:33.189975,2020-09-30 10:25:39.601184,Micheal svajda,Clothing & Accessories,B002G9UDYG,B00VR539JQ
1,1,AGC7C7OHHXP6JULTTX74J6HNGZXA,"November 18, 2019",Great,Great,yes,0,5.0,https://www.amazon.ca/wotu-Furniture-Sliders-Hardwood-Protectors/dp/B07JZ3P14H/ref=cm_cr_srp_d_product_top?ie=UTF8,2020-09-30 10:25:48.703207,2020-09-30 10:25:58.088549,Micheal svajda,Clothing & Accessories,B002G9UDYG,B07JZ3P14H
2,2,AGC7C7OHHXP6JULTTX74J6HNGZXA,"November 18, 2019",Pain in the ass to apply. Don’t buy,Pain in the ass to apply,yes,0,1.0,https://www.amazon.ca/Metallica-American-silhouette-laptop-sticker/dp/B01AGYO8W0/ref=cm_cr_srp_d_product_top?ie=UTF8,2020-09-30 10:26:08.189309,2020-09-30 10:26:15.620906,Micheal svajda,Clothing & Accessories,B002G9UDYG,B01AGYO8W0
3,3,AGC7C7OHHXP6JULTTX74J6HNGZXA,"November 18, 2019",Great,Great,yes,0,5.0,https://www.amazon.ca/Carhartt-Acrylic-Watch-Black-Size/dp/B002G9UDYG/ref=cm_cr_srp_d_product_top?ie=UTF8,2020-09-30 10:26:25.725609,2020-09-30 10:26:34.100427,Micheal svajda,Clothing & Accessories,B002G9UDYG,B002G9UDYG
4,4,AGC7C7OHHXP6JULTTX74J6HNGZXA,"November 18, 2019",Great shirt,Great shirt,yes,0,5.0,https://www.amazon.ca/Alexander-Ovechkin-Number-T-Shirt-X-Large/dp/B004A0R7CA/ref=cm_cr_srp_d_product_top?ie=UTF8,2020-09-30 10:26:43.207096,2020-09-30 10:26:52.610337,Micheal svajda,Clothing & Accessories,B002G9UDYG,B004A0R7CA
5,5,AGC7C7OHHXP6JULTTX74J6HNGZXA,"November 18, 2019",Good quality,Good quality,yes,0,5.0,https://www.amazon.ca/Dickies-Stain-Resister-Quarter-Socks/dp/B003U2I9H6/ref=cm_cr_srp_d_product_top?ie=UTF8,2020-09-30 10:27:00.713447,2020-09-30 10:27:09.145081,Micheal svajda,Clothing & Accessories,B002G9UDYG,B003U2I9H6
6,6,AGC7C7OHHXP6JULTTX74J6HNGZXA,"November 18, 2019",No number on back of jersey,No number on back...,yes,0,1.0,https://www.amazon.ca/Mens-Reebok-NHL-Premier-Jersey/dp/B000PXKR8C/ref=cm_cr_srp_d_product_top?ie=UTF8,2020-09-30 10:27:17.245439,2020-09-30 10:27:25.673663,Micheal svajda,Clothing & Accessories,B002G9UDYG,B000PXKR8C
7,7,AGC7C7OHHXP6JULTTX74J6HNGZXA,"November 18, 2019",Easy to use,Excellent,yes,0,5.0,https://www.amazon.ca/Campark-Memory-Portable-Compatible-Android/dp/B07HNY2YYR/ref=cm_cr_srp_d_product_top?ie=UTF8,2020-09-30 10:27:34.776169,2020-09-30 10:27:44.199025,Micheal svajda,Clothing & Accessories,B002G9UDYG,B07HNY2YYR
8,8,AGC7C7OHHXP6JULTTX74J6HNGZXA,"November 18, 2019",Legs are too long,"If u get an XL be aware the legs are freakishly long.
And are open like pants at bottom.
I’m 6’2” and 220 lbs.",yes,0,1.0,https://www.amazon.ca/Calhoun-Premium-Official-Sweatpants-Toronto/dp/B01N0C2L2R/ref=cm_cr_srp_d_product_top?ie=UTF8,2020-09-30 10:27:53.308745,2020-09-30 10:27:59.735872,Micheal svajda,Clothing & Accessories,B002G9UDYG,B01N0C2L2R
