,Unnamed: 0,author_id,date_review_posted,review_title,reviews,verified_purchase,people_find_helpful,ratings,product_url,start,end,reviewer_name,product_category,product_id,subproduct_id
0,0,AGDSVGADPL7DWL7TCZFDXXQRBNIA,"October 6, 2019",Cheap,"Not very durable, pretty cheap plastic and and it unclips front he top of my Mac a lot. For $20 dollars it does the trick but I’d recommend a more sturdy and durable case to anyone else who’s looking to purchase something that actually will protect their MacBook",yes,0,5.0,https://www.amazon.ca/Mosiso-Plastic-MacBook-Display-Version/dp/B00WJ6YSFG/ref=cm_cr_srp_d_product_top?ie=UTF8,2020-09-30 03:14:27.738702,2020-09-30 03:14:34.058817,Charissa,Clothing & Accessories,B002G9UDYG,B00WJ6YSFG
1,1,AGDSVGADPL7DWL7TCZFDXXQRBNIA,"October 6, 2019",Dangerous,"Did not work as soon as I plugged it into my early 2015 MacBook. Not worth the money and should’ve read into all the 1 star reviews on this product first. After carefully reading them it seems many people have had damage to their MacBooks after purchasing this item. My Mac was almost 3000, shouldn’t of cheaped out on the cord that’s for sure, advising people to pay the extra cash to get an actual MacBook charger",yes,3,1.0,https://www.amazon.ca/dp/B07W6MKQMS/ref=cm_cr_srp_d_product_top?ie=UTF8,2020-09-30 03:14:41.145138,2020-09-30 03:14:48.395726,Charissa,Clothing & Accessories,B002G9UDYG,B07W6MKQMS
2,2,AGDSVGADPL7DWL7TCZFDXXQRBNIA,"October 6, 2019",Five stars,"Amazing product, definitely worth the money, awesome quality",yes,0,5.0,https://www.amazon.ca/SHARKMOUTH-Military-Tactical-Backpack-Rucksack/dp/B07QSJDR18/ref=cm_cr_srp_d_product_top?ie=UTF8,2020-09-30 03:14:58.483331,2020-09-30 03:15:06.743296,Charissa,Clothing & Accessories,B002G9UDYG,B07QSJDR18
3,3,AGDSVGADPL7DWL7TCZFDXXQRBNIA,"February 15, 2019",Disappointed,The hat is a very big and thick make and doesn’t fit properly. Almost as if it’s a rip off one of the real brand. Highly disappointed,yes,0,1.0,https://www.amazon.ca/Carhartt-Acrylic-Watch-Black-Size/dp/B002G9UDYG/ref=cm_cr_srp_d_product_top?ie=UTF8,2020-09-30 03:15:14.815441,2020-09-30 03:15:24.191869,Charissa,Clothing & Accessories,B002G9UDYG,B002G9UDYG
4,4,AGDSVGADPL7DWL7TCZFDXXQRBNIA,"February 15, 2019",Awesome,Very good product,yes,0,5.0,https://www.amazon.ca/Collective-Minds-Dominator-Controller-Adapter/dp/B01L8QHXJA/ref=cm_cr_srp_d_product_top?ie=UTF8,2020-09-30 03:15:31.271986,2020-09-30 03:15:37.505866,Charissa,Clothing & Accessories,B002G9UDYG,B01L8QHXJA
5,5,AGDSVGADPL7DWL7TCZFDXXQRBNIA,"February 15, 2019",Horrible,"I bought these cords thinking they would be perfect. They recall that their made for all iPhones above 4s. I have an iPhone 6s and an iPhone 8 and they will not charge either of my phones. For the first few days the battery would drain from my phone as being plugged into these cords. Then they stopped working completely. I do not recommend anybody to buy these, they are a complete waste of money. Go to Apple and buy your cords.",yes,0,1.0,https://www.amazon.ca/BULESK-Syncing-Braided-Charger-Compatible/dp/B07KC3HQ92/ref=cm_cr_srp_d_product_top?ie=UTF8,2020-09-30 03:15:46.612039,2020-09-30 03:15:52.881623,Charissa,Clothing & Accessories,B002G9UDYG,B07KC3HQ92
