,Unnamed: 0,author_id,date_review_posted,review_title,reviews,verified_purchase,people_find_helpful,ratings,product_url,start,end,reviewer_name,product_category,product_id,subproduct_id
0,0,AGFJWEFOU4MYJWRWZZ77RIMNLNEA,"April 19, 2020",Great mount!,"Easy to tighten and adjust.
The desk clamp mount hasn't budged once since installed months ago.
All nessicary hardware included with good instructions.
Honestly, a great mount all around.",yes,0,5.0,https://www.amazon.ca/VIVO-Monitor-Adjustable-Screens-STAND-V002/dp/B009S750LA/ref=cm_cr_srp_d_product_top?ie=UTF8,2020-09-29 16:44:46.364525,2020-09-29 16:44:55.618231,Jake and Jess,Clothing & Accessories,B002G9UDYG,B009S750LA
1,1,AGFJWEFOU4MYJWRWZZ77RIMNLNEA,"April 19, 2020",100 generic darts,"Its 100 meduim quality darts, for the money worth the odd dart being messed up. Nothing disappointing, nothing special.",yes,0,4.0,https://www.amazon.ca/Coodoo-Compatible-Bullets-N-Strike-Blasters/dp/B07PHRNXGN/ref=cm_cr_srp_d_product_top?ie=UTF8,2020-09-29 16:45:04.693025,2020-09-29 16:45:11.934525,Jake and Jess,Clothing & Accessories,B002G9UDYG,B07PHRNXGN
2,2,AGFJWEFOU4MYJWRWZZ77RIMNLNEA,"April 19, 2020",Great for home hair cutters!,"Have used this set a number of times now with no complaints, they feel comfortable to hold and use.
Even more important, don't tug or slip when cutting.
Some of the accessories are clearly value adds, but both scissors are fantastic quality, razor sharp and easy to clean.",yes,0,4.0,https://www.amazon.ca/Professional-Cutting-Scissors-Thinning-Texturizing/dp/B0789BHX8B/ref=cm_cr_srp_d_product_top?ie=UTF8,2020-09-29 16:45:20.028728,2020-09-29 16:45:27.274145,Jake and Jess,Clothing & Accessories,B002G9UDYG,B0789BHX8B
3,3,AGFJWEFOU4MYJWRWZZ77RIMNLNEA,"April 19, 2020",Great headset for gaming,"Lets start with the general top complaint;

I've never had the issues with pressure or fit others have seem to have, the band is adjustable to a certain degree and cheap to replace if worn out.

The sound in game is fantastic, although coming off of some more studio focused headphones the music experience is less then desirable out of the box.

Thankfully, the software allows for in depth control and allows for multiple profiles to tune each of your experiences.

The mic isn't out of this world, but no worse then competitors in this price range so no complaints on that regard.

Battery life is fantastic, a small issue is the audible beep every 20 seconds or so if the battery is low.

I highly reccomend if most of what you do is gaming.",yes,One,4.0,https://www.amazon.ca/SteelSeries-Lossless-Wireless-Headset-Headphone/dp/B07FZVXS8H/ref=cm_cr_srp_d_product_top?ie=UTF8,2020-09-29 16:45:34.367886,2020-09-29 16:45:43.644190,Jake and Jess,Clothing & Accessories,B002G9UDYG,B07FZVXS8H
4,4,AGFJWEFOU4MYJWRWZZ77RIMNLNEA,"April 19, 2020",Never using anything again but ratchet!,"The mechanism takes a couple days to get used to, but once you have it down it's the best way to keep your pants up out there.
Ratchet is in small enough increments to get the perfect fit and style is very subtle and clean.",yes,0,5.0,https://www.amazon.ca/Mens-Belt-Autolock-Automatic-Enclosed/dp/B07MSJD52T/ref=cm_cr_srp_d_product_top?ie=UTF8,2020-09-29 16:45:51.742962,2020-09-29 16:45:59.061993,Jake and Jess,Clothing & Accessories,B002G9UDYG,B07MSJD52T
5,5,AGFJWEFOU4MYJWRWZZ77RIMNLNEA,"July 14, 2019",Great!,"These are great! I’ve only had them for a week but so far I’m loving them, they fit nicely and don’t feel like they are going to fall out, they sound great, and also the distance that you can walk away from whatever is playing your music is great! I have recommended these to a co worker as we work rotating closing shifts and it’s great to be able to listen to music while closing and not have to worry about headphone cords",yes,0,5.0,https://www.amazon.ca/SoundPEATS-Bluetooth-Headphones-Earphones-Microphone/dp/B07RW3X5BS/ref=cm_cr_srp_d_product_top?ie=UTF8,2020-09-29 16:46:07.178505,2020-09-29 16:46:15.455949,Jake and Jess,Clothing & Accessories,B002G9UDYG,B07RW3X5BS
6,6,AGFJWEFOU4MYJWRWZZ77RIMNLNEA,"July 14, 2019",Buy from a salon-great product,"Works great and I love the product, but after purchasing and realizing I love it , I reached out to my regular hair dresser and asked if she could get it for me... turns out she even has it in stock and it’s $20 for 6fl oz where as this one is $15 for 2fl oz so it’s cheaper to get it from her !",yes,2,4.0,https://www.amazon.ca/AG-Hair-Curl-Re-Activator/dp/B07BB64R5D/ref=cm_cr_srp_d_product_top?ie=UTF8,2020-09-29 16:46:24.586431,2020-09-29 16:46:32.867285,Jake and Jess,Clothing & Accessories,B002G9UDYG,B07BB64R5D
7,7,AGFJWEFOU4MYJWRWZZ77RIMNLNEA,"May 25, 2019","Everything is sharp, not just the knife.","If you like razor sharp stamped steel utensils these are for you. Even the spoon is so sharp you can cut your meat. Sarcasm aside, the quality is very poor, the metal is oxidized and because of the stamping process it's left the edges super sharp. The manufacturer has clearly cut costs at one of the most basic steps of making a utensil set (rolling the stamped parts around in a tub of ceramic or steel beads) which only helps solidify their negligence and disregard for the quality of their products. Just think of running a razor out of the left and right side of your mouth before buying this item.",yes,0,1.0,https://www.amazon.ca/Lightweight-Stainless-Tableware-Dinnerware-Traveling/dp/B07BG9C5RX/ref=cm_cr_srp_d_product_top?ie=UTF8,2020-09-29 16:46:39.958056,2020-09-29 16:46:48.222810,Jake and Jess,Clothing & Accessories,B002G9UDYG,B07BG9C5RX
8,8,AGFJWEFOU4MYJWRWZZ77RIMNLNEA,"May 23, 2019",Great product -no complaints,"LOVEEEE THIS PRODUCT! I always tell people about this amazing product it’s so good smelling and makes your hair so soft in just a few minutes , and you don’t need a lot of it at once (just a dime size) and my hair is long and wavy. Great price for the size of the bottle too",yes,5,5.0,https://www.amazon.ca/Aussie-Dry-Hair-Repair-Paraben-free/dp/B07LGJN3YQ/ref=cm_cr_srp_d_product_top?ie=UTF8,2020-09-29 16:46:58.307998,2020-09-29 16:47:07.570147,Jake and Jess,Clothing & Accessories,B002G9UDYG,B07LGJN3YQ
9,9,AGFJWEFOU4MYJWRWZZ77RIMNLNEA,"February 27, 2019","Quality soap, suds nice and smells great.",This soap always blows me away with the cleaning power and shine. Only compaint is that the bottle becomes a little hard to handle without a handle.,yes,One,4.0,https://www.amazon.ca/Mothers-35674-California-Carnauba-64-Ounce/dp/B00KA7SQ2W/ref=cm_cr_srp_d_product_top?ie=UTF8,2020-09-29 16:47:14.666648,2020-09-29 16:47:23.021252,Jake and Jess,Clothing & Accessories,B002G9UDYG,B00KA7SQ2W
10,10,AGFJWEFOU4MYJWRWZZ77RIMNLNEA,"February 27, 2019","Medium quality, leak proof","The seal was excellent, the price was good but the quality was lacking. An oversight in the design leads to the flip top resting on your nose when in use. Simple fix would be to have an option to clip it, but that is not present",yes,0,3.0,https://www.amazon.ca/Eco-Fused-Spill-Proof-replacement-Rambler/dp/B01N8PTL23/ref=cm_cr_srp_d_product_top?ie=UTF8,2020-09-29 16:47:30.100512,2020-09-29 16:47:37.503169,Jake and Jess,Clothing & Accessories,B002G9UDYG,B01N8PTL23
11,11,AGFJWEFOU4MYJWRWZZ77RIMNLNEA,"February 27, 2019","Cheap, useful kit","Had a stuck button on my controller. This kit included everything I needed to disassemble, fix and reassemble an Xbox One controller. No scratches or broken clips in sight",yes,0,5.0,https://www.amazon.ca/Screwdriver-Controller-Security-Driver-Professional/dp/B06XGTQLTK/ref=cm_cr_srp_d_product_top?ie=UTF8,2020-09-29 16:47:46.592234,2020-09-29 16:47:55.848429,Jake and Jess,Clothing & Accessories,B002G9UDYG,B06XGTQLTK
12,12,AGFJWEFOU4MYJWRWZZ77RIMNLNEA,"February 27, 2019",Worth what they are worth,Fit on pillows is slightly big. Loose threads are a slight problem. They are smooth and very comfortable otherwise.,yes,0,3.0,https://www.amazon.ca/Hootech-Pillow-Cushion-Covers-Mutiple/dp/B071YPWZ32/ref=cm_cr_srp_d_product_top?ie=UTF8,2020-09-29 16:48:04.000366,2020-09-29 16:48:11.267733,Jake and Jess,Clothing & Accessories,B002G9UDYG,B071YPWZ32
13,13,AGFJWEFOU4MYJWRWZZ77RIMNLNEA,"February 27, 2019",Great ergonomics,"I'm 5'2"", I have short legs and a tall desk. Allows for comfortable working.",yes,0,5.0,https://www.amazon.ca/Heavy-Duty-Adjustable-Ergonomic-Free-Standing-Footrest/dp/B075WSKH8N/ref=cm_cr_srp_d_product_top?ie=UTF8,2020-09-29 16:48:18.357619,2020-09-29 16:48:25.574998,Jake and Jess,Clothing & Accessories,B002G9UDYG,B075WSKH8N
14,14,AGFJWEFOU4MYJWRWZZ77RIMNLNEA,"July 7, 2018",Go to cat litter everytime,"It's light so easy to throw out and it's also very absorbent and odor reducing. The clumps it forms are solid and rarely get stuck to the sides of the box. Easy to scoop and pour, everything about this litter is convenient for both me and my cats",yes,0,5.0,https://www.amazon.ca/Purina%C2%AE-Tidy-Cats%C2%AE-LightweightTMCat-Litter/dp/B01DR5GYN6/ref=cm_cr_srp_d_product_top?ie=UTF8,2020-09-29 16:48:34.654047,2020-09-29 16:48:42.953378,Jake and Jess,Clothing & Accessories,B002G9UDYG,B01DR5GYN6
15,15,AGFJWEFOU4MYJWRWZZ77RIMNLNEA,"July 7, 2018",Quality of gun and foam is outstanding.,Everything this gun is feels premium. The construction is rigid plastics and metals. The dials are easy to read and are useful. The thing eats through car soap but with a bit of practice you can get fast and precise enough to get a whole car done with 4oz of soap. Highly recommended as long as you have at least the recommend water pressure and no less.,yes,0,5.0,https://www.amazon.ca/Gilmour-Foamaster-II-Cleaning-Sprayer/dp/B000Y190WE/ref=cm_cr_srp_d_product_top?ie=UTF8,2020-09-29 16:48:50.035434,2020-09-29 16:48:58.297074,Jake and Jess,Clothing & Accessories,B002G9UDYG,B000Y190WE
16,16,AGFJWEFOU4MYJWRWZZ77RIMNLNEA,"July 7, 2018",Easily installed and surprisingly stable,"I'm not going to say that these are premium shelves by any stretch but the ease of installation and the sheer feel of them could convince me. They come with all the hardware you need and have a completely screw and nail free floating look. I wouldn't put much weight on them, maybe a couple books, but they hold little items off my desk and looks stunning above it.",yes,4,5.0,https://www.amazon.ca/Greenco-Floating-Shelves-Espresso-Finish/dp/B019WROCMS/ref=cm_cr_srp_d_product_top?ie=UTF8,2020-09-29 16:49:06.383834,2020-09-29 16:49:15.666120,Jake and Jess,Clothing & Accessories,B002G9UDYG,B019WROCMS
17,17,AGFJWEFOU4MYJWRWZZ77RIMNLNEA,"July 7, 2018","Very wide brush, good quality though","It has an excellent hand feel, the handle is a non slip rubber that stays non slip even when covered in soap and water. The only problem I've experienced with this brush is that it is to wide to squeeze in between my rim spokes. The gap is about 3/4 inch and it can almost do it but not really. If you have more space in between you rim spokes it's highly recommended.",yes,0,4.0,https://www.amazon.ca/Detailers-Choice-6335J-Deluxe-Detail/dp/B001B0VCBE/ref=cm_cr_srp_d_product_top?ie=UTF8,2020-09-29 16:49:23.747656,2020-09-29 16:49:33.036850,Jake and Jess,Clothing & Accessories,B002G9UDYG,B001B0VCBE
18,18,AGFJWEFOU4MYJWRWZZ77RIMNLNEA,"July 7, 2018","Good brush set, use all the time","Brushes are soft and fitted very well to the handles. They have a slight non slip paint or something on the handles as well so they won't be slippery when wet. They are easy to maintain and the case, although cardboard, is robust enough to store them in if dry.",yes,0,5.0,https://www.amazon.ca/NABLUE-Motorcycle-Automotive-Cleaning-Detailing/dp/B072WN8H1K/ref=cm_cr_srp_d_product_top?ie=UTF8,2020-09-29 16:49:43.123744,2020-09-29 16:49:51.412503,Jake and Jess,Clothing & Accessories,B002G9UDYG,B072WN8H1K
19,19,AGFJWEFOU4MYJWRWZZ77RIMNLNEA,"July 7, 2018",Heavy and odor lock is poor.,"It's heavy, which on its own is already a down side but when combined with the fact that it also makes the air stale and the odor locking last for less then 8 hours, it means you come home to a nasty smelling house after work every day.",yes,0,2.0,https://www.amazon.ca/Multi-Cat-Litter-Superior-Control-Unscented/dp/B01M9IGSGH/ref=cm_cr_srp_d_product_top?ie=UTF8,2020-09-29 16:49:58.495306,2020-09-29 16:50:07.768892,Jake and Jess,Clothing & Accessories,B002G9UDYG,B01M9IGSGH
20,20,AGFJWEFOU4MYJWRWZZ77RIMNLNEA,"July 7, 2018",Gold standard of tire and rim cleaning,"I've tried many other products to help clean off the brownish residue that has built up over my tires, not one of them did what this can do. A good soak with the product, quick scrub with a tire brush and all old tire shine and brake dust will come off perfect with a spray of water.",yes,0,5.0,https://www.amazon.ca/Mothers-05924-Foaming-Wheel-Cleaner/dp/B0007RDVH0/ref=cm_cr_srp_d_product_top?ie=UTF8,2020-09-29 16:50:15.855239,2020-09-29 16:50:24.105154,Jake and Jess,Clothing & Accessories,B002G9UDYG,B0007RDVH0
21,21,AGFJWEFOU4MYJWRWZZ77RIMNLNEA,"April 24, 2018",They're nice quality and the grind is easily adjustable to any ...,"They're nice quality and the grind is easily adjustable to any size. Only problem is that the caps have lips on the inside that catch whatever you grind, can cause too much to come out if you don't pay attention. This problem is easily solvable by giving the grinder a few shakes after usage.",yes,0,4.0,https://www.amazon.ca/Leesentec-Stainless-Adjustable-Coarseness-Peppercorns/dp/B01M2644AG/ref=cm_cr_srp_d_product_top?ie=UTF8,2020-09-29 16:50:33.188598,2020-09-29 16:50:42.469726,Jake and Jess,Clothing & Accessories,B002G9UDYG,B01M2644AG
22,22,AGFJWEFOU4MYJWRWZZ77RIMNLNEA,"April 24, 2018",had to use the full bottle (1/2 bottle per use as the directions say) but it made it drain like new.,"It worked miracles on my clogged shower drain, had to use the full bottle (1/2 bottle per use as the directions say) but it made it drain like new.",yes,0,5.0,https://www.amazon.ca/Drano-Clog-Remover-2370-Milliliter/dp/B00LM987SU/ref=cm_cr_srp_d_product_top?ie=UTF8,2020-09-29 16:50:50.550349,2020-09-29 16:50:58.789938,Jake and Jess,Clothing & Accessories,B002G9UDYG,B00LM987SU
23,23,AGFJWEFOU4MYJWRWZZ77RIMNLNEA,"April 24, 2018",Five Stars,"It's pepper for a reputable company, what else is there to say.",yes,0,5.0,https://www.amazon.ca/McCormick-Gourmet-Premium-Tellicherry-Peppercorns/dp/B00HEFE2S0/ref=cm_cr_srp_d_product_top?ie=UTF8,2020-09-29 16:51:08.869125,2020-09-29 16:51:17.104897,Jake and Jess,Clothing & Accessories,B002G9UDYG,B00HEFE2S0
24,24,AGFJWEFOU4MYJWRWZZ77RIMNLNEA,"April 24, 2018",doesn't swamp your head and hair like some other types,"Fits well, doesn't swamp your head and hair like some other types.
Good hat for this price.",yes,0,5.0,https://www.amazon.ca/Carhartt-Acrylic-Watch-Black-Size/dp/B002G9UDYG/ref=cm_cr_srp_d_product_top?ie=UTF8,2020-09-29 16:51:26.194111,2020-09-29 16:51:34.439578,Jake and Jess,Clothing & Accessories,B002G9UDYG,B002G9UDYG
25,25,AGFJWEFOU4MYJWRWZZ77RIMNLNEA,"April 24, 2018",Excellent pair of boots at this price,"Excellent pair of boots at this price, they aren't too heavy so they're easy to keep on all day.
Good traction in mud and ice grippers fit great because of the ledge on the heel.
No leaks after multiple months of nails and lumber so only good things to say.
All together a great boot.",yes,0,5.0,https://www.amazon.ca/Bogs-Rancher-Steel-Waterproof-Winter/dp/B00LPOKQRW/ref=cm_cr_srp_d_product_top?ie=UTF8,2020-09-29 16:51:43.540360,2020-09-29 16:51:51.827966,Jake and Jess,Clothing & Accessories,B002G9UDYG,B00LPOKQRW
26,26,AGFJWEFOU4MYJWRWZZ77RIMNLNEA,"April 24, 2018",It a generic drive for a good price. Nothing special,"It a generic drive for a good price.
Nothing special, nothing fancy but nothing disappointing either.
Quite loud but that's to be expected.",yes,0,4.0,https://www.amazon.ca/Lite-Internal-Optical-Drives-IHAS324-17/dp/B00N9JEZCI/ref=cm_cr_srp_d_product_top?ie=UTF8,2020-09-29 16:51:59.910918,2020-09-29 16:52:08.152381,Jake and Jess,Clothing & Accessories,B002G9UDYG,B00N9JEZCI
27,27,AGFJWEFOU4MYJWRWZZ77RIMNLNEA,"April 24, 2018",I am happy with this purchase,"I purchased this vacuum for the sole purpose of using it for my car. I am happy with this purchase.
The vacuum is strong enough to pull up dirt that is deep into floor mats, and makes short work of seat seams and tight spots when using the brush attachments.
A bonus is that the blower when used with the narrowing attachment makes an excellent touchless car dryer, surprisingly powerful.",yes,0,5.0,https://www.amazon.ca/Dura-Vac-AA255-10-Litre-2-5-Gallon/dp/B003M2F7NI/ref=cm_cr_srp_d_product_top?ie=UTF8,2020-09-29 16:52:15.232508,2020-09-29 16:52:23.504482,Jake and Jess,Clothing & Accessories,B002G9UDYG,B003M2F7NI
28,28,AGFJWEFOU4MYJWRWZZ77RIMNLNEA,"July 14, 2017",Old fashioned material but nice all around great product,"The material is a little weird and cheap looking but the colour is beautiful and the fit is nice, I would buy again even though the material is not what I expected",yes,0,4.0,https://www.amazon.ca/POGT-Sleeve-Blazer-Cardigan-Jacket/dp/B01MA6G5NW/ref=cm_cr_srp_d_product_top?ie=UTF8,2020-09-29 16:52:31.591304,2020-09-29 16:52:39.833624,Jake and Jess,Clothing & Accessories,B002G9UDYG,B01MA6G5NW
29,29,AGFJWEFOU4MYJWRWZZ77RIMNLNEA,"July 11, 2017",Great if you want to punch 4 massive holes in ...,"There should have been some double sided tape included in the kit as well. Great if you want to punch 4 massive holes in the wall, but even better when you need to move your desk and now your headphone stand is on the other side of the room. Quality is excellent so if you are okay with punching holes and know you are never going to move your desk the I would recommend.",yes,0,1.0,https://www.amazon.ca/Stands-16310-Black-Headphone-Holder-D-60mm-Steel/dp/B005MZKCJM/ref=cm_cr_srp_d_product_top?ie=UTF8,2020-09-29 16:52:49.928546,2020-09-29 16:52:58.227338,Jake and Jess,Clothing & Accessories,B002G9UDYG,B005MZKCJM
30,30,AGFJWEFOU4MYJWRWZZ77RIMNLNEA,"July 11, 2017",At first I was very disappointed at how thin the material was,"At first I was very disappointed at how thin the material was, but as I gave it chance when I took a trip I was very impressed. The material is so light it cuts pounds off of a travel bag, and when you are carrying it around all day this is a welcome change. Zippers all feel premium and accent the bag nicely and the handles are secured to the bag very well. My only concern to anyone else is that the bag has no ""give"" when the bag is full, you can try to force zipper close but the material the bag is made of does not stretch so you risk splitting the zipper or stitches.",yes,13,5.0,https://www.amazon.ca/Gonex-Foldable-Shopping-Repellent-Resistant/dp/B01M0WSMHZ/ref=cm_cr_srp_d_product_top?ie=UTF8,2020-09-29 16:53:05.311699,2020-09-29 16:53:11.674630,Jake and Jess,Clothing & Accessories,B002G9UDYG,B01M0WSMHZ
31,31,AGFJWEFOU4MYJWRWZZ77RIMNLNEA,"July 11, 2017","Noticed certain cables such as laptop chargers and some micro usb chargers are to thick to fit easily, require a little bit of attention to get ...","The material is a a dense rubber with a soft touch rubber exterior. Does it's job and cables almost click into place. Noticed certain cables such as laptop chargers and some micro usb chargers are to thick to fit easily, require a little bit of attention to get into place.",yes,3,4.0,https://www.amazon.ca/UGREEN-Management-Organizer-Adhesive-Charging/dp/B01LN56XE2/ref=cm_cr_srp_d_product_top?ie=UTF8,2020-09-29 16:53:18.777770,2020-09-29 16:53:26.119485,Jake and Jess,Clothing & Accessories,B002G9UDYG,B01LN56XE2
32,32,AGFJWEFOU4MYJWRWZZ77RIMNLNEA,"July 11, 2017",Very good quality for the price,"Very good quality for the price, but if you are looking for easy obsorbancy this cloth doesnt like to suck up water untill it has a little water in it already, mildly annoying when starting a car but works perfectly by the end.",yes,0,3.0,https://www.amazon.ca/Sinland-Microfiber-Cleaning-Buffing-Remover/dp/B00MIEAF0G/ref=cm_cr_srp_d_product_top?ie=UTF8,2020-09-29 16:53:36.214824,2020-09-29 16:53:43.498398,Jake and Jess,Clothing & Accessories,B002G9UDYG,B00MIEAF0G
33,33,AGFJWEFOU4MYJWRWZZ77RIMNLNEA,"July 11, 2017",Good addition to a wood shop,"Standard, decent quality drill bits for constant use if drilling wood but very brief and light use if drilling anything harder, such as tin or thin steel plate. Good addition to a wood shop.",yes,2,4.0,https://www.amazon.ca/DEWALT-DW1163-Black-Assortment-13-Piece/dp/B00004RGVF/ref=cm_cr_srp_d_product_top?ie=UTF8,2020-09-29 16:53:53.586818,2020-09-29 16:54:01.994422,Jake and Jess,Clothing & Accessories,B002G9UDYG,B00004RGVF
34,34,AGFJWEFOU4MYJWRWZZ77RIMNLNEA,"July 11, 2017","Very, very prone to permanent kinks. Have to ...","Very, very prone to permanent kinks. Have to baby sit the hose other wise one weird twist or little loop ruins it. Not built for durability.",yes,0,2.0,https://www.amazon.ca/Karcher-Replacement-Extension-Pressure-Electric/dp/B004O7FXB6/ref=cm_cr_srp_d_product_top?ie=UTF8,2020-09-29 16:54:11.140703,2020-09-29 16:54:17.394178,Jake and Jess,Clothing & Accessories,B002G9UDYG,B004O7FXB6
35,35,AGFJWEFOU4MYJWRWZZ77RIMNLNEA,"July 11, 2017",The feel of the materials is excellent. The prongs are overmolded with a soft rubber ...,The feel of the materials is excellent. The prongs are overmolded with a soft rubber to prevent scratching and the face has a rubber insert as well. The pivoting action is stiff but for good reason. Placing the plate on the back of my phone and putting my case over top allows for an invisible look that still holds very well. I've recently been buying all my phone related items from Aukey and nothing has yet to disappoint.,yes,0,5.0,https://www.amazon.ca/AUKEY-Magnetic-Tablets-Android-Smartphones/dp/B01JC8YKBA/ref=cm_cr_srp_d_product_top?ie=UTF8,2020-09-29 16:54:24.498404,2020-09-29 16:54:33.852668,Jake and Jess,Clothing & Accessories,B002G9UDYG,B01JC8YKBA
36,36,AGFJWEFOU4MYJWRWZZ77RIMNLNEA,"July 10, 2017",Cool!,"Doesn't leave streaks or anything, really does turn nail polish to matte, and it is a nice consistency, not too thin or thick! I love it",yes,2,5.0,https://www.amazon.ca/essie-Matte-About-Nail-Polish/dp/B00O4Q2UZO/ref=cm_cr_srp_d_product_top?ie=UTF8,2020-09-29 16:54:43.944126,2020-09-29 16:54:52.185675,Jake and Jess,Clothing & Accessories,B002G9UDYG,B00O4Q2UZO
37,37,AGFJWEFOU4MYJWRWZZ77RIMNLNEA,"July 10, 2017",Awesome,"This product is so very cool! It holds all my different sized nail polish bottles and it is super cute and works awesome.

I am so surprised that it works as good as it does, I would order again if I ever want to gift this product or if I lose mine or something. I really love it",yes,One,5.0,https://www.amazon.ca/tweexy-Wearable-Polish-Holder-Bonbon/dp/B017QRYX1G/ref=cm_cr_srp_d_product_top?ie=UTF8,2020-09-29 16:55:01.266020,2020-09-29 16:55:10.550922,Jake and Jess,Clothing & Accessories,B002G9UDYG,B017QRYX1G
38,38,AGFJWEFOU4MYJWRWZZ77RIMNLNEA,"July 8, 2017","Outstanding bit set, normally my Robby bit used the ...","Outstanding bit set, normally my Robby bit used the most and rounds off after a few hard uses but this has stood the test of time so far. Reccomended for home and light work.",yes,0,5.0,https://www.amazon.ca/DEWALT-DWAX100-Screwdriving-Set-31-Piece/dp/B00C1XZITM/ref=cm_cr_srp_d_product_top?ie=UTF8,2020-09-29 16:55:20.639490,2020-09-29 16:55:26.949334,Jake and Jess,Clothing & Accessories,B002G9UDYG,B00C1XZITM
39,39,AGFJWEFOU4MYJWRWZZ77RIMNLNEA,"July 8, 2017",I was expecting flimsy plastic and poor picture clarity but I was mistaken,Actually surprised at the quality of this for the price. I was expecting flimsy plastic and poor picture clarity but I was mistaken. Would recommend as a project microscope or for looking at insects and small details.,yes,0,5.0,https://www.amazon.ca/XCSOURCE%C2%AE-20X-800X-Microscope-Endoscope-Magnifier/dp/B00N4K22OA/ref=cm_cr_srp_d_product_top?ie=UTF8,2020-09-29 16:55:34.032322,2020-09-29 16:55:43.352430,Jake and Jess,Clothing & Accessories,B002G9UDYG,B00N4K22OA
40,40,AGFJWEFOU4MYJWRWZZ77RIMNLNEA,"July 8, 2017",Five Stars,It's oats what do you want me to say.,yes,0,5.0,https://www.amazon.ca/Standard-Quaker-Quick-Oats-Kg/dp/B015E0LKYA/ref=cm_cr_srp_d_product_top?ie=UTF8,2020-09-29 16:55:52.519452,2020-09-29 16:56:01.811463,Jake and Jess,Clothing & Accessories,B002G9UDYG,B015E0LKYA
41,41,AGFJWEFOU4MYJWRWZZ77RIMNLNEA,"July 8, 2017",Recommend for a less energetic cat,"Recommend for a less energetic cat. We've noticed that our kitten is able to pull the ball out of the track almost instantly. Not sure if it is by design or not but the ball is almost never in it's track but rolling loose in the house. Also, the ball rolling in the track is very, very loud as well.",yes,0,2.0,https://www.amazon.ca/Bergan-70128-Turbo-Scratcher-Colors/dp/B000IYSAIW/ref=cm_cr_srp_d_product_top?ie=UTF8,2020-09-29 16:56:09.908787,2020-09-29 16:56:19.174458,Jake and Jess,Clothing & Accessories,B002G9UDYG,B000IYSAIW
42,42,AGFJWEFOU4MYJWRWZZ77RIMNLNEA,"July 8, 2017",Excellent feel and weight,"Excellent feel and weight, the grid pattern is stiched though to both sides so it makes a bunch of separate pockets (or pillows as my wife calls them). Not sure if this is intentional but these pockets prevent the filling from getting all clumped up inside of the blanket making it last much longer before needed to be reworked.",yes,One,5.0,https://www.amazon.ca/Cathay-Home-Alternative-Comforter-Chocolate/dp/B00OZF25A4/ref=cm_cr_srp_d_product_top?ie=UTF8,2020-09-29 16:56:28.261605,2020-09-29 16:56:35.521938,Jake and Jess,Clothing & Accessories,B002G9UDYG,B00OZF25A4
43,43,AGFJWEFOU4MYJWRWZZ77RIMNLNEA,"July 8, 2017",Five Stars,"Very sturdy build quality, Excellent to stir in the glove box of my car in case of emergency.",yes,0,5.0,https://www.amazon.ca/AUKEY-20000mAh-Lightning-Portable-Dual-USB/dp/B0185T6ZJM/ref=cm_cr_srp_d_product_top?ie=UTF8,2020-09-29 16:56:42.606991,2020-09-29 16:56:48.873925,Jake and Jess,Clothing & Accessories,B002G9UDYG,B0185T6ZJM
44,44,AGFJWEFOU4MYJWRWZZ77RIMNLNEA,"July 8, 2017",Works very well as a hub (expected) bit it also ...,Works very well as a hub (expected) bit it also has a very premium look and feel. My only gripe is that the cord to connect it to a port on the pc is extremely short. An extra foot of cord would have made finding a spot to plug it in and be where I want it to be a lot easier.,yes,0,4.0,https://www.amazon.ca/Anker-Bus-Powered-4-Port-Aluminum-2-Foot/dp/B00O0KISQE/ref=cm_cr_srp_d_product_top?ie=UTF8,2020-09-29 16:56:58.962064,2020-09-29 16:57:07.204556,Jake and Jess,Clothing & Accessories,B002G9UDYG,B00O0KISQE
45,45,AGFJWEFOU4MYJWRWZZ77RIMNLNEA,"July 8, 2017",The color is a little ugly but for the most ...,The color is a little ugly but for the most part it is hidden away under the dash. No problems with connecting and using this with torqe pro makes it so simple anyone can do it.,yes,One,4.0,https://www.amazon.ca/Veepeak-Bluetooth-Diagnostic-Scanner-Android/dp/B011NSX27A/ref=cm_cr_srp_d_product_top?ie=UTF8,2020-09-29 16:57:17.302088,2020-09-29 16:57:23.559773,Jake and Jess,Clothing & Accessories,B002G9UDYG,B011NSX27A
46,46,AGFJWEFOU4MYJWRWZZ77RIMNLNEA,"July 8, 2017","Quality is outstanding, fibers remain soft and fluffy even ...","Quality is outstanding, fibers remain soft and fluffy even after many many uses. I rinse it by hand, wring the water out and put it in the dryer on low until dry. No problems at all.",yes,0,5.0,https://www.amazon.ca/Chemical-Guys-MIC_493-Microfiber-Scratch-Free/dp/B003TTL0TE/ref=cm_cr_srp_d_product_top?ie=UTF8,2020-09-29 16:57:31.641400,2020-09-29 16:57:37.904103,Jake and Jess,Clothing & Accessories,B002G9UDYG,B003TTL0TE
47,47,AGFJWEFOU4MYJWRWZZ77RIMNLNEA,"July 8, 2017",... denser foam then original it seems bit break in nicely and fit on the headphone perfect,A little denser foam then original it seems bit break in nicely and fit on the headphone perfect,yes,0,4.0,https://www.amazon.ca/TurnRaise-Technica-Replacement-Audio-Technica-Ultrasone/dp/B01LSJVVXG/ref=cm_cr_srp_d_product_top?ie=UTF8,2020-09-29 16:57:45.996588,2020-09-29 16:57:53.244520,Jake and Jess,Clothing & Accessories,B002G9UDYG,B01LSJVVXG
48,48,AGFJWEFOU4MYJWRWZZ77RIMNLNEA,"July 7, 2017","Great wax, easy to apply","It apply very easily with the included applicator pad and comes off even easier with a decent microfiber cloth.
The shine it fantastic, turns clear coat into glass.
The only problem I see forming is that I have to store it inside my house. Way to hot in my garage and began going super soft.
Asides from storage conditions being less than optimal it is great!",yes,2,5.0,https://www.amazon.ca/Meguiars-G7014JC-Class-Carnauba-Premium/dp/B00F653O5M/ref=cm_cr_srp_d_product_top?ie=UTF8,2020-09-29 16:58:03.344469,2020-09-29 16:58:11.599135,Jake and Jess,Clothing & Accessories,B002G9UDYG,B00F653O5M
49,49,AGFJWEFOU4MYJWRWZZ77RIMNLNEA,"July 7, 2017",Excellent,"Very easy to use, tires came out a deep shiny black and have been that way for the past 5 days even through a thunderstorm. A little gel hoes a long way.",yes,One,5.0,https://www.amazon.ca/Armor-All-Extreme-Shine-530ml/dp/B00G9YG2XU/ref=cm_cr_srp_d_product_top?ie=UTF8,2020-09-29 16:58:20.691964,2020-09-29 16:58:28.977251,Jake and Jess,Clothing & Accessories,B002G9UDYG,B00G9YG2XU
50,50,AGFJWEFOU4MYJWRWZZ77RIMNLNEA,"July 7, 2017",Not reccomended,Works as a place to iron as well as a old table with a wobbly leg. Makes horrible noises when lowering into place and the spiring is so strong when you go to fold it back up it wants to launch,yes,One,2.0,https://www.amazon.ca/Polder-IB-1445-764-Over-Ironing-Surface/dp/B01GHN2WWM/ref=cm_cr_srp_d_product_top?ie=UTF8,2020-09-29 16:58:39.055426,2020-09-29 16:58:48.299774,Jake and Jess,Clothing & Accessories,B002G9UDYG,B01GHN2WWM
51,51,AGFJWEFOU4MYJWRWZZ77RIMNLNEA,"July 7, 2017",Great for the price,"Sturdy build quality for the price, it was fairly squeaky due to the black collar spinning freely (I believe this is intentional), a little oil fixed that problem quickly.",yes,0,4.0,https://www.amazon.ca/Titan-16006-Release-Extension-Holder/dp/B00132EFEG/ref=cm_cr_srp_d_product_top?ie=UTF8,2020-09-29 16:58:58.388303,2020-09-29 16:59:06.690092,Jake and Jess,Clothing & Accessories,B002G9UDYG,B00132EFEG
52,52,AGFJWEFOU4MYJWRWZZ77RIMNLNEA,"July 7, 2017",Highly reccomended,"Excellent cutting board, easy to clean, doesn't gouge or show cuts easily and takes butchers oil very well. No warps or defects and the grain is pleasant to look at.",yes,0,5.0,https://www.amazon.ca/Sevy-002192-Professional-Butcher-Cutting/dp/B00GMDOQCM/ref=cm_cr_srp_d_product_top?ie=UTF8,2020-09-29 16:59:14.776338,2020-09-29 16:59:23.064526,Jake and Jess,Clothing & Accessories,B002G9UDYG,B00GMDOQCM
53,53,AGFJWEFOU4MYJWRWZZ77RIMNLNEA,"July 7, 2017",Reccomended for internal use only.,I use these applicator pads for the inside of my car and tire shine and they work perfectly. I wouldn't recommend them for external use because the fibers are quiet short and stiff for microfiber. The package came vacuum sealed for some reason and took a good hour for the foam inside to full expand to normal.,yes,One,3.0,https://www.amazon.ca/Sinland-Microfiber-Sponge-Polish-Detailing/dp/B00MHI3KPU/ref=cm_cr_srp_d_product_top?ie=UTF8,2020-09-29 16:59:33.142252,2020-09-29 16:59:42.409870,Jake and Jess,Clothing & Accessories,B002G9UDYG,B00MHI3KPU
54,54,AGFJWEFOU4MYJWRWZZ77RIMNLNEA,"June 22, 2017",Nice,"So other reviews said that it ruined their clothes by shooting out something that stained. This is true it did this to my shirt too the crap was orange. Use it on a rag first, it only happened the very first time I used it . Other than that it's great product for a great price",yes,17,4.0,https://www.amazon.ca/Sunbeam-Classic-Non-Stick-White-Green/dp/B00DI1HEPW/ref=cm_cr_srp_d_product_top?ie=UTF8,2020-09-29 16:59:51.499112,2020-09-29 16:59:58.760844,Jake and Jess,Clothing & Accessories,B002G9UDYG,B00DI1HEPW
55,55,AGFJWEFOU4MYJWRWZZ77RIMNLNEA,"June 22, 2017",Great,Very nice containers they are a good size and nice bright colours they seem like a very decent material ! Haven't tried them yet but they will be perfect for meal prep,yes,0,5.0,https://www.amazon.ca/dp/B01535KBSC/ref=cm_cr_srp_d_product_top?ie=UTF8,2020-09-29 17:00:05.844882,2020-09-29 17:00:14.147267,Jake and Jess,Clothing & Accessories,B002G9UDYG,B01535KBSC
56,56,AGFJWEFOU4MYJWRWZZ77RIMNLNEA,"June 22, 2017",Nice but mine came broken,"I would have given this 5 stars if it wasn't broken when it arrived. No big deal, a little bit of super glue and it's perfect! Good price and very nice expensive looking",yes,One,4.0,https://www.amazon.ca/InterDesign-Bathroom-Organizer-Toothbrush-Toothpaste/dp/B00NWGAB9E/ref=cm_cr_srp_d_product_top?ie=UTF8,2020-09-29 17:00:23.230537,2020-09-29 17:00:29.539074,Jake and Jess,Clothing & Accessories,B002G9UDYG,B00NWGAB9E
57,57,AGFJWEFOU4MYJWRWZZ77RIMNLNEA,"June 22, 2017",Big!!!,"Haha so this bag is hugeeeeeeee, I can't stress that enough! So I had a problem with the last lunch bag I got from amazon it seemed big but it didn't fit my lunch so I ordered this, reading the comments seeing everyone said it's so big and roomy I was like YEA ... but it's actually too big its a good size for a cooler for beers or Gatorade or if you're spending the day at the beach with lots of people it would be great for snacks!",yes,One,5.0,https://www.amazon.ca/Compartment-Personal-Shoulder-Insulated-Duration/dp/B015L6EQBG/ref=cm_cr_srp_d_product_top?ie=UTF8,2020-09-29 17:00:38.620626,2020-09-29 17:00:44.930177,Jake and Jess,Clothing & Accessories,B002G9UDYG,B015L6EQBG
58,58,AGFJWEFOU4MYJWRWZZ77RIMNLNEA,"June 20, 2017",Don't buy this,"I'm not impressed with this watch box at all! I will be calling amazon to discuss a refund. When it arrived it had scratches all over the top which by the way is a cheap plastic like material not glass like my previous watch box, and the little slots are way too big for the holders that go in them, it falls right down and looks silly. Also the watches can't close around the holder thing because they are too big! The box itself is too large I have the 10 holder one and it is 1/4 of the size so you would think with holding 24 it would maybe be triple the size but not 4 times the size that's crazy large I can't even think of a place to set this down! I would not reccomend this watch box",yes,0,2.0,https://www.amazon.ca/9milelake-Leather-Display-Jewelry-Organizer/dp/B019JSKNVO/ref=cm_cr_srp_d_product_top?ie=UTF8,2020-09-29 17:00:52.017725,2020-09-29 17:00:59.260206,Jake and Jess,Clothing & Accessories,B002G9UDYG,B019JSKNVO
59,59,AGFJWEFOU4MYJWRWZZ77RIMNLNEA,"June 20, 2017",Pretty but small,"Beautiful watch however the pictures make the face look way bigger than it really it, which is a shame because the only reason I picked this watch is because it looked like it had a big face which is what I was looking for. Again,beautiful watch it's just so small",yes,0,3.0,https://www.amazon.ca/August-Steiner-AS8149SS-Display-Japanese/dp/B00T4E6JZ8/ref=cm_cr_srp_d_product_top?ie=UTF8,2020-09-29 17:01:07.344970,2020-09-29 17:01:16.618075,Jake and Jess,Clothing & Accessories,B002G9UDYG,B00T4E6JZ8
60,60,AGFJWEFOU4MYJWRWZZ77RIMNLNEA,"June 20, 2017",Awesome,Fits our cat perfectly we can now take him outside without the concern that he will get free and run away,yes,One,5.0,https://www.amazon.ca/dp/B013S57OOS/ref=cm_cr_srp_d_product_top?ie=UTF8,2020-09-29 17:01:26.688771,2020-09-29 17:01:35.926000,Jake and Jess,Clothing & Accessories,B002G9UDYG,B013S57OOS
61,61,AGFJWEFOU4MYJWRWZZ77RIMNLNEA,"April 25, 2017",Beautiful pink jacket great for spring/summer,"Beautiful beautiful blazer. It's light and it's bright and professional looking! I love that it's 3/4 sleeve so I don't have to roll them up to 3/4 on my own and sew it because I like to wear 3/4. Also it has pockets and the inside of it has a while stripe pattern type thing and it's really cool, and you can't see it from the outside. I also like that it doesn't have a collar, makes it more feminine . I ordered the hot pink one!",yes,6,5.0,https://www.amazon.ca/Benibos-Womens-Folding-00000Hot-Pink/dp/B01LXGQ64J/ref=cm_cr_srp_d_product_top?ie=UTF8,2020-09-29 17:01:43.017590,2020-09-29 17:01:51.309477,Jake and Jess,Clothing & Accessories,B002G9UDYG,B01LXGQ64J
62,62,AGFJWEFOU4MYJWRWZZ77RIMNLNEA,"March 1, 2017",Love it,"I LOVEEEE THIS ROMPER, I was hesitant to buy because I have bad luck with rompers not being long enough to cover my bum or suitable for my office job but this romper is super good quality and long enough that I can wear it to work when summer comes around. The material is very classy looking, it's like a silky feel, very comfortable !",yes,One,5.0,https://www.amazon.ca/ACEVOG-Sleeveless-Elastic-Playsuit-Rompers/dp/B01LYJGQSC/ref=cm_cr_srp_d_product_top?ie=UTF8,2020-09-29 17:01:58.395925,2020-09-29 17:02:06.740919,Jake and Jess,Clothing & Accessories,B002G9UDYG,B01LYJGQSC
63,63,AGFJWEFOU4MYJWRWZZ77RIMNLNEA,"March 1, 2017",Love it,"I LOVEEEE THIS ROMPER, I was hesitant to buy because I have bad luck with rompers not being long enough to cover my bum or suitable for my office job but this romper is super good quality and long enough that I can wear it to work when summer comes around. The material is very classy looking, it's like a silky feel, very comfortable !",yes,0,5.0,https://www.amazon.ca/ANGVNS-Women-Neck-Sleeve-Hollow/dp/B01MAUTA8Q/ref=cm_cr_srp_d_product_top?ie=UTF8,2020-09-29 17:02:14.834291,2020-09-29 17:02:24.073460,Jake and Jess,Clothing & Accessories,B002G9UDYG,B01MAUTA8Q
64,64,AGFJWEFOU4MYJWRWZZ77RIMNLNEA,"January 18, 2017",Okay,"Not as big as expected and the material on the inside looks and feels cheap but it's still a nice purse, and all the other little bags that come with it may come in handy for someone who travels or doesn't want to carry a purse all the time",yes,One,4.0,https://www.amazon.ca/Fashion-Womens-Leather-Handbag-Shoulder/dp/B01IQPGTR8/ref=cm_cr_srp_d_product_top?ie=UTF8,2020-09-29 17:02:31.168024,2020-09-29 17:02:37.475611,Jake and Jess,Clothing & Accessories,B002G9UDYG,B01IQPGTR8
65,65,AGFJWEFOU4MYJWRWZZ77RIMNLNEA,"January 10, 2017",Good,This has everything I need for taking the links out of my watches and changing the batteries. Perfect little kit for a great price!,yes,0,5.0,https://www.amazon.ca/Optima-55-130-Economic-Watch-Repair/dp/B00DUVQMIU/ref=cm_cr_srp_d_product_top?ie=UTF8,2020-09-29 17:02:45.560982,2020-09-29 17:02:53.789418,Jake and Jess,Clothing & Accessories,B002G9UDYG,B00DUVQMIU
66,66,AGFJWEFOU4MYJWRWZZ77RIMNLNEA,"January 10, 2017",Good,Good case. Exactly what it looks like in the picture!,yes,0,5.0,https://www.amazon.ca/Water-resistant-Neoprene-Notebook-Computer-Briefcase/dp/B01ANEYORC/ref=cm_cr_srp_d_product_top?ie=UTF8,2020-09-29 17:03:02.873755,2020-09-29 17:03:09.153524,Jake and Jess,Clothing & Accessories,B002G9UDYG,B01ANEYORC
67,67,AGFJWEFOU4MYJWRWZZ77RIMNLNEA,"January 10, 2017",Amazing,I LOVE this for playing music in my car it's Bluetooth so there's not cords everywhere and it is so amazingly clear for the sound aspect. Not one single buzz or anything. Love it :),yes,0,5.0,https://www.amazon.ca/Bluetooth-Transmitter-LDesign-Hands-free-player%EF%BC%88Gold/dp/B01CC7YMVG/ref=cm_cr_srp_d_product_top?ie=UTF8,2020-09-29 17:03:17.242657,2020-09-29 17:03:26.505326,Jake and Jess,Clothing & Accessories,B002G9UDYG,B01CC7YMVG
68,68,AGFJWEFOU4MYJWRWZZ77RIMNLNEA,"January 10, 2017",Good,"Not what I expected but a decent book. The front and back is very nice and it's very flexible for opening and such. The inside is odd though, the days are listed Monday-Sunday and each day is boxed where you can write what you gotta do for that day. I bought this to write my school assignments and tests in but it probably won't work for that. May Work well to write down my work tasks though. Overall it's a good planner but I was expecting more of a calander type thing",yes,One,4.0,https://www.amazon.ca/2017-Planner-Appointment-Organizer-Blossoms/dp/1540433978/ref=cm_cr_srp_d_product_top?ie=UTF8,2020-09-29 17:03:33.588137,2020-09-29 17:03:40.928592,Jake and Jess,Clothing & Accessories,B002G9UDYG,1540433978
69,69,AGFJWEFOU4MYJWRWZZ77RIMNLNEA,"January 10, 2017",Awesome,Literally the best pair of leggings I've ever had that includes my lulu lemon leggings. These are so soft and they look so nice. I work in an office as a desk manager and I wear them to work with a nice shirt and blazer and the outfit looks professional but let me tell you... it's comfy as heck with the leggings! They are not spandex but not cotton it's a very nice material. The fit was as expected i an 5'2 150 pounds I got a size small... a little snug but I feel like medium would have been too big. So pretty much perfect fit and I used the size guide to determine what size I needed. I believe I picked small because I wear size 27 jeans and the small said 26-27 . So very accurate! :),yes,5,5.0,https://www.amazon.ca/90-Degree-Reflex-Power-Capri/dp/B00IDHFJU8/ref=cm_cr_srp_d_product_top?ie=UTF8,2020-09-29 17:03:48.023044,2020-09-29 17:03:57.278778,Jake and Jess,Clothing & Accessories,B002G9UDYG,B00IDHFJU8
70,70,AGFJWEFOU4MYJWRWZZ77RIMNLNEA,"January 10, 2017",Terrible,"Feels cheap, I had it on for half an hour and it went to a black screen and it won't turn back on. It is pulled into the charger. Not sure what is going on but I shouldn't be having problems after half an hour especially because this isn't a low cost laptop it cost me $400. Doesn't look anything like the pictures either. Looks so cheap I can't stress that enough",yes,4,1.0,https://www.amazon.ca/Asus-Premium-Performance-Bluetooth-Windows/dp/B01KAP7RJG/ref=cm_cr_srp_d_product_top?ie=UTF8,2020-09-29 17:04:04.359286,2020-09-29 17:04:12.636898,Jake and Jess,Clothing & Accessories,B002G9UDYG,B01KAP7RJG
71,71,AGFJWEFOU4MYJWRWZZ77RIMNLNEA,"January 5, 2017",Nice,"It's okay, not great. My wrist is really small so my watches don't wrap all the way around the shaper to hold it properly and the ones that can't completely unhook seem to pop up on the holder. I like that it locks, would be really good if you have roommates and you don't want them wearing your watches. Or siblings. The key is hidden under one the shapers so it took me forever to find lol",yes,0,3.0,https://www.amazon.ca/Virtual-Outlet-Organizer-Showcase-Interior/dp/B01K5QEVQ2/ref=cm_cr_srp_d_product_top?ie=UTF8,2020-09-29 17:04:20.725776,2020-09-29 17:04:30.007759,Jake and Jess,Clothing & Accessories,B002G9UDYG,B01K5QEVQ2
72,72,AGFJWEFOU4MYJWRWZZ77RIMNLNEA,"January 5, 2017",Amazing,"beautiful beautiful watch!!!! A couple of links so you can change the size and a beautiful band on the sides closest to the face. Looks so elegant! The face is a nice size too, I usually go for really big faces but this one is so nice for a medium sized face.",yes,3,5.0,https://www.amazon.ca/Nine-West-NW-1922CHGB-Gold-Tone/dp/B01ISX2OXQ/ref=cm_cr_srp_d_product_top?ie=UTF8,2020-09-29 17:04:37.089342,2020-09-29 17:04:44.356415,Jake and Jess,Clothing & Accessories,B002G9UDYG,B01ISX2OXQ
73,73,AGFJWEFOU4MYJWRWZZ77RIMNLNEA,"January 4, 2017",Good,Smaller than expected but very good quality and holds my makeup and hair and face products very nicely in the bathroom,yes,One,4.0,https://www.amazon.ca/ClosetMaid-1578-Cubeicals-6-Cube-Organizer/dp/B00BHXL508/ref=cm_cr_srp_d_product_top?ie=UTF8,2020-09-29 17:04:53.449153,2020-09-29 17:05:00.728243,Jake and Jess,Clothing & Accessories,B002G9UDYG,B00BHXL508
74,74,AGFJWEFOU4MYJWRWZZ77RIMNLNEA,"January 4, 2017",Great,Smells amazing! Doesn't leave your hands purple and as for the toning it does a good job of keeping the yellow out of my hair. My hairdresser actually recommended this to me,yes,6,5.0,https://www.amazon.ca/Joico-Balance-Purple-Shampoo-Conditioner/dp/B01HAJ28P8/ref=cm_cr_srp_d_product_top?ie=UTF8,2020-09-29 17:05:10.811894,2020-09-29 17:05:20.091209,Jake and Jess,Clothing & Accessories,B002G9UDYG,B01HAJ28P8
75,75,AGFJWEFOU4MYJWRWZZ77RIMNLNEA,"December 18, 2016",Good,Tastes yummy and there's a decent amount in the bag! Looks odd in colour but that's normal. I am actually writing this review now that it's all gone lol I should order more but we are back to white refined sugar at the moment,yes,0,5.0,https://www.amazon.ca/Wholesome-Sweeteners-Organic-Trade-Sugar/dp/B00SSU8PYM/ref=cm_cr_srp_d_product_top?ie=UTF8,2020-09-29 17:05:29.181809,2020-09-29 17:05:35.478899,Jake and Jess,Clothing & Accessories,B002G9UDYG,B00SSU8PYM
76,76,AGFJWEFOU4MYJWRWZZ77RIMNLNEA,"December 18, 2016",Nice,"Nice earrings, plastic backs, and they are very very tiny. So tiny that I woke up one morning and the earring was actually pushed into my earring hole lol. Very pretty colours",yes,One,3.0,https://www.amazon.ca/BodyJ4You-Earrings-Multicolor-Bioflex-Jewelry/dp/B00DYA925W/ref=cm_cr_srp_d_product_top?ie=UTF8,2020-09-29 17:05:43.564065,2020-09-29 17:05:50.859497,Jake and Jess,Clothing & Accessories,B002G9UDYG,B00DYA925W
77,77,AGFJWEFOU4MYJWRWZZ77RIMNLNEA,"December 18, 2016",Great watch,"It's a little light on the links for sure feels like a ralf Lauren knock off, but the look of it is 100% a ralf Lauren from first glance. Most people don't know this, but polo is actually ralf Lauren and us polo is a cheaper ralf Lauren. For sure a good buy for the cost, links were easy to remove I did them myself",yes,6,5.0,https://www.amazon.ca/U-S-Polo-Assn-USC40078-Gold-Tone/dp/B00UT1CYMM/ref=cm_cr_srp_d_product_top?ie=UTF8,2020-09-29 17:05:57.948554,2020-09-29 17:06:05.301912,Jake and Jess,Clothing & Accessories,B002G9UDYG,B00UT1CYMM
78,78,AGFJWEFOU4MYJWRWZZ77RIMNLNEA,"December 11, 2016",Awesome,Not exactly the same as the real Fitbit bands but I still love them!,yes,0,5.0,https://www.amazon.ca/XCSOURCE%C2%AE-Replacement-Wristband-Fitbit-Tracker/dp/B00ZHKF6PM/ref=cm_cr_srp_d_product_top?ie=UTF8,2020-09-29 17:06:12.388471,2020-09-29 17:06:21.654721,Jake and Jess,Clothing & Accessories,B002G9UDYG,B00ZHKF6PM
79,79,AGFJWEFOU4MYJWRWZZ77RIMNLNEA,"December 11, 2016",Love it,The best thing I like about this is that it's covered so the glitter doesn't get all over your hands! Fits my iPhone5s perfectly but I have to take it off to charge it because the case it too thick at the bottom,yes,0,5.0,https://www.amazon.ca/iPhone-ESR-Glitter-Protective-Champagne/dp/B01HPDIWYA/ref=cm_cr_srp_d_product_top?ie=UTF8,2020-09-29 17:06:31.746234,2020-09-29 17:06:38.065807,Jake and Jess,Clothing & Accessories,B002G9UDYG,B01HPDIWYA
80,80,AGFJWEFOU4MYJWRWZZ77RIMNLNEA,"December 11, 2016",Decent curler,"Worked fairly well. The only thing I didn't like was even on the lowest heat setting it was way too hot. Handle is a little odd shaped but all in all it's a good curler for the price. Probably wouldn't order it again, would rather spend a little more and get one with lower heat settings but if you like the super hot heat setting then this curler is for you!",yes,6,4.0,https://www.amazon.ca/Conair-Cd87Ncsc-1-Inch-Instant-Curling/dp/B01FKDXZ08/ref=cm_cr_srp_d_product_top?ie=UTF8,2020-09-29 17:06:47.146816,2020-09-29 17:06:54.392738,Jake and Jess,Clothing & Accessories,B002G9UDYG,B01FKDXZ08
81,81,AGFJWEFOU4MYJWRWZZ77RIMNLNEA,"November 14, 2016",Four Stars,"Decent build quality and works just fine, that's all I asked for.",yes,0,4.0,https://www.amazon.ca/Rankie-DisplayPort-Cable-Ready-Black/dp/B01HXO9VFA/ref=cm_cr_srp_d_product_top?ie=UTF8,2020-09-29 17:07:01.489775,2020-09-29 17:07:10.849623,Jake and Jess,Clothing & Accessories,B002G9UDYG,B01HXO9VFA
82,82,AGFJWEFOU4MYJWRWZZ77RIMNLNEA,"July 10, 2016",Works good enough,"Has a bunch of different settings and it's really light, and looks nice with the blue ! Irons things ok, but not great",yes,One,4.0,https://www.amazon.ca/BLACK-DECKER-Lightweight-Clothing-IR0820C/dp/B008TN9NV2/ref=cm_cr_srp_d_product_top?ie=UTF8,2020-09-29 17:07:20.944045,2020-09-29 17:07:28.222971,Jake and Jess,Clothing & Accessories,B002G9UDYG,B008TN9NV2
83,83,AGFJWEFOU4MYJWRWZZ77RIMNLNEA,"July 10, 2016",Basic hairdryer works decently well,Does the job lol,yes,0,5.0,https://www.amazon.ca/Conair-246RNC-1875-Watt-Dryer/dp/B004RDQ24Y/ref=cm_cr_srp_d_product_top?ie=UTF8,2020-09-29 17:07:38.320784,2020-09-29 17:07:47.569309,Jake and Jess,Clothing & Accessories,B002G9UDYG,B004RDQ24Y
84,84,AGFJWEFOU4MYJWRWZZ77RIMNLNEA,"July 10, 2016",Good product,"Huge garbage can , looks nice in the kitchen",yes,0,5.0,https://www.amazon.ca/Umbra-Grand-Garbage-Can-Capacity/dp/B000SZM6G8/ref=cm_cr_srp_d_product_top?ie=UTF8,2020-09-29 17:07:56.654761,2020-09-29 17:08:05.896535,Jake and Jess,Clothing & Accessories,B002G9UDYG,B000SZM6G8
85,85,AGFJWEFOU4MYJWRWZZ77RIMNLNEA,"July 10, 2016",Does what it's meant to do,Does the job lol it's nice and big and has spots to hang a loofa and razors I also keep my hair mask on it and body wash,yes,0,5.0,https://www.amazon.ca/Kenney-Manufacturing-Company-Hanging-4-Inch/dp/B00MWNOELY/ref=cm_cr_srp_d_product_top?ie=UTF8,2020-09-29 17:08:12.996575,2020-09-29 17:08:22.423234,Jake and Jess,Clothing & Accessories,B002G9UDYG,B00MWNOELY
86,86,AGFJWEFOU4MYJWRWZZ77RIMNLNEA,"July 10, 2016",Four Stars,Kind of a weird feel to,yes,0,4.0,https://www.amazon.ca/Home-Fashions-Welcome-Printed-Flocked/dp/B00IUBJMEG/ref=cm_cr_srp_d_product_top?ie=UTF8,2020-09-29 17:08:29.510465,2020-09-29 17:08:37.769244,Jake and Jess,Clothing & Accessories,B002G9UDYG,B00IUBJMEG
87,87,AGFJWEFOU4MYJWRWZZ77RIMNLNEA,"July 7, 2016",Almost perfect!,"It came in 2 days so I was really happy with how fast it came.... It looks very nice as well, the only issue I had with it was it's very lightweight and is more like a cardigan than a blazer so it shouldn't be so pricey but it's summer time so I love it for 30+ which is what it's like right now outside we had an extreme heat warning all week and I could still wear it without feeling too hot. I got it in black, size medium but fits a little snug for a medium. I am 5'2 145 pounds",yes,3,4.0,https://www.amazon.ca/Casual-Blazer-sleeve-Jacket-Small/dp/B00OCD76WQ/ref=cm_cr_srp_d_product_top?ie=UTF8,2020-09-29 17:08:44.846213,2020-09-29 17:08:51.092612,Jake and Jess,Clothing & Accessories,B002G9UDYG,B00OCD76WQ
