,Unnamed: 0,author_id,date_review_posted,review_title,reviews,verified_purchase,people_find_helpful,ratings,product_url,start,end,reviewer_name,product_category,product_id,subproduct_id
0,0,AGFY6I5MN6AWCZP6PMFG5MQPYIQA,"December 16, 2019",Good quality,Fits well,yes,0,5.0,https://www.amazon.ca/Carhartt-Sandstone-Arctic-Quilt-XX-Large/dp/B003QVKKPK/ref=cm_cr_srp_d_product_top?ie=UTF8,2020-09-29 20:00:25.217849,2020-09-29 20:00:32.642224,jenna macdonald,Clothing & Accessories,B002G9UDYG,B003QVKKPK
1,1,AGFY6I5MN6AWCZP6PMFG5MQPYIQA,"December 16, 2019",My favorite,Favorite gloss,yes,0,5.0,https://www.amazon.ca/LipSense-by-SeneGence-Gloss-Bougainvillea/dp/B00HE08KVA/ref=cm_cr_srp_d_product_top?ie=UTF8,2020-09-29 20:00:42.744132,2020-09-29 20:00:50.166220,jenna macdonald,Clothing & Accessories,B002G9UDYG,B00HE08KVA
2,2,AGFY6I5MN6AWCZP6PMFG5MQPYIQA,"December 16, 2019",Super cute,Cute,yes,0,5.0,https://www.amazon.ca/Pitbull-Vinyl-Decal-Window-Sticker/dp/B011M9P048/ref=cm_cr_srp_d_product_top?ie=UTF8,2020-09-29 20:00:59.268656,2020-09-29 20:01:05.648554,jenna macdonald,Clothing & Accessories,B002G9UDYG,B011M9P048
3,3,AGFY6I5MN6AWCZP6PMFG5MQPYIQA,"December 16, 2019",Wore quickly,Not great quality,yes,0,2.0,https://www.amazon.ca/Gostyle-Kickstand-Magnetic-Anti-Scratch-Shockproof/dp/B07J1YPNB8/ref=cm_cr_srp_d_product_top?ie=UTF8,2020-09-29 20:01:14.751808,2020-09-29 20:01:23.185799,jenna macdonald,Clothing & Accessories,B002G9UDYG,B07J1YPNB8
4,4,AGFY6I5MN6AWCZP6PMFG5MQPYIQA,"December 16, 2019",Good quality,Good for down south,yes,0,5.0,https://www.amazon.ca/Speedo-Seaside-Athletic-Water-Black/dp/B01IG7BT44/ref=cm_cr_srp_d_product_top?ie=UTF8,2020-09-29 20:01:32.291784,2020-09-29 20:01:40.709591,jenna macdonald,Clothing & Accessories,B002G9UDYG,B01IG7BT44
5,5,AGFY6I5MN6AWCZP6PMFG5MQPYIQA,"December 16, 2019",Fast shipping,Good quality,yes,0,5.0,https://www.amazon.ca/Q-Tips-Cotton-Swabs-Count-Counts/dp/B07XF926WZ/ref=cm_cr_srp_d_product_top?ie=UTF8,2020-09-29 20:01:47.797752,2020-09-29 20:01:56.166731,jenna macdonald,Clothing & Accessories,B002G9UDYG,B07XF926WZ
6,6,AGFY6I5MN6AWCZP6PMFG5MQPYIQA,"December 16, 2019",Very straight,Didn’t stay curled,yes,0,1.0,https://www.amazon.ca/EMEDA-Trays-3D-Eyelashes-Curl/dp/B0769Q2VG4/ref=cm_cr_srp_d_product_top?ie=UTF8,2020-09-29 20:02:05.273964,2020-09-29 20:02:14.696653,jenna macdonald,Clothing & Accessories,B002G9UDYG,B0769Q2VG4
7,7,AGFY6I5MN6AWCZP6PMFG5MQPYIQA,"December 16, 2019",Dramatic,Good for dramatic look,yes,0,3.0,https://www.amazon.ca/Benols-Beauty-Handmade-Eyelashes-Extension/dp/B07NSG85LC/ref=cm_cr_srp_d_product_top?ie=UTF8,2020-09-29 20:02:23.807962,2020-09-29 20:02:32.230171,jenna macdonald,Clothing & Accessories,B002G9UDYG,B07NSG85LC
8,8,AGFY6I5MN6AWCZP6PMFG5MQPYIQA,"December 16, 2019",Fast shipping,For waxing,yes,0,4.0,https://www.amazon.ca/Tongue-Depressors-Blades-Senior-Non-Sterile/dp/B0796J9KKK/ref=cm_cr_srp_d_product_top?ie=UTF8,2020-09-29 20:02:39.338678,2020-09-29 20:02:45.670165,jenna macdonald,Clothing & Accessories,B002G9UDYG,B0796J9KKK
9,9,AGFY6I5MN6AWCZP6PMFG5MQPYIQA,"December 16, 2019",Good magnet,Best so far,yes,0,3.0,https://www.amazon.ca/Magnetic-Eyelashes-Homga-Artificial-Stainless/dp/B07Y9MKSF5/ref=cm_cr_srp_d_product_top?ie=UTF8,2020-09-29 20:02:54.779937,2020-09-29 20:03:03.199394,jenna macdonald,Clothing & Accessories,B002G9UDYG,B07Y9MKSF5
10,10,AGFY6I5MN6AWCZP6PMFG5MQPYIQA,"December 16, 2019",Cute,Don’t like how it fits female head,yes,0,3.0,https://www.amazon.ca/Carhartt-Acrylic-Watch-Black-Size/dp/B002G9UDYG/ref=cm_cr_srp_d_product_top?ie=UTF8,2020-09-29 20:03:13.302314,2020-09-29 20:03:20.684844,jenna macdonald,Clothing & Accessories,B002G9UDYG,B002G9UDYG
11,11,AGFY6I5MN6AWCZP6PMFG5MQPYIQA,"December 16, 2019",Liner works well,Lashes didn’t stick well on inside,yes,0,2.0,https://www.amazon.ca/Benols-Beauty-Magnetic-Eyeliner-Eyelashes/dp/B07V22VLLP/ref=cm_cr_srp_d_product_top?ie=UTF8,2020-09-29 20:03:29.780500,2020-09-29 20:03:37.143856,jenna macdonald,Clothing & Accessories,B002G9UDYG,B07V22VLLP
12,12,AGFY6I5MN6AWCZP6PMFG5MQPYIQA,"December 16, 2019",Works good,Used for lash extensions,yes,0,5.0,https://www.amazon.ca/Baisidai-Conditioning-Blower-Eyelash-Extension/dp/B074MBV4VW/ref=cm_cr_srp_d_product_top?ie=UTF8,2020-09-29 20:03:47.244789,2020-09-29 20:03:55.665369,jenna macdonald,Clothing & Accessories,B002G9UDYG,B074MBV4VW
13,13,AGFY6I5MN6AWCZP6PMFG5MQPYIQA,"December 16, 2019",Very dramatic,To fake looking for me,yes,0,2.0,https://www.amazon.ca/Natural-Eyelashes-Lashes-Makeup-Extension/dp/B07K32VV3T/ref=cm_cr_srp_d_product_top?ie=UTF8,2020-09-29 20:04:04.763106,2020-09-29 20:04:13.143559,jenna macdonald,Clothing & Accessories,B002G9UDYG,B07K32VV3T
14,14,AGFY6I5MN6AWCZP6PMFG5MQPYIQA,"December 16, 2019",to loose of a grip,Not enough tensity,yes,0,1.0,https://www.amazon.ca/LASHVIEW-ESD-11-Eyelash-Extension-Tweezers/dp/B01MEGLGNT/ref=cm_cr_srp_d_product_top?ie=UTF8,2020-09-29 20:04:20.247290,2020-09-29 20:04:26.667959,jenna macdonald,Clothing & Accessories,B002G9UDYG,B01MEGLGNT
15,15,AGFY6I5MN6AWCZP6PMFG5MQPYIQA,"December 16, 2019",Good for beginner lash techs,Could use more tenacity in the grip,yes,0,4.0,https://www.amazon.ca/Precision-Anti-Static-Stainless-Tweezers-Durable/dp/B01M5EAMN0/ref=cm_cr_srp_d_product_top?ie=UTF8,2020-09-29 20:04:33.771360,2020-09-29 20:04:42.130462,jenna macdonald,Clothing & Accessories,B002G9UDYG,B01M5EAMN0
16,16,AGFY6I5MN6AWCZP6PMFG5MQPYIQA,"December 16, 2019",Lots of compliments,Love this item such a great space saver,yes,0,5.0,https://www.amazon.ca/LAMPTOP-Drainer-Kitchen-Stainless-Storage/dp/B07TYYL7R8/ref=cm_cr_srp_d_product_top?ie=UTF8,2020-09-29 20:04:49.243538,2020-09-29 20:04:55.610240,jenna macdonald,Clothing & Accessories,B002G9UDYG,B07TYYL7R8
17,17,AGFY6I5MN6AWCZP6PMFG5MQPYIQA,"December 16, 2019",Nice color,Thinner then other extensions but good other then that,yes,0,5.0,https://www.amazon.ca/Full-Shine-Extensions-Strand-Straight/dp/B07YDDNYWK/ref=cm_cr_srp_d_product_top?ie=UTF8,2020-09-29 20:05:03.734517,2020-09-29 20:05:11.158166,jenna macdonald,Clothing & Accessories,B002G9UDYG,B07YDDNYWK
18,18,AGFY6I5MN6AWCZP6PMFG5MQPYIQA,"December 16, 2019",Works for kinks,Dislike how you have to plug it in but love it otherwise,yes,0,3.0,https://www.amazon.ca/Shiatsu-Neck-Shoulder-Massager-Fibromyalgia/dp/B01G5U1F16/ref=cm_cr_srp_d_product_top?ie=UTF8,2020-09-29 20:05:19.262664,2020-09-29 20:05:25.679614,jenna macdonald,Clothing & Accessories,B002G9UDYG,B01G5U1F16
19,19,AGFY6I5MN6AWCZP6PMFG5MQPYIQA,"December 16, 2019",Love MK,Expensive but punctual with time,yes,0,5.0,https://www.amazon.ca/Michael-Kors-Riley-Leather-Crossbody/dp/B00QIARTJ6/ref=cm_cr_srp_d_product_top?ie=UTF8,2020-09-29 20:05:35.787986,2020-09-29 20:05:45.092811,jenna macdonald,Clothing & Accessories,B002G9UDYG,B00QIARTJ6
20,20,AGFY6I5MN6AWCZP6PMFG5MQPYIQA,"June 4, 2019",Super comfy,Wasn’t sure if they would be worth the price but I have gotten my $100 worth already love them,yes,0,5.0,https://www.amazon.ca/Carlos-Santana-Womens-Bellini-Sandal/dp/B079Z46KK6/ref=cm_cr_srp_d_product_top?ie=UTF8,2020-09-29 20:05:54.191934,2020-09-29 20:06:03.619932,jenna macdonald,Clothing & Accessories,B002G9UDYG,B079Z46KK6
21,21,AGFY6I5MN6AWCZP6PMFG5MQPYIQA,"January 12, 2019",Quick delivery,Love it,yes,0,5.0,https://www.amazon.ca/ESR-Dual-Layer-Structure-Exterior-Compatible/dp/B07FMHCRPF/ref=cm_cr_srp_d_product_top?ie=UTF8,2020-09-29 20:06:11.723674,2020-09-29 20:06:21.118472,jenna macdonald,Clothing & Accessories,B002G9UDYG,B07FMHCRPF
22,22,AGFY6I5MN6AWCZP6PMFG5MQPYIQA,"November 25, 2018",Color in photo is not the same as boot,"I ordered the wrong size. The color is not true, more of a light brown than a tan.",yes,0,4.0,https://www.amazon.ca/Very-Volatile-Womens-Raspy-Taupe/dp/B0077QNLLU/ref=cm_cr_srp_d_product_top?ie=UTF8,2020-09-29 20:06:29.217025,2020-09-29 20:06:35.613055,jenna macdonald,Clothing & Accessories,B002G9UDYG,B0077QNLLU
