,Unnamed: 0,author_id,date_review_posted,review_title,reviews,verified_purchase,people_find_helpful,ratings,product_url,start,end,reviewer_name,product_category,product_id,subproduct_id
0,0,AGG3VMKRIQPDO5YKLJ25BVPYRRAA,"August 14, 2020",Poor Quality,Flag decal was very difficult to remove and apply.,yes,0,1.0,https://www.amazon.ca/Canada-Reflective-Canadian-Police-Sticker/dp/B07G5YJKHV/ref=cm_cr_srp_d_product_top?ie=UTF8,2020-09-29 19:58:48.036683,2020-09-29 19:58:55.459106,CF,Clothing & Accessories,B002G9UDYG,B07G5YJKHV
1,1,AGG3VMKRIQPDO5YKLJ25BVPYRRAA,"February 2, 2020",Poor quality,Poor quality not silver.,yes,0,1.0,https://www.amazon.ca/11-00ct-Gemstone-Bracelet-Sterling-Silver/dp/B07FFG1Y5Y/ref=cm_cr_srp_d_product_top?ie=UTF8,2020-09-29 19:59:04.564652,2020-09-29 19:59:11.977338,CF,Clothing & Accessories,B002G9UDYG,B07FFG1Y5Y
2,2,AGG3VMKRIQPDO5YKLJ25BVPYRRAA,"February 2, 2020",Ok quality.,"Good earbuds but mine kept disconnecting from my iPhone, so I returned them.",yes,0,2.0,https://www.amazon.ca/Wireless-Gixvdcu-Bluetooth-Headphones-Waterproof/dp/B07VK4XX3W/ref=cm_cr_srp_d_product_top?ie=UTF8,2020-09-29 19:59:21.080313,2020-09-29 19:59:29.501992,CF,Clothing & Accessories,B002G9UDYG,B07VK4XX3W
3,3,AGG3VMKRIQPDO5YKLJ25BVPYRRAA,"February 2, 2020",Good quality.,Good quality.,yes,0,5.0,https://www.amazon.ca/Blocking-Genuine-Leather-Trifold-Accordion/dp/B07RZRS5ZR/ref=cm_cr_srp_d_product_top?ie=UTF8,2020-09-29 19:59:36.609272,2020-09-29 19:59:45.006184,CF,Clothing & Accessories,B002G9UDYG,B07RZRS5ZR
4,4,AGG3VMKRIQPDO5YKLJ25BVPYRRAA,"December 24, 2019",Not a watchman style hat.,"Not a watchmans hat because it sits 6” above the top of your head. A real watchmans hat should fit tight around all sides, including the top.",yes,0,1.0,https://www.amazon.ca/Carhartt-Acrylic-Watch-Black-Size/dp/B002G9UDYG/ref=cm_cr_srp_d_product_top?ie=UTF8,2020-09-29 19:59:55.112285,2020-09-29 20:00:02.459570,CF,Clothing & Accessories,B002G9UDYG,B002G9UDYG
