,Unnamed: 0,author_id,date_review_posted,review_title,reviews,verified_purchase,people_find_helpful,ratings,product_url,start,end,reviewer_name,product_category,product_id,subproduct_id
0,0,AGG3JLXGJ35AOOADFNAXUWYBCNFA,"November 7, 2019",Very cute and nice material,"Love it super cute and pretty matches my decor nicely, only downfall but I think it has to do with my floor because it’s a super glossy shiny marble and when it gets wet it’s a little slippery.",yes,0,5.0,https://www.amazon.ca/dp/B07P11GTZP/ref=cm_cr_srp_d_product_top?ie=UTF8,2020-09-30 00:42:05.767201,2020-09-30 00:42:12.175906,Chrissy,Clothing & Accessories,B002G9UDYG,B07P11GTZP
1,1,AGG3JLXGJ35AOOADFNAXUWYBCNFA,"November 7, 2019",Fit great and warm,Great basic hat my daughter wanted it because it matches her worker boots lol,yes,0,5.0,https://www.amazon.ca/Carhartt-Acrylic-Watch-Black-Size/dp/B002G9UDYG/ref=cm_cr_srp_d_product_top?ie=UTF8,2020-09-30 00:42:20.279280,2020-09-30 00:42:28.727992,Chrissy,Clothing & Accessories,B002G9UDYG,B002G9UDYG
2,2,AGG3JLXGJ35AOOADFNAXUWYBCNFA,"November 7, 2019","They are warm, look great, and feel awesome","Love love love, this boots are awesome. I have calf’s that are around 16.75” and there is still room for warmers or thick socks. The soles are great I wore them all day in Toronto yesterday about a 10 hour day and my feet were good no break in period needed. Also the material is really nice The leather is a really soft but not a too soft type of material and the inside lining is faux fur or fleece type of material really great for a fall to winter boot around town and I’m in muskoka. The ankle is wider than a regular boot which I don’t really need but more room for the woolly socks on those colder days, I would probably wear them to about -10 I know it says minus 20 but I have a pair of winter “The muck company boot” boots and will go to that I like warm toes don’t care about fashion once it’s really cold lol! This was my first purchase of women’s fashion on amazon and man I was sceptical, I’ve heard so many bad things and read so many bad reviews and I’m really picky, I like nicer things and this was a really great surprise for cheaper $$ boot!! Very satisfied!!! Thank you!!",no,0,5.0,https://www.amazon.ca/DREAM-PAIRS-Fashion-Fur-Lined-Wide-Calf/dp/B072N64R8G/ref=cm_cr_srp_d_product_top?ie=UTF8,2020-09-30 00:42:35.851362,2020-09-30 00:42:42.254820,Chrissy,Clothing & Accessories,B002G9UDYG,B072N64R8G
3,3,AGG3JLXGJ35AOOADFNAXUWYBCNFA,"September 25, 2019",Works as it is suppose to,Love it,yes,0,5.0,https://www.amazon.ca/Masontops-Plastic-Mason-Sprouting-Mouth/dp/B07899HNQM/ref=cm_cr_srp_d_product_top?ie=UTF8,2020-09-30 00:42:50.378723,2020-09-30 00:42:57.782469,Chrissy,Clothing & Accessories,B002G9UDYG,B07899HNQM
4,4,AGG3JLXGJ35AOOADFNAXUWYBCNFA,"September 20, 2019",Amazing chair! Totally worth it,Love love love these chairs they are a little heavy but they have a strap on the chair and the bag for easy carrying! They are super wide and big and comfy! Wonderful beach chair!,yes,0,5.0,https://www.amazon.ca/Kijaro-54081/dp/B00SV0L3P2/ref=cm_cr_srp_d_product_top?ie=UTF8,2020-09-30 00:43:04.922584,2020-09-30 00:43:11.364458,Chrissy,Clothing & Accessories,B002G9UDYG,B00SV0L3P2
5,5,AGG3JLXGJ35AOOADFNAXUWYBCNFA,"September 20, 2019",Great for the teenage years,My daughter and I read this before bed each night it’s a wonderful devotional really geared to teenage problems and fixes!,yes,0,5.0,https://www.amazon.ca/3-Minute-Devotions-Teen-Girls-Encouraging/dp/1630588563/ref=cm_cr_srp_d_product_top?ie=UTF8,2020-09-30 00:43:18.458604,2020-09-30 00:43:26.910527,Chrissy,Clothing & Accessories,B002G9UDYG,1630588563
6,6,AGG3JLXGJ35AOOADFNAXUWYBCNFA,"September 20, 2019",Small compact fits a lot of stuff,Great wallet works amazing and nice and small!,yes,0,5.0,https://www.amazon.ca/Dakine-Womens-Soho-Wallet-Paulina/dp/B07KS3RV89/ref=cm_cr_srp_d_product_top?ie=UTF8,2020-09-30 00:43:37.023880,2020-09-30 00:43:45.426590,Chrissy,Clothing & Accessories,B002G9UDYG,B07KS3RV89
7,7,AGG3JLXGJ35AOOADFNAXUWYBCNFA,"September 20, 2019",It came as whole nutmeg nuts I had to grind them when they areived,Ok so this product says nutmeg powder but mine can and it was whole nutmeg thankfully I have a coffee grinder (it’s a cheap one so you don’t need an expensive one to get the job done) and it grinned the whole nuts to powder. Overall though it’s a great product no complaints other than it came as whole nuts!,yes,0,4.0,https://www.amazon.ca/Organic-Nutmeg-Powder-3-5-oz/dp/B078NGWYW8/ref=cm_cr_srp_d_product_top?ie=UTF8,2020-09-30 00:43:53.519664,2020-09-30 00:44:01.914095,Chrissy,Clothing & Accessories,B002G9UDYG,B078NGWYW8
8,8,AGG3JLXGJ35AOOADFNAXUWYBCNFA,"September 20, 2019",Vinyl is great quality simply unbelievable!,"Ok I purchased the black vinyl round and rectangular bolster and the black cotton canvas pranayama bolster I would have bought the pranayama in the vinyl as well but it wasn’t available. I have kids and animals and I wanted something that would wipe clean if I needed to plus it’s a little more hygienic, I put my yoga cotton blanket on it and it’s great, the round bolster has a little more give than the rectangular one but not by much the quality is amazing I’m soooo glad I went with them. I saw a YouTube video of a yogi and she wasn’t sure where she had bought hers but said it was the best ones she had ever purchased and after many reviews and figuring out what I really needed I bought these 3, I am currently in the middle of a flare from Rheumatoid arthritis and my hips, knees and Sacroiliac joint Are causing a multitude of problems so working on some restorative poses to relieve the pain and these are literally perfect I’m 5’4” and the round bolster is just right in height for child pose the rectangular one is great for legs up the wall the support of these 3 is amazing! The cotton canvas is superior quality so is the vinyl I’m loving the vinyl almost like a super heavy gauge pleather couch material super impressed!! Don’t even think for a second these are amazing no smell and they work amazing! Thank you Bean products! Great little company in the United States 🇺🇸",no,0,5.0,https://www.amazon.ca/Bean-Products-Bolster-Rectangle-Meditation/dp/B003SA8F5Q/ref=cm_cr_srp_d_product_top?ie=UTF8,2020-09-30 00:44:09.030480,2020-09-30 00:44:16.381183,Chrissy,Clothing & Accessories,B002G9UDYG,B003SA8F5Q
