,Unnamed: 0,author_id,date_review_posted,review_title,reviews,verified_purchase,people_find_helpful,ratings,product_url,start,end,reviewer_name,product_category,product_id,subproduct_id
0,0,AGGS56PXIAGKS3MRQGOFZ2FWE3IQ,"August 21, 2020",Great bedliner,Would buy again. Wish I had bought the full one,yes,0,5.0,https://www.amazon.ca/Bedrug-XLTBMT19SBS-Mat-Non-BEDMAT-Spray/dp/B07J4RP17K/ref=cm_cr_srp_d_product_top?ie=UTF8,2020-09-18 20:44:33.651507,2020-09-18 20:44:39.948023,Amazon Customer Tim,Clothing & Accessories,B002G9UDYG,B07J4RP17K
1,1,AGGS56PXIAGKS3MRQGOFZ2FWE3IQ,"January 15, 2020",Good variety,Good value for the money,yes,0,5.0,https://www.amazon.ca/Ginsco-102pcs-Fasteners-Expansion-Replacement/dp/B076BMVZ8R/ref=cm_cr_srp_d_product_top?ie=UTF8,2020-09-18 20:44:47.043253,2020-09-18 20:44:55.381355,Amazon Customer Tim,Clothing & Accessories,B002G9UDYG,B076BMVZ8R
2,2,AGGS56PXIAGKS3MRQGOFZ2FWE3IQ,"December 26, 2019",Nice belt,Good quality leather,yes,0,5.0,https://www.amazon.ca/Timberland-Mens-35Mm-Classic-Black/dp/B00MCW8TUW/ref=cm_cr_srp_d_product_top?ie=UTF8,2020-09-18 20:45:02.476965,2020-09-18 20:45:10.818194,Amazon Customer Tim,Clothing & Accessories,B002G9UDYG,B00MCW8TUW
3,3,AGGS56PXIAGKS3MRQGOFZ2FWE3IQ,"December 26, 2019",Nice belt,Good quality leather,yes,0,5.0,https://www.amazon.ca/Timberland-Mens-Classic-Accessory-brown/dp/B079J7SCBF/ref=cm_cr_srp_d_product_top?ie=UTF8,2020-09-18 20:45:19.912985,2020-09-18 20:45:27.186643,Amazon Customer Tim,Clothing & Accessories,B002G9UDYG,B079J7SCBF
4,4,AGGS56PXIAGKS3MRQGOFZ2FWE3IQ,"December 18, 2019",Good quality,These are a good value for the money and seller is excellent to deal with,yes,0,4.0,https://www.amazon.ca/Sennheiser-CX-3-00-Black-Headphone/dp/B00NQ1808Y/ref=cm_cr_srp_d_product_top?ie=UTF8,2020-09-18 20:45:35.282930,2020-09-18 20:45:44.524991,Amazon Customer Tim,Clothing & Accessories,B002G9UDYG,B00NQ1808Y
5,5,AGGS56PXIAGKS3MRQGOFZ2FWE3IQ,"December 11, 2019",Works good,These fit good and for the money good valvue,yes,0,4.0,https://www.amazon.ca/AIKELA-Bluetooth-Headphones-Waterproof-Earphones/dp/B07WD3QLVD/ref=cm_cr_srp_d_product_top?ie=UTF8,2020-09-18 20:45:53.614793,2020-09-18 20:45:59.898709,Amazon Customer Tim,Clothing & Accessories,B002G9UDYG,B07WD3QLVD
6,6,AGGS56PXIAGKS3MRQGOFZ2FWE3IQ,"December 11, 2019",Warm,"Fits good, lots of stretch, keeps the head and ears warm",yes,0,5.0,https://www.amazon.ca/Carhartt-Acrylic-Watch-Black-Size/dp/B002G9UDYG/ref=cm_cr_srp_d_product_top?ie=UTF8,2020-09-18 20:46:09.989930,2020-09-18 20:46:16.258056,Amazon Customer Tim,Clothing & Accessories,B002G9UDYG,B002G9UDYG
7,7,AGGS56PXIAGKS3MRQGOFZ2FWE3IQ,"September 12, 2019",Good Quality,SR SUN RISE products are well made and good value for the dollar,yes,0,5.0,https://www.amazon.ca/SR-SUN-RISE-Stainless-Showerhead/dp/B01AA6BTEY/ref=cm_cr_srp_d_product_top?ie=UTF8,2020-09-18 20:46:23.348054,2020-09-18 20:46:32.622660,Amazon Customer Tim,Clothing & Accessories,B002G9UDYG,B01AA6BTEY
8,8,AGGS56PXIAGKS3MRQGOFZ2FWE3IQ,"September 5, 2019",Good quality,Sounds great,yes,0,5.0,https://www.amazon.ca/Auxiliary-Professional-Gold-Plated-Braided-Fastening/dp/B07L6K9DXW/ref=cm_cr_srp_d_product_top?ie=UTF8,2020-09-18 20:46:42.716040,2020-09-18 20:46:49.995157,Amazon Customer Tim,Clothing & Accessories,B002G9UDYG,B07L6K9DXW
9,9,AGGS56PXIAGKS3MRQGOFZ2FWE3IQ,"September 5, 2019",Works great,Would buy again,yes,One,5.0,https://www.amazon.ca/Audio-switch-stereo-selector-headphones/dp/B0787VHMJH/ref=cm_cr_srp_d_product_top?ie=UTF8,2020-09-18 20:46:57.091685,2020-09-18 20:47:06.378494,Amazon Customer Tim,Clothing & Accessories,B002G9UDYG,B0787VHMJH
10,10,AGGS56PXIAGKS3MRQGOFZ2FWE3IQ,"August 15, 2019",Works Great,No more overcooked meat,yes,0,5.0,https://www.amazon.ca/Digital-Meat-Thermometer-Waterproof-Calibration/dp/B06Y4YY4L9/ref=cm_cr_srp_d_product_top?ie=UTF8,2020-09-18 20:47:13.469576,2020-09-18 20:47:22.821652,Amazon Customer Tim,Clothing & Accessories,B002G9UDYG,B06Y4YY4L9
11,11,AGGS56PXIAGKS3MRQGOFZ2FWE3IQ,"August 15, 2019",Works Great,Does the job,yes,0,5.0,https://www.amazon.ca/Melnor-Ind-Inc-Oscillating-Sprinkler/dp/B0017QDHYM/ref=cm_cr_srp_d_product_top?ie=UTF8,2020-09-18 20:47:32.908861,2020-09-18 20:47:39.214058,Amazon Customer Tim,Clothing & Accessories,B002G9UDYG,B0017QDHYM
12,12,AGGS56PXIAGKS3MRQGOFZ2FWE3IQ,"August 15, 2019",Good Quality,Look real nice on the car,yes,0,5.0,https://www.amazon.ca/C6-Corvette-License-Plate-Frame/dp/B001LQHUBE/ref=cm_cr_srp_d_product_top?ie=UTF8,2020-09-18 20:47:48.334610,2020-09-18 20:47:54.618545,Amazon Customer Tim,Clothing & Accessories,B002G9UDYG,B001LQHUBE
13,13,AGGS56PXIAGKS3MRQGOFZ2FWE3IQ,"August 4, 2019",Real nice,These look real good on the truck and seem to be of good quality,yes,0,5.0,https://www.amazon.ca/Toyota-Tundra-2014-2019-Tailgate-Insert/dp/B07FFRFM67/ref=cm_cr_srp_d_product_top?ie=UTF8,2020-09-18 20:48:01.703842,2020-09-18 20:48:10.032876,Amazon Customer Tim,Clothing & Accessories,B002G9UDYG,B07FFRFM67
14,14,AGGS56PXIAGKS3MRQGOFZ2FWE3IQ,"August 4, 2019",Excellent boot,Can't beat the price,yes,0,5.0,https://www.amazon.ca/Sorel-Mens-Caribou-Boot-Bruno/dp/B005L2EKIA/ref=cm_cr_srp_d_product_top?ie=UTF8,2020-09-18 20:48:20.130529,2020-09-18 20:48:27.401466,Amazon Customer Tim,Clothing & Accessories,B002G9UDYG,B005L2EKIA
15,15,AGGS56PXIAGKS3MRQGOFZ2FWE3IQ,"August 4, 2019",Work great,These work great,yes,0,5.0,https://www.amazon.ca/HDMI-Switch-4K-Splitter-Bi-Direction/dp/B07TBCJHK9/ref=cm_cr_srp_d_product_top?ie=UTF8,2020-09-18 20:48:36.494798,2020-09-18 20:48:42.772352,Amazon Customer Tim,Clothing & Accessories,B002G9UDYG,B07TBCJHK9
16,16,AGGS56PXIAGKS3MRQGOFZ2FWE3IQ,"August 4, 2019",Good quality,Easy to install,yes,0,5.0,https://www.amazon.ca/SR-Handheld-Concealed-Installation-Finished/dp/B06XK4M33C/ref=cm_cr_srp_d_product_top?ie=UTF8,2020-09-18 20:48:52.863880,2020-09-18 20:49:01.159950,Amazon Customer Tim,Clothing & Accessories,B002G9UDYG,B06XK4M33C
17,17,AGGS56PXIAGKS3MRQGOFZ2FWE3IQ,"August 4, 2019",Good quality,Good value for the dollar and easy to install,yes,0,5.0,https://www.amazon.ca/SR-SUN-RISE-ARY0002-Ceiling/dp/B07C7SF15D/ref=cm_cr_srp_d_product_top?ie=UTF8,2020-09-18 20:49:08.254531,2020-09-18 20:49:17.547214,Amazon Customer Tim,Clothing & Accessories,B002G9UDYG,B07C7SF15D
18,18,AGGS56PXIAGKS3MRQGOFZ2FWE3IQ,"August 4, 2019",Good value for the dollar,Sound quality is excellent and battery life is superior,yes,0,5.0,https://www.amazon.ca/TRANYA-Bluetooth-Headphones-Microphone-Continuous/dp/B07S86TJSQ/ref=cm_cr_srp_d_product_top?ie=UTF8,2020-09-18 20:49:24.635739,2020-09-18 20:49:30.942860,Amazon Customer Tim,Clothing & Accessories,B002G9UDYG,B07S86TJSQ
19,19,AGGS56PXIAGKS3MRQGOFZ2FWE3IQ,"July 8, 2019",Good value for the dollar,I have completed the rough in of this shower system with no problems This system seems to be of real good quality and good value for the money I would not hesitate to purchase this again or another product from S R Sunrise,yes,0,5.0,https://www.amazon.ca/SR-SUN-RISE-CA-C1203-Bathroom/dp/B07B8Y1228/ref=cm_cr_srp_d_product_top?ie=UTF8,2020-09-18 20:49:38.043512,2020-09-18 20:49:45.325953,Amazon Customer Tim,Clothing & Accessories,B002G9UDYG,B07B8Y1228
20,20,AGGS56PXIAGKS3MRQGOFZ2FWE3IQ,"January 26, 2019",Love it,Nicest little pump I ever had. Works excellent,yes,0,5.0,https://www.amazon.ca/AstroAI-Compressor-Electric-Portable-Automobiles/dp/B078LYX5YF/ref=cm_cr_srp_d_product_top?ie=UTF8,2020-09-18 20:49:53.419220,2020-09-18 20:49:59.694959,Amazon Customer Tim,Clothing & Accessories,B002G9UDYG,B078LYX5YF
21,21,AGGS56PXIAGKS3MRQGOFZ2FWE3IQ,"January 26, 2019",Excellent,Works great,yes,0,5.0,https://www.amazon.ca/Slime-20332-Inflator-Hose-Adapter/dp/B01MY55BT5/ref=cm_cr_srp_d_product_top?ie=UTF8,2020-09-18 20:50:06.785984,2020-09-18 20:50:14.049334,Amazon Customer Tim,Clothing & Accessories,B002G9UDYG,B01MY55BT5
22,22,AGGS56PXIAGKS3MRQGOFZ2FWE3IQ,"January 26, 2019",Good,The female end could fit a little better but if you wiggle it a bit it connects and works,yes,0,4.0,https://www.amazon.ca/Electop-Cigarette-Lighter-Extension-Extender/dp/B075CZG3C6/ref=cm_cr_srp_d_product_top?ie=UTF8,2020-09-18 20:50:21.140320,2020-09-18 20:50:28.401911,Amazon Customer Tim,Clothing & Accessories,B002G9UDYG,B075CZG3C6
23,23,AGGS56PXIAGKS3MRQGOFZ2FWE3IQ,"January 26, 2019",good,Excellent,yes,0,5.0,https://www.amazon.ca/Bosch-TS1004-Table-Dust-Collector/dp/B00004R9LF/ref=cm_cr_srp_d_product_top?ie=UTF8,2020-09-18 20:50:35.493362,2020-09-18 20:50:44.754116,Amazon Customer Tim,Clothing & Accessories,B002G9UDYG,B00004R9LF
24,24,AGGS56PXIAGKS3MRQGOFZ2FWE3IQ,"December 27, 2018",Good price,Seem to work so far,yes,0,5.0,https://www.amazon.ca/dp/B07FWNTMMG/ref=cm_cr_srp_d_product_top?ie=UTF8,2020-09-18 20:50:54.839972,2020-09-18 20:51:01.125303,Amazon Customer Tim,Clothing & Accessories,B002G9UDYG,B07FWNTMMG
25,25,AGGS56PXIAGKS3MRQGOFZ2FWE3IQ,"December 27, 2018",Nice,Was well worth the money,yes,0,5.0,https://www.amazon.ca/Visconti-Leather-Distressed-Messenger-Collection/dp/B007KD9WVS/ref=cm_cr_srp_d_product_top?ie=UTF8,2020-09-18 20:51:08.215870,2020-09-18 20:51:15.499051,Amazon Customer Tim,Clothing & Accessories,B002G9UDYG,B007KD9WVS
26,26,AGGS56PXIAGKS3MRQGOFZ2FWE3IQ,"December 27, 2018",Good price,Not sure if its real leather,no,0,4.0,https://www.amazon.ca/RAS-Genuine-Leather-Overnight-Toiletry/dp/B01F25TTEU/ref=cm_cr_srp_d_product_top?ie=UTF8,2020-09-18 20:51:23.589886,2020-09-18 20:51:29.858008,Amazon Customer Tim,Clothing & Accessories,B002G9UDYG,B01F25TTEU
27,27,AGGS56PXIAGKS3MRQGOFZ2FWE3IQ,"December 27, 2018",Good price,Good deal for GM filters,yes,0,5.0,https://www.amazon.ca/ACDelco-A2945C-Professional-Air-Filter/dp/B000A6Z9F0/ref=cm_cr_srp_d_product_top?ie=UTF8,2020-09-18 20:51:37.953190,2020-09-18 20:51:44.249619,Amazon Customer Tim,Clothing & Accessories,B002G9UDYG,B000A6Z9F0
28,28,AGGS56PXIAGKS3MRQGOFZ2FWE3IQ,"December 27, 2018",Excellent,Really dress up my truck nice,yes,0,5.0,https://www.amazon.ca/Maple4x4-2014-Injection-Installation-Instructions/dp/B074119QKR/ref=cm_cr_srp_d_product_top?ie=UTF8,2020-09-18 20:51:52.342092,2020-09-18 20:52:00.635449,Amazon Customer Tim,Clothing & Accessories,B002G9UDYG,B074119QKR
29,29,AGGS56PXIAGKS3MRQGOFZ2FWE3IQ,"December 27, 2018",Nice,well worth the money,yes,0,5.0,https://www.amazon.ca/TK-KLZ-Chevrolet-Corvette-Decorative-Accessory/dp/B07FCD8NHX/ref=cm_cr_srp_d_product_top?ie=UTF8,2020-09-18 20:52:10.724077,2020-09-18 20:52:20.057207,Amazon Customer Tim,Clothing & Accessories,B002G9UDYG,B07FCD8NHX
30,30,AGGS56PXIAGKS3MRQGOFZ2FWE3IQ,"September 20, 2018",perfect,Can't beat the originals,yes,0,5.0,https://www.amazon.ca/ACDelco-171-1094-Original-Equipment-Brake/dp/B005OVDJSA/ref=cm_cr_srp_d_product_top?ie=UTF8,2020-09-18 20:52:30.151048,2020-09-18 20:52:36.434873,Amazon Customer Tim,Clothing & Accessories,B002G9UDYG,B005OVDJSA
31,31,AGGS56PXIAGKS3MRQGOFZ2FWE3IQ,"September 20, 2018",Nice,Worked good for drilling in tight spots,no,0,5.0,https://www.amazon.ca/DEWALT-DWARA100-Right-Adapter-Attachment/dp/B00C0VSNKQ/ref=cm_cr_srp_d_product_top?ie=UTF8,2020-09-18 20:52:46.526179,2020-09-18 20:52:53.832536,Amazon Customer Tim,Clothing & Accessories,B002G9UDYG,B00C0VSNKQ
32,32,AGGS56PXIAGKS3MRQGOFZ2FWE3IQ,"September 20, 2018",excellent,Exact same as the original,yes,0,5.0,https://www.amazon.ca/ACDelco-D1436G-Original-Equipment-Ignition/dp/B001KSCUQI/ref=cm_cr_srp_d_product_top?ie=UTF8,2020-09-18 20:53:03.924491,2020-09-18 20:53:12.233699,Amazon Customer Tim,Clothing & Accessories,B002G9UDYG,B001KSCUQI
33,33,AGGS56PXIAGKS3MRQGOFZ2FWE3IQ,"September 20, 2018",Nice,"Really good set of bits, good price",yes,0,5.0,https://www.amazon.ca/DEWALT-DW1587-8-Inch-1-Inch-Assortment/dp/B0001LQYJ4/ref=cm_cr_srp_d_product_top?ie=UTF8,2020-09-18 20:53:22.323681,2020-09-18 20:53:30.603915,Amazon Customer Tim,Clothing & Accessories,B002G9UDYG,B0001LQYJ4
34,34,AGGS56PXIAGKS3MRQGOFZ2FWE3IQ,"September 20, 2018",Bad,These bits seem to take to big a bite in the wood and keep jamming,yes,0,1.0,https://www.amazon.ca/Bosch-DSB1013-1-Inch-6-Inch-Daredevil/dp/B001NGPAA0/ref=cm_cr_srp_d_product_top?ie=UTF8,2020-09-18 20:53:40.698738,2020-09-18 20:53:49.988194,Amazon Customer Tim,Clothing & Accessories,B002G9UDYG,B001NGPAA0
35,35,AGGS56PXIAGKS3MRQGOFZ2FWE3IQ,"September 20, 2018",excellent,Work like a dream,yes,0,5.0,https://www.amazon.ca/DEWALT-DW1583-8-Inch-6-Inch-Spade/dp/B0001LQYI0/ref=cm_cr_srp_d_product_top?ie=UTF8,2020-09-18 20:53:58.082103,2020-09-18 20:54:04.387142,Amazon Customer Tim,Clothing & Accessories,B002G9UDYG,B0001LQYI0
36,36,AGGS56PXIAGKS3MRQGOFZ2FWE3IQ,"September 20, 2018",great,Fits like a glove,yes,0,5.0,https://www.amazon.ca/dp/B075SYT2MD/ref=cm_cr_srp_d_product_top?ie=UTF8,2020-09-18 20:54:13.475781,2020-09-18 20:54:21.757067,Amazon Customer Tim,Clothing & Accessories,B002G9UDYG,B075SYT2MD
37,37,AGGS56PXIAGKS3MRQGOFZ2FWE3IQ,"September 20, 2018",perfect,Nothing like the originals,yes,0,5.0,https://www.amazon.ca/ACDelco-177-0962-Original-Equipment-Brake/dp/B0010G2H4K/ref=cm_cr_srp_d_product_top?ie=UTF8,2020-09-18 20:54:29.848263,2020-09-18 20:54:39.103756,Amazon Customer Tim,Clothing & Accessories,B002G9UDYG,B0010G2H4K
38,38,AGGS56PXIAGKS3MRQGOFZ2FWE3IQ,"September 20, 2018",Nice,Great wrench,yes,0,5.0,https://www.amazon.ca/Tacklife-Torque-Wrench-10-150-13-6-203-5nm/dp/B073VLFGH2/ref=cm_cr_srp_d_product_top?ie=UTF8,2020-09-18 20:54:46.196013,2020-09-18 20:54:53.508425,Amazon Customer Tim,Clothing & Accessories,B002G9UDYG,B073VLFGH2
39,39,AGGS56PXIAGKS3MRQGOFZ2FWE3IQ,"September 20, 2018",Wrong size,These do not fit a 2005 C6 corvette coupe with a JL9 brake package,yes,0,1.0,https://www.amazon.ca/ACDelco-177-0924-Original-Equipment-Front/dp/B000NW8DM2/ref=cm_cr_srp_d_product_top?ie=UTF8,2020-09-18 20:55:03.602533,2020-09-18 20:55:12.833217,Amazon Customer Tim,Clothing & Accessories,B002G9UDYG,B000NW8DM2
40,40,AGGS56PXIAGKS3MRQGOFZ2FWE3IQ,"September 20, 2018",Great pads,Nothing like the originals,yes,0,5.0,https://www.amazon.ca/ACDelco-171-1093-Original-Equipment-Front/dp/B005OVDJ6M/ref=cm_cr_srp_d_product_top?ie=UTF8,2020-09-18 20:55:19.922101,2020-09-18 20:55:27.182616,Amazon Customer Tim,Clothing & Accessories,B002G9UDYG,B005OVDJ6M
41,41,AGGS56PXIAGKS3MRQGOFZ2FWE3IQ,"September 20, 2018",excellent,Nice set of impact sockets,yes,0,5.0,https://www.amazon.ca/DEWALT-DWMT74737-Tough-Impact-Socket/dp/B01IFSX6UY/ref=cm_cr_srp_d_product_top?ie=UTF8,2020-09-18 20:55:37.274628,2020-09-18 20:55:45.545748,Amazon Customer Tim,Clothing & Accessories,B002G9UDYG,B01IFSX6UY
42,42,AGGS56PXIAGKS3MRQGOFZ2FWE3IQ,"September 20, 2018",Wrong size,According to their chart they fit a 2005 C6 corvette but it depends on what brake package you have,yes,0,1.0,https://www.amazon.ca/ACDelco-177-0925-Original-Equipment-Drilled/dp/B000NWA5PA/ref=cm_cr_srp_d_product_top?ie=UTF8,2020-09-18 20:55:52.627147,2020-09-18 20:56:00.970630,Amazon Customer Tim,Clothing & Accessories,B002G9UDYG,B000NWA5PA
43,43,AGGS56PXIAGKS3MRQGOFZ2FWE3IQ,"August 19, 2018",Great umbrella,Well worth the money,yes,0,5.0,https://www.amazon.ca/Outdoor-Market-Umbrella-Parasol-Fiberglass/dp/B0795R7YGL/ref=cm_cr_srp_d_product_top?ie=UTF8,2020-09-18 20:56:09.064678,2020-09-18 20:56:18.309843,Amazon Customer Tim,Clothing & Accessories,B002G9UDYG,B0795R7YGL
44,44,AGGS56PXIAGKS3MRQGOFZ2FWE3IQ,"June 13, 2018",Five Stars,Excellent product Fits like a glove,yes,0,5.0,https://www.amazon.ca/Bosch-TS1007-Dado-Insert/dp/B00004R9LH/ref=cm_cr_srp_d_product_top?ie=UTF8,2020-09-18 20:56:25.399837,2020-09-18 20:56:34.670781,Amazon Customer Tim,Clothing & Accessories,B002G9UDYG,B00004R9LH
45,45,AGGS56PXIAGKS3MRQGOFZ2FWE3IQ,"June 13, 2018",Four Stars,It took the cap off but had to pry it off the cap (2014 Toyota Tundra 5.7 liter),yes,One,4.0,https://www.amazon.ca/Capri-Tools-21026-Filter-Compatible/dp/B00NWYBGMM/ref=cm_cr_srp_d_product_top?ie=UTF8,2020-09-18 20:56:42.765427,2020-09-18 20:56:51.053766,Amazon Customer Tim,Clothing & Accessories,B002G9UDYG,B00NWYBGMM
46,46,AGGS56PXIAGKS3MRQGOFZ2FWE3IQ,"June 13, 2018",Five Stars,"Easy to install,l so far, so good. Now only time will tell",yes,0,5.0,https://www.amazon.ca/Field-Controls-SW-17-Scalesweeper-Descale/dp/B01N6Y8GHP/ref=cm_cr_srp_d_product_top?ie=UTF8,2020-09-18 20:57:00.144012,2020-09-18 20:57:07.448181,Amazon Customer Tim,Clothing & Accessories,B002G9UDYG,B01N6Y8GHP
47,47,AGGS56PXIAGKS3MRQGOFZ2FWE3IQ,"February 27, 2018",Five Stars,Works great and was at a good price,yes,One,5.0,https://www.amazon.ca/Bosch-GLL-55-Self-Leveling-Cross-Line/dp/B01KM3PY8W/ref=cm_cr_srp_d_product_top?ie=UTF8,2020-09-18 20:57:17.540984,2020-09-18 20:57:26.820862,Amazon Customer Tim,Clothing & Accessories,B002G9UDYG,B01KM3PY8W
48,48,AGGS56PXIAGKS3MRQGOFZ2FWE3IQ,"February 27, 2018",Five Stars,These were an excellent buy,yes,0,5.0,https://www.amazon.ca/DEWALT-DBN18150-18-Gauge-2-Inch-5000-Pack/dp/B003YL45BM/ref=cm_cr_srp_d_product_top?ie=UTF8,2020-09-18 20:57:36.912368,2020-09-18 20:57:43.161875,Amazon Customer Tim,Clothing & Accessories,B002G9UDYG,B003YL45BM
49,49,AGGS56PXIAGKS3MRQGOFZ2FWE3IQ,"February 27, 2018",Five Stars,Good level for the price,yes,0,5.0,https://www.amazon.ca/STANLEY-FATMAX-FMHT42355-Premium-24-Inch/dp/B012I667NW/ref=cm_cr_srp_d_product_top?ie=UTF8,2020-09-18 20:57:52.254840,2020-09-18 20:57:59.521129,Amazon Customer Tim,Clothing & Accessories,B002G9UDYG,B012I667NW
50,50,AGGS56PXIAGKS3MRQGOFZ2FWE3IQ,"February 27, 2018",Five Stars,good deal for a fullback hat,yes,0,5.0,https://www.amazon.ca/adidas-Golden-Knights-Structured-Multicolor/dp/B07678QGY2/ref=cm_cr_srp_d_product_top?ie=UTF8,2020-09-18 20:58:06.612777,2020-09-18 20:58:13.857350,Amazon Customer Tim,Clothing & Accessories,B002G9UDYG,B07678QGY2
51,51,AGGS56PXIAGKS3MRQGOFZ2FWE3IQ,"February 27, 2018",Five Stars,Would buy again,yes,0,5.0,https://www.amazon.ca/BOSTITCH-BT1350B-2-Inch-18-Gauge-Nails/dp/B000BQMRU4/ref=cm_cr_srp_d_product_top?ie=UTF8,2020-09-18 20:58:20.948561,2020-09-18 20:58:28.212205,Amazon Customer Tim,Clothing & Accessories,B002G9UDYG,B000BQMRU4
52,52,AGGS56PXIAGKS3MRQGOFZ2FWE3IQ,"February 27, 2018",Five Stars,Great buy,yes,0,5.0,https://www.amazon.ca/Bedroom-Bathroom-Hallway-Stairways-Brightness/dp/B06XKFSY2Q/ref=cm_cr_srp_d_product_top?ie=UTF8,2020-09-18 20:58:35.303020,2020-09-18 20:58:41.565056,Amazon Customer Tim,Clothing & Accessories,B002G9UDYG,B06XKFSY2Q
53,53,AGGS56PXIAGKS3MRQGOFZ2FWE3IQ,"January 18, 2018",Excellent purchase,Arrived early works real good and would purchase again,yes,0,5.0,https://www.amazon.ca/DEWALT-DCK299P2-Lithium-Brushless-Premium/dp/B01DQ19B1S/ref=cm_cr_srp_d_product_top?ie=UTF8,2020-09-18 20:58:51.658695,2020-09-18 20:58:59.954878,Amazon Customer Tim,Clothing & Accessories,B002G9UDYG,B01DQ19B1S
54,54,AGGS56PXIAGKS3MRQGOFZ2FWE3IQ,"January 18, 2018",Good deal,Arrived 2 days early and works great,yes,0,5.0,https://www.amazon.ca/Mpow-Bluetooth-Over-head-Headphones-Detachable/dp/B01GE6OS3I/ref=cm_cr_srp_d_product_top?ie=UTF8,2020-09-18 20:59:10.048927,2020-09-18 20:59:19.312661,Amazon Customer Tim,Clothing & Accessories,B002G9UDYG,B01GE6OS3I
55,55,AGGS56PXIAGKS3MRQGOFZ2FWE3IQ,"January 18, 2018",Good buy,Delivered on time and bought at a good price,yes,0,5.0,https://www.amazon.ca/DEWALT-DW3128-12-Inch-Crosscutting-1-Inch/dp/B0000225MO/ref=cm_cr_srp_d_product_top?ie=UTF8,2020-09-18 20:59:27.405253,2020-09-18 20:59:33.701577,Amazon Customer Tim,Clothing & Accessories,B002G9UDYG,B0000225MO
56,56,AGGS56PXIAGKS3MRQGOFZ2FWE3IQ,"January 18, 2018",Super buy,Delivered earlier than predicted super buy and works great,yes,0,5.0,https://www.amazon.ca/Monster-BackFloat-Definition-Bluetooth-Waterproof/dp/B00RVKNOQ4/ref=cm_cr_srp_d_product_top?ie=UTF8,2020-09-18 20:59:42.810971,2020-09-18 20:59:51.064767,Amazon Customer Tim,Clothing & Accessories,B002G9UDYG,B00RVKNOQ4
57,57,AGGS56PXIAGKS3MRQGOFZ2FWE3IQ,"January 18, 2018",Fit like a glove,"Delivered on time, made from heavy duty material and fit like a glove",yes,0,5.0,https://www.amazon.ca/Bosch-TS1016-Outfeed-Support-Assembly/dp/B0105D9LRY/ref=cm_cr_srp_d_product_top?ie=UTF8,2020-09-18 21:00:01.157769,2020-09-18 21:00:07.456784,Amazon Customer Tim,Clothing & Accessories,B002G9UDYG,B0105D9LRY
58,58,AGGS56PXIAGKS3MRQGOFZ2FWE3IQ,"January 18, 2018",Five Stars,Delivered on time and bought at a good price,yes,0,5.0,https://www.amazon.ca/EZARC-Oscillating-Multitool-Material-Stainless/dp/B01MG7OGLW/ref=cm_cr_srp_d_product_top?ie=UTF8,2020-09-18 21:00:17.549214,2020-09-18 21:00:25.885803,Amazon Customer Tim,Clothing & Accessories,B002G9UDYG,B01MG7OGLW
59,59,AGGS56PXIAGKS3MRQGOFZ2FWE3IQ,"January 18, 2018",Five Stars,Delivered on time and bought at a good price,yes,0,5.0,https://www.amazon.ca/EZARC-Oscillating-Multitool-Release-Precision/dp/B01MQ0D02E/ref=cm_cr_srp_d_product_top?ie=UTF8,2020-09-18 21:00:32.978953,2020-09-18 21:00:41.252423,Amazon Customer Tim,Clothing & Accessories,B002G9UDYG,B01MQ0D02E
60,60,AGGS56PXIAGKS3MRQGOFZ2FWE3IQ,"January 18, 2018",Five Stars,Delivered on time and bought at a good price,yes,0,5.0,https://www.amazon.ca/DW3106P5-10-Inch-60-Tooth-Crosscutting-32-Tooth/dp/B00005A1H7/ref=cm_cr_srp_d_product_top?ie=UTF8,2020-09-18 21:00:49.347034,2020-09-18 21:00:55.604031,Amazon Customer Tim,Clothing & Accessories,B002G9UDYG,B00005A1H7
61,61,AGGS56PXIAGKS3MRQGOFZ2FWE3IQ,"November 14, 2017",Quality wallet,This wallet is made of really nice leather and you can tell the workmanship is of the highest quality. Excellent value for the money,no,One,5.0,https://www.amazon.ca/Polare-Blocking-Vintage-Italian-Genuine/dp/B013OTEXCO/ref=cm_cr_srp_d_product_top?ie=UTF8,2020-09-18 21:01:05.697039,2020-09-18 21:01:14.933931,Amazon Customer Tim,Clothing & Accessories,B002G9UDYG,B013OTEXCO
62,62,AGGS56PXIAGKS3MRQGOFZ2FWE3IQ,"November 6, 2017",very pleased with this product exactly as,very pleased with this product exactly as advertised. Would purchase again,yes,0,5.0,https://www.amazon.ca/Polare-Leather-Professional-Briefcase-Business/dp/B01I3AJSBU/ref=cm_cr_srp_d_product_top?ie=UTF8,2020-09-18 21:01:22.023407,2020-09-18 21:01:31.288157,Amazon Customer Tim,Clothing & Accessories,B002G9UDYG,B01I3AJSBU
63,63,AGGS56PXIAGKS3MRQGOFZ2FWE3IQ,"October 16, 2017",Five Stars,This was an excellent purchase.,yes,0,5.0,https://www.amazon.ca/DEWALT-DCB205-2-Lithium-Battery-2-Pack/dp/B00KQU1ENG/ref=cm_cr_srp_d_product_top?ie=UTF8,2020-09-18 21:01:39.375081,2020-09-18 21:01:46.634352,Amazon Customer Tim,Clothing & Accessories,B002G9UDYG,B00KQU1ENG
64,64,AGGS56PXIAGKS3MRQGOFZ2FWE3IQ,"October 7, 2017",Needs stronger guard,Nice saw but would like to see the guard for the blade made out of stronger material,yes,One,4.0,https://www.amazon.ca/DEWALT-DCS391B-20-volt-Li-Ion-Circular/dp/B007NVSTO8/ref=cm_cr_srp_d_product_top?ie=UTF8,2020-09-18 21:01:55.726258,2020-09-18 21:02:03.023000,Amazon Customer Tim,Clothing & Accessories,B002G9UDYG,B007NVSTO8
65,65,AGGS56PXIAGKS3MRQGOFZ2FWE3IQ,"June 21, 2017",Five Stars,Excellent tool,yes,0,5.0,https://www.amazon.ca/DW059B-Bare-Tool-18-Volt-Cordless-Battery/dp/B002VWK5R8/ref=cm_cr_srp_d_product_top?ie=UTF8,2020-09-18 21:02:10.118447,2020-09-18 21:02:17.384469,Amazon Customer Tim,Clothing & Accessories,B002G9UDYG,B002VWK5R8
66,66,AGGS56PXIAGKS3MRQGOFZ2FWE3IQ,"June 21, 2017",Five Stars,Exceeds expectations,yes,0,5.0,https://www.amazon.ca/DCD950B-Bare-Tool-18-Volt-XRPHammerdrill-Battery/dp/B002RT7K3W/ref=cm_cr_srp_d_product_top?ie=UTF8,2020-09-18 21:02:26.478521,2020-09-18 21:02:33.780947,Amazon Customer Tim,Clothing & Accessories,B002G9UDYG,B002RT7K3W
67,67,AGGS56PXIAGKS3MRQGOFZ2FWE3IQ,"May 20, 2017",Five Stars,Excellent product,yes,0,5.0,https://www.amazon.ca/DEWALT-DC9096-2-18-Volt-Pod-Style-Battery/dp/B0001ZI560/ref=cm_cr_srp_d_product_top?ie=UTF8,2020-09-18 21:02:42.875848,2020-09-18 21:02:51.150804,Amazon Customer Tim,Clothing & Accessories,B002G9UDYG,B0001ZI560
68,68,AGGS56PXIAGKS3MRQGOFZ2FWE3IQ,"November 9, 2016",Nice bag,"Completely satisfied now, but only time will tell, how it will hold up",yes,0,5.0,https://www.amazon.ca/Baigio-Leather-Weekender-Travel-Overnight/dp/B0140RTAMM/ref=cm_cr_srp_d_product_top?ie=UTF8,2020-09-18 21:02:58.243361,2020-09-18 21:03:06.495904,Amazon Customer Tim,Clothing & Accessories,B002G9UDYG,B0140RTAMM
