,Unnamed: 0,author_id,date_review_posted,review_title,reviews,verified_purchase,people_find_helpful,ratings,product_url,start,end,reviewer_name,product_category,product_id,subproduct_id
0,0,AGJ2KMVJN7NLSBTHMC6X7JUPWKAA,"February 14, 2020",Broke ten uses in,I got a king size and theres two controls. One for each half of the blanket. We have used it maybe 10 times and one side already doesnt work. I cant recommend this product. It is soft and at first worked great but 10 uses for such an expensive blanket is not acceptable .,yes,3,1.0,https://www.amazon.ca/Sunbeam-Microplush-Blanket-ComfortTech-Controller/dp/B07Z1HDX8N/ref=cm_cr_srp_d_product_top?ie=UTF8,2020-09-18 22:43:59.096444,2020-09-18 22:44:05.384551,kamackrell,Clothing & Accessories,B002G9UDYG,B07Z1HDX8N
1,1,AGJ2KMVJN7NLSBTHMC6X7JUPWKAA,"January 4, 2020",Quality Carthartt product as usual,Fits great and is very warm. Never disappointed with Carthartt,yes,0,5.0,https://www.amazon.ca/Carhartt-Acrylic-Watch-Black-Size/dp/B002G9UDYG/ref=cm_cr_srp_d_product_top?ie=UTF8,2020-09-18 22:44:14.476292,2020-09-18 22:44:20.747530,kamackrell,Clothing & Accessories,B002G9UDYG,B002G9UDYG
2,2,AGJ2KMVJN7NLSBTHMC6X7JUPWKAA,"January 4, 2020",Good buy,Its good. Not great. I think as time goes on alexa will get better and better. I enjoy this thing a lot I have my news and coffee ready beside each other in the morning,yes,0,4.0,https://www.amazon.ca/Echo-Show-5/dp/B07KD6RCKS/ref=cm_cr_srp_d_product_top?ie=UTF8,2020-09-18 22:44:28.839618,2020-09-18 22:44:37.123452,kamackrell,Clothing & Accessories,B002G9UDYG,B07KD6RCKS
3,3,AGJ2KMVJN7NLSBTHMC6X7JUPWKAA,"January 4, 2020",Speaker is abysmal everything else is great,The speaker is awful people can barely hear me. Other than that ita been pretty good.,yes,0,4.0,https://www.amazon.ca/Ring-Video-Doorbell-2/dp/B072QLXK2T/ref=cm_cr_srp_d_product_top?ie=UTF8,2020-09-18 22:44:47.212640,2020-09-18 22:44:54.463779,kamackrell,Clothing & Accessories,B002G9UDYG,B072QLXK2T
4,4,AGJ2KMVJN7NLSBTHMC6X7JUPWKAA,"January 4, 2020",I like it,It was pretty easy to install. I'd buy it again.,yes,0,4.0,https://www.amazon.ca/Refoss-Garage-Control-Compatible-Assistant/dp/B07PM59X4J/ref=cm_cr_srp_d_product_top?ie=UTF8,2020-09-18 22:45:01.555968,2020-09-18 22:45:09.832030,kamackrell,Clothing & Accessories,B002G9UDYG,B07PM59X4J
5,5,AGJ2KMVJN7NLSBTHMC6X7JUPWKAA,"January 4, 2020",Good buy,Works great. Looks good. Came a little small tho,yes,0,4.0,https://www.amazon.ca/Fruit-Loom-Classics-Midweight-Thermal/dp/B00N3UMVHE/ref=cm_cr_srp_d_product_top?ie=UTF8,2020-09-18 22:45:17.924557,2020-09-18 22:45:26.174129,kamackrell,Clothing & Accessories,B002G9UDYG,B00N3UMVHE
6,6,AGJ2KMVJN7NLSBTHMC6X7JUPWKAA,"January 4, 2020",Came ginormous,They came ginormous,yes,0,2.0,https://www.amazon.ca/Fruit-Loom-Classic-Midweight-Thermal/dp/B07D5VPLH1/ref=cm_cr_srp_d_product_top?ie=UTF8,2020-09-18 22:45:33.264701,2020-09-18 22:45:40.510285,kamackrell,Clothing & Accessories,B002G9UDYG,B07D5VPLH1
7,7,AGJ2KMVJN7NLSBTHMC6X7JUPWKAA,"January 4, 2020",Quality from carthartt as usual,It's really warm but it doesn't cover my neck well,yes,0,5.0,https://www.amazon.ca/Carhartt-Mens-Helmet-Liner-Black/dp/B002G9UERM/ref=cm_cr_srp_d_product_top?ie=UTF8,2020-09-18 22:45:50.602488,2020-09-18 22:45:57.876879,kamackrell,Clothing & Accessories,B002G9UDYG,B002G9UERM
8,8,AGJ2KMVJN7NLSBTHMC6X7JUPWKAA,"January 4, 2020",The real deal,Purchased for a great aunt's lamp. Worked as advertised.,yes,0,5.0,https://www.amazon.ca/Satco-Products-S1826-120-Volt-Contact/dp/B0081Q4H40/ref=cm_cr_srp_d_product_top?ie=UTF8,2020-09-18 22:46:05.969080,2020-09-18 22:46:14.279742,kamackrell,Clothing & Accessories,B002G9UDYG,B0081Q4H40
9,9,AGJ2KMVJN7NLSBTHMC6X7JUPWKAA,"January 4, 2020",I wouldn't buy it again,This thing was brutal. It kept randomly opening and dropping my phone while I waa driving.,yes,0,1.0,https://www.amazon.ca/Wireless-Automatic-Clamping-Infrared-Compatible/dp/B07TRSW9VT/ref=cm_cr_srp_d_product_top?ie=UTF8,2020-09-18 22:46:21.376108,2020-09-18 22:46:28.707015,kamackrell,Clothing & Accessories,B002G9UDYG,B07TRSW9VT
10,10,AGJ2KMVJN7NLSBTHMC6X7JUPWKAA,"August 11, 2019",Solid glove,Felt great. Looks good,yes,0,4.0,https://www.amazon.ca/Callaway-Weather-Spann-Durability-Single/dp/B07KWSHD5K/ref=cm_cr_srp_d_product_top?ie=UTF8,2020-09-18 22:46:37.798314,2020-09-18 22:46:45.063602,kamackrell,Clothing & Accessories,B002G9UDYG,B07KWSHD5K
11,11,AGJ2KMVJN7NLSBTHMC6X7JUPWKAA,"June 25, 2019",Good buy,Bought the short sleeve after,yes,0,4.0,https://www.amazon.ca/Pioneer-V1051270-L-Birdseye-Sleeve-Safety/dp/B01N241MDH/ref=cm_cr_srp_d_product_top?ie=UTF8,2020-09-18 22:46:55.148704,2020-09-18 22:47:02.436761,kamackrell,Clothing & Accessories,B002G9UDYG,B01N241MDH
12,12,AGJ2KMVJN7NLSBTHMC6X7JUPWKAA,"June 25, 2019",Would buy again,Work great,yes,0,4.0,https://www.amazon.ca/594501-Microfiber-Bulk-Cleaning-Cloth/dp/B0772WKW5M/ref=cm_cr_srp_d_product_top?ie=UTF8,2020-09-18 22:47:10.531004,2020-09-18 22:47:17.785567,kamackrell,Clothing & Accessories,B002G9UDYG,B0772WKW5M
13,13,AGJ2KMVJN7NLSBTHMC6X7JUPWKAA,"June 25, 2019",Would buy again,Love em,yes,0,4.0,https://www.amazon.ca/TEKFIT-2-Pack-Active-Sleeve-Shirts/dp/B07C2Y8K31/ref=cm_cr_srp_d_product_top?ie=UTF8,2020-09-18 22:47:27.866833,2020-09-18 22:47:34.119134,kamackrell,Clothing & Accessories,B002G9UDYG,B07C2Y8K31
14,14,AGJ2KMVJN7NLSBTHMC6X7JUPWKAA,"June 25, 2019",Work well,Work well,yes,0,5.0,https://www.amazon.ca/Six-Star-Nutrition-Shaker-Bottle/dp/B00HHZ68RA/ref=cm_cr_srp_d_product_top?ie=UTF8,2020-09-18 22:47:44.242630,2020-09-18 22:47:52.526726,kamackrell,Clothing & Accessories,B002G9UDYG,B00HHZ68RA
15,15,AGJ2KMVJN7NLSBTHMC6X7JUPWKAA,"June 25, 2019",Great,Couldn't be better.,yes,0,5.0,https://www.amazon.ca/Cavity-Gumdrop-Chocolate-Droppers-Approved/dp/B076NV16GK/ref=cm_cr_srp_d_product_top?ie=UTF8,2020-09-18 22:48:02.608916,2020-09-18 22:48:10.859540,kamackrell,Clothing & Accessories,B002G9UDYG,B076NV16GK
16,16,AGJ2KMVJN7NLSBTHMC6X7JUPWKAA,"June 25, 2019",If you need waterproof only,Didn't like the screwing for the headphones Jack. Only get if you totally need waterproof,yes,0,3.0,https://www.amazon.ca/LifeProof-7757862-Samsung-Galaxy-Black/dp/B00Z7TOO6U/ref=cm_cr_srp_d_product_top?ie=UTF8,2020-09-18 22:48:17.952300,2020-09-18 22:48:25.231705,kamackrell,Clothing & Accessories,B002G9UDYG,B00Z7TOO6U
17,17,AGJ2KMVJN7NLSBTHMC6X7JUPWKAA,"June 25, 2019",Good buy,Came quick work well,yes,0,4.0,https://www.amazon.ca/Stainless-Steel-Strainer-Colander-Handle/dp/B01DVHGGEM/ref=cm_cr_srp_d_product_top?ie=UTF8,2020-09-18 22:48:34.322699,2020-09-18 22:48:41.609739,kamackrell,Clothing & Accessories,B002G9UDYG,B01DVHGGEM
18,18,AGJ2KMVJN7NLSBTHMC6X7JUPWKAA,"June 25, 2019",Delish,Tastes great,yes,0,5.0,https://www.amazon.ca/Edge-Protein-Honey-Almond-Cereal/dp/B01IR0BP0I/ref=cm_cr_srp_d_product_top?ie=UTF8,2020-09-18 22:48:50.701923,2020-09-18 22:48:59.005547,kamackrell,Clothing & Accessories,B002G9UDYG,B01IR0BP0I
19,19,AGJ2KMVJN7NLSBTHMC6X7JUPWKAA,"June 25, 2019",Not bad,Good shirt. I found ones I prefer but these are good too.,yes,0,4.0,https://www.amazon.ca/Pioneer-V1051170-L-Birdseye-Reflective-T-Shirt/dp/B01N2419BN/ref=cm_cr_srp_d_product_top?ie=UTF8,2020-09-18 22:49:06.097193,2020-09-18 22:49:15.342852,kamackrell,Clothing & Accessories,B002G9UDYG,B01N2419BN
20,20,AGJ2KMVJN7NLSBTHMC6X7JUPWKAA,"June 25, 2019",Love em,Great shoe. Fit perfect. Feels great with thin socks. Very comfortable.,yes,0,5.0,https://www.amazon.ca/Adidas-Mens-Response-Cblack-Black/dp/B01J461MPW/ref=cm_cr_srp_d_product_top?ie=UTF8,2020-09-18 22:49:24.432651,2020-09-18 22:49:32.711479,kamackrell,Clothing & Accessories,B002G9UDYG,B01J461MPW
21,21,AGJ2KMVJN7NLSBTHMC6X7JUPWKAA,"June 25, 2019",Dug it,About as good as it gets,yes,0,5.0,https://www.amazon.ca/ALLMAX-ISOFLEX-Protein-Isolate-Chocolate/dp/B00474L9DM/ref=cm_cr_srp_d_product_top?ie=UTF8,2020-09-18 22:49:39.802048,2020-09-18 22:49:48.119768,kamackrell,Clothing & Accessories,B002G9UDYG,B00474L9DM
22,22,AGJ2KMVJN7NLSBTHMC6X7JUPWKAA,"June 25, 2019",Stay away,These were awful. The neck stitching is very poorly done. It looks terrible when you put it on. I have two of their dry fit long sleeve and they are good. Stay away from these.,yes,0,1.0,https://www.amazon.ca/TEXFIT-2-Pack-Mens-Polo-Shirts/dp/B07MC7K2D8/ref=cm_cr_srp_d_product_top?ie=UTF8,2020-09-18 22:49:55.212939,2020-09-18 22:50:02.531264,kamackrell,Clothing & Accessories,B002G9UDYG,B07MC7K2D8
23,23,AGJ2KMVJN7NLSBTHMC6X7JUPWKAA,"April 13, 2019",I liked them,great for the price,yes,0,4.0,https://www.amazon.ca/Harbinger-2-Inch-Power-Cotton-Lifting/dp/B001181RSY/ref=cm_cr_srp_d_product_top?ie=UTF8,2020-09-18 22:50:12.621281,2020-09-18 22:50:21.900896,kamackrell,Clothing & Accessories,B002G9UDYG,B001181RSY
24,24,AGJ2KMVJN7NLSBTHMC6X7JUPWKAA,"March 4, 2019",steer clear of these seat covers. money waster.,the worst product ive ever ordered online. got 4 front seat covers instead of covers for the front and back. ugliest most illfitting pieces of junk to ever grace my possesion. steer clear.,yes,0,1.0,https://www.amazon.ca/ARRIVAL-CAR-PASS-Montclair-Universal/dp/B076FTJ35D/ref=cm_cr_srp_d_product_top?ie=UTF8,2020-09-18 22:50:28.996330,2020-09-18 22:50:37.259922,kamackrell,Clothing & Accessories,B002G9UDYG,B076FTJ35D
25,25,AGJ2KMVJN7NLSBTHMC6X7JUPWKAA,"December 31, 2018",good,fits will quality acceptable,yes,0,4.0,https://www.amazon.ca/Hanes-Pullover-EcoSmart-Fleece-Sweatshirt/dp/B071WWY2X3/ref=cm_cr_srp_d_product_top?ie=UTF8,2020-09-18 22:50:45.368165,2020-09-18 22:50:54.635416,kamackrell,Clothing & Accessories,B002G9UDYG,B071WWY2X3
26,26,AGJ2KMVJN7NLSBTHMC6X7JUPWKAA,"December 31, 2018",not bad,fits alright,yes,0,4.0,https://www.amazon.ca/International-Basic-Driving-Gloves-Black/dp/B00IVP8X6E/ref=cm_cr_srp_d_product_top?ie=UTF8,2020-09-18 22:51:01.727111,2020-09-18 22:51:08.977414,kamackrell,Clothing & Accessories,B002G9UDYG,B00IVP8X6E
27,27,AGJ2KMVJN7NLSBTHMC6X7JUPWKAA,"December 31, 2018",holds drinks.,good mug.,yes,0,5.0,https://www.amazon.ca/SCSF-Dunder-Mifflin-Quotes-Stainless/dp/B01N1TMNCV/ref=cm_cr_srp_d_product_top?ie=UTF8,2020-09-18 22:51:18.065442,2020-09-18 22:51:26.312149,kamackrell,Clothing & Accessories,B002G9UDYG,B01N1TMNCV
