,Unnamed: 0,author_id,date_review_posted,review_title,reviews,verified_purchase,people_find_helpful,ratings,product_url,start,end,reviewer_name,product_category,product_id,subproduct_id
0,0,AGLDEZEF4MV6CWG66KNSYBNIY3LA,"February 21, 2020",Love this!,Really easy to clean and great colour! Makes baking fun! I also bought the matching icing spatula.,yes,0,5.0,https://www.amazon.ca/JAMIE-OLIVER-Springform-Inches-Nonstick/dp/B01D6KCLNE/ref=cm_cr_srp_d_product_top?ie=UTF8,2020-09-19 01:15:57.228591,2020-09-19 01:16:03.468454,Amazon Customer,Clothing & Accessories,B002G9UDYG,B01D6KCLNE
1,1,AGLDEZEF4MV6CWG66KNSYBNIY3LA,"February 21, 2020",Very pretty,I love the design and colour! Works well and easy to hand wash.,yes,0,5.0,https://www.amazon.ca/Jamie-Oliver-Kitchen-Palette-Knife/dp/B072FJJ6JK/ref=cm_cr_srp_d_product_top?ie=UTF8,2020-09-19 01:16:10.562842,2020-09-19 01:16:19.820331,Amazon Customer,Clothing & Accessories,B002G9UDYG,B072FJJ6JK
2,2,AGLDEZEF4MV6CWG66KNSYBNIY3LA,"February 21, 2020",Good size!,Big blue balloons. Look really cute!,yes,0,5.0,https://www.amazon.ca/Balloons-50-Count-Colorful-Birthday-Kid-Friendly/dp/B079C311VS/ref=cm_cr_srp_d_product_top?ie=UTF8,2020-09-19 01:16:26.919047,2020-09-19 01:16:35.179033,Amazon Customer,Clothing & Accessories,B002G9UDYG,B079C311VS
3,3,AGLDEZEF4MV6CWG66KNSYBNIY3LA,"February 21, 2020","I wouldn't recommend the case, but I still use it","It's a durable case in protecting your phone and I really like the piece to use as a stand for watching YouTube or Netflix. The only downfall is the coating on the case scratches off easily. I've just scratched it all off, so that it's one even colour. It's more of a lighter pink. I'm not sure why they bother with the top coating as it doesn't stay on.",yes,0,3.0,https://www.amazon.ca/Spigen-Extreme-Protection-Technology-Designed/dp/B074CN6S15/ref=cm_cr_srp_d_product_top?ie=UTF8,2020-09-19 01:16:44.269131,2020-09-19 01:16:50.534323,Amazon Customer,Clothing & Accessories,B002G9UDYG,B074CN6S15
4,4,AGLDEZEF4MV6CWG66KNSYBNIY3LA,"February 21, 2020",I love this classic tarot deck with the muted colours,Great quality cards and I loved the additional illustrations that came along with the deck. Would highly recommend!,yes,0,5.0,https://www.amazon.ca/Smith-Waite-Centennial-Tarot-Pamela-Coleman/dp/1572817623/ref=cm_cr_srp_d_product_top?ie=UTF8,2020-09-19 01:16:58.629015,2020-09-19 01:17:05.904679,Amazon Customer,Clothing & Accessories,B002G9UDYG,1572817623
5,5,AGLDEZEF4MV6CWG66KNSYBNIY3LA,"February 21, 2020",Works well,"I use this on little travel adventures when I can't bring the letterbox in. Haven't tried while flying yet. I bring a ziplock bag of litter with me to fill when needed for the box. It's somewhat easy to empty out, except the sides start collapsing on you as you do, so it takes finesse. Cleans easy enough. I do like that it folds up after.",yes,0,5.0,https://www.amazon.ca/Texsens-Innovative-Traveler-Backpack-Switchable/dp/B074SJ2NCT/ref=cm_cr_srp_d_product_top?ie=UTF8,2020-09-19 01:17:13.996158,2020-09-19 01:17:21.271711,Amazon Customer,Clothing & Accessories,B002G9UDYG,B074SJ2NCT
6,6,AGLDEZEF4MV6CWG66KNSYBNIY3LA,"February 21, 2020",Great toque,Fits comfortably and looks cool. Keeps my head warm while I'm at it.,yes,0,5.0,https://www.amazon.ca/Carhartt-Acrylic-Watch-Black-Size/dp/B002G9UDYG/ref=cm_cr_srp_d_product_top?ie=UTF8,2020-09-19 01:17:28.360986,2020-09-19 01:17:37.593571,Amazon Customer,Clothing & Accessories,B002G9UDYG,B002G9UDYG
7,7,AGLDEZEF4MV6CWG66KNSYBNIY3LA,"February 21, 2020",Great little pots with holes for plants,I bought these for some small plants I've taken cuttings for and they're perfect! Glad they have a decent size drainage hole and a bottom tray.,yes,0,5.0,https://www.amazon.ca/T4U-Ceramic-Flowing-Succulent-Container/dp/B07QX9VV6M/ref=cm_cr_srp_d_product_top?ie=UTF8,2020-09-19 01:17:47.684513,2020-09-19 01:17:56.973797,Amazon Customer,Clothing & Accessories,B002G9UDYG,B07QX9VV6M
8,8,AGLDEZEF4MV6CWG66KNSYBNIY3LA,"January 19, 2019",My favourite pen.,"Great pen, but didn’t need the magnet. Seems kind of wasteful.",yes,0,5.0,https://www.amazon.ca/BLACK-Pen-12-Pack-Fridge/dp/B06XDS7KK1/ref=cm_cr_srp_d_product_top?ie=UTF8,2020-09-19 01:18:06.065719,2020-09-19 01:18:14.342032,Amazon Customer,Clothing & Accessories,B002G9UDYG,B06XDS7KK1
9,9,AGLDEZEF4MV6CWG66KNSYBNIY3LA,"December 27, 2018",Beautiful recipes,Great book! Can’t wait to use it.,yes,0,5.0,https://www.amazon.ca/Naturally-Nourished-Delicious-Everyday-Ingredients/dp/0449016463/ref=cm_cr_srp_d_product_top?ie=UTF8,2020-09-19 01:18:21.432675,2020-09-19 01:18:30.679622,Amazon Customer,Clothing & Accessories,B002G9UDYG,0449016463
10,10,AGLDEZEF4MV6CWG66KNSYBNIY3LA,"January 6, 2018",Unpredictable seeds,"I've changed my review since growing the AeroGarden herbs for a couple of months now. My parsley grew wonderfully, the oregano has only produced one stem and there have been only four mature leaves on it. They brown and die typically, but I'm still hoping he'll pull through. The basil was wonderful, but the seeds have been mixed. I ordered Italian herbs and one of the basil stems is a Thai basil.",yes,3,3.0,https://www.amazon.ca/AeroGarden-Italian-Herb-Seed-9-Pod/dp/B01614SYXI/ref=cm_cr_srp_d_product_top?ie=UTF8,2020-09-19 01:18:39.762592,2020-09-19 01:18:46.059406,Amazon Customer,Clothing & Accessories,B002G9UDYG,B01614SYXI
11,11,AGLDEZEF4MV6CWG66KNSYBNIY3LA,"December 13, 2017",Two Stars,My cat doesn't find it as interesting as I hoped.,yes,0,2.0,https://www.amazon.ca/JW-Pet-0471045-Company-Spring/dp/B002Q41UFC/ref=cm_cr_srp_d_product_top?ie=UTF8,2020-09-19 01:18:53.150758,2020-09-19 01:19:00.459585,Amazon Customer,Clothing & Accessories,B002G9UDYG,B002Q41UFC
12,12,AGLDEZEF4MV6CWG66KNSYBNIY3LA,"December 13, 2017",Three Stars,"We went up half a size on purchase, but definitely needed a full size up.",yes,0,3.0,https://www.amazon.ca/Nike-Runner-Running-Shoes-Black/dp/B01DAVNLPG/ref=cm_cr_srp_d_product_top?ie=UTF8,2020-09-19 01:19:08.549095,2020-09-19 01:19:14.819593,Amazon Customer,Clothing & Accessories,B002G9UDYG,B01DAVNLPG
