,Unnamed: 0,author_id,date_review_posted,review_title,reviews,verified_purchase,people_find_helpful,ratings,product_url,start,end,reviewer_name,product_category,product_id,subproduct_id
0,0,AGNCVIG6JUE2PCIKMEF3IWGYHA5Q,"August 29, 2020",Love,Love this bikini! Makes your bum look super nice,yes,0,5.0,https://www.amazon.ca/Bsubseach-Swimsuit-Waisted-Shoulder-Scalloped/dp/B083DNXDFM/ref=cm_cr_srp_d_product_top?ie=UTF8,2020-09-19 02:12:27.742700,2020-09-19 02:12:35.013110,Julia Butler,Clothing & Accessories,B002G9UDYG,B083DNXDFM
1,1,AGNCVIG6JUE2PCIKMEF3IWGYHA5Q,"August 29, 2020",Strange fit...,Such an odd fit on the head! The middle of the hat is super puffy. Looks a bit silly.,yes,0,3.0,https://www.amazon.ca/BYERCLUB-Reversible-Fashionable-Fishing-Chapeau/dp/B089QX16V3/ref=cm_cr_srp_d_product_top?ie=UTF8,2020-09-19 02:12:43.107368,2020-09-19 02:12:56.704930,Julia Butler,Clothing & Accessories,B002G9UDYG,B089QX16V3
2,2,AGNCVIG6JUE2PCIKMEF3IWGYHA5Q,"August 29, 2020",Meh,It’s definitely a cute anklet but the chain is so small and dainty. It got caught on my blanket in my sleep and the chain broke right off after one day.,yes,0,3.0,https://www.amazon.ca/ChicSilver-Sterling-Bracelet-Zirconia-Adjustable/dp/B087R3H3S4/ref=cm_cr_srp_d_product_top?ie=UTF8,2020-09-19 02:13:06.805112,2020-09-19 02:13:16.065944,Julia Butler,Clothing & Accessories,B002G9UDYG,B087R3H3S4
3,3,AGNCVIG6JUE2PCIKMEF3IWGYHA5Q,"August 29, 2020",Happy customer,Perfect protection for your screen. Comes with extras too!,yes,0,5.0,https://www.amazon.ca/UniqueMe-iPhone-Pro-Max-Installation/dp/B088K1W58J/ref=cm_cr_srp_d_product_top?ie=UTF8,2020-09-19 02:13:26.154832,2020-09-19 02:13:33.472392,Julia Butler,Clothing & Accessories,B002G9UDYG,B088K1W58J
4,4,AGNCVIG6JUE2PCIKMEF3IWGYHA5Q,"August 29, 2020",Super cute,Cute and fun! Comes with so many I put one on all chargers in my house hold lol. It’s really saved my MacBook charging cord. It was beginning to become twisted on the end but this helped a lot!,yes,0,5.0,https://www.amazon.ca/KUUQA-Protector-Animals-Charging-Compatible/dp/B07PQPXKH7/ref=cm_cr_srp_d_product_top?ie=UTF8,2020-09-19 02:13:40.563329,2020-09-19 02:13:49.810092,Julia Butler,Clothing & Accessories,B002G9UDYG,B07PQPXKH7
5,5,AGNCVIG6JUE2PCIKMEF3IWGYHA5Q,"August 29, 2020",Order a size or 2 up!,I was looking for an over sized fit so I sized up but I should have sized up twice. Other than that it’s super cute!,yes,0,4.0,https://www.amazon.ca/Harley-Davidson-Military-Sales-T-Shirt-Bahrain/dp/B01N51VHIX/ref=cm_cr_srp_d_product_top?ie=UTF8,2020-09-19 02:13:57.911066,2020-09-19 02:14:04.156839,Julia Butler,Clothing & Accessories,B002G9UDYG,B01N51VHIX
6,6,AGNCVIG6JUE2PCIKMEF3IWGYHA5Q,"August 29, 2020",Beautiful!,Love these lights. The on and off switch is perfect and I like that I can choose the brightness to my desire. They wrap completely around my room as well. I put the excess in a Large clear Vase on my floor and it looks stunning!,yes,0,5.0,https://www.amazon.ca/Twinkle-Bedroom-Birthday-Wedding-Valentines/dp/B082XYNBQ5/ref=cm_cr_srp_d_product_top?ie=UTF8,2020-09-19 02:14:14.252726,2020-09-19 02:14:21.564023,Julia Butler,Clothing & Accessories,B002G9UDYG,B082XYNBQ5
7,7,AGNCVIG6JUE2PCIKMEF3IWGYHA5Q,"August 29, 2020",Recommended,Love it! It’s just like the pictures :),yes,0,5.0,https://www.amazon.ca/Kate-Spade-KSIPH135PDGPC-iPhone-ProMax/dp/B07VB5W7B9/ref=cm_cr_srp_d_product_top?ie=UTF8,2020-09-19 02:14:30.657600,2020-09-19 02:14:39.916228,Julia Butler,Clothing & Accessories,B002G9UDYG,B07VB5W7B9
8,8,AGNCVIG6JUE2PCIKMEF3IWGYHA5Q,"August 27, 2020",You get what you pay for.,"Set up the projector outside at night to watch movies with my friends under the stars. Picture was great, but after 20 minutes the USB port stopped working. Tried different cables and different phones to connect and there was just no signal. After about 30 minutes of trying to get that to work, I connected my Apple TV through the HDMI port on the projector. It worked for about 15 minutes, then would stop every 5 minutes and id have to restart the projector to get it to work again. After 2 hours total of trying to get this thing to work, we finally gave up. It was a bummer and ruined the night.",yes,0,2.0,https://www.amazon.ca/Technology-Projector-Synchronize-Smartphone-Compatible/dp/B07Z4L7KFX/ref=cm_cr_srp_d_product_top?ie=UTF8,2020-09-19 02:14:47.007741,2020-09-19 02:14:53.295569,Julia Butler,Clothing & Accessories,B002G9UDYG,B07Z4L7KFX
9,9,AGNCVIG6JUE2PCIKMEF3IWGYHA5Q,"March 19, 2020",Yum,Got these for my boss because she loves game of thrones... and I mean who doesn’t love Oreos?,yes,0,5.0,https://www.amazon.ca/Oreo-Thrones-Cookies-Original-Grams/dp/B07QXTBF6D/ref=cm_cr_srp_d_product_top?ie=UTF8,2020-09-19 02:15:00.392040,2020-09-19 02:15:09.650433,Julia Butler,Clothing & Accessories,B002G9UDYG,B07QXTBF6D
10,10,AGNCVIG6JUE2PCIKMEF3IWGYHA5Q,"March 19, 2020",Great addition to the kitchen,Got this for my fam. They love it and we all use it all the time!,yes,0,5.0,https://www.amazon.ca/Hamilton-Beach-31142-Toaster-Oven-Silver/dp/B01JOZSG2K/ref=cm_cr_srp_d_product_top?ie=UTF8,2020-09-19 02:15:17.745362,2020-09-19 02:15:25.018306,Julia Butler,Clothing & Accessories,B002G9UDYG,B01JOZSG2K
11,11,AGNCVIG6JUE2PCIKMEF3IWGYHA5Q,"March 19, 2020",Dainty,Not bad! Really small though so I lost them all pretty quick... they come out easily.,yes,0,1.0,https://www.amazon.ca/Milacolato-Sterling-Assorted-Piercing-Hypoallergenic/dp/B07R6MHWHB/ref=cm_cr_srp_d_product_top?ie=UTF8,2020-09-19 02:15:35.110145,2020-09-19 02:15:41.354797,Julia Butler,Clothing & Accessories,B002G9UDYG,B07R6MHWHB
12,12,AGNCVIG6JUE2PCIKMEF3IWGYHA5Q,"March 19, 2020",Awesome,Got this as a gift for my boss who’s obsessed with game of thrones and puzzles. She loved it!,yes,0,5.0,https://www.amazon.ca/Game-Thrones-Collector-Set-Puzzle/dp/B07Q3Y9DWX/ref=cm_cr_srp_d_product_top?ie=UTF8,2020-09-19 02:15:51.446721,2020-09-19 02:15:58.718294,Julia Butler,Clothing & Accessories,B002G9UDYG,B07Q3Y9DWX
13,13,AGNCVIG6JUE2PCIKMEF3IWGYHA5Q,"March 19, 2020",Excellent,Gift for my mom- she loves these!,yes,0,5.0,https://www.amazon.ca/TURTLES-Original-Chocolates-350g/dp/B073TZWBSQ/ref=cm_cr_srp_d_product_top?ie=UTF8,2020-09-19 02:16:05.811069,2020-09-19 02:16:13.135420,Julia Butler,Clothing & Accessories,B002G9UDYG,B073TZWBSQ
14,14,AGNCVIG6JUE2PCIKMEF3IWGYHA5Q,"March 19, 2020",Size up for sure!,Super comfy and over sized which is what I wanted :),yes,0,5.0,https://www.amazon.ca/CORIRESHA-Fashion-Hoodie-Sweatshirt-Kangaroo/dp/B075HGPJ7F/ref=cm_cr_srp_d_product_top?ie=UTF8,2020-09-19 02:16:22.227391,2020-09-19 02:16:28.499842,Julia Butler,Clothing & Accessories,B002G9UDYG,B075HGPJ7F
15,15,AGNCVIG6JUE2PCIKMEF3IWGYHA5Q,"March 19, 2020",So tasty,These are new and I hope they’re here to stay!,yes,0,5.0,https://www.amazon.ca/NESTL%C3%89-KITKAT-White-Chocolatey-Wafer/dp/B07L91TCJ1/ref=cm_cr_srp_d_product_top?ie=UTF8,2020-09-19 02:16:36.595693,2020-09-19 02:16:42.850803,Julia Butler,Clothing & Accessories,B002G9UDYG,B07L91TCJ1
16,16,AGNCVIG6JUE2PCIKMEF3IWGYHA5Q,"March 19, 2020",Fav,Fav Easter chocolate by far,yes,0,5.0,https://www.amazon.ca/Cadbury-Creme-Mini-Chocolate-Tube/dp/B0192WGD34/ref=cm_cr_srp_d_product_top?ie=UTF8,2020-09-19 02:16:49.943529,2020-09-19 02:16:56.179376,Julia Butler,Clothing & Accessories,B002G9UDYG,B0192WGD34
17,17,AGNCVIG6JUE2PCIKMEF3IWGYHA5Q,"March 19, 2020",Good,Yum!,yes,0,5.0,https://www.amazon.ca/Nestl%C3%A9-AERO-Peppermint-4x41g-Multipack/dp/B00GMA7E0G/ref=cm_cr_srp_d_product_top?ie=UTF8,2020-09-19 02:17:06.275152,2020-09-19 02:17:12.526559,Julia Butler,Clothing & Accessories,B002G9UDYG,B00GMA7E0G
18,18,AGNCVIG6JUE2PCIKMEF3IWGYHA5Q,"March 18, 2020",Hope it works,"Bought these for my mom for her birthday. She hasn’t opened her gift yet, but I’m worried the top is going to be too small. She’s a small lady so I went up a couple sizes to be safe so I hope that works out!",yes,0,4.0,https://www.amazon.ca/Ekouaer-Pajamas-Womens-Sleeve-Sleepwear/dp/B07NPG4T5D/ref=cm_cr_srp_d_product_top?ie=UTF8,2020-09-19 02:17:19.621425,2020-09-19 02:17:26.936438,Julia Butler,Clothing & Accessories,B002G9UDYG,B07NPG4T5D
19,19,AGNCVIG6JUE2PCIKMEF3IWGYHA5Q,"March 18, 2020",Yum!,Delicious,yes,0,5.0,https://www.amazon.ca/Waterbridge-Belgian-Chocolate-Seashells-Carton/dp/B07MQTPRNZ/ref=cm_cr_srp_d_product_top?ie=UTF8,2020-09-19 02:17:37.033298,2020-09-19 02:17:46.299897,Julia Butler,Clothing & Accessories,B002G9UDYG,B07MQTPRNZ
20,20,AGNCVIG6JUE2PCIKMEF3IWGYHA5Q,"March 18, 2020",Comfy,Love this hat!,yes,0,5.0,https://www.amazon.ca/Carhartt-Acrylic-Watch-Black-Size/dp/B002G9UDYG/ref=cm_cr_srp_d_product_top?ie=UTF8,2020-09-19 02:17:53.395914,2020-09-19 02:18:02.731885,Julia Butler,Clothing & Accessories,B002G9UDYG,B002G9UDYG
21,21,AGNCVIG6JUE2PCIKMEF3IWGYHA5Q,"March 18, 2020",Cute,What fountain was easy to assemble and worked great! Unfortunately my cats are little brats and couldn’t stop pulling off the top and getting water everywhere :(,yes,0,5.0,https://www.amazon.ca/Fountain-Stainless-Indicator-Automatic-Replacement/dp/B07W5YYGFS/ref=cm_cr_srp_d_product_top?ie=UTF8,2020-09-19 02:18:09.825836,2020-09-19 02:18:18.093766,Julia Butler,Clothing & Accessories,B002G9UDYG,B07W5YYGFS
22,22,AGNCVIG6JUE2PCIKMEF3IWGYHA5Q,"March 18, 2020",Good,So far so good!,yes,0,5.0,https://www.amazon.ca/LK-Protector-Compatible-Anti-Bubble-Replacement/dp/B07CXN96BT/ref=cm_cr_srp_d_product_top?ie=UTF8,2020-09-19 02:18:26.182905,2020-09-19 02:18:35.427523,Julia Butler,Clothing & Accessories,B002G9UDYG,B07CXN96BT
23,23,AGNCVIG6JUE2PCIKMEF3IWGYHA5Q,"March 18, 2020",Nice!,"Super comfy! Wish it was a bit longer but other then that it’s fashionable and
Cozy",yes,0,5.0,https://www.amazon.ca/Ecupper-Womens-Pullover-Sweatshirt-Outwear/dp/B07JN7GNJR/ref=cm_cr_srp_d_product_top?ie=UTF8,2020-09-19 02:18:44.517166,2020-09-19 02:18:51.835037,Julia Butler,Clothing & Accessories,B002G9UDYG,B07JN7GNJR
24,24,AGNCVIG6JUE2PCIKMEF3IWGYHA5Q,"March 18, 2020",Meh,Honestly really tricky to use and the instructions were unclear.,yes,0,3.0,https://www.amazon.ca/Simpeak-Compatible-Stainless-Replacement-Wristband/dp/B01MY12RU0/ref=cm_cr_srp_d_product_top?ie=UTF8,2020-09-19 02:18:59.925278,2020-09-19 02:19:06.175203,Julia Butler,Clothing & Accessories,B002G9UDYG,B01MY12RU0
25,25,AGNCVIG6JUE2PCIKMEF3IWGYHA5Q,"March 18, 2020",Dad loves it!,Got this for my dad for his birthday and he absolutely adores it. Plays it nearly everyday! Has all the retro games he used to play when he was young.,yes,0,5.0,https://www.amazon.ca/Retro-Mini-Console-Classic-Games/dp/B0745BJS8N/ref=cm_cr_srp_d_product_top?ie=UTF8,2020-09-19 02:19:16.268643,2020-09-19 02:19:24.547767,Julia Butler,Clothing & Accessories,B002G9UDYG,B0745BJS8N
26,26,AGNCVIG6JUE2PCIKMEF3IWGYHA5Q,"March 18, 2020",Yum,Was a gift- but who doesn’t love Lindor!,yes,0,5.0,https://www.amazon.ca/Lindt-Lindor-Chocolate-Jumbo-truffles/dp/B07HR6SHNS/ref=cm_cr_srp_d_product_top?ie=UTF8,2020-09-19 02:19:32.642099,2020-09-19 02:19:41.918325,Julia Butler,Clothing & Accessories,B002G9UDYG,B07HR6SHNS
27,27,AGNCVIG6JUE2PCIKMEF3IWGYHA5Q,"March 18, 2020",Awesome,Great headset! drowns out any noise around you and has a very clear mic!,yes,0,5.0,https://www.amazon.ca/Micolindun-Surround-Earmuffs-Cancelling-Headphones/dp/B07W8LCH1B/ref=cm_cr_srp_d_product_top?ie=UTF8,2020-09-19 02:19:52.009492,2020-09-19 02:20:01.249824,Julia Butler,Clothing & Accessories,B002G9UDYG,B07W8LCH1B
28,28,AGNCVIG6JUE2PCIKMEF3IWGYHA5Q,"March 18, 2020","Yes,yes, yes!",This is my absolute favourite. Got all my friends using it too. Super easy to use and keeps your eyebrows looking full for a few days!,yes,0,5.0,https://www.amazon.ca/Maybelline-New-York-Tattoo-Medium/dp/B073VLY6WH/ref=cm_cr_srp_d_product_top?ie=UTF8,2020-09-19 02:20:11.344060,2020-09-19 02:20:19.691016,Julia Butler,Clothing & Accessories,B002G9UDYG,B073VLY6WH
29,29,AGNCVIG6JUE2PCIKMEF3IWGYHA5Q,"March 18, 2020",Just ok.,"I’ll be honest- eating keto is hard. Every recipe is just filled with cheese. These crisps are good if you aren’t completely cheesed-out already. I won’t buy them again personally, but I’m sure they could become someone else’s favourite snack.",yes,0,4.0,https://www.amazon.ca/WHISPS-PARM-Cheese-Crisps-Parmesan-Grams/dp/B07S8FMFDT/ref=cm_cr_srp_d_product_top?ie=UTF8,2020-09-19 02:20:29.785500,2020-09-19 02:20:39.058041,Julia Butler,Clothing & Accessories,B002G9UDYG,B07S8FMFDT
30,30,AGNCVIG6JUE2PCIKMEF3IWGYHA5Q,"March 18, 2020",Just ok.,"I’ll be honest- eating keto is hard. Every recipe is just filled with cheese. These crisps are good if you aren’t completely cheesed-out already. I won’t buy them again personally, but I’m sure they could become someone else’s favourite snack.",yes,0,5.0,https://www.amazon.ca/WHISPS-Tom-Basil-Cheese-Crisps-Tomato/dp/B07S7GKPM4/ref=cm_cr_srp_d_product_top?ie=UTF8,2020-09-19 02:20:49.146262,2020-09-19 02:20:57.458871,Julia Butler,Clothing & Accessories,B002G9UDYG,B07S7GKPM4
31,31,AGNCVIG6JUE2PCIKMEF3IWGYHA5Q,"March 18, 2020",Nice,Cute piercing :),yes,One,5.0,https://www.amazon.ca/Thin-Gold-Filled-Tiny-piercing/dp/B07ZXZK1PG/ref=cm_cr_srp_d_product_top?ie=UTF8,2020-09-19 02:21:07.547570,2020-09-19 02:21:16.803506,Julia Butler,Clothing & Accessories,B002G9UDYG,B07ZXZK1PG
32,32,AGNCVIG6JUE2PCIKMEF3IWGYHA5Q,"March 18, 2020",Super cute,"Huge staple in my closet. Cozy, warm and also fashionable!",yes,0,5.0,https://www.amazon.ca/NINGZ-Fashion-Shearling-Oversized-Outwear/dp/B07ZM4S5LS/ref=cm_cr_srp_d_product_top?ie=UTF8,2020-09-19 02:21:24.897140,2020-09-19 02:21:34.142511,Julia Butler,Clothing & Accessories,B002G9UDYG,B07ZM4S5LS
33,33,AGNCVIG6JUE2PCIKMEF3IWGYHA5Q,"March 17, 2020",Awesome,Second time purchasing- this time got some for my friend. We both had the same issue with the adhesive- both the brown tape and the adhesive came off at the start. Other than that minor in convenience; they look and work great!,yes,0,5.0,https://www.amazon.ca/LED-Strip-Lights-Kit-RGB/dp/B07RFFJ7YL/ref=cm_cr_srp_d_product_top?ie=UTF8,2020-09-19 02:21:43.230727,2020-09-19 02:21:52.490027,Julia Butler,Clothing & Accessories,B002G9UDYG,B07RFFJ7YL
34,34,AGNCVIG6JUE2PCIKMEF3IWGYHA5Q,"September 9, 2019",Cozy,Just as expected,yes,0,5.0,https://www.amazon.ca/Champion-Womens-Reverse-Pullover-XX-Large/dp/B079JXXDGT/ref=cm_cr_srp_d_product_top?ie=UTF8,2020-09-19 02:21:59.580369,2020-09-19 02:22:06.871839,Julia Butler,Clothing & Accessories,B002G9UDYG,B079JXXDGT
35,35,AGNCVIG6JUE2PCIKMEF3IWGYHA5Q,"September 9, 2019",Meh..,Didn’t really show up on my hair. My hair is platinum blonde....,yes,0,3.0,https://www.amazon.ca/Joico-Intensity-Pastel-Collection-Violet/dp/B07H3GQ88G/ref=cm_cr_srp_d_product_top?ie=UTF8,2020-09-19 02:22:14.964606,2020-09-19 02:22:23.224721,Julia Butler,Clothing & Accessories,B002G9UDYG,B07H3GQ88G
