,Unnamed: 0,author_id,date_review_posted,review_title,reviews,verified_purchase,people_find_helpful,ratings,product_url,start,end,reviewer_name,product_category,product_id,subproduct_id
0,0,AGOFA7KMC6KARJX6LJ2WWR3EAMWA,"March 18, 2020",Great lunch bag,Great product tough inner liner,yes,0,5.0,https://www.amazon.ca/Cooler-Quart-Klein-Tools-55601/dp/B01MSH06X3/ref=cm_cr_srp_d_product_top?ie=UTF8,2020-09-30 13:46:45.104713,2020-09-30 13:46:54.499931,Phil,Clothing & Accessories,B002G9UDYG,B01MSH06X3
1,1,AGOFA7KMC6KARJX6LJ2WWR3EAMWA,"March 16, 2019",exceptional value,works and looks great,yes,0,5.0,https://www.amazon.ca/Adustable-Replacement-Stainless-Accessory-Smartwatch/dp/B07CGM5XSP/ref=cm_cr_srp_d_product_top?ie=UTF8,2020-09-30 13:47:03.615355,2020-09-30 13:47:10.035339,Phil,Clothing & Accessories,B002G9UDYG,B07CGM5XSP
2,2,AGOFA7KMC6KARJX6LJ2WWR3EAMWA,"March 16, 2019",works great,worked well with my foodsaver sealer,yes,One,4.0,https://www.amazon.ca/TINVOO-Vacuum-Commercial-Storage-Preservation/dp/B07DPMXLJD/ref=cm_cr_srp_d_product_top?ie=UTF8,2020-09-30 13:47:17.142714,2020-09-30 13:47:26.543174,Phil,Clothing & Accessories,B002G9UDYG,B07DPMXLJD
3,3,AGOFA7KMC6KARJX6LJ2WWR3EAMWA,"January 14, 2018",Five Stars,"excellent value for the money - fits great , very warm",no,0,5.0,https://www.amazon.ca/Carhartt-Acrylic-Watch-Black-Size/dp/B002G9UDYG/ref=cm_cr_srp_d_product_top?ie=UTF8,2020-09-30 13:47:33.655033,2020-09-30 13:47:42.067196,Phil,Clothing & Accessories,B002G9UDYG,B002G9UDYG
4,4,AGOFA7KMC6KARJX6LJ2WWR3EAMWA,"November 17, 2016",Five Stars,Works great very durable,yes,0,5.0,https://www.amazon.ca/International-Carry-Rainproof-Backpack-laptop/dp/B00SF8KY8C/ref=cm_cr_srp_d_product_top?ie=UTF8,2020-09-30 13:47:52.167035,2020-09-30 13:48:01.598884,Phil,Clothing & Accessories,B002G9UDYG,B00SF8KY8C
