,Unnamed: 0,author_id,date_review_posted,review_title,reviews,verified_purchase,people_find_helpful,ratings,product_url,start,end,reviewer_name,product_category,product_id,subproduct_id
0,0,AGQAFJ7YRYM3SWMFXZJ4YM2MNEIA,"August 2, 2019",Great product,Great product that is reasonably priced. Makes my Roomba run like brand new again!,yes,0,5.0,https://www.amazon.ca/Power-Ing-4000mah-Replacement-Battery-iRobot/dp/B07L2LW34Y/ref=cm_cr_srp_d_product_top?ie=UTF8,2020-09-30 12:10:52.195041,2020-09-30 12:10:58.594559,Julie Boles,Clothing & Accessories,B002G9UDYG,B07L2LW34Y
1,1,AGQAFJ7YRYM3SWMFXZJ4YM2MNEIA,"May 25, 2019",Great product - use all the time,"We bought this for our son to charge his phone while he is hiking, biking, canoeing etc and he said it works great. He even charges his phone and a friends and it only dropped 1 bar.",yes,0,5.0,https://www.amazon.ca/ADDTOP-24000mAh-Waterproof-Portable-Compatible/dp/B01M34SEJN/ref=cm_cr_srp_d_product_top?ie=UTF8,2020-09-30 12:11:08.710427,2020-09-30 12:11:16.091937,Julie Boles,Clothing & Accessories,B002G9UDYG,B01M34SEJN
2,2,AGQAFJ7YRYM3SWMFXZJ4YM2MNEIA,"March 8, 2019",Great product for price,Great hat. Very warm.,yes,0,5.0,https://www.amazon.ca/Carhartt-Acrylic-Watch-Black-Size/dp/B002G9UDYG/ref=cm_cr_srp_d_product_top?ie=UTF8,2020-09-30 12:11:26.204687,2020-09-30 12:11:35.621316,Julie Boles,Clothing & Accessories,B002G9UDYG,B002G9UDYG
3,3,AGQAFJ7YRYM3SWMFXZJ4YM2MNEIA,"May 9, 2017",A+ product,Works great. Super fast shipping. Would definitely buy from this customer again. Product was ready to set up and go.,yes,One,5.0,https://www.amazon.ca/GooBang-Doo-MXQ-Pro-Supporting/dp/B01MSTVRD7/ref=cm_cr_srp_d_product_top?ie=UTF8,2020-09-30 12:11:45.720244,2020-09-30 12:11:53.118418,Julie Boles,Clothing & Accessories,B002G9UDYG,B01MSTVRD7
4,4,AGQAFJ7YRYM3SWMFXZJ4YM2MNEIA,"February 4, 2016",Well worth the $$,These lights are great. We put ours in the shower.,yes,0,4.0,https://www.amazon.ca/Mr-Beams-MB982-Wireless-Operated/dp/B008X099V0/ref=cm_cr_srp_d_product_top?ie=UTF8,2020-09-30 12:12:00.222668,2020-09-30 12:12:08.645250,Julie Boles,Clothing & Accessories,B002G9UDYG,B008X099V0
