,Unnamed: 0,author_id,date_review_posted,review_title,reviews,verified_purchase,people_find_helpful,ratings,product_url,start,end,reviewer_name,product_category,product_id,subproduct_id
0,0,AGR4RLWROYMFBOY5IPGEVGZX7B2A,"July 10, 2020","Overall, a great product","very large, but really nice and not see through",yes,0,5.0,https://www.amazon.ca/LAVAY-Tapestry-Skeleton-Tapestries-Decoration/dp/B07Q4HQ453/ref=cm_cr_srp_d_product_top?ie=UTF8,2020-09-30 07:35:01.161349,2020-09-30 07:35:08.436885,Molly,Clothing & Accessories,B002G9UDYG,B07Q4HQ453
1,1,AGR4RLWROYMFBOY5IPGEVGZX7B2A,"July 10, 2020",horrible,way too small. Don’t buy these,yes,0,1.0,https://www.amazon.ca/Athletic-Laces-Sizes-Sneaker-Nabob/dp/B07BB8K62H/ref=cm_cr_srp_d_product_top?ie=UTF8,2020-09-30 07:35:16.522011,2020-09-30 07:35:23.810405,Molly,Clothing & Accessories,B002G9UDYG,B07BB8K62H
2,2,AGR4RLWROYMFBOY5IPGEVGZX7B2A,"June 12, 2020",very nice,A little big but fits well,yes,0,5.0,https://www.amazon.ca/Carhartt-Acrylic-Watch-Black-Size/dp/B002G9UDYG/ref=cm_cr_srp_d_product_top?ie=UTF8,2020-09-30 07:35:30.912907,2020-09-30 07:35:40.150101,Molly,Clothing & Accessories,B002G9UDYG,B002G9UDYG
3,3,AGR4RLWROYMFBOY5IPGEVGZX7B2A,"June 12, 2020",good material,A little too large but It is good,yes,0,4.0,https://www.amazon.ca/Levis-Womens-Skinny-Jeans-Sailing/dp/B07DVGJ4M9/ref=cm_cr_srp_d_product_top?ie=UTF8,2020-09-30 07:35:50.236450,2020-09-30 07:35:59.475328,Molly,Clothing & Accessories,B002G9UDYG,B07DVGJ4M9
4,4,AGR4RLWROYMFBOY5IPGEVGZX7B2A,"June 12, 2020",very nice,looks really cool and it’s very bright,yes,0,5.0,https://www.amazon.ca/Flexible-Self-Adhesive-Waterproof-300LEDs-Lighting/dp/B07V35669G/ref=cm_cr_srp_d_product_top?ie=UTF8,2020-09-30 07:36:09.570608,2020-09-30 07:36:16.848036,Molly,Clothing & Accessories,B002G9UDYG,B07V35669G
5,5,AGR4RLWROYMFBOY5IPGEVGZX7B2A,"June 12, 2020",fits a little too large,Fits very nice and it is very soft,yes,0,5.0,https://www.amazon.ca/Champion-Reverse-Pullover-Hoodie-Medium/dp/B01ATPEIEO/ref=cm_cr_srp_d_product_top?ie=UTF8,2020-09-30 07:36:25.947588,2020-09-30 07:36:35.210550,Molly,Clothing & Accessories,B002G9UDYG,B01ATPEIEO
6,6,AGR4RLWROYMFBOY5IPGEVGZX7B2A,"June 12, 2020",good quality,very soft and fits nice,yes,0,5.0,https://www.amazon.ca/Ownertee-Chronic-Short-Sleeve-T-Shirt/dp/B084P1KT8H/ref=cm_cr_srp_d_product_top?ie=UTF8,2020-09-30 07:36:45.296173,2020-09-30 07:36:51.568476,Molly,Clothing & Accessories,B002G9UDYG,B084P1KT8H
7,7,AGR4RLWROYMFBOY5IPGEVGZX7B2A,"June 12, 2020",very good material,It looks really cute,yes,0,5.0,https://www.amazon.ca/Amazon-Essentials-Standard-Regular-Fit-Long-Sleeve/dp/B07BJKW5RP/ref=cm_cr_srp_d_product_top?ie=UTF8,2020-09-30 07:36:59.653914,2020-09-30 07:37:07.956501,Molly,Clothing & Accessories,B002G9UDYG,B07BJKW5RP
