,Unnamed: 0,author_id,date_review_posted,review_title,reviews,verified_purchase,people_find_helpful,ratings,product_url,start,end,reviewer_name,product_category,product_id,subproduct_id
0,0,AGRQAQRAZEYDMNV3TU4UH472BAJQ,"June 27, 2020",great bag,"Handy bag, containers included were nice and solid. Do wish that there was a bigger outer bag with its own closing mechanism. Also wish that a pad was included w the strap.",yes,0,5.0,https://www.amazon.ca/Plano-PLAB37121-Weekend-Softsider-Tackle/dp/B078LFQG2K/ref=cm_cr_srp_d_product_top?ie=UTF8,2020-09-29 16:11:06.614432,2020-09-29 16:11:13.875694,Alan,Clothing & Accessories,B002G9UDYG,B078LFQG2K
1,1,AGRQAQRAZEYDMNV3TU4UH472BAJQ,"June 27, 2020","cheap jigs, good for price.","Decent jig heads, feels about right for the price per. Noticed that paint chips after being ran along rock bottom.",yes,0,5.0,https://www.amazon.ca/44pcs-Fishing-Head-Hook-Plastic/dp/B00U2S7MFG/ref=cm_cr_srp_d_product_top?ie=UTF8,2020-09-29 16:11:22.957342,2020-09-29 16:11:31.210647,Alan,Clothing & Accessories,B002G9UDYG,B00U2S7MFG
2,2,AGRQAQRAZEYDMNV3TU4UH472BAJQ,"May 23, 2020",Light blue ink with nice shading,Pretty nice ink so far. I've been using it on printer paper and it hasnt bled.,yes,2,5.0,https://www.amazon.ca/Dryden-Designs-BOTTLES-COBALT-BLUE/dp/B07SXCFWMS/ref=cm_cr_srp_d_product_top?ie=UTF8,2020-09-29 16:11:41.290246,2020-09-29 16:11:48.545893,Alan,Clothing & Accessories,B002G9UDYG,B07SXCFWMS
3,3,AGRQAQRAZEYDMNV3TU4UH472BAJQ,"May 23, 2020","Great daily carry, highly recommended for beginners and those looking for a daily writer.","For context, I'm a uni student that usually writes 5-10 pages of notes a day. I write in cursive, my most commonly used pen aside from this one is a Pilot Frixon.

Light little pen. I have never gotten dry nib with this particular pen yet. However, the pen is a little too back heavy with the cap. The plastic construction does not feel cheap, on the contrary, it feels solid and well made. It should be of note that the particular plastic tends to degrade when in contact with ethanol, which is a major downside as I like to wipe down my pens with rubbing alcohol. The nib also tends to slide out and loosen for some reason, which is the only reason why I gave this pen a 4 star rating.

Pros:
- Massive ink storage
- Good pen ergonomics; feels natural to hold, and many different finger positions can be used.
- Good looking pen, clear ink reservoir makes pen much more attractive.
- The nib will never go dry if you cap it. Even if you leave it uncapped it'll still write after 5 minutes or so.
- Great writing nib, wasn't very smooth out of the box but has since smoothed out considerable after a month of heavy usage.
- The nib is soft, has some flex that can be used for artistic flourishes.
- Solid feeling pen, doesn't feel like a cheap Chinese pen despite the usage of plastic for almost all of the pen.
Cons:
- Plastic doesn't allow for the usage of ethanol or rubbing alcohol as a cleaning product for the pen.
- Pen nib slides out under heavy usage.
- Pen cap is too heavy to write effectively with the cap on the back.

Edit
After using it for close to half a year, nibs still writes well and never dries.

However, my nib has started to regularly slide out from the feed. I have tried to slightly bend the nib, worked slightly but still slides out many times over an hour of writing. I have not used alcohol to clean my pen.",yes,0,4.0,https://www.amazon.ca/TWSBI-Fountain-Transparent-Blue-Extra-fine/dp/B07HG5NF36/ref=cm_cr_srp_d_product_top?ie=UTF8,2020-09-29 16:11:57.627180,2020-09-29 16:12:05.870533,Alan,Clothing & Accessories,B002G9UDYG,B07HG5NF36
4,4,AGRQAQRAZEYDMNV3TU4UH472BAJQ,"December 8, 2018",Best for Value,Great little earbuds. Phenomenal sound and build quality for the price.,yes,0,5.0,https://www.amazon.ca/dp/B075D6XF1J/ref=cm_cr_srp_d_product_top?ie=UTF8,2020-09-29 16:12:13.960365,2020-09-29 16:12:20.220306,Alan,Clothing & Accessories,B002G9UDYG,B075D6XF1J
5,5,AGRQAQRAZEYDMNV3TU4UH472BAJQ,"December 8, 2018",Great Cologne for the price,Wore this as my main cologne since I've gotten it. Smells woody with notes of pine and light floral. The cologne isn't super strong but will last me an entire day (6 hours ish). Fits pretty well as a cologne for the daytime/summer.,yes,0,5.0,https://www.amazon.ca/ASPEN-Coty-Cologne-Spray-120/dp/B00O95U9OO/ref=cm_cr_srp_d_product_top?ie=UTF8,2020-09-29 16:12:29.315001,2020-09-29 16:12:37.550104,Alan,Clothing & Accessories,B002G9UDYG,B00O95U9OO
6,6,AGRQAQRAZEYDMNV3TU4UH472BAJQ,"December 8, 2018",Great looking beanie but uncomfortable to wear for long,"Great looking hat, fit my head as expected. It's pretty warm and has held up to the Toronto weather so far but the hat gets pretty itchy for me around my forehead.",yes,0,3.0,https://www.amazon.ca/Carhartt-Acrylic-Watch-Black-Size/dp/B002G9UDYG/ref=cm_cr_srp_d_product_top?ie=UTF8,2020-09-29 16:12:45.632370,2020-09-29 16:12:53.912171,Alan,Clothing & Accessories,B002G9UDYG,B002G9UDYG
7,7,AGRQAQRAZEYDMNV3TU4UH472BAJQ,"December 8, 2018",Best pen ever,"I love the way the pen writes, not too wet and not too dry. The pen is also great to hold and extremely light. I'm an engineering student and mostly use pens, having one that's erasable is awesome.

The only downfall to this pen is the price. It costs many times more than cheap pens such as bics and lasts half as long. I usually go through about three pens a month due to all the writing I do.",yes,0,5.0,https://www.amazon.ca/Pilot-FriXion-Clicker-Retractable-Erasable/dp/B009ZMFHT8/ref=cm_cr_srp_d_product_top?ie=UTF8,2020-09-29 16:13:03.999466,2020-09-29 16:13:10.236813,Alan,Clothing & Accessories,B002G9UDYG,B009ZMFHT8
8,8,AGRQAQRAZEYDMNV3TU4UH472BAJQ,"August 22, 2017",two of the four bottles I've tried so far has ...,"two of the four bottles I've tried so far has a faulty dripper. Rosemary dripper refuses to drip, Mandarin dripper and Peppermint dripper seems to be clogged",yes,0,2.0,https://www.amazon.ca/SPRUSE-Canadian-100-Natural-Essential/dp/B01J6NTSYA/ref=cm_cr_srp_d_product_top?ie=UTF8,2020-09-29 16:13:19.321001,2020-09-29 16:13:28.561560,Alan,Clothing & Accessories,B002G9UDYG,B01J6NTSYA
