,Unnamed: 0,author_id,date_review_posted,review_title,reviews,verified_purchase,people_find_helpful,ratings,product_url,start,end,reviewer_name,product_category,product_id,subproduct_id
0,0,AGS7HY7Z4EAONS2EUYFNGOTMC5XA,"August 2, 2020",Perfect for the kitchen sink handy for small clogs,Used it in the kitchen sink drain with a small 12v drill worked as described. A little would be to run it down and up the drain while running the drill a few times to let the snake borrow through the drain pipe.,yes,0,5.0,https://www.amazon.ca/DrainShroom-Revolutionary-Remover-Bathroom-Stainless/dp/B07YBRDV1B/ref=cm_cr_srp_d_product_top?ie=UTF8,2020-09-30 07:19:36.312117,2020-09-30 07:19:44.605429,Luciano Pereira,Clothing & Accessories,B002G9UDYG,B07YBRDV1B
1,1,AGS7HY7Z4EAONS2EUYFNGOTMC5XA,"May 17, 2020",Just buy it time and shoulder saver,I can't believe I have been sanding by hand for 15yrs without one of these! Its so easy to use and even with my rigid vacuum it sucked alot of the dust. Honestly I love it its well made I was able to go around the electrical boxes with ease um yeah buy it its totally worth it. I am surprised at how well built and how it preforms I was able to do 1300sqft with easy by myself.,yes,3,5.0,https://www.amazon.ca/WEN-6369-Variable-Drywall-Sander/dp/B01HRL9XYI/ref=cm_cr_srp_d_product_top?ie=UTF8,2020-09-30 07:19:52.703622,2020-09-30 07:20:01.090447,Luciano Pereira,Clothing & Accessories,B002G9UDYG,B01HRL9XYI
2,2,AGS7HY7Z4EAONS2EUYFNGOTMC5XA,"April 27, 2020",They're ok,The palm padding seemed too low not the thickness but where its location is could ha e been higher up. And the straps are huge and one is a bit too long.,yes,One,3.0,https://www.amazon.ca/INBIKE-Cycling-Gloves-Mountain-XX-Large/dp/B075194KYT/ref=cm_cr_srp_d_product_top?ie=UTF8,2020-09-30 07:20:10.231076,2020-09-30 07:20:16.544799,Luciano Pereira,Clothing & Accessories,B002G9UDYG,B075194KYT
3,3,AGS7HY7Z4EAONS2EUYFNGOTMC5XA,"March 26, 2020",Meh,Not really spreadable doesn't taste that good regular natural peanut butter tastes better,yes,0,2.0,https://www.amazon.ca/FATSO-Cocoa-Butter-Performance-Keto-Friendly/dp/B07ND5NH81/ref=cm_cr_srp_d_product_top?ie=UTF8,2020-09-30 07:20:26.634016,2020-09-30 07:20:34.915532,Luciano Pereira,Clothing & Accessories,B002G9UDYG,B07ND5NH81
4,4,AGS7HY7Z4EAONS2EUYFNGOTMC5XA,"January 11, 2020",Not what I expected from keen,Live the look did not like that the boot had no liner I have size 12 flat feet found the toe box tight and the arch support hard and too high.,yes,0,3.0,https://www.amazon.ca/KEEN-Utility-Boots-Gingerbread-White/dp/B07G9T3CKM/ref=cm_cr_srp_d_product_top?ie=UTF8,2020-09-30 07:20:43.046860,2020-09-30 07:20:49.310307,Luciano Pereira,Clothing & Accessories,B002G9UDYG,B07G9T3CKM
5,5,AGS7HY7Z4EAONS2EUYFNGOTMC5XA,"January 5, 2020",Garbage,They appeared to be all smashed and didn't fit well I returned them,yes,0,1.0,https://www.amazon.ca/dp/B07WV1YBQ1/ref=cm_cr_srp_d_product_top?ie=UTF8,2020-09-30 07:20:58.385892,2020-09-30 07:21:06.631372,Luciano Pereira,Clothing & Accessories,B002G9UDYG,B07WV1YBQ1
6,6,AGS7HY7Z4EAONS2EUYFNGOTMC5XA,"January 5, 2020",Buy these you will not regret don't waste your money anywhere else,Awesome blades 2 for $15 home depot sells something for 1 for $30. So far I have no issue at all and I am in the Bathroom reno business,yes,0,5.0,https://www.amazon.ca/DIATOOL-Diamond-Porcelain-Segment-Cutting/dp/B07BFS7XXC/ref=cm_cr_srp_d_product_top?ie=UTF8,2020-09-30 07:21:13.724061,2020-09-30 07:21:19.975006,Luciano Pereira,Clothing & Accessories,B002G9UDYG,B07BFS7XXC
7,7,AGS7HY7Z4EAONS2EUYFNGOTMC5XA,"January 5, 2020","Awesome pillows super supportive, comfy and fluffy.",I purchased pillow on amazon before but these are the real deal actually super supportive and comfortable and fluffy. My only regret was getting the regular size instead of the queen but hey I may just order the queen too because I really like these pillows been sleeping on them for a month awesomeness.,yes,0,5.0,https://www.amazon.ca/BedStory-Alternative-Resistant-Hypoallergenic-Sufferers/dp/B07TGTGYB4/ref=cm_cr_srp_d_product_top?ie=UTF8,2020-09-30 07:21:27.059046,2020-09-30 07:21:36.291727,Luciano Pereira,Clothing & Accessories,B002G9UDYG,B07TGTGYB4
8,8,AGS7HY7Z4EAONS2EUYFNGOTMC5XA,"November 7, 2019",Pretty awesome,Best cables I've ever bought.,yes,0,5.0,https://www.amazon.ca/Pack%E3%80%91INIU-Charging-Reinforced-Tangle-Free-Organizing/dp/B07Y2XQYGG/ref=cm_cr_srp_d_product_top?ie=UTF8,2020-09-30 07:21:46.368851,2020-09-30 07:21:52.803384,Luciano Pereira,Clothing & Accessories,B002G9UDYG,B07Y2XQYGG
9,9,AGS7HY7Z4EAONS2EUYFNGOTMC5XA,"October 28, 2019",I want a refund,The handle just broke I'd like a replacement or my money back all I had inside was a sawzall and a circular saw,yes,0,1.0,https://www.amazon.ca/DEWALT-DWST17820-Mobile-Storage-Wheels/dp/B01N1H4N5X/ref=cm_cr_srp_d_product_top?ie=UTF8,2020-09-30 07:21:59.884896,2020-09-30 07:22:08.166161,Luciano Pereira,Clothing & Accessories,B002G9UDYG,B01N1H4N5X
10,10,AGS7HY7Z4EAONS2EUYFNGOTMC5XA,"July 20, 2019",Good for the price,They do the job the zipper tabs are a bit big and giggly bit annoying but not horrible. They are warm.,yes,0,3.0,https://www.amazon.ca/Windproof-Thermal-Outdoor-Climbing-Multifunctional/dp/B07FDZY6W2/ref=cm_cr_srp_d_product_top?ie=UTF8,2020-09-30 07:22:16.251803,2020-09-30 07:22:24.521904,Luciano Pereira,Clothing & Accessories,B002G9UDYG,B07FDZY6W2
11,11,AGS7HY7Z4EAONS2EUYFNGOTMC5XA,"July 11, 2019",Awesome,Super comfortable and the rubber toes is great for keeping my ties safe and keeping debris out of the Sandler.,yes,0,5.0,https://www.amazon.ca/Keen-Mens-Newaterproofort-Sandals-Black/dp/B000K26AL6/ref=cm_cr_srp_d_product_top?ie=UTF8,2020-09-30 07:22:32.608488,2020-09-30 07:22:41.872340,Luciano Pereira,Clothing & Accessories,B002G9UDYG,B000K26AL6
12,12,AGS7HY7Z4EAONS2EUYFNGOTMC5XA,"July 8, 2019",Terrible,I used this thing a couple of times and it no longer lock bit,yes,0,1.0,https://www.amazon.ca/DEWALT-DW2505-8-Inch-Shaft-Rapid/dp/B0000225OD/ref=cm_cr_srp_d_product_top?ie=UTF8,2020-09-30 07:22:50.976270,2020-09-30 07:23:00.352808,Luciano Pereira,Clothing & Accessories,B002G9UDYG,B0000225OD
13,13,AGS7HY7Z4EAONS2EUYFNGOTMC5XA,"June 17, 2019",Will buy again,Price is good comfortable better than the garbage at home depot,yes,0,5.0,https://www.amazon.ca/Vgo-Synthetic-Leather-Multi-Functional-Fluorescence/dp/B077WXWYW4/ref=cm_cr_srp_d_product_top?ie=UTF8,2020-09-30 07:23:08.434830,2020-09-30 07:23:15.812370,Luciano Pereira,Clothing & Accessories,B002G9UDYG,B077WXWYW4
14,14,AGS7HY7Z4EAONS2EUYFNGOTMC5XA,"June 4, 2019",Actually works really well,Love em will buy again,yes,0,5.0,https://www.amazon.ca/NoCry-Tinted-Over-Spec-Safety-Glasses/dp/B079P8936K/ref=cm_cr_srp_d_product_top?ie=UTF8,2020-09-30 07:23:25.891008,2020-09-30 07:23:32.152140,Luciano Pereira,Clothing & Accessories,B002G9UDYG,B079P8936K
15,15,AGS7HY7Z4EAONS2EUYFNGOTMC5XA,"March 7, 2019",Yea yeah,Excellent,yes,0,5.0,https://www.amazon.ca/Carhartt-Acrylic-Watch-Black-Size/dp/B002G9UDYG/ref=cm_cr_srp_d_product_top?ie=UTF8,2020-09-30 07:23:40.239341,2020-09-30 07:23:49.485038,Luciano Pereira,Clothing & Accessories,B002G9UDYG,B002G9UDYG
16,16,AGS7HY7Z4EAONS2EUYFNGOTMC5XA,"February 24, 2019",It is what it is for the price,It does the job but it's so light that it easily moves out of place everytime I get home from work my cat has moved it folded it up. It is nice on the feel but crumbs or animal treats get stuck in it easily,yes,0,3.0,https://www.amazon.ca/ACTCUT-Indoor-Modern-Anti-Skid-Bedroom/dp/B01JJXMULU/ref=cm_cr_srp_d_product_top?ie=UTF8,2020-09-30 07:23:58.589692,2020-09-30 07:24:04.995516,Luciano Pereira,Clothing & Accessories,B002G9UDYG,B01JJXMULU
17,17,AGS7HY7Z4EAONS2EUYFNGOTMC5XA,"August 16, 2018",Meh,It's ok kinda awkward,yes,0,3.0,https://www.amazon.ca/Wooster-Brush-4184-3-Shergrip-Paintbrush/dp/B000BQLYJ4/ref=cm_cr_srp_d_product_top?ie=UTF8,2020-09-30 07:24:14.091670,2020-09-30 07:24:22.357958,Luciano Pereira,Clothing & Accessories,B002G9UDYG,B000BQLYJ4
18,18,AGS7HY7Z4EAONS2EUYFNGOTMC5XA,"October 4, 2017",Terrible,This garbage is useless,yes,0,1.0,https://www.amazon.ca/dp/B074X9F1SP/ref=cm_cr_srp_d_product_top?ie=UTF8,2020-09-30 07:24:30.506937,2020-09-30 07:24:36.767864,Luciano Pereira,Clothing & Accessories,B002G9UDYG,B074X9F1SP
19,19,AGS7HY7Z4EAONS2EUYFNGOTMC5XA,"August 21, 2016",Crap,I used mine like 5 times and it stopped working,yes,0,1.0,https://www.amazon.ca/Fox-Run-65171-Frother-Handheld/dp/B00AZMKALW/ref=cm_cr_srp_d_product_top?ie=UTF8,2020-09-30 07:24:44.854213,2020-09-30 07:24:53.127337,Luciano Pereira,Clothing & Accessories,B002G9UDYG,B00AZMKALW
20,20,AGS7HY7Z4EAONS2EUYFNGOTMC5XA,"October 26, 2015",I love it my girl likes it too!,"Best beard oil I've used thus far! Love the aroma I usually use it on my beard, my head hair and my face and dry skin like elbows. Pretty awesome nature product 4oz is a nice sized bottle should last me months the price for the amount is better than most other oils.",yes,0,5.0,https://www.amazon.ca/dp/B0062K33CE/ref=cm_cr_srp_d_product_top?ie=UTF8,2020-09-30 07:25:01.217247,2020-09-30 07:25:07.533079,Luciano Pereira,Clothing & Accessories,B002G9UDYG,B0062K33CE
21,21,AGS7HY7Z4EAONS2EUYFNGOTMC5XA,"October 26, 2015",These are great for the price but end caps didn't work that ...,These are great for the price but end caps didn't work that good I gotta glue them in or replace them but the handle rubber grips are just fine.,yes,0,4.0,https://www.amazon.ca/HeroNeo%C2%AE-Mountain-Bicycle-Cycling-Handlebar/dp/B00X38XANK/ref=cm_cr_srp_d_product_top?ie=UTF8,2020-09-30 07:25:14.641244,2020-09-30 07:25:21.899011,Luciano Pereira,Clothing & Accessories,B002G9UDYG,B00X38XANK
22,22,AGS7HY7Z4EAONS2EUYFNGOTMC5XA,"October 26, 2015",Great read awesome bat art,This was a great read perfect for Halloween,yes,0,5.0,https://www.amazon.ca/Tales-Multiverse-Batman-Vampire-Doug-Moench/dp/1401215653/ref=cm_cr_srp_d_product_top?ie=UTF8,2020-09-30 07:25:30.039813,2020-09-30 07:25:39.317902,Luciano Pereira,Clothing & Accessories,B002G9UDYG,1401215653
23,23,AGS7HY7Z4EAONS2EUYFNGOTMC5XA,"October 11, 2015",Excellent for the price,Great buy works for me,yes,One,5.0,https://www.amazon.ca/dp/B00D3S3TGI/ref=cm_cr_srp_d_product_top?ie=UTF8,2020-09-30 07:25:47.490804,2020-09-30 07:25:56.733197,Luciano Pereira,Clothing & Accessories,B002G9UDYG,B00D3S3TGI
