,Unnamed: 0,author_id,date_review_posted,review_title,reviews,verified_purchase,people_find_helpful,ratings,product_url,start,end,reviewer_name,product_category,product_id,subproduct_id
0,0,AGSY45O2FW3G5ZJYYXPRZKLTOO6A,"May 6, 2020","Nice quality, good fit.","Great hoodie for the cold spring and autumn days. Nice and warm and soft to the touch. No complaints. Ordered 2xl for myself. I'm 6ft, 250.",yes,0,4.0,https://www.amazon.ca/PUMA-Essential-Hoodie-Fleece-Sweatshirt/dp/B077TNDQ5L/ref=cm_cr_srp_d_product_top?ie=UTF8,2020-09-29 16:35:31.795550,2020-09-29 16:35:41.102832,Anthony Isadore,Clothing & Accessories,B002G9UDYG,B077TNDQ5L
1,1,AGSY45O2FW3G5ZJYYXPRZKLTOO6A,"May 6, 2020",Nice quality,"Bought the 2xl for myself. I'm 6 foot, 250lbs. It fit great. Not too big and definitely not baggy. Fits well around the arms and chest and is the average length. You can lift your arms straight up and the shirt will not show any skin. It's a nice quality, a little big soft to the touch. The red and white print on the black shirt looks awesome.

I'm ordering the other color sets.",no,0,4.0,https://www.amazon.ca/PUMA-Mens-T-Shirt-Medium-Heather/dp/B081XWC752/ref=cm_cr_srp_d_product_top?ie=UTF8,2020-09-29 16:35:48.193366,2020-09-29 16:35:56.428950,Anthony Isadore,Clothing & Accessories,B002G9UDYG,B081XWC752
2,2,AGSY45O2FW3G5ZJYYXPRZKLTOO6A,"January 28, 2020",Ugly little guy. Seems like he ran away.,"Bought this as a gift for my daughter, but the little guy seems to have disappeared. Thank god.",yes,0,4.0,https://www.amazon.ca/Fuggler-Funny-Monster-Annoyed-Creature/dp/B07J6BH54Z/ref=cm_cr_srp_d_product_top?ie=UTF8,2020-09-29 16:36:06.514825,2020-09-29 16:36:15.800707,Anthony Isadore,Clothing & Accessories,B002G9UDYG,B07J6BH54Z
3,3,AGSY45O2FW3G5ZJYYXPRZKLTOO6A,"January 28, 2020",Good quality cat pillow. Daughter loves it.,My 2 year old loves it.,yes,0,4.0,https://www.amazon.ca/Emoji-Pillow-Decorative-Cushion-15inches/dp/B01321GS0O/ref=cm_cr_srp_d_product_top?ie=UTF8,2020-09-29 16:36:24.908887,2020-09-29 16:36:34.235892,Anthony Isadore,Clothing & Accessories,B002G9UDYG,B01321GS0O
4,4,AGSY45O2FW3G5ZJYYXPRZKLTOO6A,"January 28, 2020",High quality taylor swift calendar.,All photos in the calendar from the reputation tour. Great swag.,yes,0,5.0,https://www.amazon.ca/Taylor-Swift-2020-Square-Calendar/dp/197541215X/ref=cm_cr_srp_d_product_top?ie=UTF8,2020-09-29 16:36:42.331565,2020-09-29 16:36:49.627842,Anthony Isadore,Clothing & Accessories,B002G9UDYG,197541215X
5,5,AGSY45O2FW3G5ZJYYXPRZKLTOO6A,"January 28, 2020",Good switch case.,Love it,yes,0,4.0,https://www.amazon.ca/Orzly-Carry-Compatible-Nintendo-Switch/dp/B06Y6C8D3H/ref=cm_cr_srp_d_product_top?ie=UTF8,2020-09-29 16:36:57.716655,2020-09-29 16:37:06.021317,Anthony Isadore,Clothing & Accessories,B002G9UDYG,B06Y6C8D3H
6,6,AGSY45O2FW3G5ZJYYXPRZKLTOO6A,"January 28, 2020",Fit the giftee perfectly.,Fit the person I bought it for perfectly. High quality hoodie at a reasonable price.,yes,0,5.0,https://www.amazon.ca/Champion-Big-Tall-Fleece-Hoodie-Cardinal/dp/B00PXSHZEI/ref=cm_cr_srp_d_product_top?ie=UTF8,2020-09-29 16:37:13.101066,2020-09-29 16:37:20.415443,Anthony Isadore,Clothing & Accessories,B002G9UDYG,B00PXSHZEI
7,7,AGSY45O2FW3G5ZJYYXPRZKLTOO6A,"January 28, 2020",Fits big and long. Recommend 1 size down.,"Great quality and well made hoodie, but fits a size up. Usually fit a true 2xl, but this fits like a 3xl.",yes,0,4.0,https://www.amazon.ca/Carhartt-Defender-Heavyweight-Sweatshirt-XX-Large/dp/B00FXPS3GK/ref=cm_cr_srp_d_product_top?ie=UTF8,2020-09-29 16:37:30.499110,2020-09-29 16:37:36.777918,Anthony Isadore,Clothing & Accessories,B002G9UDYG,B00FXPS3GK
8,8,AGSY45O2FW3G5ZJYYXPRZKLTOO6A,"January 14, 2020",Awesome winter hat.,"Works great, fits well. Keeps my head warm.",yes,0,5.0,https://www.amazon.ca/Carhartt-Acrylic-Watch-Black-Size/dp/B002G9UDYG/ref=cm_cr_srp_d_product_top?ie=UTF8,2020-09-29 16:37:45.870052,2020-09-29 16:37:53.159772,Anthony Isadore,Clothing & Accessories,B002G9UDYG,B002G9UDYG
9,9,AGSY45O2FW3G5ZJYYXPRZKLTOO6A,"January 14, 2020",Wont last.,Bought these thinking that since they're golf gloves they'd be great. Shovelled twice and the leather cracked and stretched out on the pointer and middle finger. You can feel the cold right through where it cracked. They sit on the dresser and bound for the garbage.,yes,0,1.0,https://www.amazon.ca/HJ-GLOVES-Winter-Performance-X-Large/dp/B00A8ZAXEK/ref=cm_cr_srp_d_product_top?ie=UTF8,2020-09-29 16:38:00.239223,2020-09-29 16:38:07.507232,Anthony Isadore,Clothing & Accessories,B002G9UDYG,B00A8ZAXEK
10,10,AGSY45O2FW3G5ZJYYXPRZKLTOO6A,"October 23, 2019","No repeat colors, not too thin. Cheap.","Lots of different colors all the same style, a 22 × 22 square thin cloth. Washed them with a little salt and vinegar to set the colors. Dried them on the delicate cycle and they're ready to go. Nothing to complain about. I'd buy them again if I somehow lost all my favorite colors.",yes,6,4.0,https://www.amazon.ca/KisSealed-Bandanas-Outdoor-Headband-Handkerchiefs/dp/B07RGZMLKH/ref=cm_cr_srp_d_product_top?ie=UTF8,2020-09-29 16:38:16.598524,2020-09-29 16:38:25.863747,Anthony Isadore,Clothing & Accessories,B002G9UDYG,B07RGZMLKH
11,11,AGSY45O2FW3G5ZJYYXPRZKLTOO6A,"September 27, 2019","Untested, unwashed, but they look good.","Haven't had a chance to do anything more than try them on, but they look as good as the Propper brand pants which I wore for years at a previous job. Hope they stand up well. Arrived a business day early which is always nice. Size 40 waist, 32 inseam. Yes they have a button fly. Throwback....",yes,0,4.0,https://www.amazon.ca/TRU-SPEC-Mens-Stop-Woodland-X-Large/dp/B0002GD3PQ/ref=cm_cr_srp_d_product_top?ie=UTF8,2020-09-29 16:38:33.957087,2020-09-29 16:38:43.291318,Anthony Isadore,Clothing & Accessories,B002G9UDYG,B0002GD3PQ
12,12,AGSY45O2FW3G5ZJYYXPRZKLTOO6A,"September 20, 2019",Good quality.,Love them. Great socks for size 13. Super soft but not slippy. Ordering more,yes,0,5.0,https://www.amazon.ca/PUMA-Socks-Mens-Crew-Green/dp/B012AP1AX8/ref=cm_cr_srp_d_product_top?ie=UTF8,2020-09-29 16:38:53.372721,2020-09-29 16:39:01.623173,Anthony Isadore,Clothing & Accessories,B002G9UDYG,B012AP1AX8
13,13,AGSY45O2FW3G5ZJYYXPRZKLTOO6A,"September 18, 2019",Does what its supposed to do.,As the title says...,yes,0,4.0,https://www.amazon.ca/Mamlyn-Breathable-Underwear-Delicates-Stockings/dp/B07D24TLP5/ref=cm_cr_srp_d_product_top?ie=UTF8,2020-09-29 16:39:11.724207,2020-09-29 16:39:19.044176,Anthony Isadore,Clothing & Accessories,B002G9UDYG,B07D24TLP5
14,14,AGSY45O2FW3G5ZJYYXPRZKLTOO6A,"September 6, 2019",Standard. Plastic film screen protector.,Works well. Nothing fancy.,yes,0,4.0,https://www.amazon.ca/Samsung-Galaxy-Kidproof-Friendly-Protector/dp/B01JIS80K6/ref=cm_cr_srp_d_product_top?ie=UTF8,2020-09-29 16:39:28.121521,2020-09-29 16:39:37.349310,Anthony Isadore,Clothing & Accessories,B002G9UDYG,B01JIS80K6
15,15,AGSY45O2FW3G5ZJYYXPRZKLTOO6A,"August 27, 2019",Comes with an OK screen protector.,Straight up 4 stars. I like it for the price. Somewhat easy to install and included glass or plastic screen protector is nice. (I cant tell which it is). Only complaint is that the SP is a tad too small for my Samsung a20.,yes,0,4.0,https://www.amazon.ca/BestAlice-Protection-Shockproof-Kickstand-Protector%EF%BC%8CRed/dp/B07QFW7ZXR/ref=cm_cr_srp_d_product_top?ie=UTF8,2020-09-29 16:39:45.440724,2020-09-29 16:39:51.701178,Anthony Isadore,Clothing & Accessories,B002G9UDYG,B07QFW7ZXR
16,16,AGSY45O2FW3G5ZJYYXPRZKLTOO6A,"July 16, 2019",Battery backup works.,The product you info is spot on. The main reason I bought it was for the battery backup. Holds your time when it's unplugged and alarm works when unplugged.,yes,0,5.0,https://www.amazon.ca/Mesqool-Digital-Chargers-Sleepers-Bedrooms/dp/B07F1V84Q7/ref=cm_cr_srp_d_product_top?ie=UTF8,2020-09-29 16:39:58.787759,2020-09-29 16:40:08.035711,Anthony Isadore,Clothing & Accessories,B002G9UDYG,B07F1V84Q7
17,17,AGSY45O2FW3G5ZJYYXPRZKLTOO6A,"June 6, 2019",Good shirt. Comfy. 5/5,"I like this shirt. Soft, well made fabric. Fits a little loose for a standard 2x. Very soft nice feeling fabric. Almost a hip hop style of shirt. 5 outta 5.",yes,0,5.0,https://www.amazon.ca/Champion-Classic-Granite-Heather-XX-Large/dp/B01N9EARWH/ref=cm_cr_srp_d_product_top?ie=UTF8,2020-09-29 16:40:15.120454,2020-09-29 16:40:22.411105,Anthony Isadore,Clothing & Accessories,B002G9UDYG,B01N9EARWH
18,18,AGSY45O2FW3G5ZJYYXPRZKLTOO6A,"June 6, 2019",Easy to install.,"Love this mount. Easy to install. Came with lots of screws, washers and fasteners. Recommend. 5 outta 5.",yes,0,4.0,https://www.amazon.ca/Bracket-Profile-Plasma-Screen-400x400mm/dp/B077Z45K65/ref=cm_cr_srp_d_product_top?ie=UTF8,2020-09-29 16:40:30.520922,2020-09-29 16:40:39.801460,Anthony Isadore,Clothing & Accessories,B002G9UDYG,B077Z45K65
19,19,AGSY45O2FW3G5ZJYYXPRZKLTOO6A,"June 6, 2019",Fabric doesn't stretch much.,Good fit for a size 38 waist. Fabric doesn't have much give and gets tight in the bottom of the crotch. They're good but not great. Just OK. 3 outta 5.,yes,0,3.0,https://www.amazon.ca/PUMA-Cotton-Boxer-Brief-Black/dp/B01G7LYKPG/ref=cm_cr_srp_d_product_top?ie=UTF8,2020-09-29 16:40:47.896845,2020-09-29 16:40:56.146550,Anthony Isadore,Clothing & Accessories,B002G9UDYG,B01G7LYKPG
20,20,AGSY45O2FW3G5ZJYYXPRZKLTOO6A,"May 24, 2019",I like it,This is a good quality shirt. Front design looks good. It's a strong medium/heavy material. Didn't shrink much and most importantly a true 2xl. I ordered another LRG shirt and it fit 2 sizes too small but this one fits perfect.,yes,0,5.0,https://www.amazon.ca/LRG-Research-Collection-Graphic-T-Shirt/dp/B07K24CL8L/ref=cm_cr_srp_d_product_top?ie=UTF8,2020-09-29 16:41:05.243309,2020-09-29 16:41:12.538564,Anthony Isadore,Clothing & Accessories,B002G9UDYG,B07K24CL8L
21,21,AGSY45O2FW3G5ZJYYXPRZKLTOO6A,"May 24, 2019",Does its job but rusts quick.,Luke the title says. Spend the extra money to buy stainless steel. The nickel plating helps but not around the edges. Rusted immediately.,yes,One,4.0,https://www.amazon.ca/Winco-CO-201-Tapper-Bottle-Opener/dp/B001VZ5EFE/ref=cm_cr_srp_d_product_top?ie=UTF8,2020-09-29 16:41:22.641980,2020-09-29 16:41:28.947044,Anthony Isadore,Clothing & Accessories,B002G9UDYG,B001VZ5EFE
