,Unnamed: 0,author_id,date_review_posted,review_title,reviews,verified_purchase,people_find_helpful,ratings,product_url,start,end,reviewer_name,product_category,product_id,subproduct_id
0,0,AGUEE77TX6NRWIHZ7XHATGME2EAA,"June 4, 2020",it’s very big and baggy,too big,yes,0,1.0,https://www.amazon.ca/Carhartt-Acrylic-Watch-Black-Size/dp/B002G9UDYG/ref=cm_cr_srp_d_product_top?ie=UTF8,2020-09-30 11:14:25.159870,2020-09-30 11:14:33.543060,Emmalouden,Clothing & Accessories,B002G9UDYG,B002G9UDYG
1,1,AGUEE77TX6NRWIHZ7XHATGME2EAA,"May 7, 2020",it’s great,i loved it it was perfect nothing wrong with it and very well packaged,yes,0,5.0,https://www.amazon.ca/M-Aimee-Goggles-Sunglasses-Glasses-Teenagers/dp/B07QXY1CG5/ref=cm_cr_srp_d_product_top?ie=UTF8,2020-09-30 11:14:43.649548,2020-09-30 11:14:53.035041,Emmalouden,Clothing & Accessories,B002G9UDYG,B07QXY1CG5
2,2,AGUEE77TX6NRWIHZ7XHATGME2EAA,"December 31, 2019",Some song are cut off,It’s really good it works well except I noticed that some songs are cut off,yes,0,4.0,https://www.amazon.ca/dont-smile-at-me-Vinyl/dp/B075MLB6GM/ref=cm_cr_srp_d_product_top?ie=UTF8,2020-09-30 11:15:03.135409,2020-09-30 11:15:09.518622,Emmalouden,Clothing & Accessories,B002G9UDYG,B075MLB6GM
3,3,AGUEE77TX6NRWIHZ7XHATGME2EAA,"May 22, 2019",It’s not for instax mini 9s,I didn’t like it cause it’s not for instax mini 9s I guess it just me who read it wrong but I thought it would be for instax mini 9s,yes,0,1.0,https://www.amazon.ca/Polaroid-Premium-Photo-Paper-30-Pack/dp/B008GVVTPU/ref=cm_cr_srp_d_product_top?ie=UTF8,2020-09-30 11:15:16.615321,2020-09-30 11:15:26.032678,Emmalouden,Clothing & Accessories,B002G9UDYG,B008GVVTPU
