,Unnamed: 0,author_id,date_review_posted,review_title,reviews,verified_purchase,people_find_helpful,ratings,product_url,start,end,reviewer_name,product_category,product_id,subproduct_id
0,0,AGUIASLJ6KG2J6RQDXWVQP4RSYNA,"January 13, 2020",Fantastic,Amazing,yes,0,5.0,https://www.amazon.ca/Expression-XP-15000-Wireless-Wide-Format-Printer/dp/B076PLTQQT/ref=cm_cr_srp_d_product_top?ie=UTF8,2020-09-30 11:39:39.591131,2020-09-30 11:39:48.956586,James R. Rae,Clothing & Accessories,B002G9UDYG,B076PLTQQT
1,1,AGUIASLJ6KG2J6RQDXWVQP4RSYNA,"October 21, 2018",Real Awesone,Super Good,yes,0,5.0,https://www.amazon.ca/Blue-NAND-1TB-SSD-WDS100T2B0B/dp/B073SB2MXT/ref=cm_cr_srp_d_product_top?ie=UTF8,2020-09-30 11:39:58.070072,2020-09-30 11:40:04.501002,James R. Rae,Clothing & Accessories,B002G9UDYG,B073SB2MXT
2,2,AGUIASLJ6KG2J6RQDXWVQP4RSYNA,"January 25, 2018",Five Stars,"Beautiful design and looks great, does not have mounting holes though",yes,0,5.0,https://www.amazon.ca/HP-IPS-Backlit-Monitor-23er/dp/B01F6V6TES/ref=cm_cr_srp_d_product_top?ie=UTF8,2020-09-30 11:40:14.603736,2020-09-30 11:40:20.962324,James R. Rae,Clothing & Accessories,B002G9UDYG,B01F6V6TES
3,3,AGUIASLJ6KG2J6RQDXWVQP4RSYNA,"January 25, 2018",Five Stars,Easy to install and very powerful,yes,0,5.0,https://www.amazon.ca/EVGA-GeForce-GAMING-GDDR5X-Technology/dp/B06Y13N2B6/ref=cm_cr_srp_d_product_top?ie=UTF8,2020-09-30 11:40:31.064717,2020-09-30 11:40:38.492170,James R. Rae,Clothing & Accessories,B002G9UDYG,B06Y13N2B6
4,4,AGUIASLJ6KG2J6RQDXWVQP4RSYNA,"January 25, 2018",Five Stars,"Fit's a little tight, but breaks in after wearing it for a few days",yes,0,5.0,https://www.amazon.ca/Carhartt-Acrylic-Watch-Black-Size/dp/B002G9UDYG/ref=cm_cr_srp_d_product_top?ie=UTF8,2020-09-30 11:40:46.600206,2020-09-30 11:40:53.970344,James R. Rae,Clothing & Accessories,B002G9UDYG,B002G9UDYG
5,5,AGUIASLJ6KG2J6RQDXWVQP4RSYNA,"January 25, 2018",Five Stars,"Extremely comfortable, and priced good",yes,0,5.0,https://www.amazon.ca/AmazonBasics-High-Back-Executive-Chair-Black/dp/B00XBC3BF0/ref=cm_cr_srp_d_product_top?ie=UTF8,2020-09-30 11:41:04.062404,2020-09-30 11:41:13.466749,James R. Rae,Clothing & Accessories,B002G9UDYG,B00XBC3BF0
6,6,AGUIASLJ6KG2J6RQDXWVQP4RSYNA,"January 25, 2018",Five Stars,Works perfectly and very easy to install!,yes,0,5.0,https://www.amazon.ca/Mann-Filter-CUK-2939-Activated-Volkswagen/dp/B001DRNNKI/ref=cm_cr_srp_d_product_top?ie=UTF8,2020-09-30 11:41:21.567833,2020-09-30 11:41:28.940840,James R. Rae,Clothing & Accessories,B002G9UDYG,B001DRNNKI
7,7,AGUIASLJ6KG2J6RQDXWVQP4RSYNA,"January 9, 2018",Five Stars,Worked Excellent!,yes,One,5.0,https://www.amazon.ca/Splitter-Version-Powered-Monitor-Support/dp/B075GDQ22W/ref=cm_cr_srp_d_product_top?ie=UTF8,2020-09-30 11:41:36.048718,2020-09-30 11:41:42.445818,James R. Rae,Clothing & Accessories,B002G9UDYG,B075GDQ22W
