,Unnamed: 0,author_id,date_review_posted,review_title,reviews,verified_purchase,people_find_helpful,ratings,product_url,start,end,reviewer_name,product_category,product_id,subproduct_id
0,0,AGZLVRPMWYG3QNUGOS7WKW6XXEAQ,"August 25, 2020",Great bday gift!,"Purchased for son's upcoming 18th birthday and I'm sure he will love it as he collects mugs.
Came the next day in perfect shape.",yes,0,5.0,https://www.amazon.ca/Vintage-2002-Etched-16oz-Glass/dp/B07ZWHBWTT/ref=cm_cr_srp_d_product_top?ie=UTF8,2020-09-18 13:15:30.812008,2020-09-18 13:15:39.114602,Kate,Clothing & Accessories,B002G9UDYG,B07ZWHBWTT
1,1,AGZLVRPMWYG3QNUGOS7WKW6XXEAQ,"June 28, 2020",Great for those who struggle to get water intake!!,"I struggle so much with getting my daily intake of water and this has already helped. The medications I'm on require extra water and this is absolutely perfect!
Very sturdy for carrying, easy to clean.
It's huge!! Also comes with cleaner for straw and edges.",yes,One,5.0,https://www.amazon.ca/QuiFit-Drinking-Motivational-Reusable-Capacity/dp/B07P9491CK/ref=cm_cr_srp_d_product_top?ie=UTF8,2020-09-18 13:15:46.209804,2020-09-18 13:15:54.520427,Kate,Clothing & Accessories,B002G9UDYG,B07P9491CK
2,2,AGZLVRPMWYG3QNUGOS7WKW6XXEAQ,"June 27, 2020","Came broken, soaking through box!! Top broken :(","This was disappointing because I can't return it for a new bottle.
Came broken at the top, box soaking wet. Product drained down to label.
Whole house smells, so it probably would be very effective but it won't spray properly.
Never had an issue with Amazon's packaging like this, unless it was the manufacturer.",yes,0,2.0,https://www.amazon.ca/Natures-Miracle-Orange-Remover-Eliminator/dp/B07L26CKGM/ref=cm_cr_srp_d_product_top?ie=UTF8,2020-09-18 13:16:03.615269,2020-09-18 13:16:10.916032,Kate,Clothing & Accessories,B002G9UDYG,B07L26CKGM
3,3,AGZLVRPMWYG3QNUGOS7WKW6XXEAQ,"June 22, 2020",Would definitely recommend for underneath exercise equipment!,"This fits under our indoor exercise bike perfectly as we have wood floors and were concerned about using it without a mat.
Very thick, had over a month now and with 2 people of different sizes and weights on the bike, no problem at all. Extremely pleased.",yes,0,5.0,https://www.amazon.ca/Supermats-Heavy-P-V-C-Ideal-Spinning/dp/B004IJJZN2/ref=cm_cr_srp_d_product_top?ie=UTF8,2020-09-18 13:16:21.015359,2020-09-18 13:16:29.297489,Kate,Clothing & Accessories,B002G9UDYG,B004IJJZN2
4,4,AGZLVRPMWYG3QNUGOS7WKW6XXEAQ,"June 22, 2020","Excellent for extra calories, protein, blood sugar and tastes great!","My still growing son is 17 and drinks one (sometimes 2) of these per day plus his regular vitamins.
For vegetarians like himself, and needing as many calories as possible, plus the protein, these drinks are excellent. He loves the flavor as well.
As he doesn't have alot of sugar in his diet and his predisposed to type 1 diabetes, these are perfect for his blood sugar.",yes,0,5.0,https://www.amazon.ca/Abbott-Laboratories-Chocolate-Advanced-Nutrition/dp/B07GJYC2L3/ref=cm_cr_srp_d_product_top?ie=UTF8,2020-09-18 13:16:39.390269,2020-09-18 13:16:46.689798,Kate,Clothing & Accessories,B002G9UDYG,B07GJYC2L3
5,5,AGZLVRPMWYG3QNUGOS7WKW6XXEAQ,"June 22, 2020",Perfect gift for any HIMYM Barney Stinson fan!,"Gave to my son as a graduation ""gag"" gift, totally took him by surprise.
We watched the series twice and it has been his favorite show, who couldn't love Barney!?!
Book also is a nice tough in his man cave. Lots of laughs already reading this, and a great keepsake!!

Will definitely get ""The Bro Code"" for another special occasion later on.",yes,0,5.0,https://www.amazon.ca/Playbook-Suit-Score-chicks-awesome/dp/1439196834/ref=cm_cr_srp_d_product_top?ie=UTF8,2020-09-18 13:16:56.793971,2020-09-18 13:17:04.109959,Kate,Clothing & Accessories,B002G9UDYG,1439196834
6,6,AGZLVRPMWYG3QNUGOS7WKW6XXEAQ,"June 22, 2020",Great grad gag gift!,"Nice little book for notes or journalling, got a laugh at the graduation party.
Came in perfect shape, would definitely recommend.",yes,0,5.0,https://www.amazon.ca/Look-You-Graduating-Shit-Congratulations/dp/1717108415/ref=cm_cr_srp_d_product_top?ie=UTF8,2020-09-18 13:17:13.203625,2020-09-18 13:17:19.544747,Kate,Clothing & Accessories,B002G9UDYG,1717108415
7,7,AGZLVRPMWYG3QNUGOS7WKW6XXEAQ,"June 18, 2020","Fantastic lights, amazing service!"," Bought the 32.8ft as a graduation gift for my son to do up the basement (his man cave!) with and we were both thrilled.
Very easy to put up, extremely bright and so many colours and settings to chose from!!
I was so happy with the customer service as I thought the battery died on the remote after having it only 2 or 3 days. I went out to buy a new battery but it turned out to be the remote. Customer service was excellent and immediately sent out another one, checking to make sure I was happy with the product and service.
Would definitely recommend buying from them!!",yes,14,5.0,https://www.amazon.ca/Govee-Waterproof-Changing-Adhesive-Decoration/dp/B07TD8TBDM/ref=cm_cr_srp_d_product_top?ie=UTF8,2020-09-18 13:17:29.634403,2020-09-18 13:17:37.870951,Kate,Clothing & Accessories,B002G9UDYG,B07TD8TBDM
8,8,AGZLVRPMWYG3QNUGOS7WKW6XXEAQ,"May 23, 2020","Great value for the money, just what I was looking for!","I've had a hard time finding good dish towels for drying that don't cost a fortune. This was a great deal and they get the job done, and look nice too!!
Would definitely purchase again and recommend.",yes,0,5.0,https://www.amazon.ca/Kitchen-Dishcloth-Dishcloths-Superior-Professional/dp/B07RJ14M5M/ref=cm_cr_srp_d_product_top?ie=UTF8,2020-09-18 13:17:45.970839,2020-09-18 13:17:53.255170,Kate,Clothing & Accessories,B002G9UDYG,B07RJ14M5M
9,9,AGZLVRPMWYG3QNUGOS7WKW6XXEAQ,"May 11, 2020",Great padding and added protection for my bike seat (and my own!),"Bought for Marcy foldable bike for added comfort and it definitely made a huge difference! Fit the bike perfectly. I imagine this is made to fit most indoor bikes as their seats are a bit larger, I'd check out their other models for outdoor speed bikes if you have one.",yes,0,5.0,https://www.amazon.ca/Zacro-Exercise-Comfortable-Stationary-Waterpoof/dp/B07254CM7Z/ref=cm_cr_srp_d_product_top?ie=UTF8,2020-09-18 13:18:01.337920,2020-09-18 13:18:09.656383,Kate,Clothing & Accessories,B002G9UDYG,B07254CM7Z
10,10,AGZLVRPMWYG3QNUGOS7WKW6XXEAQ,"May 2, 2020","Was hoping for more tension but no regrets, love it!","Ok, so looking around for an exercise bike has been a struggle. I read on line about this bike outside of Amazon and then looked it up...sure enough it was sold out, but for the reviews online and the PRICE I ordered one anyways and within 2 weeks it was delivered.
I just set it up tonight and it was extremely easy, pull out the silver tab in the middle which keeps it in it's foldable position, and you're set!
It'll keep you moving for sure, but if you're like me and like spin classes for tension then this may not be for you. The tension of 8 I felt more like a 2 to me, however I personally can't afford a heavy duty spin bike and would rather work on my legs with other exercises and going outdoors.
I also love how small this is and that for my place as I don't have room for anything any bigger.
Super easy to fold up but no wheels on the bottom.",yes,0,5.0,https://www.amazon.ca/Foldable-Exercise-Adjustable-Resistance-Strength/dp/B0090OKG38/ref=cm_cr_srp_d_product_top?ie=UTF8,2020-09-18 13:18:19.750600,2020-09-18 13:18:26.061193,Kate,Clothing & Accessories,B002G9UDYG,B0090OKG38
11,11,AGZLVRPMWYG3QNUGOS7WKW6XXEAQ,"April 9, 2020",Beautiful gift for graduation and mug collector!,"It's absolutely perfect.
Son is very sentimental and a collector of mugs when we travel.
He loved it!!",yes,0,5.0,https://www.amazon.ca/Graduation-Gifts-2019-Supplies-Decorations/dp/B07DRJFGFC/ref=cm_cr_srp_d_product_top?ie=UTF8,2020-09-18 13:18:35.171486,2020-09-18 13:18:42.431786,Kate,Clothing & Accessories,B002G9UDYG,B07DRJFGFC
12,12,AGZLVRPMWYG3QNUGOS7WKW6XXEAQ,"March 25, 2020",Just what I was looking for and just as described!,"Bought as a gift and they said they loved it, hard to find these around anymore.
Super fast service and was exactly as described.",yes,0,5.0,https://www.amazon.ca/Premium-Bamboo-Ottoman-Food-Serving/dp/B0115SO4IE/ref=cm_cr_srp_d_product_top?ie=UTF8,2020-09-18 13:18:51.527147,2020-09-18 13:19:00.771320,Kate,Clothing & Accessories,B002G9UDYG,B0115SO4IE
13,13,AGZLVRPMWYG3QNUGOS7WKW6XXEAQ,"March 25, 2020","Wonderful investment, pain and anxiety relief!!","I bought this for fibromyalgia pain and and to also use as for anxiety for my son and I.
He absolutely loves it!!
We've gotten a little creative using it for vibration/music therapy for anxiety which seems to be extremely helpful as buying an actual system or going to go to a session can be extremely expensive. Just use a favourite calming choice of music and set the vibrations all to the same steady
frequency.
We've had this almost a month now and it is used at least 2x a day minimum!!",yes,0,5.0,https://www.amazon.ca/Belmint-Massager-Massage-10-Motor-Full-Body/dp/B017HM4G8K/ref=cm_cr_srp_d_product_top?ie=UTF8,2020-09-18 13:19:08.861002,2020-09-18 13:19:17.155624,Kate,Clothing & Accessories,B002G9UDYG,B017HM4G8K
14,14,AGZLVRPMWYG3QNUGOS7WKW6XXEAQ,"March 3, 2020","Recommended by my counselor, just what I needed.","Painful read for women who have never been close to their mother's. However this is a must have if you have always or question feeling unloved, judged, controlled by your mother all your life, and so much more.",yes,2,5.0,https://www.amazon.ca/Mothers-Who-Cant-Love-Daughters/dp/006220436X/ref=cm_cr_srp_d_product_top?ie=UTF8,2020-09-18 13:19:27.244017,2020-09-18 13:19:35.583996,Kate,Clothing & Accessories,B002G9UDYG,006220436X
15,15,AGZLVRPMWYG3QNUGOS7WKW6XXEAQ,"March 3, 2020",Amazing WARM hat for anyone!!,"My son loves these, along with the Carhartt coat and hat for the cold winter, especially working outdoors.
Solid brand. Highly recommend!!",yes,0,5.0,https://www.amazon.ca/Carhartt-Acrylic-Watch-Black-Size/dp/B002G9UDYG/ref=cm_cr_srp_d_product_top?ie=UTF8,2020-09-18 13:19:44.678977,2020-09-18 13:19:52.964430,Kate,Clothing & Accessories,B002G9UDYG,B002G9UDYG
16,16,AGZLVRPMWYG3QNUGOS7WKW6XXEAQ,"March 3, 2020",Sizes are big!! But highly recommended!!,"Carhartt was awesome with returning the first coat we ordered as the medium DROWNED my son (his other winter coat is a medium, and he's 6ft1).
The small was a world of difference and fit perfect. He loves this coat and has worn it all winter, great for his job outdoors too.",yes,0,5.0,https://www.amazon.ca/Carhartt-Quilted-Flannel-Active-Jacket/dp/B002GHC2XI/ref=cm_cr_srp_d_product_top?ie=UTF8,2020-09-18 13:20:01.052268,2020-09-18 13:20:09.326022,Kate,Clothing & Accessories,B002G9UDYG,B002GHC2XI
17,17,AGZLVRPMWYG3QNUGOS7WKW6XXEAQ,"March 3, 2020",Warm and worth every penny!!,"My son loves these, along with the Carhartt coat and hat for the cold winter, especially working outdoors.
Solid brand. Highly recommended!!!",yes,0,5.0,https://www.amazon.ca/Carhartt-A733-Winter-Ballistic-Glove-black/dp/B078Y35ZY8/ref=cm_cr_srp_d_product_top?ie=UTF8,2020-09-18 13:20:17.423903,2020-09-18 13:20:26.682020,Kate,Clothing & Accessories,B002G9UDYG,B078Y35ZY8
18,18,AGZLVRPMWYG3QNUGOS7WKW6XXEAQ,"March 3, 2020",Unfortunately won't buy again.,"I usually purchase another brand for my son but I figured these would taste the same...ooops! He still takes them every day but I did try a ""little bit"", NOTHING like the other brand. Great deal for so many but the taste is awful.",yes,0,4.0,https://www.amazon.ca/Centrum%C2%AE-MultiGummies-Cherry-Multivitamin-Gummies/dp/B01N5AZKT9/ref=cm_cr_srp_d_product_top?ie=UTF8,2020-09-18 13:20:35.782154,2020-09-18 13:20:42.090423,Kate,Clothing & Accessories,B002G9UDYG,B01N5AZKT9
19,19,AGZLVRPMWYG3QNUGOS7WKW6XXEAQ,"March 3, 2020",This is more than all you need if you're on a budget!,"Bought this for my teenage son, he absolutely loves it.
Sounds great.",yes,0,5.0,https://www.amazon.ca/VTIN-Bluetooth-Portable-Exclusive-Waterproof/dp/B07F6BMDF8/ref=cm_cr_srp_d_product_top?ie=UTF8,2020-09-18 13:20:49.186088,2020-09-18 13:20:58.450970,Kate,Clothing & Accessories,B002G9UDYG,B07F6BMDF8
20,20,AGZLVRPMWYG3QNUGOS7WKW6XXEAQ,"March 3, 2020",Exactly what we were looking for and a great price,Perfect!!,yes,0,5.0,https://www.amazon.ca/Stainless-Grapefruit-Serrated-Pattern-Dessert/dp/B07DJBNBWG/ref=cm_cr_srp_d_product_top?ie=UTF8,2020-09-18 13:21:08.538920,2020-09-18 13:21:16.837685,Kate,Clothing & Accessories,B002G9UDYG,B07DJBNBWG
21,21,AGZLVRPMWYG3QNUGOS7WKW6XXEAQ,"December 5, 2018",Came with a broken CD case.,"Love the CD as I love MUSE.
However, I was very disappointed to open the package and find the CD as seen.
Broken apart, and no extra piece in the package.
Won't order from this buyer again.",yes,0,3.0,https://www.amazon.ca/Resistance-Muse/dp/B002GZQYMK/ref=cm_cr_srp_d_product_top?ie=UTF8,2020-09-18 13:21:23.951694,2020-09-18 13:21:32.243575,Kate,Clothing & Accessories,B002G9UDYG,B002GZQYMK
22,22,AGZLVRPMWYG3QNUGOS7WKW6XXEAQ,"November 26, 2018",LOVE,"Exactly as shown. With 4 loops inside for duvet...just have to feel around!!!
Absolutely love.",yes,0,5.0,https://www.amazon.ca/MEJOR-Microfiber-Bohemia-Exotic-Patterns/dp/B01GJLI5UU/ref=cm_cr_srp_d_product_top?ie=UTF8,2020-09-18 13:21:42.370817,2020-09-18 13:21:51.711403,Kate,Clothing & Accessories,B002G9UDYG,B01GJLI5UU
23,23,AGZLVRPMWYG3QNUGOS7WKW6XXEAQ,"October 20, 2018",Very helpful especially for back sleepers!,This has been the best pillow I've used or owned yet. I had an accident with my neck and shoulder several years ago and sleeping is a nightmare. I find that it really helps keep your head in position if you're a back sleeper like myself and even my chiropractor noticed a difference.,yes,2,5.0,https://www.amazon.ca/MARNUR-Orthopedic-Pillow-Contour-Certification-Pillowcase/dp/B078WRQYXW/ref=cm_cr_srp_d_product_top?ie=UTF8,2020-09-18 13:22:00.791459,2020-09-18 13:22:07.053100,Kate,Clothing & Accessories,B002G9UDYG,B078WRQYXW
24,24,AGZLVRPMWYG3QNUGOS7WKW6XXEAQ,"October 12, 2018",Exactly as described. Love them!,Perfect!! Beautiful and dainty. Exactly as described. Arrived within 2 days. Thank you!,yes,One,5.0,https://www.amazon.ca/ORAZIO-Pairs-Stainless-Earrings-Womens/dp/B0758B674V/ref=cm_cr_srp_d_product_top?ie=UTF8,2020-09-18 13:22:14.141677,2020-09-18 13:22:21.412827,Kate,Clothing & Accessories,B002G9UDYG,B0758B674V
25,25,AGZLVRPMWYG3QNUGOS7WKW6XXEAQ,"September 18, 2018",So far so good!! Fast shipping. Feels great.,"Packing was great, sealed, and doesn't expire for several years. Very light orange citrus scent. No mess with pump. So far so good!!",yes,0,5.0,https://www.amazon.ca/dp/B00PK57OCM/ref=cm_cr_srp_d_product_top?ie=UTF8,2020-09-18 13:22:28.504641,2020-09-18 13:22:36.783188,Kate,Clothing & Accessories,B002G9UDYG,B00PK57OCM
26,26,AGZLVRPMWYG3QNUGOS7WKW6XXEAQ,"September 18, 2018",Pure gold. LOVE!!!,NEVER disappointed with ANYTHING by muse. One if the most underrated bands out there.,yes,0,5.0,https://www.amazon.ca/Black-Holes-Revelations-Muse/dp/B000G09OEM/ref=cm_cr_srp_d_product_top?ie=UTF8,2020-09-18 13:22:44.881197,2020-09-18 13:22:52.151683,Kate,Clothing & Accessories,B002G9UDYG,B000G09OEM
27,27,AGZLVRPMWYG3QNUGOS7WKW6XXEAQ,"September 12, 2018","Would definitely recommend, just use a ""duvet"" cover!",My son has a lot of anxiety and ADHD. He absolutely loves this blanket and is sleeping so much better. My only wish was that it came with a cover as the sizing is different and there's no washing it. Otherwise fantastic and delivered right to our door.,yes,4,4.0,https://www.amazon.ca/Weighted-Idea-Blanket-130-170lbs-Individuals/dp/B074BX8YMW/ref=cm_cr_srp_d_product_top?ie=UTF8,2020-09-18 13:23:00.241355,2020-09-18 13:23:09.522193,Kate,Clothing & Accessories,B002G9UDYG,B074BX8YMW
28,28,AGZLVRPMWYG3QNUGOS7WKW6XXEAQ,"September 12, 2018",No complaints!! Great value!!!!,"My son chose this for his 11th grade back to school. Very sturdy, full of pockets for organizing and he was thrilled with it.
Nice and tough bag even for a 16 year old!! Very fast shipping.",yes,0,5.0,https://www.amazon.ca/CrossLandy-Laptop-Backpack-College-Tablets/dp/B01N4BYR7Z/ref=cm_cr_srp_d_product_top?ie=UTF8,2020-09-18 13:23:18.615723,2020-09-18 13:23:26.932137,Kate,Clothing & Accessories,B002G9UDYG,B01N4BYR7Z
29,29,AGZLVRPMWYG3QNUGOS7WKW6XXEAQ,"September 12, 2018",PERFECT!!!,"Just as described. Birthday gift for my golfing mom who was THRILLED with this and loved the touch of the crystals! Great find, unique and fast delivery!",yes,0,5.0,https://www.amazon.ca/Navika-Course-Swarovski-Crystal-White/dp/B008GDHNZ8/ref=cm_cr_srp_d_product_top?ie=UTF8,2020-09-18 13:23:34.031756,2020-09-18 13:23:40.301708,Kate,Clothing & Accessories,B002G9UDYG,B008GDHNZ8
30,30,AGZLVRPMWYG3QNUGOS7WKW6XXEAQ,"July 18, 2018",Absolutely purrrfect. Great deal and fast shipping!!,"I have to admit I was a little concerned when I opened this and saw how small the top was as my indoor cats are on the ""chubby"" side, with the heaviest being 18 pounds! My son laughed away as we (very quickly) put this together thinking it would be a total waste of money too. As our cats can only see outside the front window when it's open, I thought a stand would be purrrfect for them. The moment it was assembled one of them was right up in the top small getting cozy then it was a battle between the 2 since, even both in the top at one point last night!!
They absolutely LOVE it!!!! With all the weight I was concerned of tipping but it has been remarkably sturdy. Just tighten everything well and you should be set. Excellent deal, was here so fast and they also love the scratching posts!!!",yes,17,5.0,https://www.amazon.ca/AmazonBasics-Cat-Tree-Scratching-Posts/dp/B06X6J3L65/ref=cm_cr_srp_d_product_top?ie=UTF8,2020-09-18 13:23:48.396691,2020-09-18 13:23:57.704040,Kate,Clothing & Accessories,B002G9UDYG,B06X6J3L65
31,31,AGZLVRPMWYG3QNUGOS7WKW6XXEAQ,"July 14, 2018",Simple... It's George Michael. Fast shipping. Love.,"Re-ordered this DVD as I wore my other one out after years and years of playing it.
If you're a George Michael fan, this is a MUST HAVE.",yes,0,5.0,https://www.amazon.ca/Ladies-Gentlemen-Best-George-Michael/dp/6305629846/ref=cm_cr_srp_d_product_top?ie=UTF8,2020-09-18 13:24:04.799585,2020-09-18 13:24:11.091012,Kate,Clothing & Accessories,B002G9UDYG,6305629846
32,32,AGZLVRPMWYG3QNUGOS7WKW6XXEAQ,"July 14, 2018","Beautiful, vibrant and fast shipping!!!","Love it! Perfect for my son and I, and our love of elephants. So many colours and just as bright as shown in photo. Just hung up and waiting for the wrinkles to come out from packaging of course. Thank you again for such fast shipping!! Can't go wrong.",yes,0,5.0,https://www.amazon.ca/Elephant-Playing-Polyester-Bathroom-Curtain/dp/B01I53L5KM/ref=cm_cr_srp_d_product_top?ie=UTF8,2020-09-18 13:24:21.181800,2020-09-18 13:24:30.453845,Kate,Clothing & Accessories,B002G9UDYG,B01I53L5KM
