,Unnamed: 0,author_id,date_review_posted,review_title,reviews,verified_purchase,people_find_helpful,ratings,product_url,start,end,reviewer_name,product_category,product_id,subproduct_id
0,0,AH2K57X3YESFHCEQZUV7Z7KNGTXQ,"December 4, 2019",Amazing,"A+. Fast shipping, great product and Exactly what I wanted. Would highly recommend it to anyone!",yes,0,5.0,https://www.amazon.ca/dp/B004PEGE7U/ref=cm_cr_srp_d_product_top?ie=UTF8,2020-09-29 22:48:47.229360,2020-09-29 22:48:55.474340,Tpan,Clothing & Accessories,B002G9UDYG,B004PEGE7U
1,1,AH2K57X3YESFHCEQZUV7Z7KNGTXQ,"December 4, 2019",Amazing,"A+. Fast shipping, great product and Exactly what I wanted. Would highly recommend it to anyone!",yes,0,5.0,https://www.amazon.ca/CHI-Ceramic-Titanium-Hairstyling-Iron/dp/B015ZPKJW8/ref=cm_cr_srp_d_product_top?ie=UTF8,2020-09-29 22:49:02.557444,2020-09-29 22:49:09.850999,Tpan,Clothing & Accessories,B002G9UDYG,B015ZPKJW8
2,2,AH2K57X3YESFHCEQZUV7Z7KNGTXQ,"December 4, 2019",Amazing,"A+. Fast shipping, great product and Exactly what I wanted. Would highly recommend it to anyone!",yes,0,5.0,https://www.amazon.ca/Climb-Rave-Strap-Climbing-Shoe/dp/B07C848635/ref=cm_cr_srp_d_product_top?ie=UTF8,2020-09-29 22:49:17.946529,2020-09-29 22:49:25.199938,Tpan,Clothing & Accessories,B002G9UDYG,B07C848635
3,3,AH2K57X3YESFHCEQZUV7Z7KNGTXQ,"December 4, 2019",Amazing,"A+. Fast shipping, great product and Exactly what I wanted. Would highly recommend it to anyone!",yes,0,5.0,https://www.amazon.ca/Beast-Mens-Skin-Ball-Powder/dp/B07SRKF6JH/ref=cm_cr_srp_d_product_top?ie=UTF8,2020-09-29 22:49:33.277292,2020-09-29 22:49:41.503205,Tpan,Clothing & Accessories,B002G9UDYG,B07SRKF6JH
4,4,AH2K57X3YESFHCEQZUV7Z7KNGTXQ,"December 4, 2019",Amazing,"A+. Fast shipping, great product and Exactly what I wanted. Would highly recommend it to anyone!",yes,0,5.0,https://www.amazon.ca/Tactical-Embroidered-Backing-Canadian-Backpack/dp/B077GNCMF9/ref=cm_cr_srp_d_product_top?ie=UTF8,2020-09-29 22:49:49.586137,2020-09-29 22:49:56.886360,Tpan,Clothing & Accessories,B002G9UDYG,B077GNCMF9
5,5,AH2K57X3YESFHCEQZUV7Z7KNGTXQ,"December 4, 2019",Amazing,"A+. Fast shipping, great product and Exactly what I wanted. Would highly recommend it to anyone!",yes,0,5.0,https://www.amazon.ca/Paracord-Bracelet-Multi-Functional-Wilderness-Adventure/dp/B07K2Z7BQV/ref=cm_cr_srp_d_product_top?ie=UTF8,2020-09-29 22:50:04.982741,2020-09-29 22:50:14.235800,Tpan,Clothing & Accessories,B002G9UDYG,B07K2Z7BQV
6,6,AH2K57X3YESFHCEQZUV7Z7KNGTXQ,"April 12, 2019",A+,thumbs up!,yes,0,5.0,https://www.amazon.ca/Anker-PowerDrive-Charger-Bluetooth-Headsets/dp/B00VH84L5E/ref=cm_cr_srp_d_product_top?ie=UTF8,2020-09-29 22:50:22.322480,2020-09-29 22:50:30.544700,Tpan,Clothing & Accessories,B002G9UDYG,B00VH84L5E
7,7,AH2K57X3YESFHCEQZUV7Z7KNGTXQ,"April 11, 2019",Amazing book!,Great read! Highly recommend it. I’ve been practicing it after I’ve read it. Absolutely love it! Glad I came across this book,no,0,5.0,https://www.amazon.ca/Love-Yourself-Like-Your-Depends-ebook/dp/B0086BX8UE/ref=cm_cr_srp_d_product_top?ie=UTF8,2020-09-29 22:50:38.635016,2020-09-29 22:50:46.887182,Tpan,Clothing & Accessories,B002G9UDYG,B0086BX8UE
8,8,AH2K57X3YESFHCEQZUV7Z7KNGTXQ,"December 10, 2018",Awesomeeee!,"Great case, super fast delivery",yes,0,5.0,https://www.amazon.ca/LifeProof-Case-FRE-iPhone-Xs/dp/B07GBYXD7Y/ref=cm_cr_srp_d_product_top?ie=UTF8,2020-09-29 22:50:55.988258,2020-09-29 22:51:02.248856,Tpan,Clothing & Accessories,B002G9UDYG,B07GBYXD7Y
9,9,AH2K57X3YESFHCEQZUV7Z7KNGTXQ,"December 4, 2018",GREAT PRODUCT,"ARRIVED ON TIME, HAPPY WITH THE PRODUCT",yes,0,5.0,https://www.amazon.ca/BlitzWolf-Braided-Tangle-Free-Cellphone-Charging/dp/B072MSH8WP/ref=cm_cr_srp_d_product_top?ie=UTF8,2020-09-29 22:51:09.341680,2020-09-29 22:51:17.619740,Tpan,Clothing & Accessories,B002G9UDYG,B072MSH8WP
10,10,AH2K57X3YESFHCEQZUV7Z7KNGTXQ,"December 4, 2018",GREAT PRODUCT,"ARRIVED ON TIME, HAPPY WITH THE PRODUCT",yes,0,5.0,https://www.amazon.ca/Hannah-fit-Reflective-Hook-Fastener-Multicam/dp/B07DMJ12W6/ref=cm_cr_srp_d_product_top?ie=UTF8,2020-09-29 22:51:27.698367,2020-09-29 22:51:35.942384,Tpan,Clothing & Accessories,B002G9UDYG,B07DMJ12W6
11,11,AH2K57X3YESFHCEQZUV7Z7KNGTXQ,"December 4, 2018",GREAT PRODUCT,"ARRIVED ON TIME, HAPPY WITH THE PRODUCT",yes,0,5.0,https://www.amazon.ca/dp/B07DRFNZ6X/ref=cm_cr_srp_d_product_top?ie=UTF8,2020-09-29 22:51:43.028633,2020-09-29 22:51:52.251684,Tpan,Clothing & Accessories,B002G9UDYG,B07DRFNZ6X
12,12,AH2K57X3YESFHCEQZUV7Z7KNGTXQ,"December 4, 2018",GREAT PRODUCT,"ARRIVED ON TIME, HAPPY WITH THE PRODUCT",yes,0,5.0,https://www.amazon.ca/Natural-Instant-Fishing-Camping-Convenient/dp/B01MR2US60/ref=cm_cr_srp_d_product_top?ie=UTF8,2020-09-29 22:52:02.347260,2020-09-29 22:52:10.613550,Tpan,Clothing & Accessories,B002G9UDYG,B01MR2US60
13,13,AH2K57X3YESFHCEQZUV7Z7KNGTXQ,"December 4, 2018",GREAT PRODUCT,"ARRIVED ON TIME, HAPPY WITH THE PRODUCT",yes,0,5.0,https://www.amazon.ca/Kingston-Digital-128GB-microSDXC-Adapter/dp/B079GVC5B7/ref=cm_cr_srp_d_product_top?ie=UTF8,2020-09-29 22:52:20.704044,2020-09-29 22:52:26.973216,Tpan,Clothing & Accessories,B002G9UDYG,B079GVC5B7
14,14,AH2K57X3YESFHCEQZUV7Z7KNGTXQ,"October 19, 2018",Awesome!,"Great product! Fast shipping, highly recommend it.",yes,0,5.0,https://www.amazon.ca/Carhartt-Acrylic-Watch-Black-Size/dp/B002G9UDYG/ref=cm_cr_srp_d_product_top?ie=UTF8,2020-09-29 22:52:35.058586,2020-09-29 22:52:44.305950,Tpan,Clothing & Accessories,B002G9UDYG,B002G9UDYG
15,15,AH2K57X3YESFHCEQZUV7Z7KNGTXQ,"October 3, 2018",Amazing!,This is my 3rd time ordering this case for different phones. Absolutely love it!,yes,0,5.0,https://www.amazon.ca/Samsung-SUPCASE-Full-Body-Holster-Protector/dp/B079BPG7CC/ref=cm_cr_srp_d_product_top?ie=UTF8,2020-09-29 22:52:51.399167,2020-09-29 22:52:57.661809,Tpan,Clothing & Accessories,B002G9UDYG,B079BPG7CC
16,16,AH2K57X3YESFHCEQZUV7Z7KNGTXQ,"August 14, 2017",Highly recommend!,Fast shipping. Highly recommend!,yes,0,5.0,https://www.amazon.ca/Sony-MDREX15LP-Ear-Headphones-Black/dp/B00IJXCBG6/ref=cm_cr_srp_d_product_top?ie=UTF8,2020-09-29 22:53:05.743155,2020-09-29 22:53:14.967475,Tpan,Clothing & Accessories,B002G9UDYG,B00IJXCBG6
17,17,AH2K57X3YESFHCEQZUV7Z7KNGTXQ,"August 14, 2017",Highly recommend!,Fast shipping. Highly recommend!,yes,0,5.0,https://www.amazon.ca/Metal-String-Lights-Holders-Single/dp/B00GRFZ2SM/ref=cm_cr_srp_d_product_top?ie=UTF8,2020-09-29 22:53:24.047877,2020-09-29 22:53:31.268731,Tpan,Clothing & Accessories,B002G9UDYG,B00GRFZ2SM
18,18,AH2K57X3YESFHCEQZUV7Z7KNGTXQ,"August 14, 2017",Highly recommend!,Fast shipping. Highly recommend!,yes,0,5.0,https://www.amazon.ca/dp/B01B3VMPF2/ref=cm_cr_srp_d_product_top?ie=UTF8,2020-09-29 22:53:41.367528,2020-09-29 22:53:48.649041,Tpan,Clothing & Accessories,B002G9UDYG,B01B3VMPF2
19,19,AH2K57X3YESFHCEQZUV7Z7KNGTXQ,"August 14, 2017",Highly recommend!,Fast shipping. Highly recommend!,yes,0,5.0,https://www.amazon.ca/Compact-Water-Resistant-Picnic-Blanket-inches/dp/B014GM6Z4C/ref=cm_cr_srp_d_product_top?ie=UTF8,2020-09-29 22:53:58.738077,2020-09-29 22:54:07.051934,Tpan,Clothing & Accessories,B002G9UDYG,B014GM6Z4C
20,20,AH2K57X3YESFHCEQZUV7Z7KNGTXQ,"August 14, 2017",Highly recommend!,Fast shipping. Highly recommend!,yes,0,5.0,https://www.amazon.ca/dp/B00BWKCQ9A/ref=cm_cr_srp_d_product_top?ie=UTF8,2020-09-29 22:54:16.134440,2020-09-29 22:54:23.377250,Tpan,Clothing & Accessories,B002G9UDYG,B00BWKCQ9A
21,21,AH2K57X3YESFHCEQZUV7Z7KNGTXQ,"August 14, 2017",Highly recommend!,Fast shipping. Highly recommend!,yes,0,5.0,https://www.amazon.ca/Globe-Electric-1-Light-Designer-65114/dp/B00L5KWNCM/ref=cm_cr_srp_d_product_top?ie=UTF8,2020-09-29 22:54:32.472526,2020-09-29 22:54:41.731040,Tpan,Clothing & Accessories,B002G9UDYG,B00L5KWNCM
22,22,AH2K57X3YESFHCEQZUV7Z7KNGTXQ,"August 14, 2017",Highly recommend!,Fast shipping. Highly recommend!,yes,0,5.0,https://www.amazon.ca/Scholls-Odour-Destroyers-Sport-Insoles/dp/B003Y7NM56/ref=cm_cr_srp_d_product_top?ie=UTF8,2020-09-29 22:54:50.824793,2020-09-29 22:54:58.105023,Tpan,Clothing & Accessories,B002G9UDYG,B003Y7NM56
23,23,AH2K57X3YESFHCEQZUV7Z7KNGTXQ,"August 14, 2017",Highly recommend!,Fast shopping. Highly recommend!,yes,One,4.0,https://www.amazon.ca/Vati-Removable-Rain-Protective-Decal/dp/B00QLX6PFY/ref=cm_cr_srp_d_product_top?ie=UTF8,2020-09-29 22:55:05.198119,2020-09-29 22:55:12.501357,Tpan,Clothing & Accessories,B002G9UDYG,B00QLX6PFY
24,24,AH2K57X3YESFHCEQZUV7Z7KNGTXQ,"August 14, 2017",Highly recommend!,Fast shopping. Highly recommend!,yes,0,5.0,https://www.amazon.ca/JAIFEI-Suspenders-Elastic-Wedding-Champagne/dp/B071RC1H7B/ref=cm_cr_srp_d_product_top?ie=UTF8,2020-09-29 22:55:19.589327,2020-09-29 22:55:27.822260,Tpan,Clothing & Accessories,B002G9UDYG,B071RC1H7B
25,25,AH2K57X3YESFHCEQZUV7Z7KNGTXQ,"August 14, 2017",Highly recommend!,Fast shopping. Highly recommend!,yes,0,5.0,https://www.amazon.ca/ATPWONZ-Twine-Natural-String-Clothespins/dp/B06WRRKV2H/ref=cm_cr_srp_d_product_top?ie=UTF8,2020-09-29 22:55:36.916722,2020-09-29 22:55:45.185338,Tpan,Clothing & Accessories,B002G9UDYG,B06WRRKV2H
26,26,AH2K57X3YESFHCEQZUV7Z7KNGTXQ,"August 14, 2017",Highly recommend!,Fast shopping. Highly recommend!,yes,0,5.0,https://www.amazon.ca/Ultimate-Survival-Technologies-Paracord-Bracelet/dp/B00D6EV8IA/ref=cm_cr_srp_d_product_top?ie=UTF8,2020-09-29 22:55:54.280087,2020-09-29 22:56:00.537749,Tpan,Clothing & Accessories,B002G9UDYG,B00D6EV8IA
27,27,AH2K57X3YESFHCEQZUV7Z7KNGTXQ,"August 14, 2017",Highly recommend!,Fast shopping. Highly recommend!,yes,0,5.0,https://www.amazon.ca/Christmas-Pattern-Background-Lightweight-Blanket/dp/B01JUHMJ8E/ref=cm_cr_srp_d_product_top?ie=UTF8,2020-09-29 22:56:07.620780,2020-09-29 22:56:14.882115,Tpan,Clothing & Accessories,B002G9UDYG,B01JUHMJ8E
28,28,AH2K57X3YESFHCEQZUV7Z7KNGTXQ,"August 14, 2017",Highly recommend!,Fast shopping. Highly recommend!,yes,0,5.0,https://www.amazon.ca/Mexico-Mexican-Small-Applique-Embroidered/dp/B00BLYX2P4/ref=cm_cr_srp_d_product_top?ie=UTF8,2020-09-29 22:56:22.973353,2020-09-29 22:56:29.264049,Tpan,Clothing & Accessories,B002G9UDYG,B00BLYX2P4
29,29,AH2K57X3YESFHCEQZUV7Z7KNGTXQ,"August 14, 2017",Highly recommend!,Fast shopping. Highly recommend!,yes,0,5.0,https://www.amazon.ca/Someone-Speaks-Fluent-Emoji-Funny/dp/B01N5CS3VK/ref=cm_cr_srp_d_product_top?ie=UTF8,2020-09-29 22:56:37.363475,2020-09-29 22:56:46.632654,Tpan,Clothing & Accessories,B002G9UDYG,B01N5CS3VK
30,30,AH2K57X3YESFHCEQZUV7Z7KNGTXQ,"August 14, 2017",Highly recommend,Fast shopping! Highly recommend,yes,0,5.0,https://www.amazon.ca/Mosiso-Polyester-Vertical-Repellent-Notebook/dp/B01M189D0V/ref=cm_cr_srp_d_product_top?ie=UTF8,2020-09-29 22:56:54.717191,2020-09-29 22:57:03.994561,Tpan,Clothing & Accessories,B002G9UDYG,B01M189D0V
31,31,AH2K57X3YESFHCEQZUV7Z7KNGTXQ,"December 5, 2016",Five Stars,a+,yes,0,5.0,https://www.amazon.ca/Fosmon%C2%AE-Premium-Quality-Generation-Leather/dp/B001W309QY/ref=cm_cr_srp_d_product_top?ie=UTF8,2020-09-29 22:57:12.089244,2020-09-29 22:57:21.348895,Tpan,Clothing & Accessories,B002G9UDYG,B001W309QY
32,32,AH2K57X3YESFHCEQZUV7Z7KNGTXQ,"December 5, 2016",Five Stars,a+,yes,0,5.0,https://www.amazon.ca/dp/B010MWEOCU/ref=cm_cr_srp_d_product_top?ie=UTF8,2020-09-29 22:57:31.428120,2020-09-29 22:57:38.660824,Tpan,Clothing & Accessories,B002G9UDYG,B010MWEOCU
33,33,AH2K57X3YESFHCEQZUV7Z7KNGTXQ,"December 5, 2016",Five Stars,a+,yes,0,5.0,https://www.amazon.ca/Oakley-Holbrook-Sunglasses-Matte-Black/dp/B003DQPBXE/ref=cm_cr_srp_d_product_top?ie=UTF8,2020-09-29 22:57:48.753312,2020-09-29 22:57:56.043886,Tpan,Clothing & Accessories,B002G9UDYG,B003DQPBXE
