,Unnamed: 0,author_id,date_review_posted,review_title,reviews,verified_purchase,people_find_helpful,ratings,product_url,start,end,reviewer_name,product_category,product_id,subproduct_id
0,0,AH4FGKKD5NBSQIXAJ34XVID2ZESQ,"August 17, 2020",Good,Better then expected,yes,0,5.0,https://www.amazon.ca/HomeRight-Finish-C800971-Sprayer-Painter/dp/B071X9FZ7R/ref=cm_cr_srp_d_product_top?ie=UTF8,2020-09-29 20:40:08.933158,2020-09-29 20:40:15.278864,lance perrault,Clothing & Accessories,B002G9UDYG,B071X9FZ7R
1,1,AH4FGKKD5NBSQIXAJ34XVID2ZESQ,"August 17, 2020",Happy,Good,yes,0,5.0,https://www.amazon.ca/Deep-Water-Float-White-5x11/dp/B01MXVRKSY/ref=cm_cr_srp_d_product_top?ie=UTF8,2020-09-29 20:40:24.378161,2020-09-29 20:40:30.786523,lance perrault,Clothing & Accessories,B002G9UDYG,B01MXVRKSY
2,2,AH4FGKKD5NBSQIXAJ34XVID2ZESQ,"August 17, 2020",All good,"Happy with price and shipping speed
Product as described",yes,0,5.0,https://www.amazon.ca/VIVOHOME-Ribbed-Marine-Fender-Protection/dp/B07GDFGTXL/ref=cm_cr_srp_d_product_top?ie=UTF8,2020-09-29 20:40:37.889947,2020-09-29 20:40:45.200184,lance perrault,Clothing & Accessories,B002G9UDYG,B07GDFGTXL
3,3,AH4FGKKD5NBSQIXAJ34XVID2ZESQ,"August 3, 2020",Saved my hands,"Awesome products saved my thumbs
removed one star because it doesn’t float",yes,0,4.0,https://www.amazon.ca/Ironwood-Pacific-664-0081-Top-Snapper-Canvas/dp/B00GHU5PXO/ref=cm_cr_srp_d_product_top?ie=UTF8,2020-09-29 20:40:55.356470,2020-09-29 20:41:01.709109,lance perrault,Clothing & Accessories,B002G9UDYG,B00GHU5PXO
4,4,AH4FGKKD5NBSQIXAJ34XVID2ZESQ,"May 31, 2020",Now I am in a dispute to get the rest of my order,"Caution only order one box at a time
I ordered two boxes of four for a total of eight lights and I received 4 lights Now I am in a dispute to get the rest of my order",yes,0,1.0,https://www.amazon.ca/Waterproof-Flickering-Landscape-Decoration-Lighting/dp/B07PMG9XNW/ref=cm_cr_srp_d_product_top?ie=UTF8,2020-09-29 20:41:11.816340,2020-09-29 20:41:20.203789,lance perrault,Clothing & Accessories,B002G9UDYG,B07PMG9XNW
5,5,AH4FGKKD5NBSQIXAJ34XVID2ZESQ,"May 8, 2020",Trying to contact customer service,"Missing a screw on the hand valve ?
Otherwise love it",yes,0,3.0,https://www.amazon.ca/Industries-JDI-FST15-15-Gallon-Portable-Station/dp/B07R6T3Y86/ref=cm_cr_srp_d_product_top?ie=UTF8,2020-09-29 20:41:28.309676,2020-09-29 20:41:37.666283,lance perrault,Clothing & Accessories,B002G9UDYG,B07R6T3Y86
6,6,AH4FGKKD5NBSQIXAJ34XVID2ZESQ,"February 2, 2020",Works,Used it in my wife’s Acura and it helped the oil consumption problem that Acura wouldn’t come good for.,yes,0,5.0,https://www.amazon.ca/Hot-Shots-Secret-HSS64Z-Eliminator/dp/B0052XFWCG/ref=cm_cr_srp_d_product_top?ie=UTF8,2020-09-29 20:41:46.771546,2020-09-29 20:41:53.163434,lance perrault,Clothing & Accessories,B002G9UDYG,B0052XFWCG
7,7,AH4FGKKD5NBSQIXAJ34XVID2ZESQ,"January 31, 2020",Great deal,Really easy set up super bright no heat,yes,0,5.0,https://www.amazon.ca/Likesuns-LED-Grow-Plant-Light/dp/B07TJZB5F6/ref=cm_cr_srp_d_product_top?ie=UTF8,2020-09-29 20:42:01.280921,2020-09-29 20:42:09.666336,lance perrault,Clothing & Accessories,B002G9UDYG,B07TJZB5F6
8,8,AH4FGKKD5NBSQIXAJ34XVID2ZESQ,"January 31, 2020",You get what you pay for,You get what you pay for,yes,0,3.0,https://www.amazon.ca/Astro-Pneumatic-4538-Economy-Undercoat/dp/B003D3N7W4/ref=cm_cr_srp_d_product_top?ie=UTF8,2020-09-29 20:42:19.774854,2020-09-29 20:42:28.219132,lance perrault,Clothing & Accessories,B002G9UDYG,B003D3N7W4
9,9,AH4FGKKD5NBSQIXAJ34XVID2ZESQ,"January 31, 2020",No top,"Was missing the final top had to return.
Came in a box about eight times the size needed.",yes,0,1.0,https://www.amazon.ca/WirthCo-94046-Graduated-Measuring-Container/dp/B000CQFWZK/ref=cm_cr_srp_d_product_top?ie=UTF8,2020-09-29 20:42:37.319901,2020-09-29 20:42:46.662308,lance perrault,Clothing & Accessories,B002G9UDYG,B000CQFWZK
10,10,AH4FGKKD5NBSQIXAJ34XVID2ZESQ,"June 19, 2019",Better than the original,Great upgrade from the original plastic crap,yes,0,5.0,https://www.amazon.ca/JR-Products-Water-Heater-Latch/dp/B002UC2Z2C/ref=cm_cr_srp_d_product_top?ie=UTF8,2020-09-29 20:42:53.765080,2020-09-29 20:43:03.134661,lance perrault,Clothing & Accessories,B002G9UDYG,B002UC2Z2C
11,11,AH4FGKKD5NBSQIXAJ34XVID2ZESQ,"March 30, 2019",As described,As described,yes,0,5.0,https://www.amazon.ca/ACDelco-12639277-Original-Equipment-Indicator/dp/B007Q146HO/ref=cm_cr_srp_d_product_top?ie=UTF8,2020-09-29 20:43:12.253221,2020-09-29 20:43:20.704225,lance perrault,Clothing & Accessories,B002G9UDYG,B007Q146HO
12,12,AH4FGKKD5NBSQIXAJ34XVID2ZESQ,"March 30, 2019",Same thing you would buy at the dealer,Fast shipping exact product for my application,yes,3,5.0,https://www.amazon.ca/ACDelco-PF2232-Professional-Engine-Filter/dp/B000C9QEF4/ref=cm_cr_srp_d_product_top?ie=UTF8,2020-09-29 20:43:28.803361,2020-09-29 20:43:35.187580,lance perrault,Clothing & Accessories,B002G9UDYG,B000C9QEF4
13,13,AH4FGKKD5NBSQIXAJ34XVID2ZESQ,"March 30, 2019",Here’s the included bracket to keep it steady,Was a bit wobbly but are use the bracket that was included now works fine,yes,0,5.0,https://www.amazon.ca/ARKON-22-Inch-Gooseneck-Samsung-TAB188L22/dp/B00F3F09NU/ref=cm_cr_srp_d_product_top?ie=UTF8,2020-09-29 20:43:43.298491,2020-09-29 20:43:50.728702,lance perrault,Clothing & Accessories,B002G9UDYG,B00F3F09NU
14,14,AH4FGKKD5NBSQIXAJ34XVID2ZESQ,"March 30, 2019",Store of the box upside down,"Why pay more
I almost got rid of my printer because of the high cost of ink",yes,0,5.0,https://www.amazon.ca/Smart-Ink-Compatible-Cartridges-564XL/dp/B07D5GHLCB/ref=cm_cr_srp_d_product_top?ie=UTF8,2020-09-29 20:44:00.838269,2020-09-29 20:44:12.633109,lance perrault,Clothing & Accessories,B002G9UDYG,B07D5GHLCB
15,15,AH4FGKKD5NBSQIXAJ34XVID2ZESQ,"March 30, 2019",Working good,Love it so far,yes,0,5.0,https://www.amazon.ca/Arkon-Tablet-Samsung-Galaxy-TABRMAMPS/dp/B00PZZYR4K/ref=cm_cr_srp_d_product_top?ie=UTF8,2020-09-29 20:44:22.739352,2020-09-29 20:44:31.066798,lance perrault,Clothing & Accessories,B002G9UDYG,B00PZZYR4K
16,16,AH4FGKKD5NBSQIXAJ34XVID2ZESQ,"March 30, 2019",Gimmick,"Seems like it was built good
But it’s a gimmick
kept opening and closing when there is no phone in it
They should’ve made it so It can charge your phone",yes,0,3.0,https://www.amazon.ca/Sinjimoru-Clamping-Removal-Compatible-Android/dp/B07JDGHG6V/ref=cm_cr_srp_d_product_top?ie=UTF8,2020-09-29 20:44:39.180814,2020-09-29 20:44:48.594753,lance perrault,Clothing & Accessories,B002G9UDYG,B07JDGHG6V
17,17,AH4FGKKD5NBSQIXAJ34XVID2ZESQ,"March 30, 2019",Great quality,"Impressive
Good company to deal with
Fair price
And I love the storage bag that comes with it",yes,0,5.0,https://www.amazon.ca/GearAmerica-Recovery-Reinforced-Reflecting-Emergency/dp/B078K25FLM/ref=cm_cr_srp_d_product_top?ie=UTF8,2020-09-29 20:44:56.709919,2020-09-29 20:45:06.104103,lance perrault,Clothing & Accessories,B002G9UDYG,B078K25FLM
18,18,AH4FGKKD5NBSQIXAJ34XVID2ZESQ,"March 30, 2019",Works,They work great just wish they had a bit more glue in them,yes,0,4.0,https://www.amazon.ca/AIRIC-Waterproof-Connectors-Automotive-Electrical/dp/B06XC7JGHK/ref=cm_cr_srp_d_product_top?ie=UTF8,2020-09-29 20:45:14.223061,2020-09-29 20:45:20.606661,lance perrault,Clothing & Accessories,B002G9UDYG,B06XC7JGHK
19,19,AH4FGKKD5NBSQIXAJ34XVID2ZESQ,"March 30, 2019",Perfect fit fast delivery easier than dealing with the Acura dealer,Perfect fit fast delivery easier than dealing with the Acura dealer,yes,0,5.0,https://www.amazon.ca/Genuine-Acura-76720-STX-A01-Wiper-Arm/dp/B00FXKZHVO/ref=cm_cr_srp_d_product_top?ie=UTF8,2020-09-29 20:45:30.717494,2020-09-29 20:45:38.104876,lance perrault,Clothing & Accessories,B002G9UDYG,B00FXKZHVO
20,20,AH4FGKKD5NBSQIXAJ34XVID2ZESQ,"March 30, 2019",Makes the iPad heavy But strong,"These cases are strong The front is tempered glass that adheres perfectly.
It adds a lot of weight.
The Home button will not except fingerprint now",yes,0,4.0,https://www.amazon.ca/9-7-inch-Waterproof-Shockproof-Dustproof-Powerfull/dp/B07FST4FHY/ref=cm_cr_srp_d_product_top?ie=UTF8,2020-09-29 20:45:47.212854,2020-09-29 20:45:54.518157,lance perrault,Clothing & Accessories,B002G9UDYG,B07FST4FHY
21,21,AH4FGKKD5NBSQIXAJ34XVID2ZESQ,"February 22, 2019",You won’t be disappointed,I like the fact that it’s Velcro there’s so many different positions to adjust,yes,0,5.0,https://www.amazon.ca/Harbinger-23340-5-Inch-3-Inch-X-Large/dp/B00074H7TQ/ref=cm_cr_srp_d_product_top?ie=UTF8,2020-09-29 20:46:04.629304,2020-09-29 20:46:12.987176,lance perrault,Clothing & Accessories,B002G9UDYG,B00074H7TQ
22,22,AH4FGKKD5NBSQIXAJ34XVID2ZESQ,"February 22, 2019",Worth the purchase,I work out with guys that have more expensive ones and these ones seem to do just as well for a third of the price,yes,0,5.0,https://www.amazon.ca/Weight-Lifting-Alternative-Power-Deadlifts/dp/B00U4EU85E/ref=cm_cr_srp_d_product_top?ie=UTF8,2020-09-29 20:46:22.102177,2020-09-29 20:46:30.541903,lance perrault,Clothing & Accessories,B002G9UDYG,B00U4EU85E
23,23,AH4FGKKD5NBSQIXAJ34XVID2ZESQ,"February 22, 2019",As expected just a little thinner than I would like,As expected just a little thinner than I would like,yes,0,5.0,https://www.amazon.ca/Oxford-78542-Portfolios-Recycled-Natural/dp/B000RWFZS8/ref=cm_cr_srp_d_product_top?ie=UTF8,2020-09-29 20:46:39.668520,2020-09-29 20:46:46.038499,lance perrault,Clothing & Accessories,B002G9UDYG,B000RWFZS8
24,24,AH4FGKKD5NBSQIXAJ34XVID2ZESQ,"February 22, 2019",Good quality,Too deep But very good quality for the price,yes,0,4.0,https://www.amazon.ca/Carhartt-Acrylic-Watch-Black-Size/dp/B002G9UDYG/ref=cm_cr_srp_d_product_top?ie=UTF8,2020-09-29 20:46:54.133566,2020-09-29 20:47:00.539538,lance perrault,Clothing & Accessories,B002G9UDYG,B002G9UDYG
25,25,AH4FGKKD5NBSQIXAJ34XVID2ZESQ,"February 12, 2019",For 10$ why not,Good so far time will tell,yes,0,5.0,https://www.amazon.ca/Bluetooth-Wireless-Musical-Earphones-Headphone/dp/B076HGNXW7/ref=cm_cr_srp_d_product_top?ie=UTF8,2020-09-29 20:47:09.652213,2020-09-29 20:47:17.023290,lance perrault,Clothing & Accessories,B002G9UDYG,B076HGNXW7
26,26,AH4FGKKD5NBSQIXAJ34XVID2ZESQ,"February 8, 2019",Exact match,OEM replacement part way cheaper what more can you ask for,yes,0,5.0,https://www.amazon.ca/ACDelco-15926102-Original-Equipment-Assembly/dp/B00B4KNNZO/ref=cm_cr_srp_d_product_top?ie=UTF8,2020-09-29 20:47:25.136129,2020-09-29 20:47:32.523884,lance perrault,Clothing & Accessories,B002G9UDYG,B00B4KNNZO
27,27,AH4FGKKD5NBSQIXAJ34XVID2ZESQ,"February 1, 2019",As expected good price just find it hard to shop online sometimes to get the proper size,As expected good price just find it hard to shop online sometimes to get the proper size,yes,0,5.0,https://www.amazon.ca/Pioneer-V202058T-54-Tall-Work-Coverall/dp/B06WRRPSVV/ref=cm_cr_srp_d_product_top?ie=UTF8,2020-09-29 20:47:40.654357,2020-09-29 20:47:48.087510,lance perrault,Clothing & Accessories,B002G9UDYG,B06WRRPSVV
28,28,AH4FGKKD5NBSQIXAJ34XVID2ZESQ,"February 1, 2019",Good quality replacement parts at a great price,Good quality replacement parts at a great price,yes,0,5.0,https://www.amazon.ca/Lelecar-Rebuild-Bleeder-2001-2010-Aluminum/dp/B01LYIQPLZ/ref=cm_cr_srp_d_product_top?ie=UTF8,2020-09-29 20:47:58.215271,2020-09-29 20:48:07.493740,lance perrault,Clothing & Accessories,B002G9UDYG,B01LYIQPLZ
29,29,AH4FGKKD5NBSQIXAJ34XVID2ZESQ,"February 1, 2019",Worth having if battery power could be an issue,"Seems to work good but bought some new batteries and this unit is tell me to replace them even after I fully charge them but I’m leaning towards the batteries that I purchased are no good.
I think it’s worth having to verify even new batteries to make sure they are as advertised.
Worth having if battery power could be an issue",yes,2,4.0,https://www.amazon.ca/Professional-100-2000-Automotive-Analyzer-Motorcycle/dp/B01M0ARG3X/ref=cm_cr_srp_d_product_top?ie=UTF8,2020-09-29 20:48:15.591615,2020-09-29 20:48:24.866168,lance perrault,Clothing & Accessories,B002G9UDYG,B01M0ARG3X
30,30,AH4FGKKD5NBSQIXAJ34XVID2ZESQ,"February 1, 2019",Ok,I’m not a candle expert bought this for the kids to make some candles but the wax seems to oilly,yes,0,4.0,https://www.amazon.ca/Natural-Soy-125-415-Wax/dp/B00KMEMB8S/ref=cm_cr_srp_d_product_top?ie=UTF8,2020-09-29 20:48:32.961547,2020-09-29 20:48:40.238040,lance perrault,Clothing & Accessories,B002G9UDYG,B00KMEMB8S
31,31,AH4FGKKD5NBSQIXAJ34XVID2ZESQ,"February 1, 2019",Love these I will buy more,Love these Jerry cans I replace all my old ones with this type time will tell if they Are totally durable,yes,0,5.0,https://www.amazon.ca/No-Spill-1405-2-Gallon-Poly-Compliant/dp/B000W72GBC/ref=cm_cr_srp_d_product_top?ie=UTF8,2020-09-29 20:48:48.336688,2020-09-29 20:48:55.615518,lance perrault,Clothing & Accessories,B002G9UDYG,B000W72GBC
32,32,AH4FGKKD5NBSQIXAJ34XVID2ZESQ,"February 1, 2019",Ok good Substitute,There’s other ones on the Amazon site that I preferred where out of stock So these made a substitute,yes,0,3.0,https://www.amazon.ca/Essential-Peppermint-Eucalyptus-Humidifier-Aromatherapy/dp/B07GC22V5B/ref=cm_cr_srp_d_product_top?ie=UTF8,2020-09-29 20:49:04.701985,2020-09-29 20:49:11.974147,lance perrault,Clothing & Accessories,B002G9UDYG,B07GC22V5B
33,33,AH4FGKKD5NBSQIXAJ34XVID2ZESQ,"February 1, 2019",I have others and this is the same good quality,Cubs good,yes,0,5.0,https://www.amazon.ca/DEWALT-D180052-4-Inch-Standard-Bi-Metal/dp/B00005LEZM/ref=cm_cr_srp_d_product_top?ie=UTF8,2020-09-29 20:49:21.063445,2020-09-29 20:49:30.392354,lance perrault,Clothing & Accessories,B002G9UDYG,B00005LEZM
34,34,AH4FGKKD5NBSQIXAJ34XVID2ZESQ,"February 1, 2019",The gear on this makes this tool very easy to use,The gear on this makes this tool very easy to use,yes,0,5.0,https://www.amazon.ca/Fiskars-32-Inch-PowerGear2-Lopper/dp/B016UOQRTM/ref=cm_cr_srp_d_product_top?ie=UTF8,2020-09-29 20:49:38.501925,2020-09-29 20:49:47.936036,lance perrault,Clothing & Accessories,B002G9UDYG,B016UOQRTM
35,35,AH4FGKKD5NBSQIXAJ34XVID2ZESQ,"February 1, 2019",Would definitely recommend to have as a portable tire inflator,"Best pump I’ve ever owned for small tire inflator pretty fast and you don’t have to wait around to unplug it at the proper psi because it does it automatically.
Removed one star because it should come with the fittings to inflate zodiac And water trampoline",yes,One,4.0,https://www.amazon.ca/DEWALT-DCC020IB-20V-Inflator-Bare/dp/B07H39S9JQ/ref=cm_cr_srp_d_product_top?ie=UTF8,2020-09-29 20:49:57.037981,2020-09-29 20:50:04.378461,lance perrault,Clothing & Accessories,B002G9UDYG,B07H39S9JQ
36,36,AH4FGKKD5NBSQIXAJ34XVID2ZESQ,"February 1, 2019",Cuts good,Good quality just wish the slot on the side where bigger to make it easier to remove the drill spoils.,yes,0,4.0,https://www.amazon.ca/DEWALT-D180056-2-Inch-Standard-Bi-Metal/dp/B00005LEZO/ref=cm_cr_srp_d_product_top?ie=UTF8,2020-09-29 20:50:13.480998,2020-09-29 20:50:20.934677,lance perrault,Clothing & Accessories,B002G9UDYG,B00005LEZO
37,37,AH4FGKKD5NBSQIXAJ34XVID2ZESQ,"December 12, 2018",I would recommend it,Fits perfect and way cheaper than The dealer,yes,One,5.0,https://www.amazon.ca/Taillights-Replacement-55277303AC-55277302AC-AUTOANDART/dp/B008G1X6X8/ref=cm_cr_srp_d_product_top?ie=UTF8,2020-09-29 20:50:29.047123,2020-09-29 20:50:35.435609,lance perrault,Clothing & Accessories,B002G9UDYG,B008G1X6X8
38,38,AH4FGKKD5NBSQIXAJ34XVID2ZESQ,"December 12, 2018",As advertised,As expected cheap measuring tape for a cheap price,yes,0,4.0,https://www.amazon.ca/Champion-Sports-Open-Reel-Measuring/dp/B000EG8DPY/ref=cm_cr_srp_d_product_top?ie=UTF8,2020-09-29 20:50:45.531347,2020-09-29 20:50:51.866460,lance perrault,Clothing & Accessories,B002G9UDYG,B000EG8DPY
39,39,AH4FGKKD5NBSQIXAJ34XVID2ZESQ,"October 15, 2018",Works great I got a lot of compliments on it,Works great I got a lot of compliments on it,yes,One,5.0,https://www.amazon.ca/SereneLife-Portable-Camping-Holder-Dispenser/dp/B075DP3KV9/ref=cm_cr_srp_d_product_top?ie=UTF8,2020-09-29 20:51:00.978071,2020-09-29 20:51:09.351696,lance perrault,Clothing & Accessories,B002G9UDYG,B075DP3KV9
40,40,AH4FGKKD5NBSQIXAJ34XVID2ZESQ,"October 15, 2018",Very easy to install,"Exactly what I was looking for
Not superheavy duty but better than others I’ve seen",yes,0,5.0,https://www.amazon.ca/Magnetic-Mesh-Screen-Door-Inch/dp/B00L9R89RO/ref=cm_cr_srp_d_product_top?ie=UTF8,2020-09-29 20:51:18.455361,2020-09-29 20:51:26.908391,lance perrault,Clothing & Accessories,B002G9UDYG,B00L9R89RO
41,41,AH4FGKKD5NBSQIXAJ34XVID2ZESQ,"October 15, 2018",Can’t go wrong with a advanced nutrients,I’ve got nothing to compare it to but it seem to work,yes,0,4.0,https://www.amazon.ca/Advanced-Nutrients-Kushie-Fertilizer-1-Liter/dp/B003OZBRQO/ref=cm_cr_srp_d_product_top?ie=UTF8,2020-09-29 20:51:36.024806,2020-09-29 20:51:44.435771,lance perrault,Clothing & Accessories,B002G9UDYG,B003OZBRQO
42,42,AH4FGKKD5NBSQIXAJ34XVID2ZESQ,"October 15, 2018",Works great,Works great,yes,0,5.0,https://www.amazon.ca/DEWALT-DCB090-12V-Power-Source/dp/B00EYSUK7W/ref=cm_cr_srp_d_product_top?ie=UTF8,2020-09-29 20:51:52.542071,2020-09-29 20:52:00.972863,lance perrault,Clothing & Accessories,B002G9UDYG,B00EYSUK7W
43,43,AH4FGKKD5NBSQIXAJ34XVID2ZESQ,"October 15, 2018",Not even close to the original but it will get you out of a jam,You get what you pay for,yes,0,3.0,https://www.amazon.ca/Wireless-Full-size-Whisper-quiet-Keyboards-Ergonomic/dp/B06XQ18CZN/ref=cm_cr_srp_d_product_top?ie=UTF8,2020-09-29 20:52:10.066642,2020-09-29 20:52:19.354148,lance perrault,Clothing & Accessories,B002G9UDYG,B06XQ18CZN
44,44,AH4FGKKD5NBSQIXAJ34XVID2ZESQ,"October 15, 2018",Feel a bulky but I never miss placed my credit card now,Make my phone Feel a bulky but I never miss placed my credit card now,yes,0,5.0,https://www.amazon.ca/vCommute-Military-Protection-Leather-Kickstand/dp/B01KUFDYCA/ref=cm_cr_srp_d_product_top?ie=UTF8,2020-09-29 20:52:26.458020,2020-09-29 20:52:32.798204,lance perrault,Clothing & Accessories,B002G9UDYG,B01KUFDYCA
45,45,AH4FGKKD5NBSQIXAJ34XVID2ZESQ,"October 15, 2018",Easy to handle even my wife can use it I love having the handle on the side and top,Easy to handle even my wife can use it I love having the handle on the side and top,yes,0,4.0,https://www.amazon.ca/No-Spill-1450-5-Gallon-Poly-Compliant/dp/B000W9JN4S/ref=cm_cr_srp_d_product_top?ie=UTF8,2020-09-29 20:52:41.898580,2020-09-29 20:52:50.222977,lance perrault,Clothing & Accessories,B002G9UDYG,B000W9JN4S
46,46,AH4FGKKD5NBSQIXAJ34XVID2ZESQ,"October 15, 2018",Needs wheels,"Solid colour like the rest of them they don’t always hold ice as long as they stayed even if you follow the manual i solid colour like the rest of them they don’t always hold ice as long as they stayed even if you follow the manual And prime it
Awkward to handle needs wheels for my needs",yes,0,4.0,https://www.amazon.ca/Driftsun-Cooler-Performance-Commercial-Insulation/dp/B073R1L4J1/ref=cm_cr_srp_d_product_top?ie=UTF8,2020-09-29 20:52:59.331528,2020-09-29 20:53:05.708731,lance perrault,Clothing & Accessories,B002G9UDYG,B073R1L4J1
47,47,AH4FGKKD5NBSQIXAJ34XVID2ZESQ,"October 15, 2018",It works great,"Exactly what I was looking
Work perfect only time will tell if it last",yes,0,5.0,https://www.amazon.ca/DEWALT-DCS355B-20V-Oscillating-Multi-Tool/dp/B00FM4E3SE/ref=cm_cr_srp_d_product_top?ie=UTF8,2020-09-29 20:53:15.831804,2020-09-29 20:53:22.274238,lance perrault,Clothing & Accessories,B002G9UDYG,B00FM4E3SE
48,48,AH4FGKKD5NBSQIXAJ34XVID2ZESQ,"October 15, 2018",It’s not a brass handle it’s plastic,"I bought the other model which worked great until the plastic handle broke I ordered this model because it shows brass handle but when I received it it was plastic.
So I returned it .",yes,One,1.0,https://www.amazon.ca/Chapin-62000-4-Gallon-Commercial-Backpack/dp/B000CSYNDU/ref=cm_cr_srp_d_product_top?ie=UTF8,2020-09-29 20:53:29.378638,2020-09-29 20:53:38.703898,lance perrault,Clothing & Accessories,B002G9UDYG,B000CSYNDU
49,49,AH4FGKKD5NBSQIXAJ34XVID2ZESQ,"January 14, 2018",Good,As described,yes,0,5.0,https://www.amazon.ca/Extreme-Military-Waterproof-Tablets-Hybrid/dp/B01LX200EN/ref=cm_cr_srp_d_product_top?ie=UTF8,2020-09-29 20:53:45.841381,2020-09-29 20:53:53.184921,lance perrault,Clothing & Accessories,B002G9UDYG,B01LX200EN
50,50,AH4FGKKD5NBSQIXAJ34XVID2ZESQ,"November 30, 2016",I've had them for a few months now.,I've had them for a few months now. Can't tell a difference,yes,0,5.0,https://www.amazon.ca/Enegitech-Replacement-Cordless-DCD771C2-DCS355D1/dp/B01G59JB4U/ref=cm_cr_srp_d_product_top?ie=UTF8,2020-09-29 20:54:00.297760,2020-09-29 20:54:09.697755,lance perrault,Clothing & Accessories,B002G9UDYG,B01G59JB4U
51,51,AH4FGKKD5NBSQIXAJ34XVID2ZESQ,"November 30, 2016",Two Stars,Screws are just imitations don't work,yes,0,2.0,https://www.amazon.ca/Datacomm-45-0001-Wh-1-Gang-Recessed-Voltage/dp/B00193U3O0/ref=cm_cr_srp_d_product_top?ie=UTF8,2020-09-29 20:54:19.805262,2020-09-29 20:54:28.195413,lance perrault,Clothing & Accessories,B002G9UDYG,B00193U3O0
52,52,AH4FGKKD5NBSQIXAJ34XVID2ZESQ,"November 30, 2016",Five Stars,Disposable after a few years but works great till the end can't beat the price,yes,0,5.0,https://www.amazon.ca/Silverline-204281-Cover-1220-710mm/dp/B003TO6RR4/ref=cm_cr_srp_d_product_top?ie=UTF8,2020-09-29 20:54:38.307038,2020-09-29 20:54:46.667390,lance perrault,Clothing & Accessories,B002G9UDYG,B003TO6RR4
53,53,AH4FGKKD5NBSQIXAJ34XVID2ZESQ,"October 21, 2015",Great fit But rattles a,"Great fit
But rattles a bit",yes,One,3.0,https://www.amazon.ca/2003-2007-Silverado-Sierra-Heated-Telescoping/dp/B00G6RMY82/ref=cm_cr_srp_d_product_top?ie=UTF8,2020-09-29 20:54:54.768568,2020-09-29 20:55:03.207212,lance perrault,Clothing & Accessories,B002G9UDYG,B00G6RMY82
54,54,AH4FGKKD5NBSQIXAJ34XVID2ZESQ,"October 21, 2015",Five Stars,Works great On saving my brakes,yes,0,5.0,https://www.amazon.ca/Tekonsha-90160-Primus-Electronic-Control/dp/B001P11SCM/ref=cm_cr_srp_d_product_top?ie=UTF8,2020-09-29 20:55:13.314259,2020-09-29 20:55:20.741772,lance perrault,Clothing & Accessories,B002G9UDYG,B001P11SCM
55,55,AH4FGKKD5NBSQIXAJ34XVID2ZESQ,"October 21, 2015",Great product I wish I would've known that was coming ...,"Great product I wish I would've known that was coming from the states the cap is made in USA and there's no duty
the tank is not so I had to pay duty of $50 still glad I didn't",yes,One,5.0,https://www.amazon.ca/Industries-Breeze-Extended-Generator-Clam/dp/B00MMJ0JYY/ref=cm_cr_srp_d_product_top?ie=UTF8,2020-09-29 20:55:30.850010,2020-09-29 20:55:37.259747,lance perrault,Clothing & Accessories,B002G9UDYG,B00MMJ0JYY
56,56,AH4FGKKD5NBSQIXAJ34XVID2ZESQ,"October 21, 2015",Five Stars,Perfect fit installed easily standard quality,yes,0,5.0,https://www.amazon.ca/Phoenix-R5063-I-Brushed-Nickel-Kitchen/dp/B002P35N3E/ref=cm_cr_srp_d_product_top?ie=UTF8,2020-09-29 20:55:47.360525,2020-09-29 20:55:53.725019,lance perrault,Clothing & Accessories,B002G9UDYG,B002P35N3E
57,57,AH4FGKKD5NBSQIXAJ34XVID2ZESQ,"October 21, 2015",Works great as far as accuracyI don't know Going to buy ...,"Works great as far as accuracyI don't know
Going to buy another one from a different manufacturer to find out the difference using it for firewood",yes,0,5.0,https://www.amazon.ca/Meter%C2%AE-MD-812-Display-Digital-Moisture/dp/B008V6I840/ref=cm_cr_srp_d_product_top?ie=UTF8,2020-09-29 20:56:01.834908,2020-09-29 20:56:11.197806,lance perrault,Clothing & Accessories,B002G9UDYG,B008V6I840
58,58,AH4FGKKD5NBSQIXAJ34XVID2ZESQ,"October 21, 2015",Five Stars,Excellent product for the price charger and battery are worth half this value alone,yes,One,5.0,https://www.amazon.ca/DEWALT-Brushless-Blower-Battery-DCBL720P1/dp/B00TL72F2E/ref=cm_cr_srp_d_product_top?ie=UTF8,2020-09-29 20:56:18.319773,2020-09-29 20:56:24.781376,lance perrault,Clothing & Accessories,B002G9UDYG,B00TL72F2E
59,59,AH4FGKKD5NBSQIXAJ34XVID2ZESQ,"October 21, 2015",Five Stars,Great product for the price,yes,0,5.0,https://www.amazon.ca/Shockproof-Waterproof-Protective-Survivor-Defender/dp/B00Q6ARJXO/ref=cm_cr_srp_d_product_top?ie=UTF8,2020-09-29 20:56:31.894510,2020-09-29 20:56:39.326198,lance perrault,Clothing & Accessories,B002G9UDYG,B00Q6ARJXO
60,60,AH4FGKKD5NBSQIXAJ34XVID2ZESQ,"October 16, 2015",broken upon delivery,Great concept but made of very cheap plastic came in box broken,yes,One,1.0,https://www.amazon.ca/SUPCASE-Generation-Full-body-Protective-Protector/dp/B00O8RCHES/ref=cm_cr_srp_d_product_top?ie=UTF8,2020-09-29 20:56:49.442843,2020-09-29 20:56:56.868239,lance perrault,Clothing & Accessories,B002G9UDYG,B00O8RCHES
