,Unnamed: 0,author_id,date_review_posted,review_title,reviews,verified_purchase,people_find_helpful,ratings,product_url,start,end,reviewer_name,product_category,product_id,subproduct_id
0,0,AH5IKOSI4M72IB4MBANSMOR6C57A,"June 1, 2020",Granddaughter loved these,"they are cute and funny, gifted to Granddaughter and she loved them",yes,0,5.0,https://www.amazon.ca/Unisex-Printed-Sublimated-Elastic-Novelty/dp/B07LGWJRTT/ref=cm_cr_srp_d_product_top?ie=UTF8,2020-09-30 03:49:55.027119,2020-09-30 03:50:01.286421,Amazon Customer,Clothing & Accessories,B002G9UDYG,B07LGWJRTT
1,1,AH5IKOSI4M72IB4MBANSMOR6C57A,"June 1, 2020",funny gift,is what is described,yes,0,4.0,https://www.amazon.ca/Willsm-Disturb-Gaming-Funny-Cotton/dp/B07KC5LNFH/ref=cm_cr_srp_d_product_top?ie=UTF8,2020-09-30 03:50:08.366473,2020-09-30 03:50:15.649092,Amazon Customer,Clothing & Accessories,B002G9UDYG,B07KC5LNFH
2,2,AH5IKOSI4M72IB4MBANSMOR6C57A,"June 1, 2020",works for what I wanted,I would buy another set no problem... this works for what I needed,yes,0,4.0,https://www.amazon.ca/WONFAST-Waterproof-Outdoor-Christmas-Multicolor/dp/B073F1DVN7/ref=cm_cr_srp_d_product_top?ie=UTF8,2020-09-30 03:50:24.733018,2020-09-30 03:50:31.006016,Amazon Customer,Clothing & Accessories,B002G9UDYG,B073F1DVN7
3,3,AH5IKOSI4M72IB4MBANSMOR6C57A,"June 1, 2020",fit horrid... for some reason my hands and arms had a tough time (tight in the sleeve area),looks like a cheap imitation of the one pictured... very disappointed with this top,yes,0,1.0,https://www.amazon.ca/Jiuhexuj-Womens-Bohemian-Embroidered-Mexican/dp/B082KYGY11/ref=cm_cr_srp_d_product_top?ie=UTF8,2020-09-30 03:50:38.096561,2020-09-30 03:50:46.341282,Amazon Customer,Clothing & Accessories,B002G9UDYG,B082KYGY11
4,4,AH5IKOSI4M72IB4MBANSMOR6C57A,"June 1, 2020",perfect for my summer wear,I really like that this T shirt is long... this will be a staple top in my summer wardrobe,yes,0,4.0,https://www.amazon.ca/Romacci-T-Shirt-Sleeve-Asymmetrical-Casual/dp/B074V733S9/ref=cm_cr_srp_d_product_top?ie=UTF8,2020-09-30 03:50:56.436148,2020-09-30 03:51:02.735776,Amazon Customer,Clothing & Accessories,B002G9UDYG,B074V733S9
5,5,AH5IKOSI4M72IB4MBANSMOR6C57A,"December 18, 2019",Holds Everything,"Gave this Marilyn Munroe purse to my daughter, she is a big Marilyn fan.... The purse is large, with many compartments, and she loves it!",yes,0,5.0,https://www.amazon.ca/Marilyn-Monroe-MM2124TP-Large-Handbag/dp/B00INLBHDW/ref=cm_cr_srp_d_product_top?ie=UTF8,2020-09-30 03:51:10.824087,2020-09-30 03:51:20.063382,Amazon Customer,Clothing & Accessories,B002G9UDYG,B00INLBHDW
6,6,AH5IKOSI4M72IB4MBANSMOR6C57A,"December 10, 2019",NOT AS BRIGHT AS I HAD ATTICIPATED,"have these lights on my front tree, I like them but wish they shone a tad bit brighter",yes,0,3.0,https://www.amazon.ca/ER-CHEN-Outside-Gardens-Christmas/dp/B013SIHC1U/ref=cm_cr_srp_d_product_top?ie=UTF8,2020-09-30 03:51:29.141208,2020-09-30 03:51:38.374879,Amazon Customer,Clothing & Accessories,B002G9UDYG,B013SIHC1U
7,7,AH5IKOSI4M72IB4MBANSMOR6C57A,"October 18, 2019",I think the idea of this is wonderful.. wish my daughter would use it,"BOUGHT AS A GIFT FOR MY SELFIE TAKING DAUGHTER... BUT SHE DOESN'T USE IT, SO I REALLY CAN'T COMMENT",yes,0,4.0,https://www.amazon.ca/UBeesize-Tripod-Phone-Flexible-Compatible/dp/B07837W5NX/ref=cm_cr_srp_d_product_top?ie=UTF8,2020-09-30 03:51:47.472120,2020-09-30 03:51:53.769715,Amazon Customer,Clothing & Accessories,B002G9UDYG,B07837W5NX
8,8,AH5IKOSI4M72IB4MBANSMOR6C57A,"October 18, 2019",PRICE,"We are using this in our backyard area. We have a small covered backyard space and wanted to hear our tunes while hot tubbing or BBQing, works great. For the price I am a happy person and recommend this",yes,3,4.0,https://www.amazon.ca/Jensen-JBS-200-Bluetooth-Digital-Receiver/dp/B0756LL4CG/ref=cm_cr_srp_d_product_top?ie=UTF8,2020-09-30 03:52:00.849889,2020-09-30 03:52:07.124279,Amazon Customer,Clothing & Accessories,B002G9UDYG,B0756LL4CG
9,9,AH5IKOSI4M72IB4MBANSMOR6C57A,"October 18, 2019",price was very good,exactly what I wanted and the price was lower than any other I could find!!,yes,0,5.0,https://www.amazon.ca/Sandisk-Ultra-Class-Memory-SDSDUNC-032G-GN6IN/dp/B0143RT8OY/ref=cm_cr_srp_d_product_top?ie=UTF8,2020-09-30 03:52:15.218558,2020-09-30 03:52:23.484685,Amazon Customer,Clothing & Accessories,B002G9UDYG,B0143RT8OY
10,10,AH5IKOSI4M72IB4MBANSMOR6C57A,"September 8, 2019",MEMORIES ALWAYS ON DISPLAY,I love viewing the pictures of my family from any room in my home... this video picture frame is wonderful,yes,0,4.0,https://www.amazon.ca/Kenuo-Digital-Photo-Picture-1024x600/dp/B07GS6BJ18/ref=cm_cr_srp_d_product_top?ie=UTF8,2020-09-30 03:52:31.577337,2020-09-30 03:52:38.811227,Amazon Customer,Clothing & Accessories,B002G9UDYG,B07GS6BJ18
11,11,AH5IKOSI4M72IB4MBANSMOR6C57A,"September 8, 2019",Granddaughters joy,My Granddaughter is four and she loves her dinosaur!!,yes,0,4.0,https://www.amazon.ca/Untamed-Raptor-Fingerlings-Interactive-Collectible/dp/B0785H9TW2/ref=cm_cr_srp_d_product_top?ie=UTF8,2020-09-30 03:52:48.891786,2020-09-30 03:52:58.143487,Amazon Customer,Clothing & Accessories,B002G9UDYG,B0785H9TW2
12,12,AH5IKOSI4M72IB4MBANSMOR6C57A,"September 8, 2019",Funny,I bought two of these to have for unexpected gift giving... they are always a hit,yes,0,4.0,https://www.amazon.ca/Funny-Sarcastic-Stick-Figure-Premium/dp/B07KDV9S43/ref=cm_cr_srp_d_product_top?ie=UTF8,2020-09-30 03:53:06.230604,2020-09-30 03:53:13.470397,Amazon Customer,Clothing & Accessories,B002G9UDYG,B07KDV9S43
13,13,AH5IKOSI4M72IB4MBANSMOR6C57A,"September 8, 2019",Funny,I bought two of these shirts in different stick man sayings... great for Christmas gifts!!,yes,0,4.0,https://www.amazon.ca/Thats-Funny-Sarcastic-Premium-X-Large/dp/B07KDVLZJC/ref=cm_cr_srp_d_product_top?ie=UTF8,2020-09-30 03:53:20.561441,2020-09-30 03:53:28.866191,Amazon Customer,Clothing & Accessories,B002G9UDYG,B07KDVLZJC
14,14,AH5IKOSI4M72IB4MBANSMOR6C57A,"September 8, 2019",Comfortable....,"For the price of these pants, although material is thin, they are so comfortable, affordable and fit well...",yes,0,5.0,https://www.amazon.ca/JINGCHENG-Stretch-Drawstring-Palazzo-0447-grey/dp/B07QYLM5F6/ref=cm_cr_srp_d_product_top?ie=UTF8,2020-09-30 03:53:38.954701,2020-09-30 03:53:46.214857,Amazon Customer,Clothing & Accessories,B002G9UDYG,B07QYLM5F6
15,15,AH5IKOSI4M72IB4MBANSMOR6C57A,"August 1, 2019",Great bath tub mat,"took me a long time to find a mat I liked, this is it!",yes,0,5.0,https://www.amazon.ca/AmazonBasics-Non-Slip-Memory-Foam-Bathmat/dp/B01A647ZT8/ref=cm_cr_srp_d_product_top?ie=UTF8,2020-09-30 03:53:56.295860,2020-09-30 03:54:03.582724,Amazon Customer,Clothing & Accessories,B002G9UDYG,B01A647ZT8
16,16,AH5IKOSI4M72IB4MBANSMOR6C57A,"August 1, 2019",compact,my sister is traveling on bike and needed something that didn't take up much room.... this did the job!!,yes,One,4.0,https://www.amazon.ca/Inflatable-Backpacking-Waterproof-MiHouse-Outdoor/dp/B0777RVWV7/ref=cm_cr_srp_d_product_top?ie=UTF8,2020-09-30 03:54:11.679270,2020-09-30 03:54:20.957587,Amazon Customer,Clothing & Accessories,B002G9UDYG,B0777RVWV7
17,17,AH5IKOSI4M72IB4MBANSMOR6C57A,"August 1, 2019",Never can have to many sunglasses,"Given to my daughters boyfriend as a birthday gift, she loves them... and who doesn't need sunglasses!",yes,One,4.0,https://www.amazon.ca/Polarized-Wayfarer-Sunglasses-men-SUNMEET/dp/B07FT6LCMK/ref=cm_cr_srp_d_product_top?ie=UTF8,2020-09-30 03:54:31.057406,2020-09-30 03:54:40.327066,Amazon Customer,Clothing & Accessories,B002G9UDYG,B07FT6LCMK
18,18,AH5IKOSI4M72IB4MBANSMOR6C57A,"August 1, 2019",very compact easy for bikers to carry,"my sister just got her biker licence and loves her emergency tool... doesn't take up much room, and she is off traveling which is what she wanted!!!!",yes,0,4.0,https://www.amazon.ca/Multitool-Hammer-16-Multi-function-Hammer-axe-Screwdriver/dp/B076PYGB4R/ref=cm_cr_srp_d_product_top?ie=UTF8,2020-09-30 03:54:49.419542,2020-09-30 03:54:57.692659,Amazon Customer,Clothing & Accessories,B002G9UDYG,B076PYGB4R
19,19,AH5IKOSI4M72IB4MBANSMOR6C57A,"April 10, 2019",PRICE POINT,My go to pants are black leggings... so these fit in perfect!! For the price they are very good indeedly!!,yes,One,5.0,https://www.amazon.ca/NIRLON-Control-Athletic-Workout-Leggings/dp/B07MHD4QLG/ref=cm_cr_srp_d_product_top?ie=UTF8,2020-09-30 03:55:04.786491,2020-09-30 03:55:11.110000,Amazon Customer,Clothing & Accessories,B002G9UDYG,B07MHD4QLG
20,20,AH5IKOSI4M72IB4MBANSMOR6C57A,"April 10, 2019",NOT REALLY WHAT I EXPECTED,"I am wearing it today, so it is not all bad. just not as long in the front as I thought it would be, and thinner material than I anticipated.",yes,0,4.0,https://www.amazon.ca/Urban-CoCo-Womens-T-shirt-Black-1/dp/B01M1S64KM/ref=cm_cr_srp_d_product_top?ie=UTF8,2020-09-30 03:55:18.199152,2020-09-30 03:55:26.468980,Amazon Customer,Clothing & Accessories,B002G9UDYG,B01M1S64KM
21,21,AH5IKOSI4M72IB4MBANSMOR6C57A,"March 29, 2019",Better than I imagined,"Blackout curtains look wonderful in our bedroom, and really do keep it dark!!",yes,0,5.0,https://www.amazon.ca/Deconovo-Blackout-curtain-Insulated-Curtains/dp/B0775SLHZ5/ref=cm_cr_srp_d_product_top?ie=UTF8,2020-09-30 03:55:34.561476,2020-09-30 03:55:41.790479,Amazon Customer,Clothing & Accessories,B002G9UDYG,B0775SLHZ5
22,22,AH5IKOSI4M72IB4MBANSMOR6C57A,"February 28, 2019",Bought For My Grandson... but I kept them for me,for the price I found these sunglasses fit just right and I also really like the look of them....,yes,0,4.0,https://www.amazon.ca/J-Morgan-Square-Sunglasses-Crystal/dp/B01M1I8DQM/ref=cm_cr_srp_d_product_top?ie=UTF8,2020-09-30 03:55:48.882603,2020-09-30 03:55:56.123060,Amazon Customer,Clothing & Accessories,B002G9UDYG,B01M1I8DQM
23,23,AH5IKOSI4M72IB4MBANSMOR6C57A,"February 1, 2019",work great,I love my wax heater,yes,0,4.0,https://www.amazon.ca/Waxkiss-Painless-Removal-Workable-Sensitive/dp/B079ZV8NS8/ref=cm_cr_srp_d_product_top?ie=UTF8,2020-09-30 03:56:04.201285,2020-09-30 03:56:13.442284,Amazon Customer,Clothing & Accessories,B002G9UDYG,B079ZV8NS8
24,24,AH5IKOSI4M72IB4MBANSMOR6C57A,"February 1, 2019",not really what I thought it was,this will work for next year as a fill in gift.. not sure what I was expecting,yes,0,3.0,https://www.amazon.ca/Unicorns-Mermaids-Libs-Billy-Merrell/dp/0399544224/ref=cm_cr_srp_d_product_top?ie=UTF8,2020-09-30 03:56:20.530836,2020-09-30 03:56:26.787653,Amazon Customer,Clothing & Accessories,B002G9UDYG,0399544224
25,25,AH5IKOSI4M72IB4MBANSMOR6C57A,"January 26, 2019",FUTURE SO BRIGHT...,"Bought these sunglasses for my Grandson, and he likes them very much",yes,0,4.0,https://www.amazon.ca/Darth-Vader-Sunglasses-Foster-Grant/dp/B017DEAB4K/ref=cm_cr_srp_d_product_top?ie=UTF8,2020-09-30 03:56:35.876887,2020-09-30 03:56:42.125559,Amazon Customer,Clothing & Accessories,B002G9UDYG,B017DEAB4K
26,26,AH5IKOSI4M72IB4MBANSMOR6C57A,"January 8, 2019",Grandchildren love these,Great price point and well received,yes,0,5.0,https://www.amazon.ca/Fingerlings-Baby-Monkey-Mini-BFFs/dp/B07B3F4FDV/ref=cm_cr_srp_d_product_top?ie=UTF8,2020-09-30 03:56:51.201362,2020-09-30 03:57:00.452845,Amazon Customer,Clothing & Accessories,B002G9UDYG,B07B3F4FDV
27,27,AH5IKOSI4M72IB4MBANSMOR6C57A,"January 8, 2019",Great Price Point,the length and chain quality is just what I was hoping for....,yes,0,5.0,https://www.amazon.ca/Sterling-Silver-Italian-Chain-Inches/dp/B00P9ZMXTW/ref=cm_cr_srp_d_product_top?ie=UTF8,2020-09-30 03:57:07.528827,2020-09-30 03:57:13.772285,Amazon Customer,Clothing & Accessories,B002G9UDYG,B00P9ZMXTW
28,28,AH5IKOSI4M72IB4MBANSMOR6C57A,"January 8, 2019",Great for facial hair,Just make sure you do not put wax on your face if to hot.... but the waxer works wonderful,yes,0,5.0,https://www.amazon.ca/Warmer-Removal-Waxing-Zooson-Applicator/dp/B07FSW6VYD/ref=cm_cr_srp_d_product_top?ie=UTF8,2020-09-30 03:57:22.848087,2020-09-30 03:57:31.115225,Amazon Customer,Clothing & Accessories,B002G9UDYG,B07FSW6VYD
29,29,AH5IKOSI4M72IB4MBANSMOR6C57A,"January 8, 2019",LOVE IT,"Price was great, and looks amazing",yes,0,5.0,https://www.amazon.ca/Fingerlings-Glitter-Panda-Interactive-Collectible/dp/B07BKFV6FD/ref=cm_cr_srp_d_product_top?ie=UTF8,2020-09-30 03:57:38.195515,2020-09-30 03:57:47.435745,Amazon Customer,Clothing & Accessories,B002G9UDYG,B07BKFV6FD
30,30,AH5IKOSI4M72IB4MBANSMOR6C57A,"January 8, 2019",Black Toque,Can not go wrong,yes,0,5.0,https://www.amazon.ca/Carhartt-Acrylic-Watch-Black-Size/dp/B002G9UDYG/ref=cm_cr_srp_d_product_top?ie=UTF8,2020-09-30 03:57:55.514465,2020-09-30 03:58:03.769883,Amazon Customer,Clothing & Accessories,B002G9UDYG,B002G9UDYG
31,31,AH5IKOSI4M72IB4MBANSMOR6C57A,"January 8, 2019",Gift for Son In Law,He loved them... and they look great,yes,0,5.0,https://www.amazon.ca/Release-Polarized-Sunglasses-Driver-Glasses/dp/B07D1J17VK/ref=cm_cr_srp_d_product_top?ie=UTF8,2020-09-30 03:58:11.852274,2020-09-30 03:58:20.112103,Amazon Customer,Clothing & Accessories,B002G9UDYG,B07D1J17VK
32,32,AH5IKOSI4M72IB4MBANSMOR6C57A,"January 8, 2019",price was good,can not go wrong with chocolate,yes,0,5.0,https://www.amazon.ca/Cadbury-Fun-Treats-Chocolate-Count/dp/B017TXNYR6/ref=cm_cr_srp_d_product_top?ie=UTF8,2020-09-30 03:58:29.217570,2020-09-30 03:58:37.494018,Amazon Customer,Clothing & Accessories,B002G9UDYG,B017TXNYR6
33,33,AH5IKOSI4M72IB4MBANSMOR6C57A,"January 8, 2019",yummy,Chocolate how can you go wrong...,yes,0,5.0,https://www.amazon.ca/QUALITY-STREET-Caramels-Cr%C3%A9mes-Pralines/dp/B00DD8AWFE/ref=cm_cr_srp_d_product_top?ie=UTF8,2020-09-30 03:58:44.586164,2020-09-30 03:58:50.908901,Amazon Customer,Clothing & Accessories,B002G9UDYG,B00DD8AWFE
34,34,AH5IKOSI4M72IB4MBANSMOR6C57A,"January 8, 2019","The material was to silky ,,?","The was bought for my Grandson, and when it arrived looked and felt way to feminine.... I sent it back with no issues",yes,0,3.0,https://www.amazon.ca/Mystery-Forest-Pocket-Hoodies-Sweatshirts/dp/B01N303ZPC/ref=cm_cr_srp_d_product_top?ie=UTF8,2020-09-30 03:58:57.986032,2020-09-30 03:59:06.284695,Amazon Customer,Clothing & Accessories,B002G9UDYG,B01N303ZPC
35,35,AH5IKOSI4M72IB4MBANSMOR6C57A,"January 8, 2019",I found this funny,"this was bought for my nephew, and he loved it",yes,0,4.0,https://www.amazon.ca/Thinking-Funny-Techie-Humor-T-Shirt/dp/B07G8YZML4/ref=cm_cr_srp_d_product_top?ie=UTF8,2020-09-30 03:59:16.379640,2020-09-30 03:59:24.651981,Amazon Customer,Clothing & Accessories,B002G9UDYG,B07G8YZML4
36,36,AH5IKOSI4M72IB4MBANSMOR6C57A,"January 8, 2019",EXACTLY WHAT I WANTED,my granddaughter loves this,yes,0,5.0,https://www.amazon.ca/WowWee-Fingerlings-Playset-Twirl-Whirl/dp/B07B366G5V/ref=cm_cr_srp_d_product_top?ie=UTF8,2020-09-30 03:59:34.734868,2020-09-30 03:59:41.050420,Amazon Customer,Clothing & Accessories,B002G9UDYG,B07B366G5V
37,37,AH5IKOSI4M72IB4MBANSMOR6C57A,"November 18, 2018",dinnerware set,"the colour on this HOBO Flatware Set is wonderful!!! It is a Christmas gift so has not been used yet, but the look and the box they come in all are very beautiful",yes,0,5.0,https://www.amazon.ca/HOBO-Dinnerware-Dessertspoon-Restaurant-Housewarming/dp/B07CTHDQDS/ref=cm_cr_srp_d_product_top?ie=UTF8,2020-09-30 03:59:48.127131,2020-09-30 03:59:54.413391,Amazon Customer,Clothing & Accessories,B002G9UDYG,B07CTHDQDS
38,38,AH5IKOSI4M72IB4MBANSMOR6C57A,"November 18, 2018",BRINLEY GIRL DOLL,"She is a lovely looking doll and is a gift for my granddaughter, I know she will love it",yes,0,5.0,https://www.amazon.ca/Kindred-Hearts-Dolls-Brinley-Blonde/dp/B071ZLQ4J6/ref=cm_cr_srp_d_product_top?ie=UTF8,2020-09-30 04:00:01.501911,2020-09-30 04:00:07.778564,Amazon Customer,Clothing & Accessories,B002G9UDYG,B071ZLQ4J6
39,39,AH5IKOSI4M72IB4MBANSMOR6C57A,"November 18, 2018",WATCH,"This blinged out watch is a Christmas gift so has not been opened yet, but is beautiful looking and very sparkly",yes,0,4.0,https://www.amazon.ca/XOXO-Womens-Quartz-Metal-Automatic/dp/B01CTMAJXE/ref=cm_cr_srp_d_product_top?ie=UTF8,2020-09-30 04:00:15.870692,2020-09-30 04:00:25.133771,Amazon Customer,Clothing & Accessories,B002G9UDYG,B01CTMAJXE
40,40,AH5IKOSI4M72IB4MBANSMOR6C57A,"November 18, 2018",WOOD HEART PLUGS,"These beautiful plugs are a Christmas gift so have not been used as of yet, but they are really beautiful looking!",no,0,4.0,https://www.amazon.ca/Organic-Heart-Tunnel-Plugs-Gauge/dp/B018WXRL2Q/ref=cm_cr_srp_d_product_top?ie=UTF8,2020-09-30 04:00:34.214305,2020-09-30 04:00:41.462271,Amazon Customer,Clothing & Accessories,B002G9UDYG,B018WXRL2Q
41,41,AH5IKOSI4M72IB4MBANSMOR6C57A,"October 7, 2018",THIS IS A CHRISTMAS GIFT FOR GRANDSON,"to soon to tell if it is what I want, as it will not be opened for another 60 days (Christmas 2018)",no,0,4.0,https://www.amazon.ca/Bluetooth-Smartwatch-Touchscreen-Fitness-Tracker/dp/B07DPL13GX/ref=cm_cr_srp_d_product_top?ie=UTF8,2020-09-30 04:00:50.552122,2020-09-30 04:00:57.807388,Amazon Customer,Clothing & Accessories,B002G9UDYG,B07DPL13GX
42,42,AH5IKOSI4M72IB4MBANSMOR6C57A,"September 25, 2018",I make a point of having sunglasses all around me... just in case the sun comes out!,"For price these glasses are wonderful, my go to sunglasses for sure",yes,0,4.0,https://www.amazon.ca/CGID-Inspired-Polarized-Sunglasses-Black-Gray/dp/B01BWFPZ8I/ref=cm_cr_srp_d_product_top?ie=UTF8,2020-09-30 04:01:06.885038,2020-09-30 04:01:14.134718,Amazon Customer,Clothing & Accessories,B002G9UDYG,B01BWFPZ8I
43,43,AH5IKOSI4M72IB4MBANSMOR6C57A,"September 25, 2018",DID NOT STAY ATTACHED TO PHONE,"This was part of a birthday gift... and the person that the gift was for said it just did not stick to phone, so is not being used",yes,0,3.0,https://www.amazon.ca/PopSockets-Collapsible-Phones-Tablets-Melting/dp/B074W3987Z/ref=cm_cr_srp_d_product_top?ie=UTF8,2020-09-30 04:01:22.224940,2020-09-30 04:01:28.473569,Amazon Customer,Clothing & Accessories,B002G9UDYG,B074W3987Z
44,44,AH5IKOSI4M72IB4MBANSMOR6C57A,"August 23, 2018",Four Stars,"really like the banner, gives that old country charm",yes,0,4.0,https://www.amazon.ca/NUOLUX-Christmas-Banners-Garlands-Decoration/dp/B01LAXKFDW/ref=cm_cr_srp_d_product_top?ie=UTF8,2020-09-30 04:01:37.555800,2020-09-30 04:01:44.813962,Amazon Customer,Clothing & Accessories,B002G9UDYG,B01LAXKFDW
45,45,AH5IKOSI4M72IB4MBANSMOR6C57A,"August 23, 2018","The colour will not disappoint you, is very","order larger size for sure. The colour will not disappoint you, is very lovely",yes,0,4.0,https://www.amazon.ca/Dewapparel-Summer-Sleeveless-Blouse-T-Shirt/dp/B06XPTC942/ref=cm_cr_srp_d_product_top?ie=UTF8,2020-09-30 04:01:53.909725,2020-09-30 04:02:01.177009,Amazon Customer,Clothing & Accessories,B002G9UDYG,B06XPTC942
46,46,AH5IKOSI4M72IB4MBANSMOR6C57A,"August 23, 2018","this is a beautiful top, my daughter says it looks good on ...","this is a beautiful top, my daughter says it looks good on me... I was surprised at how short it is, would love a tad more length",yes,0,4.0,https://www.amazon.ca/Womens-T-Shirt-Shoulder-Sleeve-Blouse/dp/B01IVPZF0A/ref=cm_cr_srp_d_product_top?ie=UTF8,2020-09-30 04:02:10.256259,2020-09-30 04:02:18.529004,Amazon Customer,Clothing & Accessories,B002G9UDYG,B01IVPZF0A
47,47,AH5IKOSI4M72IB4MBANSMOR6C57A,"August 23, 2018",... to try the round toothbrush and I think I like it.,wanted to try the round toothbrush and I think I like it... very good price helps,yes,0,4.0,https://www.amazon.ca/Oral-B-Pro-Health-Clean-Power-Toothbrush/dp/B00MBAD7SO/ref=cm_cr_srp_d_product_top?ie=UTF8,2020-09-30 04:02:27.614882,2020-09-30 04:02:33.905500,Amazon Customer,Clothing & Accessories,B002G9UDYG,B00MBAD7SO
48,48,AH5IKOSI4M72IB4MBANSMOR6C57A,"August 23, 2018",and I love the length,"this does not pull at the back of my hair (which is why I was looking for another chain), and I love the length, and the fact it does not knot up...",yes,4,5.0,https://www.amazon.ca/Youlixuess-Style-Titanium-Silver-Necklaces/dp/B077YWMC82/ref=cm_cr_srp_d_product_top?ie=UTF8,2020-09-30 04:02:41.981114,2020-09-30 04:02:51.229406,Amazon Customer,Clothing & Accessories,B002G9UDYG,B077YWMC82
49,49,AH5IKOSI4M72IB4MBANSMOR6C57A,"April 26, 2018",but it is pretty darn comfortable,"thought it would be tighter, but it is pretty darn comfortable . I also like that it is longer than usual",yes,0,4.0,https://www.amazon.ca/Khaya-ca-Womens-Underwire-Seamless-Camisole/dp/B07BLTJFXH/ref=cm_cr_srp_d_product_top?ie=UTF8,2020-09-30 04:02:58.312488,2020-09-30 04:03:05.592754,Amazon Customer,Clothing & Accessories,B002G9UDYG,B07BLTJFXH
50,50,AH5IKOSI4M72IB4MBANSMOR6C57A,"April 26, 2018",Five Stars,"my Granddaughters love their new pool, and so dose Grandma",yes,0,5.0,https://www.amazon.ca/Intex-Shade-Inflatable-Pool-Ages/dp/B005QIYSJ0/ref=cm_cr_srp_d_product_top?ie=UTF8,2020-09-30 04:03:12.693275,2020-09-30 04:03:18.955961,Amazon Customer,Clothing & Accessories,B002G9UDYG,B005QIYSJ0
51,51,AH5IKOSI4M72IB4MBANSMOR6C57A,"April 9, 2018",Five Stars,beautiful glow,yes,0,5.0,https://www.amazon.ca/INNOCCY-Edison-Standard-Dimmable-Vintage/dp/B071YD2FK8/ref=cm_cr_srp_d_product_top?ie=UTF8,2020-09-30 04:03:29.031804,2020-09-30 04:03:37.275347,Amazon Customer,Clothing & Accessories,B002G9UDYG,B071YD2FK8
52,52,AH5IKOSI4M72IB4MBANSMOR6C57A,"February 23, 2018",Five Stars,I LOVE MY RED SNEAKERS.....,yes,0,5.0,https://www.amazon.ca/Shinmax-Canvas-Unisex-Canvas-Trainers/dp/B01GVB62SU/ref=cm_cr_srp_d_product_top?ie=UTF8,2020-09-30 04:03:47.371293,2020-09-30 04:03:55.601878,Amazon Customer,Clothing & Accessories,B002G9UDYG,B01GVB62SU
53,53,AH5IKOSI4M72IB4MBANSMOR6C57A,"February 23, 2018",Four Stars,"the recording is kind of staticky, but still cute",yes,0,4.0,https://www.amazon.ca/Prettyui-Talking-Hamster-Electronic-Children/dp/B074P1WXLT/ref=cm_cr_srp_d_product_top?ie=UTF8,2020-09-30 04:04:03.683177,2020-09-30 04:04:12.029522,Amazon Customer,Clothing & Accessories,B002G9UDYG,B074P1WXLT
54,54,AH5IKOSI4M72IB4MBANSMOR6C57A,"February 23, 2018",Five Stars,exactly what I wanted,yes,0,5.0,https://www.amazon.ca/Infantino-Flip-Flop-Frog-Rattle/dp/B00IR4F3OY/ref=cm_cr_srp_d_product_top?ie=UTF8,2020-09-30 04:04:20.106949,2020-09-30 04:04:26.339691,Amazon Customer,Clothing & Accessories,B002G9UDYG,B00IR4F3OY
55,55,AH5IKOSI4M72IB4MBANSMOR6C57A,"February 23, 2018",Five Stars,great price and delivery really fast,yes,0,5.0,https://www.amazon.ca/Cottonelle-ComfortCare-Tissue-Double-Toilet/dp/B019TUCGOE/ref=cm_cr_srp_d_product_top?ie=UTF8,2020-09-30 04:04:33.497420,2020-09-30 04:04:42.858896,Amazon Customer,Clothing & Accessories,B002G9UDYG,B019TUCGOE
56,56,AH5IKOSI4M72IB4MBANSMOR6C57A,"February 23, 2018",Five Stars,LOVE IT,yes,0,5.0,https://www.amazon.ca/Aladdin-Classic-Insulated-Travel-20-Ounce/dp/B00NTMEHDC/ref=cm_cr_srp_d_product_top?ie=UTF8,2020-09-30 04:04:50.953902,2020-09-30 04:04:57.213339,Amazon Customer,Clothing & Accessories,B002G9UDYG,B00NTMEHDC
57,57,AH5IKOSI4M72IB4MBANSMOR6C57A,"January 13, 2018",the sleeves are nice and long and material very light and airy,"this ended up being my go to shirt, the sleeves are nice and long and material very light and airy.",yes,One,5.0,https://www.amazon.ca/Soffe-Womens-Sleeve-Tissue-X-Large/dp/B016S9A2Q8/ref=cm_cr_srp_d_product_top?ie=UTF8,2020-09-30 04:05:05.311060,2020-09-30 04:05:12.642280,Amazon Customer,Clothing & Accessories,B002G9UDYG,B016S9A2Q8
58,58,AH5IKOSI4M72IB4MBANSMOR6C57A,"January 9, 2018",but works great in our car,"material is very thin, which I expected, but works great in our car",yes,0,4.0,https://www.amazon.ca/FH-Group-FB030PINK115-SEAT-Bucket-Compatible/dp/B01HUTSA78/ref=cm_cr_srp_d_product_top?ie=UTF8,2020-09-30 04:05:20.738711,2020-09-30 04:05:27.018879,Amazon Customer,Clothing & Accessories,B002G9UDYG,B01HUTSA78
59,59,AH5IKOSI4M72IB4MBANSMOR6C57A,"January 9, 2018",Five Stars,all the sparkle I wanted....,yes,0,5.0,https://www.amazon.ca/Feronnel-Cross-Body-Black-Leather/dp/B071XJT2XT/ref=cm_cr_srp_d_product_top?ie=UTF8,2020-09-30 04:05:36.105171,2020-09-30 04:05:44.377066,Amazon Customer,Clothing & Accessories,B002G9UDYG,B071XJT2XT
60,60,AH5IKOSI4M72IB4MBANSMOR6C57A,"January 9, 2018",I really love this top,"I really love this top, the color is great, the style loved it... but the fit is really small, did not even go over my breasts... so my loss, and gifted it to a friend",yes,0,4.0,https://www.amazon.ca/Fashion-Swallow-Tailed-Summer-Sleeveless-Blouse/dp/B01HEN63HO/ref=cm_cr_srp_d_product_top?ie=UTF8,2020-09-30 04:05:54.468784,2020-09-30 04:06:02.767319,Amazon Customer,Clothing & Accessories,B002G9UDYG,B01HEN63HO
61,61,AH5IKOSI4M72IB4MBANSMOR6C57A,"January 3, 2018",... this charm on it for my granddaughter and I love,bought a sterling silver chains and put this charm on it for my granddaughter and I love it,yes,0,5.0,https://www.amazon.ca/Sterling-Swarovski-Crystal-Brother-Daughter/dp/B01N5OYJ29/ref=cm_cr_srp_d_product_top?ie=UTF8,2020-09-30 04:06:10.867909,2020-09-30 04:06:17.134698,Amazon Customer,Clothing & Accessories,B002G9UDYG,B01N5OYJ29
62,62,AH5IKOSI4M72IB4MBANSMOR6C57A,"January 3, 2018",... for my granddaughter and put them on these chains wonderful gift,bought some charms for my granddaughter and put them on these chains wonderful gift,yes,0,5.0,https://www.amazon.ca/Sterling-Silver-Diamond-Cut-Chain-Necklace/dp/B01AVGIAP4/ref=cm_cr_srp_d_product_top?ie=UTF8,2020-09-30 04:06:27.228543,2020-09-30 04:06:34.532442,Amazon Customer,Clothing & Accessories,B002G9UDYG,B01AVGIAP4
63,63,AH5IKOSI4M72IB4MBANSMOR6C57A,"January 3, 2018",... FOR THE STAR WARS LOVER AMONG US IS A GREAT GIFT,LIGHTER WEIGHT MATERIAL THAN EXPECTED BUT FOR THE STAR WARS LOVER AMONG US IS A GREAT GIFT,yes,0,4.0,https://www.amazon.ca/Family-Pajamas-Blanket-Sleeper-Onesie/dp/B076KLQYLT/ref=cm_cr_srp_d_product_top?ie=UTF8,2020-09-30 04:06:42.626543,2020-09-30 04:06:51.901158,Amazon Customer,Clothing & Accessories,B002G9UDYG,B076KLQYLT
64,64,AH5IKOSI4M72IB4MBANSMOR6C57A,"January 3, 2018",Five Stars,love the bright color and is just what I wanted.... THANK YOU,yes,0,5.0,https://www.amazon.ca/Hamilton-Beach-49960C-FlexBrewTM-Single-Coffee/dp/B00N8XFBCI/ref=cm_cr_srp_d_product_top?ie=UTF8,2020-09-30 04:07:00.990919,2020-09-30 04:07:08.235333,Amazon Customer,Clothing & Accessories,B002G9UDYG,B00N8XFBCI
65,65,AH5IKOSI4M72IB4MBANSMOR6C57A,"December 18, 2017","I love it, and goes right x my living room ...","for all that this Santa and Reindeer is, I love it, and goes right x my living room entrance",yes,0,5.0,https://www.amazon.ca/Beistle-1-Pack-Sleigh-Streamer-8-Feet/dp/B002WJ8ZVI/ref=cm_cr_srp_d_product_top?ie=UTF8,2020-09-30 04:07:16.332687,2020-09-30 04:07:25.615837,Amazon Customer,Clothing & Accessories,B002G9UDYG,B002WJ8ZVI
66,66,AH5IKOSI4M72IB4MBANSMOR6C57A,"December 13, 2017",FABULOUS x,"I have so much black in my wardrobe that ordering this white sweater was a risk, and one I am glad I made! It is flattering, flowy and works with anything... I LOVE IT",yes,One,5.0,https://www.amazon.ca/Meaneor-Womens-Waterfall-Asymmetric-Cardigan/dp/B011DU3XM2/ref=cm_cr_srp_d_product_top?ie=UTF8,2020-09-30 04:07:33.710802,2020-09-30 04:07:43.034210,Amazon Customer,Clothing & Accessories,B002G9UDYG,B011DU3XM2
67,67,AH5IKOSI4M72IB4MBANSMOR6C57A,"December 4, 2017",Five Stars,toilet paper,yes,0,5.0,https://www.amazon.ca/Cottonelle-CleanCare-Tissue-Double-Toilet/dp/B01JLY319C/ref=cm_cr_srp_d_product_top?ie=UTF8,2020-09-30 04:07:53.170260,2020-09-30 04:08:02.488286,Amazon Customer,Clothing & Accessories,B002G9UDYG,B01JLY319C
68,68,AH5IKOSI4M72IB4MBANSMOR6C57A,"December 4, 2017",Five Stars,perfect gift for that lash loving chick on your list....,yes,0,5.0,https://www.amazon.ca/Stunning-Quality-Reusable-Natural-Eyelashes/dp/B00N7HBYK8/ref=cm_cr_srp_d_product_top?ie=UTF8,2020-09-30 04:08:09.602643,2020-09-30 04:08:17.867358,Amazon Customer,Clothing & Accessories,B002G9UDYG,B00N7HBYK8
69,69,AH5IKOSI4M72IB4MBANSMOR6C57A,"December 2, 2017",Five Stars,THIS IS A GIFT AND EXACTLY AS DESCRIBED,yes,0,5.0,https://www.amazon.ca/Collective-Minds-Showcase-Charge-Display/dp/B01LYGCK1M/ref=cm_cr_srp_d_product_top?ie=UTF8,2020-09-30 04:08:26.967337,2020-09-30 04:08:33.288798,Amazon Customer,Clothing & Accessories,B002G9UDYG,B01LYGCK1M
70,70,AH5IKOSI4M72IB4MBANSMOR6C57A,"December 2, 2017",Five Stars,MY YOUNG GRANDAUGHTER IS GOING TO LOVE THIS WEE LITTLE BABY ALIVE,yes,0,5.0,https://www.amazon.ca/Baby-Alive-B9720-Lil-Slumbers/dp/B01JKAQSWY/ref=cm_cr_srp_d_product_top?ie=UTF8,2020-09-30 04:08:40.380406,2020-09-30 04:08:48.644645,Amazon Customer,Clothing & Accessories,B002G9UDYG,B01JKAQSWY
71,71,AH5IKOSI4M72IB4MBANSMOR6C57A,"December 2, 2017",Three Stars,JUST THE SLEEVES SEEM SMALL/TIGHT,yes,0,3.0,https://www.amazon.ca/Comvison-Autumn-Winter-Sleeve-T-Shirt/dp/B01LY7LEBS/ref=cm_cr_srp_d_product_top?ie=UTF8,2020-09-30 04:08:57.743052,2020-09-30 04:09:07.065909,Amazon Customer,Clothing & Accessories,B002G9UDYG,B01LY7LEBS
72,72,AH5IKOSI4M72IB4MBANSMOR6C57A,"December 2, 2017",Five Stars,WONDERFUL AND A GREAT GIFT FOR A LUCKY YOUNG GIRL,yes,0,5.0,https://www.amazon.ca/Kuu-Harajuku-Angel-Doll/dp/B01N2W5EN6/ref=cm_cr_srp_d_product_top?ie=UTF8,2020-09-30 04:09:16.145433,2020-09-30 04:09:24.423991,Amazon Customer,Clothing & Accessories,B002G9UDYG,B01N2W5EN6
73,73,AH5IKOSI4M72IB4MBANSMOR6C57A,"November 8, 2017",Five Stars,this was for my Granddaughters birthday... and she loves it,yes,0,5.0,https://www.amazon.ca/Sylvania-SRCD261-B-Pink-Portable-Boombox-Radio/dp/B017BK9ZJI/ref=cm_cr_srp_d_product_top?ie=UTF8,2020-09-30 04:09:31.518332,2020-09-30 04:09:40.794407,Amazon Customer,Clothing & Accessories,B002G9UDYG,B017BK9ZJI
74,74,AH5IKOSI4M72IB4MBANSMOR6C57A,"November 8, 2017",Four Stars,gift for Christmas I know he will love it,yes,0,4.0,https://www.amazon.ca/Premium-Cocktail-Shaker-Set-Built/dp/B01MUBWNLZ/ref=cm_cr_srp_d_product_top?ie=UTF8,2020-09-30 04:09:47.884296,2020-09-30 04:09:55.132588,Amazon Customer,Clothing & Accessories,B002G9UDYG,B01MUBWNLZ
75,75,AH5IKOSI4M72IB4MBANSMOR6C57A,"November 8, 2017",Four Stars,Gift for Christmas looks and feeling wonderful,yes,0,4.0,https://www.amazon.ca/Bamboo-Sheet-Piece-Queen-Blue/dp/B01G27N56K/ref=cm_cr_srp_d_product_top?ie=UTF8,2020-09-30 04:10:02.211861,2020-09-30 04:10:11.451872,Amazon Customer,Clothing & Accessories,B002G9UDYG,B01G27N56K
76,76,AH5IKOSI4M72IB4MBANSMOR6C57A,"November 5, 2017",Four Stars,fluffy pink dice!! What could go wrong... they are wonderful,yes,0,4.0,https://www.amazon.ca/Vintage-Parts-14557-Fuzzy-White/dp/B004M0CZS4/ref=cm_cr_srp_d_product_top?ie=UTF8,2020-09-30 04:10:18.536581,2020-09-30 04:10:26.823524,Amazon Customer,Clothing & Accessories,B002G9UDYG,B004M0CZS4
77,77,AH5IKOSI4M72IB4MBANSMOR6C57A,"October 22, 2017",Four Stars,wonderful pink fluffiness,no,0,4.0,https://www.amazon.ca/Silence-Shopping-Autumn-Steering-Handbrake/dp/B01E33CBME/ref=cm_cr_srp_d_product_top?ie=UTF8,2020-09-30 04:10:33.951186,2020-09-30 04:10:43.257547,Amazon Customer,Clothing & Accessories,B002G9UDYG,B01E33CBME
78,78,AH5IKOSI4M72IB4MBANSMOR6C57A,"October 12, 2017",Four Stars,love this shirt very light material just what i wanted,yes,0,4.0,https://www.amazon.ca/Womens-Blouse-Laimeng-Casual-Button/dp/B01LYIEZ7A/ref=cm_cr_srp_d_product_top?ie=UTF8,2020-09-30 04:10:51.375014,2020-09-30 04:10:58.633935,Amazon Customer,Clothing & Accessories,B002G9UDYG,B01LYIEZ7A
79,79,AH5IKOSI4M72IB4MBANSMOR6C57A,"May 26, 2017",Four Stars,"This is a small mat, the picture is deceiving//but it makes my Granddaughters room very bright",yes,0,4.0,https://www.amazon.ca/Menu-Life-Pink-Red-Children/dp/B01NCBDD7F/ref=cm_cr_srp_d_product_top?ie=UTF8,2020-09-30 04:11:05.728096,2020-09-30 04:11:13.059728,Amazon Customer,Clothing & Accessories,B002G9UDYG,B01NCBDD7F
80,80,AH5IKOSI4M72IB4MBANSMOR6C57A,"May 26, 2017",Five Stars,"I like the price, I like the fit and most important, I like that it came so quick!",yes,3,5.0,https://www.amazon.ca/Hanes-Womens-French-Bermuda-X-Large/dp/B0170AD49G/ref=cm_cr_srp_d_product_top?ie=UTF8,2020-09-30 04:11:23.145323,2020-09-30 04:11:31.419372,Amazon Customer,Clothing & Accessories,B002G9UDYG,B0170AD49G
81,81,AH5IKOSI4M72IB4MBANSMOR6C57A,"April 1, 2017",Four Stars,just what I needed to see clearly to my front door,yes,0,4.0,https://www.amazon.ca/Snoring-Devices-Comfortable-Adjustable-Solutions/dp/B01F78CIQI/ref=cm_cr_srp_d_product_top?ie=UTF8,2020-09-30 04:11:39.518966,2020-09-30 04:11:48.824610,Amazon Customer,Clothing & Accessories,B002G9UDYG,B01F78CIQI
82,82,AH5IKOSI4M72IB4MBANSMOR6C57A,"April 1, 2017",Five Stars,My Granddaughter is truly a Princess and now has a castle,yes,0,5.0,https://www.amazon.ca/PlayMaty-Assembly-Princess-Portable-Outdoor/dp/B01K1P9J5U/ref=cm_cr_srp_d_product_top?ie=UTF8,2020-09-30 04:11:57.920108,2020-09-30 04:12:07.166534,Amazon Customer,Clothing & Accessories,B002G9UDYG,B01K1P9J5U
83,83,AH5IKOSI4M72IB4MBANSMOR6C57A,"April 1, 2017",Two Stars,this was smaller than expected and not very bright.....,yes,0,2.0,https://www.amazon.ca/Changing-Lights-Mushroom-Plants-Sleeping/dp/B01IB86V4G/ref=cm_cr_srp_d_product_top?ie=UTF8,2020-09-30 04:12:17.253602,2020-09-30 04:12:24.517157,Amazon Customer,Clothing & Accessories,B002G9UDYG,B01IB86V4G
84,84,AH5IKOSI4M72IB4MBANSMOR6C57A,"March 26, 2017",Five Stars,very pretty,yes,0,5.0,https://www.amazon.ca/Changeshopping-Shoulder-Feather-Sleeve-T-shirt/dp/B01GDLFD4W/ref=cm_cr_srp_d_product_top?ie=UTF8,2020-09-30 04:12:31.620068,2020-09-30 04:12:40.907254,Amazon Customer,Clothing & Accessories,B002G9UDYG,B01GDLFD4W
85,85,AH5IKOSI4M72IB4MBANSMOR6C57A,"March 26, 2017","this is see through, which the picture doesn't appear ...","this is see through, which the picture doesn't appear that way, is shorter than it appears and all around is not what I expected",yes,0,3.0,https://www.amazon.ca/VintageRose-Womens-Shoulder-Knitted-Sweater/dp/B01M21Z30N/ref=cm_cr_srp_d_product_top?ie=UTF8,2020-09-30 04:12:49.012326,2020-09-30 04:12:55.271536,Amazon Customer,Clothing & Accessories,B002G9UDYG,B01M21Z30N
86,86,AH5IKOSI4M72IB4MBANSMOR6C57A,"March 26, 2017",this wall mount is great,wish I had done this years ago... this wall mount is great,yes,0,5.0,https://www.amazon.ca/PrimeCables-Mount-37-70-Curved-Panel/dp/B00L4T8A4O/ref=cm_cr_srp_d_product_top?ie=UTF8,2020-09-30 04:13:03.362668,2020-09-30 04:13:11.630539,Amazon Customer,Clothing & Accessories,B002G9UDYG,B00L4T8A4O
87,87,AH5IKOSI4M72IB4MBANSMOR6C57A,"December 19, 2016",Four Stars,wonderful,yes,0,4.0,https://www.amazon.ca/Forever-Womens-Sleeves-Fleece-Hoodie/dp/B00TO4F0TE/ref=cm_cr_srp_d_product_top?ie=UTF8,2020-09-30 04:13:19.722083,2020-09-30 04:13:27.020953,Amazon Customer,Clothing & Accessories,B002G9UDYG,B00TO4F0TE
88,88,AH5IKOSI4M72IB4MBANSMOR6C57A,"December 19, 2016",Four Stars,exactly what I wanted,yes,One,4.0,https://www.amazon.ca/Kaytee-Lava-Block-Chew-Toy/dp/B005FU4YY8/ref=cm_cr_srp_d_product_top?ie=UTF8,2020-09-30 04:13:37.100190,2020-09-30 04:13:43.401881,Amazon Customer,Clothing & Accessories,B002G9UDYG,B005FU4YY8
89,89,AH5IKOSI4M72IB4MBANSMOR6C57A,"December 19, 2016",Four Stars,rabbits love it,yes,0,4.0,https://www.amazon.ca/Oxbow-Timothy-WESTERN-HAY-15/dp/B0017JANIW/ref=cm_cr_srp_d_product_top?ie=UTF8,2020-09-30 04:13:51.495662,2020-09-30 04:13:58.778397,Amazon Customer,Clothing & Accessories,B002G9UDYG,B0017JANIW
90,90,AH5IKOSI4M72IB4MBANSMOR6C57A,"December 19, 2016",Four Stars,rabbits easily potty trained with this,yes,One,4.0,https://www.amazon.ca/Ware-Manufacturing-Plastic-Scatterless-Lock-N-Litter/dp/B003SLICDA/ref=cm_cr_srp_d_product_top?ie=UTF8,2020-09-30 04:14:08.876814,2020-09-30 04:14:17.180396,Amazon Customer,Clothing & Accessories,B002G9UDYG,B003SLICDA
91,91,AH5IKOSI4M72IB4MBANSMOR6C57A,"December 19, 2016",Four Stars,good chew toy,yes,0,4.0,https://www.amazon.ca/Living-World-61469-NibblersWood-Sticks/dp/B00IFXFR6Q/ref=cm_cr_srp_d_product_top?ie=UTF8,2020-09-30 04:14:24.273868,2020-09-30 04:14:33.563157,Amazon Customer,Clothing & Accessories,B002G9UDYG,B00IFXFR6Q
92,92,AH5IKOSI4M72IB4MBANSMOR6C57A,"December 19, 2016",Four Stars,good chew toy,yes,0,4.0,https://www.amazon.ca/Living-World-Nibblers-Corn-Carrot/dp/B005KRQWIW/ref=cm_cr_srp_d_product_top?ie=UTF8,2020-09-30 04:14:40.658884,2020-09-30 04:14:46.948496,Amazon Customer,Clothing & Accessories,B002G9UDYG,B005KRQWIW
93,93,AH5IKOSI4M72IB4MBANSMOR6C57A,"December 19, 2016",Four Stars,"these are so cute, got them as stocking stuffers",yes,0,4.0,https://www.amazon.ca/Changeshopping-Stickers-Switch-Decals-Nursery/dp/B012DD81LQ/ref=cm_cr_srp_d_product_top?ie=UTF8,2020-09-30 04:14:57.028258,2020-09-30 04:15:05.262264,Amazon Customer,Clothing & Accessories,B002G9UDYG,B012DD81LQ
94,94,AH5IKOSI4M72IB4MBANSMOR6C57A,"December 19, 2016",Four Stars,like them,yes,0,4.0,https://www.amazon.ca/SODIAL-Stretch-Trousers-Sweatpants-Alphabet/dp/B0154KSTTO/ref=cm_cr_srp_d_product_top?ie=UTF8,2020-09-30 04:15:12.362726,2020-09-30 04:15:21.619118,Amazon Customer,Clothing & Accessories,B002G9UDYG,B0154KSTTO
95,95,AH5IKOSI4M72IB4MBANSMOR6C57A,"December 19, 2016",a pretty big cross,"a pretty big cross, bought for my 10 year old grandson and is just tooooooo large. But a nice piece all the same",yes,0,3.0,https://www.amazon.ca/dp/B01KHICB1U/ref=cm_cr_srp_d_product_top?ie=UTF8,2020-09-30 04:15:31.711549,2020-09-30 04:15:38.045676,Amazon Customer,Clothing & Accessories,B002G9UDYG,B01KHICB1U
96,96,AH5IKOSI4M72IB4MBANSMOR6C57A,"December 19, 2016",the colour is wonderful and size is correct,this is a gift for the peggo daughter.... the colour is wonderful and size is correct.... thank you,yes,0,4.0,https://www.amazon.ca/Jade-Womens-Pullover-Sleeve-Cotton/dp/B018I809XI/ref=cm_cr_srp_d_product_top?ie=UTF8,2020-09-30 04:15:45.127443,2020-09-30 04:15:51.389309,Amazon Customer,Clothing & Accessories,B002G9UDYG,B018I809XI
97,97,AH5IKOSI4M72IB4MBANSMOR6C57A,"November 11, 2016",Four Stars,is exactly what it says,yes,0,4.0,https://www.amazon.ca/Super-Feeder-Quick-Locks-Colors/dp/B005FU4Z8I/ref=cm_cr_srp_d_product_top?ie=UTF8,2020-09-30 04:16:01.482103,2020-09-30 04:16:07.765103,Amazon Customer,Clothing & Accessories,B002G9UDYG,B005FU4Z8I
98,98,AH5IKOSI4M72IB4MBANSMOR6C57A,"November 11, 2016",Four Stars,yum yum,yes,0,4.0,https://www.amazon.ca/Living-World-61274-Biodegradable-610-Cubic/dp/B00IFXFLBW/ref=cm_cr_srp_d_product_top?ie=UTF8,2020-09-30 04:16:15.858585,2020-09-30 04:16:22.119947,Amazon Customer,Clothing & Accessories,B002G9UDYG,B00IFXFLBW
99,99,AH5IKOSI4M72IB4MBANSMOR6C57A,"November 11, 2016",Five Stars,love this cage... or should say bunny transporter,yes,0,5.0,https://www.amazon.ca/Petmate-29-5-InchL-16-5-InchW-24-InchH-Kennel-aire/dp/B0009YE3MI/ref=cm_cr_srp_d_product_top?ie=UTF8,2020-09-30 04:16:32.204917,2020-09-30 04:16:38.482935,Amazon Customer,Clothing & Accessories,B002G9UDYG,B0009YE3MI
100,100,AH5IKOSI4M72IB4MBANSMOR6C57A,"November 11, 2016",Four Stars,my bunny ate the whole thing,yes,0,4.0,https://www.amazon.ca/Peters-RGP-532-Woven-Grass-Hide-A-Way-Hut/dp/B000MDZE2E/ref=cm_cr_srp_d_product_top?ie=UTF8,2020-09-30 04:16:48.578705,2020-09-30 04:16:56.959550,Amazon Customer,Clothing & Accessories,B002G9UDYG,B000MDZE2E
101,101,AH5IKOSI4M72IB4MBANSMOR6C57A,"November 11, 2016",Four Stars,great price and mail was quick,yes,0,4.0,https://www.amazon.ca/Ware-Manufacturing-Feeder-Free-Salt/dp/B000HG966G/ref=cm_cr_srp_d_product_top?ie=UTF8,2020-09-30 04:17:07.050523,2020-09-30 04:17:16.275698,Amazon Customer,Clothing & Accessories,B002G9UDYG,B000HG966G
102,102,AH5IKOSI4M72IB4MBANSMOR6C57A,"November 11, 2016",Three Stars,worked for what I wanted,yes,0,3.0,https://www.amazon.ca/Ware-Manufacturing-Natural-Handwoven-Multi-Use/dp/B001CS9SXY/ref=cm_cr_srp_d_product_top?ie=UTF8,2020-09-30 04:17:23.361525,2020-09-30 04:17:29.658496,Amazon Customer,Clothing & Accessories,B002G9UDYG,B001CS9SXY
103,103,AH5IKOSI4M72IB4MBANSMOR6C57A,"November 11, 2016",Three Stars,bunny love,yes,0,3.0,https://www.amazon.ca/Kaytee-Sweet-Dreams-Nesting-Material/dp/B00025YVWG/ref=cm_cr_srp_d_product_top?ie=UTF8,2020-09-30 04:17:36.756089,2020-09-30 04:17:43.015917,Amazon Customer,Clothing & Accessories,B002G9UDYG,B00025YVWG
104,104,AH5IKOSI4M72IB4MBANSMOR6C57A,"November 11, 2016",Three Stars,mail came quickly and work great,yes,0,3.0,https://www.amazon.ca/Uxcell-Plastic-Drinking-Hanging-2-Piece/dp/B015ZCHWV2/ref=cm_cr_srp_d_product_top?ie=UTF8,2020-09-30 04:17:51.103884,2020-09-30 04:18:00.352596,Amazon Customer,Clothing & Accessories,B002G9UDYG,B015ZCHWV2
105,105,AH5IKOSI4M72IB4MBANSMOR6C57A,"November 11, 2016",Four Stars,rabbit food,yes,0,4.0,https://www.amazon.ca/Standlee-Hay-Company-Premium-18-Ounce/dp/B001E4F71I/ref=cm_cr_srp_d_product_top?ie=UTF8,2020-09-30 04:18:08.456941,2020-09-30 04:18:14.743886,Amazon Customer,Clothing & Accessories,B002G9UDYG,B001E4F71I
106,106,AH5IKOSI4M72IB4MBANSMOR6C57A,"November 11, 2016",Five Stars,came quickly in the mail and was the best price I could find,yes,0,5.0,https://www.amazon.ca/ALEKO-SDK-30B-Playpen-Kennel-Exercise/dp/B00ZAOINNW/ref=cm_cr_srp_d_product_top?ie=UTF8,2020-09-30 04:18:22.835020,2020-09-30 04:18:29.097551,Amazon Customer,Clothing & Accessories,B002G9UDYG,B00ZAOINNW
107,107,AH5IKOSI4M72IB4MBANSMOR6C57A,"November 11, 2016",Five Stars,my RABBITS love this tunnel,yes,0,5.0,https://www.amazon.ca/Foldable-Ferrets-Rabbits-Collapsible-Colorful/dp/B00Q6L5516/ref=cm_cr_srp_d_product_top?ie=UTF8,2020-09-30 04:18:38.193218,2020-09-30 04:18:44.428622,Amazon Customer,Clothing & Accessories,B002G9UDYG,B00Q6L5516
108,108,AH5IKOSI4M72IB4MBANSMOR6C57A,"November 11, 2016",Four Stars,this is a Christmas gift so not used yet but are just what I wanted,yes,0,4.0,https://www.amazon.ca/Orblue-Herb-Scissors-Cutter-Shears/dp/B00VRTHKEC/ref=cm_cr_srp_d_product_top?ie=UTF8,2020-09-30 04:18:53.527199,2020-09-30 04:19:02.791283,Amazon Customer,Clothing & Accessories,B002G9UDYG,B00VRTHKEC
109,109,AH5IKOSI4M72IB4MBANSMOR6C57A,"November 11, 2016",Four Stars,great price and its the simpsons,yes,0,4.0,https://www.amazon.ca/Simpsons-Complete-Twentieth-Season-Bilingual/dp/B002V0B0OC/ref=cm_cr_srp_d_product_top?ie=UTF8,2020-09-30 04:19:12.888603,2020-09-30 04:19:20.153640,Amazon Customer,Clothing & Accessories,B002G9UDYG,B002V0B0OC
110,110,AH5IKOSI4M72IB4MBANSMOR6C57A,"November 11, 2016",Four Stars,love it,yes,0,4.0,https://www.amazon.ca/Simpsons-Christmas-Bilingual-Maggie-Roswell/dp/B0000AGWRT/ref=cm_cr_srp_d_product_top?ie=UTF8,2020-09-30 04:19:30.239204,2020-09-30 04:19:39.514164,Amazon Customer,Clothing & Accessories,B002G9UDYG,B0000AGWRT
111,111,AH5IKOSI4M72IB4MBANSMOR6C57A,"November 11, 2016",Four Stars,came in the mail quickly and its the simpsons... all good,yes,One,4.0,https://www.amazon.ca/The-Simpsons-Fourteenth-Season/dp/B005SOH7QS/ref=cm_cr_srp_d_product_top?ie=UTF8,2020-09-30 04:19:46.610404,2020-09-30 04:19:55.928550,Amazon Customer,Clothing & Accessories,B002G9UDYG,B005SOH7QS
112,112,AH5IKOSI4M72IB4MBANSMOR6C57A,"November 11, 2016",Four Stars,what can I say you have to love the simpsons,yes,0,4.0,https://www.amazon.ca/The-Simpsons-Thirteenth-Season/dp/B003LXBTC6/ref=cm_cr_srp_d_product_top?ie=UTF8,2020-09-30 04:20:04.017721,2020-09-30 04:20:13.261091,Amazon Customer,Clothing & Accessories,B002G9UDYG,B003LXBTC6
113,113,AH5IKOSI4M72IB4MBANSMOR6C57A,"November 11, 2016",Four Stars,have not put them in my garden yet but they look very lovely,yes,0,4.0,https://www.amazon.ca/MagicLux-Tech-Waterproof-Outdoor-String/dp/B01LCMCJEY/ref=cm_cr_srp_d_product_top?ie=UTF8,2020-09-30 04:20:22.355701,2020-09-30 04:20:29.618909,Amazon Customer,Clothing & Accessories,B002G9UDYG,B01LCMCJEY
114,114,AH5IKOSI4M72IB4MBANSMOR6C57A,"November 11, 2016",Four Stars,this is a gift as if exactly what I wanted,yes,0,4.0,https://www.amazon.ca/Toronto-Maple-Leafs-Garden-Stake/dp/B00L6Q0D1S/ref=cm_cr_srp_d_product_top?ie=UTF8,2020-09-30 04:20:36.715776,2020-09-30 04:20:45.057985,Amazon Customer,Clothing & Accessories,B002G9UDYG,B00L6Q0D1S
115,115,AH5IKOSI4M72IB4MBANSMOR6C57A,"November 11, 2016",Two Stars,the chain is beautiful but broke within three days,yes,0,2.0,https://www.amazon.ca/Solid-Yellow-Singapore-Pendant-Necklace/dp/B008VS8PIM/ref=cm_cr_srp_d_product_top?ie=UTF8,2020-09-30 04:20:54.145026,2020-09-30 04:21:02.427489,Amazon Customer,Clothing & Accessories,B002G9UDYG,B008VS8PIM
116,116,AH5IKOSI4M72IB4MBANSMOR6C57A,"November 11, 2016",Three Stars,these are a tad see through.... okay a whole lot of see through... but comfy,yes,One,3.0,https://www.amazon.ca/Sweet-Mommy-Bamboo-Maternity-Leggings/dp/B01DZNZD4G/ref=cm_cr_srp_d_product_top?ie=UTF8,2020-09-30 04:21:09.523947,2020-09-30 04:21:16.816613,Amazon Customer,Clothing & Accessories,B002G9UDYG,B01DZNZD4G
