,Unnamed: 0,author_id,date_review_posted,review_title,reviews,verified_purchase,people_find_helpful,ratings,product_url,start,end,reviewer_name,product_category,product_id,subproduct_id
0,0,AH6CKLE3QNNTE3MHKACJ6DEGAZAQ,"December 19, 2019",Excellent,Best price I can find,yes,0,5.0,https://www.amazon.ca/Carhartt-Acrylic-Watch-Black-Size/dp/B002G9UDYG/ref=cm_cr_srp_d_product_top?ie=UTF8,2020-09-29 21:42:52.455922,2020-09-29 21:43:01.727858,J.,Clothing & Accessories,B002G9UDYG,B002G9UDYG
1,1,AH6CKLE3QNNTE3MHKACJ6DEGAZAQ,"September 23, 2019",Excellent product,Great price and it works perfectly. Smooth operations. I would buy again,yes,0,5.0,https://www.amazon.ca/Weiser-Powerbolt-Electronic-Featuring-9GED14600-102/dp/B01BCIPECM/ref=cm_cr_srp_d_product_top?ie=UTF8,2020-09-29 21:43:09.813467,2020-09-29 21:43:16.101774,J.,Clothing & Accessories,B002G9UDYG,B01BCIPECM
2,2,AH6CKLE3QNNTE3MHKACJ6DEGAZAQ,"July 27, 2019",Excellent,It was super easy to install and it save me loads of money!,yes,0,5.0,https://www.amazon.ca/HIPA-753-06190-Carburetor-TB2040XP-Brushcutter/dp/B07CHCJDG3/ref=cm_cr_srp_d_product_top?ie=UTF8,2020-09-29 21:43:25.185503,2020-09-29 21:43:31.462628,J.,Clothing & Accessories,B002G9UDYG,B07CHCJDG3
3,3,AH6CKLE3QNNTE3MHKACJ6DEGAZAQ,"July 24, 2019",Great,"Great product, I have purchased multiple times",yes,0,5.0,https://www.amazon.ca/JETech-3-Pack-Protector-6-1-Inch-Tempered/dp/B07GZSDHSK/ref=cm_cr_srp_d_product_top?ie=UTF8,2020-09-29 21:43:38.561553,2020-09-29 21:43:44.840580,J.,Clothing & Accessories,B002G9UDYG,B07GZSDHSK
4,4,AH6CKLE3QNNTE3MHKACJ6DEGAZAQ,"July 13, 2019",Excellent,Excellent,yes,0,5.0,https://www.amazon.ca/dp/B01HOD0ABY/ref=cm_cr_srp_d_product_top?ie=UTF8,2020-09-29 21:43:54.925756,2020-09-29 21:44:04.158889,J.,Clothing & Accessories,B002G9UDYG,B01HOD0ABY
5,5,AH6CKLE3QNNTE3MHKACJ6DEGAZAQ,"July 13, 2019",Excellent,Work great and I would say better than the food saver brand I got with machine. I will continue to purchase this bags,yes,18,5.0,https://www.amazon.ca/Toprime-8x12-inch-Commercial-Microwave-Solvents/dp/B0789XGGCL/ref=cm_cr_srp_d_product_top?ie=UTF8,2020-09-29 21:44:12.239678,2020-09-29 21:44:19.524411,J.,Clothing & Accessories,B002G9UDYG,B0789XGGCL
6,6,AH6CKLE3QNNTE3MHKACJ6DEGAZAQ,"July 13, 2019",Excellent,"Perfect toy, excellent quality",yes,0,5.0,https://www.amazon.ca/Trophy-4218-Train-Whistle/dp/B0002F5BKW/ref=cm_cr_srp_d_product_top?ie=UTF8,2020-09-29 21:44:29.637265,2020-09-29 21:44:38.890521,J.,Clothing & Accessories,B002G9UDYG,B0002F5BKW
7,7,AH6CKLE3QNNTE3MHKACJ6DEGAZAQ,"July 13, 2019",Good,"They do the job, soft scent and they come in resealable bags",yes,0,5.0,https://www.amazon.ca/Huggies-Simply-Clean-Fragrance-free-Refill/dp/B0795Y5DQJ/ref=cm_cr_srp_d_product_top?ie=UTF8,2020-09-29 21:44:47.006837,2020-09-29 21:44:59.763861,J.,Clothing & Accessories,B002G9UDYG,B0795Y5DQJ
8,8,AH6CKLE3QNNTE3MHKACJ6DEGAZAQ,"July 13, 2019",Great shoes,Great shoes! Fit a bit big but over all great deal,yes,0,5.0,https://www.amazon.ca/MAYZERO-Water-Drying-Hiking-Barefoot/dp/B07M7WR8PL/ref=cm_cr_srp_d_product_top?ie=UTF8,2020-09-29 21:45:06.853995,2020-09-29 21:45:18.378868,J.,Clothing & Accessories,B002G9UDYG,B07M7WR8PL
9,9,AH6CKLE3QNNTE3MHKACJ6DEGAZAQ,"June 21, 2019",Would not buy again,They are nice and my Gf loved them but broke after only 4 months of use.,yes,0,2.0,https://www.amazon.ca/Sterling-Silver-Amber-Dangle-Earrings/dp/B00P9ZR9FA/ref=cm_cr_srp_d_product_top?ie=UTF8,2020-09-29 21:45:27.492433,2020-09-29 21:45:35.626518,J.,Clothing & Accessories,B002G9UDYG,B00P9ZR9FA
10,10,AH6CKLE3QNNTE3MHKACJ6DEGAZAQ,"June 21, 2019",Excellent,"Amazing, daughter loves it and it will grow with her. Yes it’s worth the money if that’s what is holding you back.",yes,0,5.0,https://www.amazon.ca/Nutcase-Little-Nutty-Helmet-X-Small/dp/B07KVHJ9WD/ref=cm_cr_srp_d_product_top?ie=UTF8,2020-09-29 21:45:45.725210,2020-09-29 21:45:55.224518,J.,Clothing & Accessories,B002G9UDYG,B07KVHJ9WD
11,11,AH6CKLE3QNNTE3MHKACJ6DEGAZAQ,"June 21, 2019",Excellent,"Excellent, I do kitchen installs and this jig works amazing and easy to use.",yes,0,5.0,https://www.amazon.ca/Hardware-Adjustable-Template-Dowelling-Installation/dp/B07MHNCJ1C/ref=cm_cr_srp_d_product_top?ie=UTF8,2020-09-29 21:46:02.350276,2020-09-29 21:46:11.588063,J.,Clothing & Accessories,B002G9UDYG,B07MHNCJ1C
12,12,AH6CKLE3QNNTE3MHKACJ6DEGAZAQ,"June 21, 2019",It could be better,Unfortunately this did not meet my standards. Good product but not for what I intended to use it for.,yes,0,3.0,https://www.amazon.ca/Duck-240200-Double-Sided-1-4-Inch-12-Yards/dp/B002O16SHW/ref=cm_cr_srp_d_product_top?ie=UTF8,2020-09-29 21:46:19.680195,2020-09-29 21:46:32.021464,J.,Clothing & Accessories,B002G9UDYG,B002O16SHW
13,13,AH6CKLE3QNNTE3MHKACJ6DEGAZAQ,"June 21, 2019",Great quality!,This switch works great! I was surprised as to how great it looks too! Super simple to install. Works flawlessly with Alexa.,yes,0,5.0,https://www.amazon.ca/Smart-Switch-Assistant-Control-Required/dp/B07M7VZFHG/ref=cm_cr_srp_d_product_top?ie=UTF8,2020-09-29 21:46:40.108684,2020-09-29 21:46:47.339948,J.,Clothing & Accessories,B002G9UDYG,B07M7VZFHG
14,14,AH6CKLE3QNNTE3MHKACJ6DEGAZAQ,"March 30, 2019",Great,"Daughter loves them, they flex and it’s great as they will not easily break",yes,0,5.0,https://www.amazon.ca/CGID-Flexible-Polarized-Sunglasses-Children/dp/B06XR74GR1/ref=cm_cr_srp_d_product_top?ie=UTF8,2020-09-29 21:46:55.446534,2020-09-29 21:47:02.715250,J.,Clothing & Accessories,B002G9UDYG,B06XR74GR1
15,15,AH6CKLE3QNNTE3MHKACJ6DEGAZAQ,"January 19, 2019",Excellent toque,My daughter loves it.,yes,0,5.0,https://www.amazon.ca/Carhartt-Girls-Acrylic-Rosebloom-Toddler/dp/B00E0KSI9G/ref=cm_cr_srp_d_product_top?ie=UTF8,2020-09-29 21:47:12.812063,2020-09-29 21:47:20.105089,J.,Clothing & Accessories,B002G9UDYG,B00E0KSI9G
16,16,AH6CKLE3QNNTE3MHKACJ6DEGAZAQ,"December 30, 2018",Great,Nice wooden letters,yes,0,5.0,https://www.amazon.ca/Melissa-Doug-Wooden-Alphabet-Magnets/dp/B001990BUU/ref=cm_cr_srp_d_product_top?ie=UTF8,2020-09-29 21:47:29.207865,2020-09-29 21:47:44.199821,J.,Clothing & Accessories,B002G9UDYG,B001990BUU
17,17,AH6CKLE3QNNTE3MHKACJ6DEGAZAQ,"September 26, 2018",Nice looking,"Solid and heavy, a nice addition to my daughters dresser",yes,0,5.0,https://www.amazon.ca/Abbott-Collection-Home-Drawer-Knob/dp/B019P20YTA/ref=cm_cr_srp_d_product_top?ie=UTF8,2020-09-29 21:47:52.287682,2020-09-29 21:48:01.530028,J.,Clothing & Accessories,B002G9UDYG,B019P20YTA
18,18,AH6CKLE3QNNTE3MHKACJ6DEGAZAQ,"August 5, 2018",Good but screws don’t work for every brand..,Works great and looks great but the screws did work for my Samsung.. short.. had to buy a new pair.. so 3 stars for that,no,0,3.0,https://www.amazon.ca/Mounting-Dream-MD2268-LK-600x400mm-Capacity/dp/B00NKYYMAW/ref=cm_cr_srp_d_product_top?ie=UTF8,2020-09-29 21:48:10.616191,2020-09-29 21:48:24.544553,J.,Clothing & Accessories,B002G9UDYG,B00NKYYMAW
19,19,AH6CKLE3QNNTE3MHKACJ6DEGAZAQ,"July 20, 2018",Daughter loves it!,Daughter loves it!,yes,0,5.0,https://www.amazon.ca/Gund-Spunky-Huggybuddy-Baby-Blanket/dp/B0013DZIAA/ref=cm_cr_srp_d_product_top?ie=UTF8,2020-09-29 21:48:31.645383,2020-09-29 21:48:39.339559,J.,Clothing & Accessories,B002G9UDYG,B0013DZIAA
20,20,AH6CKLE3QNNTE3MHKACJ6DEGAZAQ,"July 7, 2018",Great!,"It’s perfect, it’s great have my gear on my person at all time",yes,0,5.0,https://www.amazon.ca/Kylebooker-Backpack-Adjustable-Accessory-Organization/dp/B073PQ7LG3/ref=cm_cr_srp_d_product_top?ie=UTF8,2020-09-29 21:48:47.441957,2020-09-29 21:48:54.950090,J.,Clothing & Accessories,B002G9UDYG,B073PQ7LG3
21,21,AH6CKLE3QNNTE3MHKACJ6DEGAZAQ,"July 7, 2018",Great tool,"Works great, it comes with small battery so about 200 nails per charge. As a home tool it is amazing",yes,0,5.0,https://www.amazon.ca/PORTER-CABLE-PCC790LA-Lithium-Cordless-Battery/dp/B017NJ6X7E/ref=cm_cr_srp_d_product_top?ie=UTF8,2020-09-29 21:49:02.037991,2020-09-29 21:49:09.274775,J.,Clothing & Accessories,B002G9UDYG,B017NJ6X7E
22,22,AH6CKLE3QNNTE3MHKACJ6DEGAZAQ,"July 7, 2018",Awesome,Great product for the price,yes,0,5.0,https://www.amazon.ca/Luxury-Hotel-Spa-Tub-Shower-Bath-Floor/dp/B009SZ2PTM/ref=cm_cr_srp_d_product_top?ie=UTF8,2020-09-29 21:49:18.373532,2020-09-29 21:49:31.048536,J.,Clothing & Accessories,B002G9UDYG,B009SZ2PTM
23,23,AH6CKLE3QNNTE3MHKACJ6DEGAZAQ,"April 14, 2018",Excellent,Great price and excellent quality! Super happy with this item and will buy again and again when needed..,yes,0,5.0,https://www.amazon.ca/JETech-Screen-Protector-4-7-Inch-Tempered/dp/B01KNVF4SI/ref=cm_cr_srp_d_product_top?ie=UTF8,2020-09-29 21:49:40.146642,2020-09-29 21:49:47.367239,J.,Clothing & Accessories,B002G9UDYG,B01KNVF4SI
