,Unnamed: 0,author_id,date_review_posted,review_title,reviews,verified_purchase,people_find_helpful,ratings,product_url,start,end,reviewer_name,product_category,product_id,subproduct_id
0,0,AHC2ENG6GKAAITMR6WFRZ3NEM7YA,"February 21, 2020",Lives up to the Carhartt standard,"Great wallet, very well built fits everything I need. A little big, could do without the extra divide where the cash goes",yes,0,5.0,https://www.amazon.ca/Carhartt-Trifold-Wallet-Brown-Size/dp/B003OQTPXK/ref=cm_cr_srp_d_product_top?ie=UTF8,2020-09-30 10:54:16.113889,2020-09-30 10:54:22.502933,Cole Gill,Clothing & Accessories,B002G9UDYG,B003OQTPXK
1,1,AHC2ENG6GKAAITMR6WFRZ3NEM7YA,"January 19, 2020",Good hat,A little big on the top,yes,0,5.0,https://www.amazon.ca/Carhartt-Acrylic-Watch-Black-Size/dp/B002G9UDYG/ref=cm_cr_srp_d_product_top?ie=UTF8,2020-09-30 10:54:32.604384,2020-09-30 10:54:42.021473,Cole Gill,Clothing & Accessories,B002G9UDYG,B002G9UDYG
2,2,AHC2ENG6GKAAITMR6WFRZ3NEM7YA,"May 8, 2019",Love it!,Love it ! Very durable !,yes,0,5.0,https://www.amazon.ca/X-Sem-Stand-Guard-Canada-Patch/dp/B079CD7SKM/ref=cm_cr_srp_d_product_top?ie=UTF8,2020-09-30 10:54:49.150382,2020-09-30 10:54:55.582369,Cole Gill,Clothing & Accessories,B002G9UDYG,B079CD7SKM
3,3,AHC2ENG6GKAAITMR6WFRZ3NEM7YA,"May 8, 2019",Great product,Like the belt,yes,0,5.0,https://www.amazon.ca/Tactical-Military-Heavy-Duty-Quick-Release-Buckle%EF%BC%88Black%EF%BC%89/dp/B07JVJCKZC/ref=cm_cr_srp_d_product_top?ie=UTF8,2020-09-30 10:55:04.687063,2020-09-30 10:55:12.099779,Cole Gill,Clothing & Accessories,B002G9UDYG,B07JVJCKZC
4,4,AHC2ENG6GKAAITMR6WFRZ3NEM7YA,"May 8, 2019",Good edc,"Carry it every day for school, great edc. Perfect set 2 pen lights interchangeable bulbs and well built",yes,0,5.0,https://www.amazon.ca/RISEMART-Medical-Penlight-Measurements-Students/dp/B07JHPNH49/ref=cm_cr_srp_d_product_top?ie=UTF8,2020-09-30 10:55:22.191784,2020-09-30 10:55:31.505337,Cole Gill,Clothing & Accessories,B002G9UDYG,B07JHPNH49
