,Unnamed: 0,author_id,date_review_posted,review_title,reviews,verified_purchase,people_find_helpful,ratings,product_url,start,end,reviewer_name,product_category,product_id,subproduct_id
0,0,AHF7X2KVIXRYSJMZQLYJGU5V3SRQ,"January 11, 2020",Not Happy,I bought these for a Christmas gift for myself to make oil rollers with. I finally had time this evening to make a few. I filled the oil blends in the bottles and went to put the bottle toppers on and they don’t fit. The bottle hole is to big or the toppers are to small and will not stay on. Very un-happy right now!!,yes,0,1.0,https://www.amazon.ca/Essential-Bottles-Stainless-Include-Transfer/dp/B07D987426/ref=cm_cr_srp_d_product_top?ie=UTF8,2020-09-30 10:55:51.116487,2020-09-30 10:55:57.542957,Christa Veinotte,Clothing & Accessories,B002G9UDYG,B07D987426
1,1,AHF7X2KVIXRYSJMZQLYJGU5V3SRQ,"December 26, 2018",Great phone for children,My son loves this phone. It is great quality. It has everything you’d want a child to have for a phone. And you can control everything for parent control. I recommend this for your child.,yes,0,5.0,https://www.amazon.ca/VTech-80169501-KidiBuzz-English-Version/dp/B072LSRZCN/ref=cm_cr_srp_d_product_top?ie=UTF8,2020-09-30 10:56:06.644819,2020-09-30 10:56:14.063955,Christa Veinotte,Clothing & Accessories,B002G9UDYG,B072LSRZCN
2,2,AHF7X2KVIXRYSJMZQLYJGU5V3SRQ,"December 26, 2018",Great quality,"The made for a great Christmas gift. Great quality, warm and the sizing is accurate. Makes for a good work sweater for those who work outside.",yes,One,5.0,https://www.amazon.ca/Carhartt-Signature-Midweight-Sweatshirt-3X-Large/dp/B075LZH367/ref=cm_cr_srp_d_product_top?ie=UTF8,2020-09-30 10:56:21.165975,2020-09-30 10:56:27.552462,Christa Veinotte,Clothing & Accessories,B002G9UDYG,B075LZH367
3,3,AHF7X2KVIXRYSJMZQLYJGU5V3SRQ,"December 26, 2018",Good quality,Made for a nice Christmas gift. Good quality hat.,yes,0,5.0,https://www.amazon.ca/Carhartt-Acrylic-Watch-Black-Size/dp/B002G9UDYG/ref=cm_cr_srp_d_product_top?ie=UTF8,2020-09-30 10:56:35.659910,2020-09-30 10:56:42.078358,Christa Veinotte,Clothing & Accessories,B002G9UDYG,B002G9UDYG
4,4,AHF7X2KVIXRYSJMZQLYJGU5V3SRQ,"December 26, 2018",Good quality and warm,"This made a great Christmas gift. The sweater is good quality, warm and the sizing is accurate.",yes,0,5.0,https://www.amazon.ca/Carhartt-Midweight-Sweatshirt-Pullover-Original/dp/B002UTB66G/ref=cm_cr_srp_d_product_top?ie=UTF8,2020-09-30 10:56:50.181543,2020-09-30 10:56:58.542646,Christa Veinotte,Clothing & Accessories,B002G9UDYG,B002UTB66G
5,5,AHF7X2KVIXRYSJMZQLYJGU5V3SRQ,"December 26, 2018",Fun game,The game is what we expected and it came quickly.,yes,0,5.0,https://www.amazon.ca/dp/B07H2YM583/ref=cm_cr_srp_d_product_top?ie=UTF8,2020-09-30 10:57:08.650135,2020-09-30 10:57:18.066237,Christa Veinotte,Clothing & Accessories,B002G9UDYG,B07H2YM583
6,6,AHF7X2KVIXRYSJMZQLYJGU5V3SRQ,"December 26, 2018","The sound is very pour, very distorted, not worth what you pay","Santa brought my son the spy gear walkie talkies for Christmas and the sound is so distorted that you can’t make out what the other person is saying. This was very disappointing! I would not recommend the walkie talkies. For the price you are paying, you should be able to hear each other.
Thank you for your time.",yes,0,1.0,https://www.amazon.ca/dp/B00CNNPPVG/ref=cm_cr_srp_d_product_top?ie=UTF8,2020-09-30 10:57:26.167010,2020-09-30 10:57:32.556698,Christa Veinotte,Clothing & Accessories,B002G9UDYG,B00CNNPPVG
7,7,AHF7X2KVIXRYSJMZQLYJGU5V3SRQ,"June 5, 2018",Strap broke after two months :(,"I was happy with this product. It was easy to setup, very comfortable and the price is good.

The product has a few issues with the accuracy of steps, step and calorie counts but all in all it’s a good watch to tell time before it broke...

After two months the button on the USB charger side of the strap came out and I cannot put it back together therefore the strap does not lock on the base of the watch. The button on the strap is obviously weak/flimsy.

Disappointed!! - this watch was only two months old.

** I’m very impressed with the experience I’ve had after expressing my disappointment with this product. I heard back from them within 24 hours and within 48 to 72 hours I received a shipping confirmation of my product replacement. I was shocked that they took responsibility and sent me a new watch, very impressed with their speedy responds time and compassion for excellence customer service! Thank you for the product replacement. You know how to right the wrong - keep up the outstanding customer service!",yes,One,5.0,https://www.amazon.ca/Mpow-Waterproof-Bracelet-Wristband-Pedometer/dp/B0714KVB3C/ref=cm_cr_srp_d_product_top?ie=UTF8,2020-09-30 10:57:39.656767,2020-09-30 10:57:46.101407,Christa Veinotte,Clothing & Accessories,B002G9UDYG,B0714KVB3C
