,Unnamed: 0,author_id,date_review_posted,review_title,reviews,verified_purchase,people_find_helpful,ratings,product_url,start,end,reviewer_name,product_category,product_id,subproduct_id
0,0,AHLRH5LZ5YO4OSRMI7SB3JRUPYPQ,"January 13, 2020",Recommande ce produit,Mon voisin l'utilise régulièrement et il est très satisfait. Facile de transport et à la porté de la main.,yes,0,5.0,https://www.amazon.ca/Tread-Depth-Godeson-prefessional-motorcycle/dp/B01KI941I4/ref=cm_cr_srp_d_product_top?ie=UTF8,2020-09-30 08:16:10.175235,2020-09-30 08:16:17.449579,Donald,Clothing & Accessories,B002G9UDYG,B01KI941I4
1,1,AHLRH5LZ5YO4OSRMI7SB3JRUPYPQ,"January 13, 2020",Recommande ce produit,Je l'utilise régulièrement et j'en suis très satisfait.,yes,0,5.0,https://www.amazon.ca/AmazonBasics-50-Inch-Lightweight-Tripod-Bag/dp/B00XI87KV8/ref=cm_cr_srp_d_product_top?ie=UTF8,2020-09-30 08:16:25.547767,2020-09-30 08:16:33.823520,Donald,Clothing & Accessories,B002G9UDYG,B00XI87KV8
2,2,AHLRH5LZ5YO4OSRMI7SB3JRUPYPQ,"January 13, 2020",Recommande ce produit,"A été utilisé que quelque fois , et je suis satisfait de toutes ces possibilités.",yes,0,5.0,https://www.amazon.ca/dp/B078BFCVTG/ref=cm_cr_srp_d_product_top?ie=UTF8,2020-09-30 08:16:43.913399,2020-09-30 08:16:53.149800,Donald,Clothing & Accessories,B002G9UDYG,B078BFCVTG
3,3,AHLRH5LZ5YO4OSRMI7SB3JRUPYPQ,"January 13, 2020",Recommande ce produit,"Côté durabilité, je devrais attendre d'avoir passé cet hiver pour le dire. Mais très satisfait de ce produit.",yes,0,5.0,https://www.amazon.ca/OZERO-Windproof-Deerskin-Insulated-Denim-Black/dp/B073ZC6DVB/ref=cm_cr_srp_d_product_top?ie=UTF8,2020-09-30 08:17:00.242720,2020-09-30 08:17:07.523411,Donald,Clothing & Accessories,B002G9UDYG,B073ZC6DVB
4,4,AHLRH5LZ5YO4OSRMI7SB3JRUPYPQ,"January 13, 2020",Recommande ce produit,Tout est selon les avis des consommateurs.,yes,0,5.0,https://www.amazon.ca/Carhartt-Acrylic-Watch-Black-Size/dp/B002G9UDYG/ref=cm_cr_srp_d_product_top?ie=UTF8,2020-09-30 08:17:16.619116,2020-09-30 08:17:25.905865,Donald,Clothing & Accessories,B002G9UDYG,B002G9UDYG
5,5,AHLRH5LZ5YO4OSRMI7SB3JRUPYPQ,"January 13, 2020",Produit à recommandé,Très facile de faire l'installation.,yes,0,5.0,https://www.amazon.ca/Protector-MOTONG-Tempered-Hardness-Thickness/dp/B07K43472X/ref=cm_cr_srp_d_product_top?ie=UTF8,2020-09-30 08:17:35.998775,2020-09-30 08:17:45.260094,Donald,Clothing & Accessories,B002G9UDYG,B07K43472X
6,6,AHLRH5LZ5YO4OSRMI7SB3JRUPYPQ,"January 13, 2020",Charge les batteries séparément .,"Très facile à utiliser, et travaille à merveille, selon les spécifications. Fais la vérification de deux batteries indépendantes, ce que je désirais. Je recommande ce produit sans hésitation.",yes,0,5.0,https://www.amazon.ca/NOCO-GENM2-Waterproof-Battery-Charger/dp/B00CBTRMZ4/ref=cm_cr_srp_d_product_top?ie=UTF8,2020-09-30 08:17:53.352196,2020-09-30 08:18:01.628914,Donald,Clothing & Accessories,B002G9UDYG,B00CBTRMZ4
