,Unnamed: 0,author_id,date_review_posted,review_title,reviews,verified_purchase,people_find_helpful,ratings,product_url,start,end,reviewer_name,product_category,product_id,subproduct_id
0,0,AHP7EUUDEJ5W4GRGCFDWEECNG2EA,"August 27, 2020",Love these.,"Great set released by hasbro. Especially like they paid homage to the past by keeping the wrong names printed on the cards.

Decent packing job by amazon. Figures arrived minty.",yes,One,5.0,https://www.amazon.ca/Star-Black-4-LOM-Zuckuss-6-Inch-Scale/dp/B083MMXV5R/ref=cm_cr_srp_d_product_top?ie=UTF8,2020-09-18 22:36:06.728996,2020-09-18 22:36:15.021524,Darth Ganja,Clothing & Accessories,B002G9UDYG,B083MMXV5R
1,1,AHP7EUUDEJ5W4GRGCFDWEECNG2EA,"December 9, 2019",It is the way.,Excellent figure. Great details and paint. Super happy to add this to my collection. Great series if you haven’t watched it yet.,yes,0,5.0,https://www.amazon.ca/Hasbro-Mandalorian-6-inch-Action-Figure/dp/B07T85WMWL/ref=cm_cr_srp_d_product_top?ie=UTF8,2020-09-18 22:36:25.114801,2020-09-18 22:36:32.381308,Darth Ganja,Clothing & Accessories,B002G9UDYG,B07T85WMWL
2,2,AHP7EUUDEJ5W4GRGCFDWEECNG2EA,"December 9, 2019",Quality carhartt toque,Carhartt quality. Great fit and nice and soft. Warm. Recommended,yes,0,5.0,https://www.amazon.ca/Carhartt-Acrylic-Watch-Black-Size/dp/B002G9UDYG/ref=cm_cr_srp_d_product_top?ie=UTF8,2020-09-18 22:36:41.473115,2020-09-18 22:36:48.726801,Darth Ganja,Clothing & Accessories,B002G9UDYG,B002G9UDYG
3,3,AHP7EUUDEJ5W4GRGCFDWEECNG2EA,"November 24, 2019",Description needs work! But sweater is nice.,"Great quality. Heavy thread and well sewn. Only issue I have is with the descriptions of this item. Above it says, 50/50 cotton blend and it also says 70/30 cotton blend. I can tell you, it’s a 70/30 cotton/poly blend. Another thing it says is “adjustable closure”...not sure what this means as it has no adjustable closure that I can find.

All that said, I am very happy with my purchase.",yes,0,5.0,https://www.amazon.ca/Carhartt-Midweight-Crewneck-Sweatshirt-3X-Large/dp/B07BQFZ23X/ref=cm_cr_srp_d_product_top?ie=UTF8,2020-09-18 22:36:58.816647,2020-09-18 22:37:05.086093,Darth Ganja,Clothing & Accessories,B002G9UDYG,B07BQFZ23X
4,4,AHP7EUUDEJ5W4GRGCFDWEECNG2EA,"November 14, 2019",This tool will help to get those tires turning sooner.,"Pretty good unit.

Would have given it 5 stars, but, as others have mentioned, they got powder coat all up in the threads of the spool part. This, however, allowed me to test the welds and metal of this winder, as I really needed to twist this sucker on there with all my might. Only got the shaft half way in there, but I’m not overly concerned about it coming loose. That Wh0r3 is on there good...and the thing never bent. Ok, alright eh! Keep on trucking, Driver.",yes,0,4.0,https://www.amazon.ca/Tie-Downs-Roll-up-Flatbed-Trailers-Warehouses/dp/B01MT0WAGO/ref=cm_cr_srp_d_product_top?ie=UTF8,2020-09-18 22:37:15.176373,2020-09-18 22:37:21.456365,Darth Ganja,Clothing & Accessories,B002G9UDYG,B01MT0WAGO
5,5,AHP7EUUDEJ5W4GRGCFDWEECNG2EA,"November 12, 2019",Happy customer,"Excellent screen protector. Fits the iPhone XR perfectly. Has a nice smooth finish that allows your fingers to easily slide across the screen. Adheres to the phone with ease and included frame makes install a breeze and with a little dexterity, perfect. Recommend.",yes,0,5.0,https://www.amazon.ca/LK-Protector-Tempered-DoubleDefence-Replacement/dp/B07G36QHZS/ref=cm_cr_srp_d_product_top?ie=UTF8,2020-09-18 22:37:28.554941,2020-09-18 22:37:34.820523,Darth Ganja,Clothing & Accessories,B002G9UDYG,B07G36QHZS
6,6,AHP7EUUDEJ5W4GRGCFDWEECNG2EA,"December 21, 2018",Great figure! Very happy.,"Nice. Great detailing and quality paint. Waited months for this to get in stock, So glad to cop this for retail.",yes,0,5.0,https://www.amazon.ca/Star-Wars-Black-6-inch-Scale-Figure/dp/B0779SJ2KX/ref=cm_cr_srp_d_product_top?ie=UTF8,2020-09-18 22:37:43.913060,2020-09-18 22:37:52.155086,Darth Ganja,Clothing & Accessories,B002G9UDYG,B0779SJ2KX
7,7,AHP7EUUDEJ5W4GRGCFDWEECNG2EA,"June 16, 2018","Great kit, fun to build it was!","Great kit with tremendous detail.

This kit is not for the beginner, learn on a few cheaper, simpler kits before tackling this joint.

A socket set, screwdrivers, dowling - you will find these to be really helpful for this build..you will need something to help all the rounded curves this kit requires.

This kit does require patience to get all the rounded pieces right, but it will be worth it.

The two flaps on the wings, for me atleast, were a real pain. I probably folded the tab when I should have twisted it or visa versa, whatever, they are a sore spot for me on this kit, but other than that, had a lot of fun.

A must have for any SW Metal earth collection.",yes,0,5.0,https://www.amazon.ca/Star-Metal-Earth-Slave-Model/dp/B016ADEEO8/ref=cm_cr_srp_d_product_top?ie=UTF8,2020-09-18 22:38:00.246597,2020-09-18 22:38:07.527154,Darth Ganja,Clothing & Accessories,B002G9UDYG,B016ADEEO8
8,8,AHP7EUUDEJ5W4GRGCFDWEECNG2EA,"June 16, 2018",Another great kit from metal earth.,"Amazingly detailed for its small size.

Another excellent product from the folks at metal earth/fascinations.

Great fun to be had building this mini millennium falcon. Take your time, review and fully understand the instructions before starting and you are sure to end up with a great little model you and your friends will love.

As far as difficulty goes, this was not to hard but like all metal earth kits, there are small parts to deal with. This kit has some spares, so that helps, I needed to use a spare on the rear, above the engine exhaust, those tiny little pieces you have to fold in half, one broke on me, but they actually give you like 4 spares, so it was all good.

Liked this so much, I ordered the larger kit they have. Can’t wait to build it too.",yes,0,5.0,https://www.amazon.ca/Fascinations-Metal-Earth-Millennium-Falcon/dp/B00GY8S8MO/ref=cm_cr_srp_d_product_top?ie=UTF8,2020-09-18 22:38:14.618456,2020-09-18 22:38:20.875351,Darth Ganja,Clothing & Accessories,B002G9UDYG,B00GY8S8MO
9,9,AHP7EUUDEJ5W4GRGCFDWEECNG2EA,"June 16, 2018","Impressive, most impressive.","So f%*#’n cool.

A great addition to any SW fans collection.

While there are certainly more accurate Vader masks out there, None of them, IMHO, come close to this product by Kenner as far as value goes.

The details on the inside of this mask are phenomenal. How the mask comes apart like it’s father it’s modeled after is impressive, most impressive.

Two things that would make this thing really rock; I wish you could turn on the breathing sounds and leave it on, rather than pushing the button for 3 - 4 breaths at a time. Also, I had hoped for the voice changing mechanics. Those two things would have put this mask over the top.

That being said, The price is very good and at the risk of repeating myself, compared to other masks on the market, the value here can’t be beat.

The only other gripe I have is, like others have said, the small tab/mold marks that can be found on the top of the helmet. Kinda bush league for a mask that has so much attention to detail.

But all in all, amazing.",yes,2,5.0,https://www.amazon.ca/Star-Wars-Premium-Electronic-Helmet/dp/B072QN51ZG/ref=cm_cr_srp_d_product_top?ie=UTF8,2020-09-18 22:38:29.966583,2020-09-18 22:38:36.275066,Darth Ganja,Clothing & Accessories,B002G9UDYG,B072QN51ZG
10,10,AHP7EUUDEJ5W4GRGCFDWEECNG2EA,"June 16, 2018",Excellent unit. Will meet all of your sub space communications needs.,"This thing is the bees knees.

Looks, sounds and I’m sure feels just like the original prop.

Works flawlessly with my iPhone.

Beautifully built and comes with some really nice accessories such as the travel case, belt pouch and charging stand.

The manual and it’s design are not lost on this trek fan. The manual alone is a great addition to my collection.

Truly happy with this purchase. Great job by the manufacturer.",yes,2,5.0,https://www.amazon.ca/The-Wand-Company-WRC11215-Communicator/dp/B01ITB1OEC/ref=cm_cr_srp_d_product_top?ie=UTF8,2020-09-18 22:38:46.366904,2020-09-18 22:38:55.610577,Darth Ganja,Clothing & Accessories,B002G9UDYG,B01ITB1OEC
11,11,AHP7EUUDEJ5W4GRGCFDWEECNG2EA,"June 16, 2018",That scent you’ve been searching for.,"Mmmmmm smells good.

Get lots of compliments with Versace Eros.
One of my favorites in my current rotation of creed aventus, Jean Paul Gaultier le male and Lacoste white.
Long lasting, fresh and the ladies love it.

Awesome 300ml bottle will last awhile.",yes,One,5.0,https://www.amazon.ca/Versace-Toilette-Spray-Fluid-Ounce/dp/B00F8OOBLC/ref=cm_cr_srp_d_product_top?ie=UTF8,2020-09-18 22:39:05.697662,2020-09-18 22:39:12.037100,Darth Ganja,Clothing & Accessories,B002G9UDYG,B00F8OOBLC
12,12,AHP7EUUDEJ5W4GRGCFDWEECNG2EA,"June 16, 2018",Must have for your collection.,"Awesome figure to add to my collection.

Currently have 4 of these SW Bandai movie realizations figures and love them all. Next up, Boba Fett- but ouch- big money for that one.",yes,0,5.0,https://www.amazon.ca/Bandai-Tamashii-Nations-Realization-Stormtrooper/dp/B01BDWSKDM/ref=cm_cr_srp_d_product_top?ie=UTF8,2020-09-18 22:39:19.128375,2020-09-18 22:39:27.400260,Darth Ganja,Clothing & Accessories,B002G9UDYG,B01BDWSKDM
13,13,AHP7EUUDEJ5W4GRGCFDWEECNG2EA,"June 16, 2018",Great figures,"Great figures. So sweet to get the Kahn figure in here too. While kirks sculpt is not the most accurate, they got Kahn near perfect.

Fans of the original series and movies are sure to love this kit. I do.",yes,0,5.0,https://www.amazon.ca/Diamond-Select-OCT121568-Action-Figure/dp/B009N9QDWI/ref=cm_cr_srp_d_product_top?ie=UTF8,2020-09-18 22:39:37.490344,2020-09-18 22:39:44.746917,Darth Ganja,Clothing & Accessories,B002G9UDYG,B009N9QDWI
14,14,AHP7EUUDEJ5W4GRGCFDWEECNG2EA,"June 16, 2018","Excellent quality, details and look.","Awesome figure.

These Bandai figures never disappoint. The articulation and detailing are top notch. The extra parts are an amazing.

While these certainly aren’t for everyone, I love them. The marriage of ancient samurai and Star Wars was pure genius.",yes,0,5.0,https://www.amazon.ca/Bandai-Tamashii-Nations-Realization-Stormtrooper/dp/B01M0CRVCP/ref=cm_cr_srp_d_product_top?ie=UTF8,2020-09-18 22:39:52.839272,2020-09-18 22:39:59.134166,Darth Ganja,Clothing & Accessories,B002G9UDYG,B01M0CRVCP
15,15,AHP7EUUDEJ5W4GRGCFDWEECNG2EA,"June 16, 2018",Soft metal that bends. But great for light duty jobs.,"Great pliers for building “metal earth” 3D laser cut model kits.

Not so great if you plan on using these for anything that requires a lot of force. These bend if you squeeze them too hard.",yes,0,4.0,https://www.amazon.ca/SE-714F-2-Inch-Micro-Plier/dp/B009ASWS9O/ref=cm_cr_srp_d_product_top?ie=UTF8,2020-09-18 22:40:09.224162,2020-09-18 22:40:15.494959,Darth Ganja,Clothing & Accessories,B002G9UDYG,B009ASWS9O
16,16,AHP7EUUDEJ5W4GRGCFDWEECNG2EA,"June 16, 2018","Easy kit to build, this is!","Nice easy build. Great looking finished product. Fairly straightforward build, not too many tricky pieces. Rounding the engine exhaust ports was probably the most challenging part: easy peasy.

Great kit to learn the metal earth process.",yes,0,5.0,https://www.amazon.ca/Command-Shuttle-Metal-Earth-Model/dp/B014WZ29A2/ref=cm_cr_srp_d_product_top?ie=UTF8,2020-09-18 22:40:23.586654,2020-09-18 22:40:32.829842,Darth Ganja,Clothing & Accessories,B002G9UDYG,B014WZ29A2
17,17,AHP7EUUDEJ5W4GRGCFDWEECNG2EA,"June 16, 2018","Great products, metal earth makes!","Awesome kit. This r2 unit is a little bigger than the stand alone r2 kit, and the paint adds a really nice touch. As far as the 3PO, I had a lot of fun building him. I like how they give you the option of building the red or gold arm, while I am a bit of a traditionalist and initially had intentions of building the gold arm, the red metal just looks so cool that I had to build it. 3PO looks pretty good for having been born of metal sheets, impressive, quite impressive.

I’ve built over twenty of the metal earth kits and this one was challenging. I wouldn’t take the chance of building this kit without first having built a few of the easier kits. This kit is quite expensive compared to some of the more simple builds, so learn on them, take your time and you will be rewarded with a beautiful, truly museum worthy piece of art to proudly display in your space.",yes,2,5.0,https://www.amazon.ca/Metal-Earth-C-3PO-Deluxe-Model/dp/B01LXR6L8K/ref=cm_cr_srp_d_product_top?ie=UTF8,2020-09-18 22:40:39.922787,2020-09-18 22:40:46.209021,Darth Ganja,Clothing & Accessories,B002G9UDYG,B01LXR6L8K
18,18,AHP7EUUDEJ5W4GRGCFDWEECNG2EA,"April 9, 2018",Super fast shipping from Japan,"Arrived way before expected date. Super fast shipping from Japan. Packaged perfectly. Arrived in pristine condition.

Figure is amazing. Attention to detail is outstanding. Very artistic take on a classic. Maybe not for everyone, but this lover of all things Japanese is in heaven when I look at this masterpiece.

Couldn’t be happier unless it were free.",yes,0,5.0,https://www.amazon.ca/Bandai-Tamashii-Nations-Realization-Samurai/dp/B014VTPQ18/ref=cm_cr_srp_d_product_top?ie=UTF8,2020-09-18 22:40:53.301842,2020-09-18 22:41:01.603862,Darth Ganja,Clothing & Accessories,B002G9UDYG,B014VTPQ18
19,19,AHP7EUUDEJ5W4GRGCFDWEECNG2EA,"April 8, 2018",Affordable and simple enough to learn with.,"Decent kit to learn on. Cost of the kit makes it an easy pill to swallow if you have to throw it away because of the learning curve involved with these delicate and unforgiving models. Example: if you bend a piece at the fold line the wrong way, when you bend it back the correct way, the bend becomes very brittle. One must use extreme caution when assembling these to ensure you are bending the pieces the right way.

Ad is deceiving in stating this is a metal earth product, it is not.

Don’t know if I messed up but my pedals don’t reach the floor and the bench seems way to short, or more accurately, the legs on the piano seem too long, I don’t know, maybe I messed up somewhere. Anyone else have this issue?",yes,0,2.0,https://www.amazon.ca/5285-Metal-Earth-Grand-Piano/dp/B00LOZ5UZ0/ref=cm_cr_srp_d_product_top?ie=UTF8,2020-09-18 22:41:09.694132,2020-09-18 22:41:16.969096,Darth Ganja,Clothing & Accessories,B002G9UDYG,B00LOZ5UZ0
20,20,AHP7EUUDEJ5W4GRGCFDWEECNG2EA,"March 29, 2018","Great figure, poor handling by shipper.","Great figure, McFarlane never disappoints.

What WAS disappointing, was how this seller decided to fold the packaging in order to fit it into the box they chose to use for shipping, which was obviously too small.

I am taking this lovely little lady out of the packaging, so it doesn’t really bother me. However, this unit is a collectors item and carries with it a premium on the price. If I was hoping to display this piece in its clamshell packaging, I would be seriously disappointed as the packaging was permanently affected by this rather poor decision.

It makes one nervous about ordering from this company in the future if this is how the treat my goods.

A company which, seemingly, specializes in collectables, and they don’t understand the importance of pristine packaging!?! ...or at the very least, an employee who doesn’t care.

As far as shipping speed goes, thumbs up there. Package was stuck in customs for far too long, but that is not sellers fault.

Overall pretty happy with my purchase.
Thanks.",yes,0,3.0,https://www.amazon.ca/McFarlane-Monster-TWISTED-DROTHY-Dorothy/dp/B001MQCTFK/ref=cm_cr_srp_d_product_top?ie=UTF8,2020-09-18 22:41:27.058664,2020-09-18 22:41:34.317444,Darth Ganja,Clothing & Accessories,B002G9UDYG,B001MQCTFK
21,21,AHP7EUUDEJ5W4GRGCFDWEECNG2EA,"March 20, 2018",Yup! This is a good one.,"This thing rocks. It is bright, seems to be quality materials and the app is easy to understand and use.

Easy to set up with home automation. works like a charm with Apple home. I",yes,9,5.0,https://www.amazon.ca/VOCOlinc-Multicolor-Dimmable-Lighting-Assistant/dp/B077RYXWFB/ref=cm_cr_srp_d_product_top?ie=UTF8,2020-09-18 22:41:42.408282,2020-09-18 22:41:51.647027,Darth Ganja,Clothing & Accessories,B002G9UDYG,B077RYXWFB
22,22,AHP7EUUDEJ5W4GRGCFDWEECNG2EA,"March 19, 2018",They’re all the same!?!,"These Import Dragon figurines are a far cry from the quality seen during the Macfarlane years.

The most disappointing thing about these are the fact that most of these figurines are excactly the same as the next one, save for a different paint job. Yes, there are probably 4 or 5 different poses for all the players they make, I don’t know, but check this out; I have a Sean Monahan figure and a Connor Mcdavid figure, and they both have the exact same face and pose. Needless to say, neither one looks like either player! The only thing that makes them unique from each other is the paint job. This just won’t do.

Pretty disappointing regression from the quality of Macfarlane.

I get that having to sculpt each player individually is expensive, but, I may as well buy a lego figurine if I want to have a some memorabilia of my favourite players!

Step up your game Import Dragons!",yes,2,3.0,https://www.amazon.ca/NHL-Connor-McDavid-6-Inch-Replica-Edmonton/dp/B075DF8GLV/ref=cm_cr_srp_d_product_top?ie=UTF8,2020-09-18 22:41:58.738772,2020-09-18 22:42:06.007229,Darth Ganja,Clothing & Accessories,B002G9UDYG,B075DF8GLV
23,23,AHP7EUUDEJ5W4GRGCFDWEECNG2EA,"March 7, 2018",Great detailed figurines,"Nice figurines. Came undamaged, on time and as expected.

If you are looking for the same stormtrooper’s that are displayed on the back of the “Darth Vader Centerpiece” packaging, then you’ve found it. Bought 2 of these and they really complete the Vader display piece.",yes,0,5.0,https://www.amazon.ca/Star-Wars-C2382AS00-Black-Stormtrooper/dp/B01N1INMSR/ref=cm_cr_srp_d_product_top?ie=UTF8,2020-09-18 22:42:13.099590,2020-09-18 22:42:22.350177,Darth Ganja,Clothing & Accessories,B002G9UDYG,B01N1INMSR
24,24,AHP7EUUDEJ5W4GRGCFDWEECNG2EA,"March 6, 2018",Awesome Product and company,"Love this maple leaf neon lights so much I bought 6 of ‘em and have been giving them away as gifts. Everyone who has received one, loves it as much as I do. Company ships super fast from Canada and they come very well packaged to ensure their safe delivery. I do not regret my purchase in the least.",yes,0,5.0,https://www.amazon.ca/Limited-Canada150-Maple-Leaf-Light/dp/B072MD81QX/ref=cm_cr_srp_d_product_top?ie=UTF8,2020-09-18 22:42:30.439801,2020-09-18 22:42:37.712692,Darth Ganja,Clothing & Accessories,B002G9UDYG,B072MD81QX
25,25,AHP7EUUDEJ5W4GRGCFDWEECNG2EA,"March 1, 2018",Great quality.,Real nice piece. Fits my big wrist perfectly. Elastic seems to be quality...time will tell.,yes,0,5.0,https://www.amazon.ca/COLORFEY-Bracelet-Terahertz-Obsidian-8-3inch/dp/B072F3BX4T/ref=cm_cr_srp_d_product_top?ie=UTF8,2020-09-18 22:42:44.801619,2020-09-18 22:42:51.055715,Darth Ganja,Clothing & Accessories,B002G9UDYG,B072F3BX4T
26,26,AHP7EUUDEJ5W4GRGCFDWEECNG2EA,"December 27, 2017","Good light output, definitely get the UV effect.",Was looking for a decent UV light for the man cave. This unit exceeds all expectations. Recommended.,yes,0,5.0,https://www.amazon.ca/WOWTOU-18-Inch-Parties-Lighting-Housing/dp/B01MDNVN2G/ref=cm_cr_srp_d_product_top?ie=UTF8,2020-09-18 22:42:58.149226,2020-09-18 22:43:06.389103,Darth Ganja,Clothing & Accessories,B002G9UDYG,B01MDNVN2G
27,27,AHP7EUUDEJ5W4GRGCFDWEECNG2EA,"November 21, 2017","Eh, OK!","Yup, this is the one. This thing put the finishing touches on my Jagr Flames jersey. Kinda ironic that it’s the 100 yr patch, as that’s the same age as Jagr. Love it...and him.",yes,0,5.0,https://www.amazon.ca/National-Hockey-League-Anniversary-Patch/dp/B01N9FHNF9/ref=cm_cr_srp_d_product_top?ie=UTF8,2020-09-18 22:43:15.480916,2020-09-18 22:43:24.826825,Darth Ganja,Clothing & Accessories,B002G9UDYG,B01N9FHNF9
28,28,AHP7EUUDEJ5W4GRGCFDWEECNG2EA,"February 5, 2017",Uh-huh! Yeaaawh💕💕💕,Yo! These things are the cats ass.,yes,2,5.0,https://www.amazon.ca/Turtle-Beach-Wireless-Noise-Cancelling-Surround/dp/B00RU5M6FK/ref=cm_cr_srp_d_product_top?ie=UTF8,2020-09-18 22:43:32.915811,2020-09-18 22:43:39.179020,Darth Ganja,Clothing & Accessories,B002G9UDYG,B00RU5M6FK
