,Unnamed: 0,author_id,date_review_posted,review_title,reviews,verified_purchase,people_find_helpful,ratings,product_url,start,end,reviewer_name,product_category,product_id,subproduct_id
0,0,AHPLKLTGTW2OEIXGWJVJOS4TOJRQ,"July 21, 2020",Anti fog is a dream,"I work as a nurse and have to wear this style of glasses in the work place. When I am doing my skills, i need reliable glasses that won't fog up. There is no time to have to clean them in a crisis. They have been amazing in this epidemic. Would definitely recommend.",yes,2,5.0,https://www.amazon.ca/Anti-Fog-Protection-Shooting-Construction-Protective/dp/B085T4SRF9/ref=cm_cr_srp_d_product_top?ie=UTF8,2020-10-01 00:00:01.294617,2020-10-01 00:00:07.672522,Miss_Mookie,Clothing & Accessories,B00T7U6FDK,B085T4SRF9
1,1,AHPLKLTGTW2OEIXGWJVJOS4TOJRQ,"July 21, 2020",Very good and sturdy product,Very happy with my wrist band replacement. Breathable and lightweight. Its been a week so far. I hope it remains being a quality product.,yes,0,5.0,https://www.amazon.ca/Recoppa-Compatible-Waterproof-Wristbands-Replacement/dp/B08934SR1W/ref=cm_cr_srp_d_product_top?ie=UTF8,2020-10-01 00:00:15.767196,2020-10-01 00:00:22.067009,Miss_Mookie,Clothing & Accessories,B00T7U6FDK,B08934SR1W
2,2,AHPLKLTGTW2OEIXGWJVJOS4TOJRQ,"June 9, 2020",Color ran after only 2 washes,"Good product, fits as expected. Just the color ran after only 2 washes.",yes,0,4.0,https://www.amazon.ca/Jerzees-Pullover-Hooded-Sweatshirt-Medium/dp/B00T7U6FPI/ref=cm_cr_srp_d_product_top?ie=UTF8,2020-10-01 00:00:31.164591,2020-10-01 00:00:37.466870,Miss_Mookie,Clothing & Accessories,B00T7U6FDK,B00T7U6FPI
3,3,AHPLKLTGTW2OEIXGWJVJOS4TOJRQ,"May 31, 2020",Sizes run larger,"I followed the reviews that said the jacket runs small so i usually wear a medium, so I ordered a large. I had to return it to get a medium and when i went to return it, I had to pay 13$ to send it back. I asked them to refund my payment and the shipping and the company refused to return the shipping fees,only my initial payment. The jacket was made cheap and the fit is not flattering for women. I would not recommend it, nor would I recommend dealing with this company. I've never had to pay shipping charges ordering things off Amazon.ca,only this company did this. Not pleased at all.",yes,2,2.0,https://www.amazon.ca/Mountain-Warehouse-Pakka-Womens-Jacket/dp/B00CI5CEGS/ref=cm_cr_srp_d_product_top?ie=UTF8,2020-10-01 00:00:44.564759,2020-10-01 00:00:51.920015,Miss_Mookie,Clothing & Accessories,B00T7U6FDK,B00CI5CEGS
4,4,AHPLKLTGTW2OEIXGWJVJOS4TOJRQ,"November 28, 2019","Sizes run very small, order up size or 2 even","Make sure u order up a size, runs very small. Material is questionable.",yes,One,2.0,https://www.amazon.ca/Begonia-K-Shoulder-Slouchy-Pullovers-X-Large/dp/B016W8N4Y2/ref=cm_cr_srp_d_product_top?ie=UTF8,2020-10-01 00:00:59.014561,2020-10-01 00:01:05.345845,Miss_Mookie,Clothing & Accessories,B00T7U6FDK,B016W8N4Y2
5,5,AHPLKLTGTW2OEIXGWJVJOS4TOJRQ,"September 22, 2019",Easiest car phone holder I've ever used!,Great product! Super easy to use and it stays put in the vent!,yes,0,5.0,https://www.amazon.ca/Mpow-Adjustable-Universal-Compatible-Smartphones/dp/B07MLFK93M/ref=cm_cr_srp_d_product_top?ie=UTF8,2020-10-01 00:01:12.446703,2020-10-01 00:01:18.806492,Miss_Mookie,Clothing & Accessories,B00T7U6FDK,B07MLFK93M
6,6,AHPLKLTGTW2OEIXGWJVJOS4TOJRQ,"September 16, 2019",Made very small,Product wasn't the greatest quality of materials and the dress was made way too small. Not true to sizes listed.,yes,0,2.0,https://www.amazon.ca/Cotrio-Unicorn-Printed-Sleeveless-Outfit/dp/B07NZMT8Q5/ref=cm_cr_srp_d_product_top?ie=UTF8,2020-10-01 00:01:27.905890,2020-10-01 00:01:36.240072,Miss_Mookie,Clothing & Accessories,B00T7U6FDK,B07NZMT8Q5
7,7,AHPLKLTGTW2OEIXGWJVJOS4TOJRQ,"September 15, 2019",Sturdy and stylish,Great sturdy key chain. Very content. Thanks!,yes,0,5.0,https://www.amazon.ca/dp/B07MWDZTV1/ref=cm_cr_srp_d_product_top?ie=UTF8,2020-10-01 00:01:45.338956,2020-10-01 00:01:52.647645,Miss_Mookie,Clothing & Accessories,B00T7U6FDK,B07MWDZTV1
8,8,AHPLKLTGTW2OEIXGWJVJOS4TOJRQ,"September 12, 2019",not the greatest quality,"I know this item didn`t cost much, but description stated it would not change colors or tarnish. The bracelet did both in less than 2 weeks.",yes,0,1.0,https://www.amazon.ca/XINYAN-Delicate-Bracelet-Stainless-Jewellery/dp/B07VYP4ZLJ/ref=cm_cr_srp_d_product_top?ie=UTF8,2020-10-01 00:02:01.754655,2020-10-01 00:02:11.170241,Miss_Mookie,Clothing & Accessories,B00T7U6FDK,B07VYP4ZLJ
9,9,AHPLKLTGTW2OEIXGWJVJOS4TOJRQ,"September 1, 2019","Beautiful product, but I was disappointed",Bought the size my husband wears usually it was way too small. Wanted to exchange for another pair but there was no more.,yes,0,3.0,https://www.amazon.ca/Tommy-Hilfiger-PANDORA-WHITE-Medium/dp/B014GMU0O8/ref=cm_cr_srp_d_product_top?ie=UTF8,2020-10-01 00:02:20.262874,2020-10-01 00:02:27.602740,Miss_Mookie,Clothing & Accessories,B00T7U6FDK,B014GMU0O8
10,10,AHPLKLTGTW2OEIXGWJVJOS4TOJRQ,"September 1, 2019",Good product,Very nice product. Just as described! Very pleased,yes,0,5.0,https://www.amazon.ca/Teacher-Appreciation-Gift-retirement-appreciation/dp/1722441321/ref=cm_cr_srp_d_product_top?ie=UTF8,2020-10-01 00:02:35.703747,2020-10-01 00:02:44.062841,Miss_Mookie,Clothing & Accessories,B00T7U6FDK,1722441321
11,11,AHPLKLTGTW2OEIXGWJVJOS4TOJRQ,"September 1, 2019",Good product,"Very nice, perfect for summer. Fits as described",yes,0,5.0,https://www.amazon.ca/Lugz-Mens-Stockwell-Sneaker-White/dp/B078GQYJBC/ref=cm_cr_srp_d_product_top?ie=UTF8,2020-10-01 00:02:52.179041,2020-10-01 00:03:01.529227,Miss_Mookie,Clothing & Accessories,B00T7U6FDK,B078GQYJBC
12,12,AHPLKLTGTW2OEIXGWJVJOS4TOJRQ,"September 1, 2019",Good product,Good quality! Definitely recommend,yes,0,4.0,https://www.amazon.ca/HUANLANG-Wallet-Leather-Wallets-Zipper/dp/B07RJM2QML/ref=cm_cr_srp_d_product_top?ie=UTF8,2020-10-01 00:03:10.606507,2020-10-01 00:03:18.886656,Miss_Mookie,Clothing & Accessories,B00T7U6FDK,B07RJM2QML
13,13,AHPLKLTGTW2OEIXGWJVJOS4TOJRQ,"September 1, 2019",Total life saver!,"This product saved me a lot of money for my infiniti qx50, there is no Bluetooth option for music etc only for phone calls. Mechanics told me there is nothing that they can do. The dealership said it will cost almost 1100$ to be able to install the module. This transmiter allows me to use all my music apps straight from my phone and it costed so little! Thank you to the sellers and I definitely recommend this product!!",yes,0,5.0,https://www.amazon.ca/Transmitter-CHGeek-Bluetooth-Wireless-Handsfree/dp/B07NW2ZZ2D/ref=cm_cr_srp_d_product_top?ie=UTF8,2020-10-01 00:03:26.977524,2020-10-01 00:03:35.343893,Miss_Mookie,Clothing & Accessories,B00T7U6FDK,B07NW2ZZ2D
14,14,AHPLKLTGTW2OEIXGWJVJOS4TOJRQ,"September 1, 2019",Beautiful and affordable!,Exactly how I thought it would look like. Very well made and not to mention beautiful! Great price! Would definitely recommend!!!,yes,0,5.0,https://www.amazon.ca/VALYRIA-Pendant-Heart-Necklace-Birthstones/dp/B01MQOM1Z0/ref=cm_cr_srp_d_product_top?ie=UTF8,2020-10-01 00:03:42.451870,2020-10-01 00:03:49.754380,Miss_Mookie,Clothing & Accessories,B00T7U6FDK,B01MQOM1Z0
15,15,AHPLKLTGTW2OEIXGWJVJOS4TOJRQ,"June 19, 2019",Too short,"I'm 5'1, so I figured this would be a good fit for me. It's very short and gave me a back roll. Returned it and got a refund no problem.",yes,One,2.0,https://www.amazon.ca/YIANNA-Underbust-Training-Hourglass-CA-YA110299-Black-2XL/dp/B0721PX6GQ/ref=cm_cr_srp_d_product_top?ie=UTF8,2020-10-01 00:03:56.860460,2020-10-01 00:04:04.196388,Miss_Mookie,Clothing & Accessories,B00T7U6FDK,B0721PX6GQ
16,16,AHPLKLTGTW2OEIXGWJVJOS4TOJRQ,"June 19, 2019",Good price,Pretty and simple case,yes,0,4.0,https://www.amazon.ca/Compatible-Wallet-Protective-Resistant-Motorola/dp/B07D6JD4K2/ref=cm_cr_srp_d_product_top?ie=UTF8,2020-10-01 00:04:12.301920,2020-10-01 00:04:18.604226,Miss_Mookie,Clothing & Accessories,B00T7U6FDK,B07D6JD4K2
17,17,AHPLKLTGTW2OEIXGWJVJOS4TOJRQ,"June 19, 2019",Great quality for an amazing price!,"Very good quality, looks very natural",yes,0,5.0,https://www.amazon.ca/dp/B0751M8M1P/ref=cm_cr_srp_d_product_top?ie=UTF8,2020-10-01 00:04:28.690264,2020-10-01 00:04:38.019212,Miss_Mookie,Clothing & Accessories,B00T7U6FDK,B0751M8M1P
18,18,AHPLKLTGTW2OEIXGWJVJOS4TOJRQ,"June 19, 2019",One of the best phone holders I've ever used!,So far it has been a week that I've been using this phone holder for my Motorola and it is very sturdy and easy to use. Definitely recommend this universal holder!,yes,0,5.0,https://www.amazon.ca/Mpow-3-level-Adjustable-Telephone-360%C2%B0Rotation/dp/B078HG4LZG/ref=cm_cr_srp_d_product_top?ie=UTF8,2020-10-01 00:04:48.103523,2020-10-01 00:04:55.402508,Miss_Mookie,Clothing & Accessories,B00T7U6FDK,B078HG4LZG
19,19,AHPLKLTGTW2OEIXGWJVJOS4TOJRQ,"May 28, 2019",needed to return this,agenda was huge and very heavy,yes,0,5.0,https://www.amazon.ca/2018-Calendar-Organizer-Lettering-Calligraphy/dp/1718723490/ref=cm_cr_srp_d_product_top?ie=UTF8,2020-10-01 00:05:02.539903,2020-10-01 00:05:08.864757,Miss_Mookie,Clothing & Accessories,B00T7U6FDK,1718723490
20,20,AHPLKLTGTW2OEIXGWJVJOS4TOJRQ,"May 28, 2019",not the greatest quality,not very effective,yes,0,1.0,https://www.amazon.ca/Women-Hi-Control-Trainer-Underwear/dp/B07LC7YBBQ/ref=cm_cr_srp_d_product_top?ie=UTF8,2020-10-01 00:05:19.021688,2020-10-01 00:05:26.616357,Miss_Mookie,Clothing & Accessories,B00T7U6FDK,B07LC7YBBQ
21,21,AHPLKLTGTW2OEIXGWJVJOS4TOJRQ,"May 28, 2019",great value,yummy!,yes,0,5.0,https://www.amazon.ca/Grand-Ferrero-Rocher-240-Grams/dp/B074QVGNNV/ref=cm_cr_srp_d_product_top?ie=UTF8,2020-10-01 00:05:36.704910,2020-10-01 00:05:44.004905,Miss_Mookie,Clothing & Accessories,B00T7U6FDK,B074QVGNNV
22,22,AHPLKLTGTW2OEIXGWJVJOS4TOJRQ,"May 28, 2019",not very durable,"item disappointed me. belt ripped in less than 2 mos of use, not very sturdy",yes,0,1.0,https://www.amazon.ca/SGODDE-Adjustable-Weight-Loss-Breathable-Enhancer/dp/B07B4CBJM3/ref=cm_cr_srp_d_product_top?ie=UTF8,2020-10-01 00:05:53.100144,2020-10-01 00:05:59.407567,Miss_Mookie,Clothing & Accessories,B00T7U6FDK,B07B4CBJM3
23,23,AHPLKLTGTW2OEIXGWJVJOS4TOJRQ,"May 28, 2019",beautiful style,love this bathing suit! sizes run bigger than listed,yes,0,4.0,https://www.amazon.ca/Blugibedramsh-Tankini-Swimsuits-Printed-Bathing/dp/B074KCG66S/ref=cm_cr_srp_d_product_top?ie=UTF8,2020-10-01 00:06:06.510481,2020-10-01 00:06:12.997954,Miss_Mookie,Clothing & Accessories,B00T7U6FDK,B074KCG66S
24,24,AHPLKLTGTW2OEIXGWJVJOS4TOJRQ,"May 28, 2019",not the greatest quality,very flimsy. returned them. no hassle,yes,0,1.0,https://www.amazon.ca/Resistance-Premium-Stylish-Exercise-Fitbands/dp/B07JGLRTPZ/ref=cm_cr_srp_d_product_top?ie=UTF8,2020-10-01 00:06:22.102926,2020-10-01 00:06:31.447158,Miss_Mookie,Clothing & Accessories,B00T7U6FDK,B07JGLRTPZ
25,25,AHPLKLTGTW2OEIXGWJVJOS4TOJRQ,"May 28, 2019",very good quality,Kalyss brand wigs are amazing quality! looks like my real hair :),yes,0,5.0,https://www.amazon.ca/Kalyss-Short-Resistant-Synthetic-Womens/dp/B079L58TXJ/ref=cm_cr_srp_d_product_top?ie=UTF8,2020-10-01 00:06:40.543167,2020-10-01 00:06:49.834970,Miss_Mookie,Clothing & Accessories,B00T7U6FDK,B079L58TXJ
26,26,AHPLKLTGTW2OEIXGWJVJOS4TOJRQ,"May 28, 2019",great value,good quality,yes,0,5.0,https://www.amazon.ca/Quality-Unisex-Stocking-Snood-Natural/dp/B019L861K4/ref=cm_cr_srp_d_product_top?ie=UTF8,2020-10-01 00:06:58.932042,2020-10-01 00:07:06.244080,Miss_Mookie,Clothing & Accessories,B00T7U6FDK,B019L861K4
27,27,AHPLKLTGTW2OEIXGWJVJOS4TOJRQ,"May 28, 2019",great value,very cute costume! great value for all these pieces that were included! definitely recommended!,yes,0,4.0,https://www.amazon.ca/ROMASA-Adventure-Cosplay-Costume-Necklace/dp/B074469B9K/ref=cm_cr_srp_d_product_top?ie=UTF8,2020-10-01 00:07:13.340162,2020-10-01 00:07:19.661269,Miss_Mookie,Clothing & Accessories,B00T7U6FDK,B074469B9K
28,28,AHPLKLTGTW2OEIXGWJVJOS4TOJRQ,"May 19, 2019",not the greatest quality,the band lost 4 stones in just a few months of wear. disappointed.,yes,0,2.0,https://www.amazon.ca/Lanyjewelry-Three-Princess-Stainless-Wedding/dp/B00CTXSLLQ/ref=cm_cr_srp_d_product_top?ie=UTF8,2020-10-01 00:07:29.773967,2020-10-01 00:07:36.079170,Miss_Mookie,Clothing & Accessories,B00T7U6FDK,B00CTXSLLQ
29,29,AHPLKLTGTW2OEIXGWJVJOS4TOJRQ,"May 19, 2019",great value,"Seems to be good quality so far. Bought for my son. 3 shirts for 20$, great value",yes,0,5.0,https://www.amazon.ca/TEKFIT-Active-Sport-Quick-T-Shirts/dp/B07C2V4JSP/ref=cm_cr_srp_d_product_top?ie=UTF8,2020-10-01 00:07:43.158821,2020-10-01 00:07:50.444166,Miss_Mookie,Clothing & Accessories,B00T7U6FDK,B07C2V4JSP
30,30,AHPLKLTGTW2OEIXGWJVJOS4TOJRQ,"April 18, 2019",Very satisfied customer here!,"I've been using the phone for 8 days now. So far so good. Battery life is ridiculously good, very user friendly overall. Happy with my purchase!",yes,3,5.0,https://www.amazon.ca/Motorola-Unlocked-Smartphone-International-Model/dp/B07NPRQYP1/ref=cm_cr_srp_d_product_top?ie=UTF8,2020-10-01 00:07:59.542173,2020-10-01 00:08:07.874174,Miss_Mookie,Clothing & Accessories,B00T7U6FDK,B07NPRQYP1
31,31,AHPLKLTGTW2OEIXGWJVJOS4TOJRQ,"April 18, 2019",Not the greatest quality,"After only one month of receiving this, the case started to peel on the corners. Not good quality.",yes,0,2.0,https://www.amazon.ca/Samsung-Gostyle-Glitter-Magnetic-Strap-Purple/dp/B07HJ91P6G/ref=cm_cr_srp_d_product_top?ie=UTF8,2020-10-01 00:08:16.967994,2020-10-01 00:08:25.320581,Miss_Mookie,Clothing & Accessories,B00T7U6FDK,B07HJ91P6G
32,32,AHPLKLTGTW2OEIXGWJVJOS4TOJRQ,"April 18, 2019",Good product at a good price!,Very cute notebook. Item just as described. Aunty loved it! :),yes,0,4.0,https://www.amazon.ca/Love-That-You-Are-Aunt/dp/1541098625/ref=cm_cr_srp_d_product_top?ie=UTF8,2020-10-01 00:08:33.424014,2020-10-01 00:08:40.746877,Miss_Mookie,Clothing & Accessories,B00T7U6FDK,1541098625
33,33,AHPLKLTGTW2OEIXGWJVJOS4TOJRQ,"April 18, 2019",Good price and good quality product,Very satisfied with this purchase. Item just as described!,yes,0,5.0,https://www.amazon.ca/Motorola-Coverage-Protector-Zeking-Replacement/dp/B07NV59QQY/ref=cm_cr_srp_d_product_top?ie=UTF8,2020-10-01 00:08:48.842097,2020-10-01 00:08:55.146828,Miss_Mookie,Clothing & Accessories,B00T7U6FDK,B07NV59QQY
34,34,AHPLKLTGTW2OEIXGWJVJOS4TOJRQ,"April 18, 2019",Great quality for an amazing price!,"Great pair of shoes, super comfy and great ankle and heel support. Very happy with this purchase.",yes,0,5.0,https://www.amazon.ca/Reebok-Ridgerider-Walking-Primal-Regular/dp/B077YLSRPS/ref=cm_cr_srp_d_product_top?ie=UTF8,2020-10-01 00:09:03.233978,2020-10-01 00:09:11.538594,Miss_Mookie,Clothing & Accessories,B00T7U6FDK,B077YLSRPS
35,35,AHPLKLTGTW2OEIXGWJVJOS4TOJRQ,"April 18, 2019",Good product at a good price!,Good quality. Durable product. Satisfied with this purchase.,yes,0,4.0,https://www.amazon.ca/dp/B071XNJWY8/ref=cm_cr_srp_d_product_top?ie=UTF8,2020-10-01 00:09:20.640522,2020-10-01 00:09:27.919720,Miss_Mookie,Clothing & Accessories,B00T7U6FDK,B071XNJWY8
36,36,AHPLKLTGTW2OEIXGWJVJOS4TOJRQ,"April 18, 2019",Good product at a good price!,Beautiful wig for an amazing price!,yes,0,4.0,https://www.amazon.ca/ATOZWIG-Short-SynthesisHair-African-American/dp/B06Y27RF42/ref=cm_cr_srp_d_product_top?ie=UTF8,2020-10-01 00:09:37.013449,2020-10-01 00:09:44.350535,Miss_Mookie,Clothing & Accessories,B00T7U6FDK,B06Y27RF42
37,37,AHPLKLTGTW2OEIXGWJVJOS4TOJRQ,"April 18, 2019",Not the greatest quality,States that this item is sterling silver but the unicorn pendant already started to tarnish and get dull looking after only 1 month.,yes,0,2.0,https://www.amazon.ca/Unicorn-Necklace-Sterling-Pendant-Statement/dp/B07B7NYF5K/ref=cm_cr_srp_d_product_top?ie=UTF8,2020-10-01 00:09:53.457860,2020-10-01 00:10:02.829005,Miss_Mookie,Clothing & Accessories,B00T7U6FDK,B07B7NYF5K
38,38,AHPLKLTGTW2OEIXGWJVJOS4TOJRQ,"April 18, 2019",Very big and bulky,"Huge planner, heavy and bulky. Had to return it.",yes,0,1.0,https://www.amazon.ca/2019-2020-Planner-Calendar-Planners-Organizer/dp/1719560846/ref=cm_cr_srp_d_product_top?ie=UTF8,2020-10-01 00:10:12.922671,2020-10-01 00:10:20.256413,Miss_Mookie,Clothing & Accessories,B00T7U6FDK,1719560846
39,39,AHPLKLTGTW2OEIXGWJVJOS4TOJRQ,"April 18, 2019",Great quality for an amazing price!,"Super good quality for this price. My son wears it every day, takes a shower, goes swimming in chlorine, stainless steel remains stainless. Very satisfied with this chain!",yes,0,5.0,https://www.amazon.ca/Stainless-Steel-Italian-Figaro-Necklace/dp/B011KYZ91Y/ref=cm_cr_srp_d_product_top?ie=UTF8,2020-10-01 00:10:29.365943,2020-10-01 00:10:36.698359,Miss_Mookie,Clothing & Accessories,B00T7U6FDK,B011KYZ91Y
40,40,AHPLKLTGTW2OEIXGWJVJOS4TOJRQ,"April 18, 2019",Good price,"1 wk using this case, so far so good",yes,0,5.0,https://www.amazon.ca/Moto-G7-Power-Shockproof-Anti-Scratch/dp/B07PLXWNZ6/ref=cm_cr_srp_d_product_top?ie=UTF8,2020-10-01 00:10:45.806034,2020-10-01 00:10:52.118460,Miss_Mookie,Clothing & Accessories,B00T7U6FDK,B07PLXWNZ6
41,41,AHPLKLTGTW2OEIXGWJVJOS4TOJRQ,"April 18, 2019",Good product at a good price!,Amazing product! Keeps my skin clear and clean!,yes,0,5.0,https://www.amazon.ca/Spectro-Blemish-Prone-Unscent-Cleanser-500ml/dp/B00FOXIXBQ/ref=cm_cr_srp_d_product_top?ie=UTF8,2020-10-01 00:11:00.205346,2020-10-01 00:11:07.601455,Miss_Mookie,Clothing & Accessories,B00T7U6FDK,B00FOXIXBQ
42,42,AHPLKLTGTW2OEIXGWJVJOS4TOJRQ,"April 18, 2019",No monthly calendar lay out,"I returned this item, the ad said it had a monthly lay out and it didn't.",yes,One,1.0,https://www.amazon.ca/Nurses-Shit-Done-2019-Practitioners/dp/1791625312/ref=cm_cr_srp_d_product_top?ie=UTF8,2020-10-01 00:11:16.706070,2020-10-01 00:11:25.039418,Miss_Mookie,Clothing & Accessories,B00T7U6FDK,1791625312
43,43,AHPLKLTGTW2OEIXGWJVJOS4TOJRQ,"April 18, 2019",Good quality silver,Item as described. Good quality,yes,0,4.0,https://www.amazon.ca/Sterling-Christopher-Protect-Pendant-Necklace/dp/B07N4BW6JW/ref=cm_cr_srp_d_product_top?ie=UTF8,2020-10-01 00:11:32.149122,2020-10-01 00:11:41.435549,Miss_Mookie,Clothing & Accessories,B00T7U6FDK,B07N4BW6JW
44,44,AHPLKLTGTW2OEIXGWJVJOS4TOJRQ,"April 18, 2019",Best resistance bands I've ever used!,I originally ordered the rubber resistance bands but they kept rolling down whenever I used them. These bands are way more sturdy and I assume will last longer. Would definitely recommend these especially if you wanna work your thighs and booty! ;),yes,One,5.0,https://www.amazon.ca/Resistance-Circle-Bands-Flawless-Fabric/dp/B07FLN93ML/ref=cm_cr_srp_d_product_top?ie=UTF8,2020-10-01 00:11:48.526715,2020-10-01 00:11:56.836100,Miss_Mookie,Clothing & Accessories,B00T7U6FDK,B07FLN93ML
45,45,AHPLKLTGTW2OEIXGWJVJOS4TOJRQ,"December 26, 2018","Very cute, fits well","Just as described, fits my 6lbs Yorkie perfectly",yes,0,5.0,https://www.amazon.ca/Hoodies-Rdc-Pet-Clothes-Sweater/dp/B074W9MB6X/ref=cm_cr_srp_d_product_top?ie=UTF8,2020-10-01 00:12:03.930817,2020-10-01 00:12:11.228109,Miss_Mookie,Clothing & Accessories,B00T7U6FDK,B074W9MB6X
46,46,AHPLKLTGTW2OEIXGWJVJOS4TOJRQ,"December 14, 2018","Great product, great seller! :)",I'm loving this wig! I'm usually terrible with fake hair but it was so easy to put on and stylish! Would definitely recommend! :),yes,0,5.0,https://www.amazon.ca/Kalyss-inches-Straight-Resistant-Synthetic/dp/B077BVNFJY/ref=cm_cr_srp_d_product_top?ie=UTF8,2020-10-01 00:12:18.329328,2020-10-01 00:12:24.747191,Miss_Mookie,Clothing & Accessories,B00T7U6FDK,B077BVNFJY
47,47,AHPLKLTGTW2OEIXGWJVJOS4TOJRQ,"December 4, 2018",Strong and robust,Great product!,yes,0,5.0,https://www.amazon.ca/Galaxy-Fanhoo-Resilient-Absorption-Samsung/dp/B07614NV42/ref=cm_cr_srp_d_product_top?ie=UTF8,2020-10-01 00:12:31.849416,2020-10-01 00:12:39.140394,Miss_Mookie,Clothing & Accessories,B00T7U6FDK,B07614NV42
48,48,AHPLKLTGTW2OEIXGWJVJOS4TOJRQ,"December 4, 2018",Fast communication from seller!,Great product and a great price,no,0,5.0,https://www.amazon.ca/Rainbowie-Personalized-Necklace-Birthstone-Stainless/dp/B07HQRR3LY/ref=cm_cr_srp_d_product_top?ie=UTF8,2020-10-01 00:12:49.235786,2020-10-01 00:12:55.531459,Miss_Mookie,Clothing & Accessories,B00T7U6FDK,B07HQRR3LY
49,49,AHPLKLTGTW2OEIXGWJVJOS4TOJRQ,"December 4, 2018","Very sticky, but thats to be expected",Like this product!,yes,0,5.0,https://www.amazon.ca/Castor-Oil-Benefits-Digestion-Essential/dp/B01M5K26AL/ref=cm_cr_srp_d_product_top?ie=UTF8,2020-10-01 00:13:03.611257,2020-10-01 00:13:10.921308,Miss_Mookie,Clothing & Accessories,B00T7U6FDK,B01M5K26AL
50,50,AHPLKLTGTW2OEIXGWJVJOS4TOJRQ,"October 9, 2018",Not compatible with all phones,Not compatible with lg phones,yes,0,2.0,https://www.amazon.ca/Aneken-Waterproof-Bracelet-Wristband-Pedometer/dp/B076PG54H1/ref=cm_cr_srp_d_product_top?ie=UTF8,2020-10-01 00:13:20.015341,2020-10-01 00:13:29.312506,Miss_Mookie,Clothing & Accessories,B00T7U6FDK,B076PG54H1
51,51,AHPLKLTGTW2OEIXGWJVJOS4TOJRQ,"August 13, 2018",good quality!,item just as described! good quality!,yes,0,5.0,https://www.amazon.ca/AmazonBasics-USB-3-0-Cable-Male/dp/B00NH12R1O/ref=cm_cr_srp_d_product_top?ie=UTF8,2020-10-01 00:13:38.414120,2020-10-01 00:13:48.058802,Miss_Mookie,Clothing & Accessories,B00T7U6FDK,B00NH12R1O
52,52,AHPLKLTGTW2OEIXGWJVJOS4TOJRQ,"August 13, 2018",Three Stars,smaller than i thought it would be,yes,0,3.0,https://www.amazon.ca/Everland-Virgin-Coconut-Glass-Bottle/dp/B00LVNO39O/ref=cm_cr_srp_d_product_top?ie=UTF8,2020-10-01 00:13:57.165064,2020-10-01 00:14:06.461156,Miss_Mookie,Clothing & Accessories,B00T7U6FDK,B00LVNO39O
53,53,AHPLKLTGTW2OEIXGWJVJOS4TOJRQ,"August 13, 2018",good quality!,item just as described! good quality!,yes,0,5.0,https://www.amazon.ca/Lumcrissy-Shockproof-dust-proof-Kickstand-Protective/dp/B01C757256/ref=cm_cr_srp_d_product_top?ie=UTF8,2020-10-01 00:14:15.552459,2020-10-01 00:14:21.880953,Miss_Mookie,Clothing & Accessories,B00T7U6FDK,B01C757256
54,54,AHPLKLTGTW2OEIXGWJVJOS4TOJRQ,"August 13, 2018",good quality!,item just as described! good quality!,yes,0,5.0,https://www.amazon.ca/CAVLA-Waxed-Candle-Making-Sustainers/dp/B01I92W8J6/ref=cm_cr_srp_d_product_top?ie=UTF8,2020-10-01 00:14:31.979375,2020-10-01 00:14:41.266347,Miss_Mookie,Clothing & Accessories,B00T7U6FDK,B01I92W8J6
55,55,AHPLKLTGTW2OEIXGWJVJOS4TOJRQ,"August 13, 2018",good quality!,item just as described! good quality!,yes,0,5.0,https://www.amazon.ca/Company-Animals-Pet-Corrector-50/dp/B000UCH02O/ref=cm_cr_srp_d_product_top?ie=UTF8,2020-10-01 00:14:50.370372,2020-10-01 00:14:59.755691,Miss_Mookie,Clothing & Accessories,B00T7U6FDK,B000UCH02O
56,56,AHPLKLTGTW2OEIXGWJVJOS4TOJRQ,"August 13, 2018",good quality!,item just as described! good quality!,yes,0,5.0,https://www.amazon.ca/GT-P5100-GT-P5113-GT-N8013-GT-P5113-ECC1DP0UBEG-ECC1DP0UBEGSTA/dp/B008TYVYBI/ref=cm_cr_srp_d_product_top?ie=UTF8,2020-10-01 00:15:07.852040,2020-10-01 00:15:14.192723,Miss_Mookie,Clothing & Accessories,B00T7U6FDK,B008TYVYBI
57,57,AHPLKLTGTW2OEIXGWJVJOS4TOJRQ,"August 13, 2018",good quality!,item just as described! good quality!,yes,0,5.0,https://www.amazon.ca/ZeroWater-Pitcher-Water-BPA-Free-Certified/dp/B009DAU1NE/ref=cm_cr_srp_d_product_top?ie=UTF8,2020-10-01 00:15:22.286147,2020-10-01 00:15:29.601872,Miss_Mookie,Clothing & Accessories,B00T7U6FDK,B009DAU1NE
58,58,AHPLKLTGTW2OEIXGWJVJOS4TOJRQ,"August 13, 2018",good quality!,item just as described! good quality!,yes,0,5.0,https://www.amazon.ca/Autism-Breakthrough-Groundbreaking-Method-Families/dp/1250063477/ref=cm_cr_srp_d_product_top?ie=UTF8,2020-10-01 00:15:37.699677,2020-10-01 00:15:44.034667,Miss_Mookie,Clothing & Accessories,B00T7U6FDK,1250063477
59,59,AHPLKLTGTW2OEIXGWJVJOS4TOJRQ,"August 13, 2018",good quality!,item just as described! good quality!,yes,0,5.0,https://www.amazon.ca/Tsmine-Samsung-7-0-inch-GT-P3113-Silicone/dp/B015MQ4QJ2/ref=cm_cr_srp_d_product_top?ie=UTF8,2020-10-01 00:15:54.145678,2020-10-01 00:16:00.510631,Miss_Mookie,Clothing & Accessories,B00T7U6FDK,B015MQ4QJ2
60,60,AHPLKLTGTW2OEIXGWJVJOS4TOJRQ,"August 13, 2018",good quality!,item just as described! good quality!,yes,0,5.0,https://www.amazon.ca/Hybsk-Round-Natural-Stickers-Adhesive/dp/B015CGOIEA/ref=cm_cr_srp_d_product_top?ie=UTF8,2020-10-01 00:16:10.610015,2020-10-01 00:16:18.954847,Miss_Mookie,Clothing & Accessories,B00T7U6FDK,B015CGOIEA
61,61,AHPLKLTGTW2OEIXGWJVJOS4TOJRQ,"August 13, 2018",good quality!,item just as described! good quality!,yes,0,5.0,https://www.amazon.ca/VIBE-SOUND-VSAU-513-GRN-Bluetooth-Smartphones/dp/B00EUY5BWY/ref=cm_cr_srp_d_product_top?ie=UTF8,2020-10-01 00:16:27.024002,2020-10-01 00:16:33.314834,Miss_Mookie,Clothing & Accessories,B00T7U6FDK,B00EUY5BWY
62,62,AHPLKLTGTW2OEIXGWJVJOS4TOJRQ,"August 13, 2018",good quality!,item just as described! good quality!,yes,0,5.0,https://www.amazon.ca/Vancle-Adjustable-Comfortable-Replacement-Wristbands/dp/B0774T46P8/ref=cm_cr_srp_d_product_top?ie=UTF8,2020-10-01 00:16:41.412710,2020-10-01 00:16:49.706998,Miss_Mookie,Clothing & Accessories,B00T7U6FDK,B0774T46P8
63,63,AHPLKLTGTW2OEIXGWJVJOS4TOJRQ,"August 13, 2018",good quality!,item just as described! good quality!,yes,0,5.0,https://www.amazon.ca/Chargers-Charge-AFUNTA-Replacement-Smart-Watch/dp/B01LWNP6RC/ref=cm_cr_srp_d_product_top?ie=UTF8,2020-10-01 00:16:58.799800,2020-10-01 00:17:07.149975,Miss_Mookie,Clothing & Accessories,B00T7U6FDK,B01LWNP6RC
64,64,AHPLKLTGTW2OEIXGWJVJOS4TOJRQ,"August 13, 2018",good quality!,item just as described! good quality!,yes,0,4.0,https://www.amazon.ca/Kiss-My-Keto-MCT-Oil/dp/B06W9M6KBM/ref=cm_cr_srp_d_product_top?ie=UTF8,2020-10-01 00:17:17.244237,2020-10-01 00:17:24.641946,Miss_Mookie,Clothing & Accessories,B00T7U6FDK,B06W9M6KBM
65,65,AHPLKLTGTW2OEIXGWJVJOS4TOJRQ,"August 13, 2018",good quality!,item just as described! good quality!,yes,0,3.0,https://www.amazon.ca/GILLETTS-Cream-of-Tartar-113G/dp/B06XR8D284/ref=cm_cr_srp_d_product_top?ie=UTF8,2020-10-01 00:17:32.744429,2020-10-01 00:17:39.038408,Miss_Mookie,Clothing & Accessories,B00T7U6FDK,B06XR8D284
66,66,AHPLKLTGTW2OEIXGWJVJOS4TOJRQ,"August 13, 2018",good quality!,item just as described! good quality!,yes,0,4.0,https://www.amazon.ca/Childrens-Yellow-Cubic-Zirconia-Earrings/dp/B00NGZLJZG/ref=cm_cr_srp_d_product_top?ie=UTF8,2020-10-01 00:17:46.129399,2020-10-01 00:17:54.410423,Miss_Mookie,Clothing & Accessories,B00T7U6FDK,B00NGZLJZG
67,67,AHPLKLTGTW2OEIXGWJVJOS4TOJRQ,"August 13, 2018",good quality!,item just as described! good quality!,yes,0,5.0,https://www.amazon.ca/Pete-Cat-at-Beach/dp/0062110721/ref=cm_cr_srp_d_product_top?ie=UTF8,2020-10-01 00:18:03.504132,2020-10-01 00:18:12.795085,Miss_Mookie,Clothing & Accessories,B00T7U6FDK,0062110721
68,68,AHPLKLTGTW2OEIXGWJVJOS4TOJRQ,"August 13, 2018",good quality!,item just as described! good quality!,yes,0,5.0,https://www.amazon.ca/Happy-Retirement-You-Guest-Book/dp/1987631161/ref=cm_cr_srp_d_product_top?ie=UTF8,2020-10-01 00:18:20.903156,2020-10-01 00:18:28.223562,Miss_Mookie,Clothing & Accessories,B00T7U6FDK,1987631161
69,69,AHPLKLTGTW2OEIXGWJVJOS4TOJRQ,"August 13, 2018",good quality!,item just as described! good quality!,yes,0,5.0,https://www.amazon.ca/Premium-Quality-Silicone-42x29-5-Approved/dp/B078J4NJK4/ref=cm_cr_srp_d_product_top?ie=UTF8,2020-10-01 00:18:37.344452,2020-10-01 00:18:46.787176,Miss_Mookie,Clothing & Accessories,B00T7U6FDK,B078J4NJK4
70,70,AHPLKLTGTW2OEIXGWJVJOS4TOJRQ,"August 13, 2018",good quality!,item just as described! good quality!,yes,0,4.0,https://www.amazon.ca/Yupik-Organic-Whole-Psyllium-95-Percent/dp/B01DA21NO6/ref=cm_cr_srp_d_product_top?ie=UTF8,2020-10-01 00:18:54.903543,2020-10-01 00:19:03.360506,Miss_Mookie,Clothing & Accessories,B00T7U6FDK,B01DA21NO6
71,71,AHPLKLTGTW2OEIXGWJVJOS4TOJRQ,"August 13, 2018",good quality!,item just as described! good quality!,yes,0,5.0,https://www.amazon.ca/Portable-Carrier-Shoulder-Hands-Free-Outdoor/dp/B075D6H2DX/ref=cm_cr_srp_d_product_top?ie=UTF8,2020-10-01 00:19:11.477342,2020-10-01 00:19:20.802872,Miss_Mookie,Clothing & Accessories,B00T7U6FDK,B075D6H2DX
72,72,AHPLKLTGTW2OEIXGWJVJOS4TOJRQ,"August 13, 2018",good quality!,item just as described! good quality!,yes,0,5.0,https://www.amazon.ca/PUMA-Duplex-Running-Shoe-Black/dp/B01A829SZC/ref=cm_cr_srp_d_product_top?ie=UTF8,2020-10-01 00:19:27.900772,2020-10-01 00:19:37.624744,Miss_Mookie,Clothing & Accessories,B00T7U6FDK,B01A829SZC
73,73,AHPLKLTGTW2OEIXGWJVJOS4TOJRQ,"August 13, 2018",good quality!,item just as described! good quality!,yes,0,5.0,https://www.amazon.ca/Womens-Fuzzy-Delight-Indoor-Slippers/dp/B0159BIAK6/ref=cm_cr_srp_d_product_top?ie=UTF8,2020-10-01 00:19:47.736207,2020-10-01 00:19:56.055295,Miss_Mookie,Clothing & Accessories,B00T7U6FDK,B0159BIAK6
74,74,AHPLKLTGTW2OEIXGWJVJOS4TOJRQ,"August 13, 2018",One Star,"not a true size, disappointed",yes,0,1.0,https://www.amazon.ca/Dreamgirl-Womens-Fishnet-Thigh-Black/dp/B000ZHFGGQ/ref=cm_cr_srp_d_product_top?ie=UTF8,2020-10-01 00:20:05.153044,2020-10-01 00:20:12.433361,Miss_Mookie,Clothing & Accessories,B00T7U6FDK,B000ZHFGGQ
75,75,AHPLKLTGTW2OEIXGWJVJOS4TOJRQ,"August 13, 2018",good quality!,item just as described! good quality!,yes,0,5.0,https://www.amazon.ca/Skullcandy-Inkd-S2IKDY-133-Earbuds-Black/dp/B0071369M2/ref=cm_cr_srp_d_product_top?ie=UTF8,2020-10-01 00:20:19.530181,2020-10-01 00:20:25.865272,Miss_Mookie,Clothing & Accessories,B00T7U6FDK,B0071369M2
76,76,AHPLKLTGTW2OEIXGWJVJOS4TOJRQ,"August 13, 2018",super fast shipping,item just as described! super fast shipping!,yes,0,5.0,https://www.amazon.ca/Company-Animals-HALTI-Retractable-Black/dp/B01EAQDV4G/ref=cm_cr_srp_d_product_top?ie=UTF8,2020-10-01 00:20:34.964365,2020-10-01 00:20:44.460004,Miss_Mookie,Clothing & Accessories,B00T7U6FDK,B01EAQDV4G
77,77,AHPLKLTGTW2OEIXGWJVJOS4TOJRQ,"August 13, 2018",super fast shipping,item just as described! super fast shipping!,yes,0,5.0,https://www.amazon.ca/Andis-4521-Replacement-Trimmer-Blade/dp/B0006ZTEQK/ref=cm_cr_srp_d_product_top?ie=UTF8,2020-10-01 00:20:54.540439,2020-10-01 00:21:03.810101,Miss_Mookie,Clothing & Accessories,B00T7U6FDK,B0006ZTEQK
78,78,AHPLKLTGTW2OEIXGWJVJOS4TOJRQ,"August 13, 2018",super fast shipping,item just as described! super fast shipping!,yes,0,5.0,https://www.amazon.ca/Little-Buddy-Super-Mario-9-Inch/dp/B0050QOCMQ/ref=cm_cr_srp_d_product_top?ie=UTF8,2020-10-01 00:21:12.922195,2020-10-01 00:21:19.243733,Miss_Mookie,Clothing & Accessories,B00T7U6FDK,B0050QOCMQ
79,79,AHPLKLTGTW2OEIXGWJVJOS4TOJRQ,"August 13, 2018",great,my baby loves it! great product,yes,0,5.0,https://www.amazon.ca/Uncle-Milton-2063-Rainbow-Room/dp/B000TK8440/ref=cm_cr_srp_d_product_top?ie=UTF8,2020-10-01 00:21:29.335777,2020-10-01 00:21:35.631282,Miss_Mookie,Clothing & Accessories,B00T7U6FDK,B000TK8440
80,80,AHPLKLTGTW2OEIXGWJVJOS4TOJRQ,"July 26, 2018",Beautiful dress!,Great product and great seller!! :),yes,0,5.0,https://www.amazon.ca/Dresses-Wedding-Cocktail-Bridemaid-dresses/dp/B075M968T8/ref=cm_cr_srp_d_product_top?ie=UTF8,2020-10-01 00:21:42.714388,2020-10-01 00:21:50.015723,Miss_Mookie,Clothing & Accessories,B00T7U6FDK,B075M968T8
81,81,AHPLKLTGTW2OEIXGWJVJOS4TOJRQ,"July 26, 2018",Happy customer here!,Good product! Good seller!,yes,0,4.0,https://www.amazon.ca/Mpow-Holder-Telephone-Rotation-Samsung/dp/B01MDRT3L5/ref=cm_cr_srp_d_product_top?ie=UTF8,2020-10-01 00:22:00.113692,2020-10-01 00:22:08.427057,Miss_Mookie,Clothing & Accessories,B00T7U6FDK,B01MDRT3L5
82,82,AHPLKLTGTW2OEIXGWJVJOS4TOJRQ,"July 26, 2018","Great product, great seller! :)","Good product, great seller! Happy customer here!",yes,0,5.0,https://www.amazon.ca/Be-Active-Natures-Pillows-Unisex/dp/B00NIYHR0Q/ref=cm_cr_srp_d_product_top?ie=UTF8,2020-10-01 00:22:17.534536,2020-10-01 00:22:25.891621,Miss_Mookie,Clothing & Accessories,B00T7U6FDK,B00NIYHR0Q
83,83,AHPLKLTGTW2OEIXGWJVJOS4TOJRQ,"July 26, 2018","Great product, great seller! :)",Happy customer here! AMAZING PRODUCT!,yes,0,5.0,https://www.amazon.ca/Outus-Fabric-Fusing-Adhesive-Iron/dp/B06X6GRDNG/ref=cm_cr_srp_d_product_top?ie=UTF8,2020-10-01 00:22:34.991030,2020-10-01 00:22:42.275014,Miss_Mookie,Clothing & Accessories,B00T7U6FDK,B06X6GRDNG
84,84,AHPLKLTGTW2OEIXGWJVJOS4TOJRQ,"July 26, 2018","Great product, great seller! :)",Beautiful product! Happy customer here!,yes,0,5.0,https://www.amazon.ca/Soulen-201810221558-Silicone-Bracelet-Replacement/dp/B076ZD8X7H/ref=cm_cr_srp_d_product_top?ie=UTF8,2020-10-01 00:22:51.381838,2020-10-01 00:22:58.778163,Miss_Mookie,Clothing & Accessories,B00T7U6FDK,B076ZD8X7H
85,85,AHPLKLTGTW2OEIXGWJVJOS4TOJRQ,"July 26, 2018","Great product, great seller! :)",Beautiful product! Happy customer here!,yes,0,5.0,https://www.amazon.ca/Dreampark-Keychain-Pillows-Decorations-Supplies/dp/B01MTNABT4/ref=cm_cr_srp_d_product_top?ie=UTF8,2020-10-01 00:23:06.868717,2020-10-01 00:23:15.169848,Miss_Mookie,Clothing & Accessories,B00T7U6FDK,B01MTNABT4
86,86,AHPLKLTGTW2OEIXGWJVJOS4TOJRQ,"July 26, 2018","Great product, great seller! :)","Great product, happy customer here!",yes,One,5.0,https://www.amazon.ca/Preferred-Nutrition-Berb%C3%A9rine-500-Vcaps/dp/B01CO4GQQG/ref=cm_cr_srp_d_product_top?ie=UTF8,2020-10-01 00:23:25.248945,2020-10-01 00:23:34.620054,Miss_Mookie,Clothing & Accessories,B00T7U6FDK,B01CO4GQQG
87,87,AHPLKLTGTW2OEIXGWJVJOS4TOJRQ,"July 26, 2018",Beautiful product! Happy customer here!,Beautiful product! Happy customer here!,yes,0,4.0,https://www.amazon.ca/No-Longer-Available/dp/B0759RSP4S/ref=cm_cr_srp_d_product_top?ie=UTF8,2020-10-01 00:23:43.725782,2020-10-01 00:23:52.046427,Miss_Mookie,Clothing & Accessories,B00T7U6FDK,B0759RSP4S
88,88,AHPLKLTGTW2OEIXGWJVJOS4TOJRQ,"July 26, 2018","Great product, great seller! :)",Beautiful product! Happy customer here!,yes,0,5.0,https://www.amazon.ca/Vantextile-Decorative-Pillowcase-100-Polyester-Breathable/dp/B01N98YSN2/ref=cm_cr_srp_d_product_top?ie=UTF8,2020-10-01 00:23:59.150549,2020-10-01 00:24:07.443443,Miss_Mookie,Clothing & Accessories,B00T7U6FDK,B01N98YSN2
89,89,AHPLKLTGTW2OEIXGWJVJOS4TOJRQ,"July 26, 2018","Great product, great seller! :)",Beautiful product! Happy customer here!,yes,0,5.0,https://www.amazon.ca/Extra-Large-Organizer-Divided-Compartments/dp/B00CFM9QLA/ref=cm_cr_srp_d_product_top?ie=UTF8,2020-10-01 00:24:17.554750,2020-10-01 00:24:23.895914,Miss_Mookie,Clothing & Accessories,B00T7U6FDK,B00CFM9QLA
90,90,AHPLKLTGTW2OEIXGWJVJOS4TOJRQ,"July 26, 2018","Great product, great seller! :)",Beautiful product! Happy customer here!,yes,0,4.0,https://www.amazon.ca/Beauty-Angelbella-Extension-Synthetic-Hairpiece/dp/B06Y1R6C7H/ref=cm_cr_srp_d_product_top?ie=UTF8,2020-10-01 00:24:32.994593,2020-10-01 00:24:40.307154,Miss_Mookie,Clothing & Accessories,B00T7U6FDK,B06Y1R6C7H
91,91,AHPLKLTGTW2OEIXGWJVJOS4TOJRQ,"July 26, 2018","Great product, great seller! :)",Beautiful product! Happy customer here!,yes,0,4.0,https://www.amazon.ca/LEECOCO-Shockproof-Protective-Defender-Motorola/dp/B073TW8TKH/ref=cm_cr_srp_d_product_top?ie=UTF8,2020-10-01 00:24:49.416529,2020-10-01 00:24:57.718133,Miss_Mookie,Clothing & Accessories,B00T7U6FDK,B073TW8TKH
92,92,AHPLKLTGTW2OEIXGWJVJOS4TOJRQ,"July 26, 2018","Great product, great seller! :)",Beautiful product! Happy customer here!,yes,0,4.0,https://www.amazon.ca/Veet-Natural-Inspirations-Removal-Precision/dp/B00I7PUVKY/ref=cm_cr_srp_d_product_top?ie=UTF8,2020-10-01 00:25:04.815955,2020-10-01 00:25:12.115554,Miss_Mookie,Clothing & Accessories,B00T7U6FDK,B00I7PUVKY
93,93,AHPLKLTGTW2OEIXGWJVJOS4TOJRQ,"July 26, 2018",Not as described. Shipping took 2 mos,Fabric was very stiff and didn't flow well. Shipping took almost 2 mos. Disappointed customer here.,yes,0,3.0,https://www.amazon.ca/Chiffon-Curtains-Bedroom-Curtain-Decoration/dp/B01MXKK15E/ref=cm_cr_srp_d_product_top?ie=UTF8,2020-10-01 00:25:20.211392,2020-10-01 00:25:28.629819,Miss_Mookie,Clothing & Accessories,B00T7U6FDK,B01MXKK15E
94,94,AHPLKLTGTW2OEIXGWJVJOS4TOJRQ,"July 26, 2018","Great product, great seller! :)",Beautiful product! Happy customer here!,yes,0,5.0,https://www.amazon.ca/amazing-teacher-difficult-impossible-forget/dp/1719516235/ref=cm_cr_srp_d_product_top?ie=UTF8,2020-10-01 00:25:36.729538,2020-10-01 00:25:45.022062,Miss_Mookie,Clothing & Accessories,B00T7U6FDK,1719516235
95,95,AHPLKLTGTW2OEIXGWJVJOS4TOJRQ,"March 18, 2018",Five Stars,Great product,yes,0,5.0,https://www.amazon.ca/Magnetic-Phone-Holder-360%C2%B0-Rotation/dp/B00Q8XGLA6/ref=cm_cr_srp_d_product_top?ie=UTF8,2020-10-01 00:25:54.113115,2020-10-01 00:26:02.533436,Miss_Mookie,Clothing & Accessories,B00T7U6FDK,B00Q8XGLA6
96,96,AHPLKLTGTW2OEIXGWJVJOS4TOJRQ,"March 5, 2018",Super fast proper charge!,Amazing product! Charges super fast!,yes,0,5.0,https://www.amazon.ca/Samsung-Galaxy-Google-Nexus-EP-TA10JWE-ETA-U90JWE-Adapter-Power-Cord/dp/B00JPQ8RZK/ref=cm_cr_srp_d_product_top?ie=UTF8,2020-10-01 00:26:12.628287,2020-10-01 00:26:21.919361,Miss_Mookie,Clothing & Accessories,B00T7U6FDK,B00JPQ8RZK
97,97,AHPLKLTGTW2OEIXGWJVJOS4TOJRQ,"March 2, 2018",Five Stars,"Item just as described, lightning fast shipping!",yes,One,5.0,https://www.amazon.ca/Amberta-Sterling-Silver-Prince-Wales/dp/B01N5RK65Z/ref=cm_cr_srp_d_product_top?ie=UTF8,2020-10-01 00:26:29.014826,2020-10-01 00:26:36.344274,Miss_Mookie,Clothing & Accessories,B00T7U6FDK,B01N5RK65Z
98,98,AHPLKLTGTW2OEIXGWJVJOS4TOJRQ,"January 12, 2018",Five Stars,Such a fun and useful speaker! Love it! :),yes,0,5.0,https://www.amazon.ca/Flexy-Wireless-Bluetooth-Resistant-anywhere/dp/B01KMRSVQA/ref=cm_cr_srp_d_product_top?ie=UTF8,2020-10-01 00:26:44.450417,2020-10-01 00:26:50.731361,Miss_Mookie,Clothing & Accessories,B00T7U6FDK,B01KMRSVQA
99,99,AHPLKLTGTW2OEIXGWJVJOS4TOJRQ,"May 19, 2017",Five Stars,Great transaction with lightning fast shipping! Product just as described!,yes,0,5.0,https://www.amazon.ca/STUFF4-Motorola-Nintendo-Console-Collection/dp/B01MXPGLC4/ref=cm_cr_srp_d_product_top?ie=UTF8,2020-10-01 00:27:00.832696,2020-10-01 00:27:08.126022,Miss_Mookie,Clothing & Accessories,B00T7U6FDK,B01MXPGLC4
100,100,AHPLKLTGTW2OEIXGWJVJOS4TOJRQ,"May 19, 2017",Two Stars,Size runs smaller than the listed size. Buy lighting fast shipping!,yes,0,2.0,https://www.amazon.ca/PUMA-Smash-JR-Running-Black/dp/B010NLZQYU/ref=cm_cr_srp_d_product_top?ie=UTF8,2020-10-01 00:27:16.222254,2020-10-01 00:27:22.525945,Miss_Mookie,Clothing & Accessories,B00T7U6FDK,B010NLZQYU
101,101,AHPLKLTGTW2OEIXGWJVJOS4TOJRQ,"May 19, 2017",Five Stars,Great transaction! Product just as described! Thank you,yes,0,5.0,https://www.amazon.ca/AIZHE-Fluffy-Cartoon-Unicorn-Slippers/dp/B01N56ZNDE/ref=cm_cr_srp_d_product_top?ie=UTF8,2020-10-01 00:27:32.613129,2020-10-01 00:27:41.897288,Miss_Mookie,Clothing & Accessories,B00T7U6FDK,B01N56ZNDE
102,102,AHPLKLTGTW2OEIXGWJVJOS4TOJRQ,"January 6, 2017",Four Stars,"Great product, fast shipping! Thank you! :)",yes,0,5.0,https://www.amazon.ca/Moto-DWaybox-Motorola-Droid-XT1635/dp/B01MXY54U0/ref=cm_cr_srp_d_product_top?ie=UTF8,2020-10-01 00:27:51.004322,2020-10-01 00:27:57.403934,Miss_Mookie,Clothing & Accessories,B00T7U6FDK,B01MXY54U0
103,103,AHPLKLTGTW2OEIXGWJVJOS4TOJRQ,"December 26, 2016",Four Stars,"Good product, super fast shipping!! Thank you!",yes,0,4.0,https://www.amazon.ca/Mounting-Dream-Articulating-400x400mm-MD2377/dp/B00QOOZ4DE/ref=cm_cr_srp_d_product_top?ie=UTF8,2020-10-01 00:28:06.498862,2020-10-01 00:28:14.777195,Miss_Mookie,Clothing & Accessories,B00T7U6FDK,B00QOOZ4DE
