,Unnamed: 0,author_id,date_review_posted,review_title,reviews,verified_purchase,people_find_helpful,ratings,product_url,start,end,reviewer_name,product_category,product_id,subproduct_id
0,0,AHRP7F5464XFWOLQKFFHHB57UNMA,"August 11, 2020",All I need and more,"Great product for the price. I am more than pleased with the quality and durability. Wouldn’t consider military grade but it’s thick, lots of padding and nice extra pocket space for accessories and charger.",yes,0,4.0,https://www.amazon.ca/tomtoc-Protection-2018-2019-Organized-Accessories/dp/B07P8M31FS/ref=cm_cr_srp_d_product_top?ie=UTF8,2020-09-18 20:39:34.447783,2020-09-18 20:39:40.733191,Reggie,Clothing & Accessories,B002G9UDYG,B07P8M31FS
1,1,AHRP7F5464XFWOLQKFFHHB57UNMA,"August 11, 2020","Quality is ok, was expecting a little more tho.",Sunglasses are decent. The lens is reflective so you won’t see your eyes. I wish they were slightly bigger and covered my eyes more. The frame does not seem very durable.,yes,One,3.0,https://www.amazon.ca/NUOBESTY-Fashion-Sunglasses-Glasses-Eyeglasses/dp/B0861S3DQQ/ref=cm_cr_srp_d_product_top?ie=UTF8,2020-09-18 20:39:47.823808,2020-09-18 20:39:56.079914,Reggie,Clothing & Accessories,B002G9UDYG,B0861S3DQQ
2,2,AHRP7F5464XFWOLQKFFHHB57UNMA,"July 31, 2020",Great product that’s worth more than it’s price.,"Great scale, if your feet are size 11 or more you should definitely get this model and not the smaller white one. I love the colour and back lit screen. This device takes AA batteries, if I could change anything I’d like it to be a us rechargeable model but. I’m so happy with the accuracy and general performance/quality that I couldn’t give it any less than 5 stars.",yes,0,5.0,https://www.amazon.ca/Etekcity-Bluetooth-Body-Fat-Scale/dp/B07FN8PD3Q/ref=cm_cr_srp_d_product_top?ie=UTF8,2020-09-18 20:40:06.171943,2020-09-18 20:40:14.482043,Reggie,Clothing & Accessories,B002G9UDYG,B07FN8PD3Q
3,3,AHRP7F5464XFWOLQKFFHHB57UNMA,"July 11, 2020",Not worth it,The actually writing is crisp and clean but the floral print around it is so dull and blurry. Was a total disappointment and do not recommend for anyone. Feels very cheap too,yes,0,1.0,https://www.amazon.ca/80th-Birthday-Gifts-Women-Pillowcases/dp/B0849XZ1ZP/ref=cm_cr_srp_d_product_top?ie=UTF8,2020-09-18 20:40:21.572372,2020-09-18 20:40:29.831013,Reggie,Clothing & Accessories,B002G9UDYG,B0849XZ1ZP
4,4,AHRP7F5464XFWOLQKFFHHB57UNMA,"May 10, 2020",Fun colours and protective enough,Big fan of the mint green Color. I dropped my case once and gave it a little scratch. Paying the low price for this case is worth it for sure,yes,0,4.0,https://www.amazon.ca/elago-Silicone-Designed-Apple-AirPods/dp/B07Y98DF6S/ref=cm_cr_srp_d_product_top?ie=UTF8,2020-09-18 20:40:36.925885,2020-09-18 20:40:44.156675,Reggie,Clothing & Accessories,B002G9UDYG,B07Y98DF6S
5,5,AHRP7F5464XFWOLQKFFHHB57UNMA,"May 10, 2020",Great quality and great price,Couldn’t ask for more! Price is great and everything seems to be great quality,yes,0,5.0,https://www.amazon.ca/Cable-Matters-Certified-Aluminum-Lightning/dp/B07WW8HWBT/ref=cm_cr_srp_d_product_top?ie=UTF8,2020-09-18 20:40:51.248677,2020-09-18 20:41:00.516918,Reggie,Clothing & Accessories,B002G9UDYG,B07WW8HWBT
6,6,AHRP7F5464XFWOLQKFFHHB57UNMA,"May 10, 2020",Great but may have issues,Love it! The only issue I have is I’m concerned this won’t be compatible with cases that hole the pen while it charges,yes,One,4.0,https://www.amazon.ca/Ankersaila-Compatible-Generation-Protective-Silicone/dp/B085N4KQMS/ref=cm_cr_srp_d_product_top?ie=UTF8,2020-09-18 20:41:08.600032,2020-09-18 20:41:15.839620,Reggie,Clothing & Accessories,B002G9UDYG,B085N4KQMS
7,7,AHRP7F5464XFWOLQKFFHHB57UNMA,"May 9, 2020",Little too pricy but it’s nice,It’s a nice headband. Might cost a little more than it’s actually worth but it fits good and has a nice thick rubber elastic in the middle,yes,0,4.0,https://www.amazon.ca/Sports-Headband-Headbands-Sweatband-Sweatbands/dp/B07F7NGWCC/ref=cm_cr_srp_d_product_top?ie=UTF8,2020-09-18 20:41:23.929736,2020-09-18 20:41:32.166684,Reggie,Clothing & Accessories,B002G9UDYG,B07F7NGWCC
8,8,AHRP7F5464XFWOLQKFFHHB57UNMA,"May 9, 2020",Good for the price,From the images it looks almost like a fake leather front. It is plastic feeling but doesn’t feel that cheap. Doesn’t feel too durable either. Good for the price but if you want to protect your $1400+ iPad Pro I’d consider looking at more high end models. This case will be a good start but I’ll def upgrade down the road.,yes,0,3.0,https://www.amazon.ca/ESR-2020-Lightweight-Supports-Generation/dp/B083R84Z13/ref=cm_cr_srp_d_product_top?ie=UTF8,2020-09-18 20:41:40.261504,2020-09-18 20:41:49.519631,Reggie,Clothing & Accessories,B002G9UDYG,B083R84Z13
9,9,AHRP7F5464XFWOLQKFFHHB57UNMA,"January 13, 2020",Good but long,"Quality seems fine. Hat is longer than pictured. You gotta do some adjusting and playing around to make it for right, otherwise it looks real goofy.",yes,0,3.0,https://www.amazon.ca/Carhartt-Acrylic-Watch-Black-Size/dp/B002G9UDYG/ref=cm_cr_srp_d_product_top?ie=UTF8,2020-09-18 20:41:57.608338,2020-09-18 20:42:06.919354,Reggie,Clothing & Accessories,B002G9UDYG,B002G9UDYG
10,10,AHRP7F5464XFWOLQKFFHHB57UNMA,"October 8, 2019",Looks nice and shiny,"Product is nice, the chain that it comes on is cheap and looked like it will break easily. Ordered a better chain to wear with it.",yes,0,4.0,https://www.amazon.ca/Stainless-Steel-Pendant-Necklace-inches/dp/B07BNJWBBM/ref=cm_cr_srp_d_product_top?ie=UTF8,2020-09-18 20:42:15.010065,2020-09-18 20:42:21.337617,Reggie,Clothing & Accessories,B002G9UDYG,B07BNJWBBM
11,11,AHRP7F5464XFWOLQKFFHHB57UNMA,"October 8, 2019","Fits small, quality is good.","Quality is good, fits smaller than expected. Normally wear Large. Had to get XL and almost snug on the legs. Hangs quite lpwnon crotch area. Feels nice and soft and is cute.",yes,0,4.0,https://www.amazon.ca/Honeystore-Pajamas-Halloween-Costume-Cosplay/dp/B013Q65J7I/ref=cm_cr_srp_d_product_top?ie=UTF8,2020-09-18 20:42:31.430998,2020-09-18 20:42:38.693638,Reggie,Clothing & Accessories,B002G9UDYG,B013Q65J7I
12,12,AHRP7F5464XFWOLQKFFHHB57UNMA,"September 25, 2019",*ORDER SIZE LARGER THAN YOU USUALLY WEAR*,"Quality is fine for the price paid, also arrived way earlier then estimated time.",yes,2,4.0,https://www.amazon.ca/Beautyfine-Leopard-Jacket-Outwear-Cardigan/dp/B07HG8TYTL/ref=cm_cr_srp_d_product_top?ie=UTF8,2020-09-18 20:42:47.786061,2020-09-18 20:42:54.051459,Reggie,Clothing & Accessories,B002G9UDYG,B07HG8TYTL
13,13,AHRP7F5464XFWOLQKFFHHB57UNMA,"September 18, 2019","Mediocre, but good enough for a costume.","Stitching on the emblem was already coming off as I pulled out of package. Does not have good shape on top.

Good enough if you just want it as a gag or costume. But if you want the. Real deal or anything close to high quality, you will regret this item.",yes,0,2.0,https://www.amazon.ca/Jacobson-Hat-Company-Adult-Yacht/dp/B0042L6D90/ref=cm_cr_srp_d_product_top?ie=UTF8,2020-09-18 20:43:02.138778,2020-09-18 20:43:11.405582,Reggie,Clothing & Accessories,B002G9UDYG,B0042L6D90
