,Unnamed: 0,author_id,date_review_posted,review_title,reviews,verified_purchase,people_find_helpful,ratings,product_url,start,end,reviewer_name,product_category,product_id,subproduct_id
0,0,AHT6UXGRKKPQE6U2R6YSWK2M5CAA,"April 29, 2020",Strong Case,"Lasted me for my entire lifetime of my iPhone 7 Plus. If you break it you can email them for a replacement, but you have to pay a small fee for shipping I believe, so roughly $5-10. I got replacements twice, which gives great value as Otter Box is a good company for customer support.",yes,0,4.0,https://www.amazon.ca/OtterBox-COMMUTER-Case-iPhone-Plus/dp/B01K6PBJZS/ref=cm_cr_srp_d_product_top?ie=UTF8,2020-09-30 00:44:39.362199,2020-09-30 00:44:46.803373,Benson Lin,Clothing & Accessories,B002G9UDYG,B01K6PBJZS
1,1,AHT6UXGRKKPQE6U2R6YSWK2M5CAA,"April 29, 2020",Cool Product,Interesting idea to put detergent in a wand. Give it a try.,yes,0,4.0,https://www.amazon.ca/Scotch-Brite-Heavy-Dishwand-Refills/dp/B00565V2W4/ref=cm_cr_srp_d_product_top?ie=UTF8,2020-09-30 00:44:53.934475,2020-09-30 00:45:00.239903,Benson Lin,Clothing & Accessories,B002G9UDYG,B00565V2W4
2,2,AHT6UXGRKKPQE6U2R6YSWK2M5CAA,"April 29, 2020",Decent Headphones,"Not great, definitely better options. The main issue with this headphone is the ear cushioning is horrible. Long wear can make your ears extremely painful. I rather use speakers than this nowadays. Mic is ok, sometimes quiet, everything else is alright.",yes,0,3.0,https://www.amazon.ca/HyperX-Headset-Nintendo-HX-HSCA-RD-AM/dp/B074NBSF9N/ref=cm_cr_srp_d_product_top?ie=UTF8,2020-09-30 00:45:08.368701,2020-09-30 00:45:14.768571,Benson Lin,Clothing & Accessories,B002G9UDYG,B074NBSF9N
3,3,AHT6UXGRKKPQE6U2R6YSWK2M5CAA,"April 29, 2020",Good quality highlighters,Lasted me all of high school.,yes,0,4.0,https://www.amazon.ca/Sharpie-Highlighter-4-Carded-Fluorescent-25174PP/dp/B001MSD8C6/ref=cm_cr_srp_d_product_top?ie=UTF8,2020-09-30 00:45:22.889013,2020-09-30 00:45:32.342418,Benson Lin,Clothing & Accessories,B002G9UDYG,B001MSD8C6
4,4,AHT6UXGRKKPQE6U2R6YSWK2M5CAA,"April 29, 2020",A little underwhelming,"I thought it would be more soft on the tongue, but often I get some blood on my tongue from using this. It's alright, there's better scrapers that offer pads for the tongue.",yes,0,4.0,https://www.amazon.ca/Kosha-Ayurveda-Surgical-Flexible-Comfortable/dp/B078BTMSTB/ref=cm_cr_srp_d_product_top?ie=UTF8,2020-09-30 00:45:42.448239,2020-09-30 00:45:49.857321,Benson Lin,Clothing & Accessories,B002G9UDYG,B078BTMSTB
5,5,AHT6UXGRKKPQE6U2R6YSWK2M5CAA,"April 29, 2020","Good Quality, but Smaller than I thought","This is a good quality plush, but it was smaller than I thought. I bought it as a gift to a friend, should be a decent gift option.",yes,0,3.0,https://www.amazon.ca/Aurora-10-Inch-Miyoni-Stuffed-Animal/dp/B006UPHOTE/ref=cm_cr_srp_d_product_top?ie=UTF8,2020-09-30 00:45:57.968925,2020-09-30 00:46:06.414944,Benson Lin,Clothing & Accessories,B002G9UDYG,B006UPHOTE
6,6,AHT6UXGRKKPQE6U2R6YSWK2M5CAA,"April 29, 2020",Overpriced for what it offers,"Product works fine, but it's so overpriced for this. Barely used it and the entire bottle is near empty.",yes,0,3.0,https://www.amazon.ca/EMPACK-EMP47020-Duster-500-295-74-Moisture-Free/dp/B007Z7OK3Y/ref=cm_cr_srp_d_product_top?ie=UTF8,2020-09-30 00:46:16.529057,2020-09-30 00:46:24.939782,Benson Lin,Clothing & Accessories,B002G9UDYG,B007Z7OK3Y
7,7,AHT6UXGRKKPQE6U2R6YSWK2M5CAA,"April 29, 2020",Reliable Sharpies,Regular old sharpie does the job.,yes,0,5.0,https://www.amazon.ca/Sharpie-Marker-Permanent-2-Carded-30162PP/dp/B000QYLCWK/ref=cm_cr_srp_d_product_top?ie=UTF8,2020-09-30 00:46:34.034496,2020-09-30 00:46:42.364959,Benson Lin,Clothing & Accessories,B002G9UDYG,B000QYLCWK
8,8,AHT6UXGRKKPQE6U2R6YSWK2M5CAA,"April 29, 2020",Great Short Read,If you want a quick read pick up this book. It's a good length and has an interesting plot. Would recommend to read if you never have before.,yes,0,5.0,https://www.amazon.ca/Fahrenheit-451-Novel-Ray-Bradbury/dp/1451673264/ref=cm_cr_srp_d_product_top?ie=UTF8,2020-09-30 00:46:51.462381,2020-09-30 00:46:59.908007,Benson Lin,Clothing & Accessories,B002G9UDYG,1451673264
9,9,AHT6UXGRKKPQE6U2R6YSWK2M5CAA,"April 29, 2020",Great Product,This is one of the best. Can't go wrong.,yes,0,5.0,https://www.amazon.ca/Vaseline-Lip-Therapy-Cocoa-17g/dp/B01ARS4NAW/ref=cm_cr_srp_d_product_top?ie=UTF8,2020-09-30 00:47:10.029187,2020-09-30 00:47:19.400246,Benson Lin,Clothing & Accessories,B002G9UDYG,B01ARS4NAW
10,10,AHT6UXGRKKPQE6U2R6YSWK2M5CAA,"April 29, 2020",Good for your turtles,This a good product for turtles that need a nice basking area. Issues with this product is that the suction sometimes comes off and the plastics might break. They do however offer a few extra replacements which is wonderful. Would recommend.,yes,0,4.0,https://www.amazon.ca/Penn-Plax-Decorative-Floating-Basking-Platform/dp/B004PBCFG2/ref=cm_cr_srp_d_product_top?ie=UTF8,2020-09-30 00:47:28.514017,2020-09-30 00:47:34.940211,Benson Lin,Clothing & Accessories,B002G9UDYG,B004PBCFG2
11,11,AHT6UXGRKKPQE6U2R6YSWK2M5CAA,"April 29, 2020",Good Tool,"Useful tool, but takes a long time to ship, coming from China I believe. Everything came as it is, good quality.",yes,0,5.0,https://www.amazon.ca/Zacro-Precision-Screwdriver-Samsung-Computer/dp/B079P3C7KQ/ref=cm_cr_srp_d_product_top?ie=UTF8,2020-09-30 00:47:42.047346,2020-09-30 00:47:49.478317,Benson Lin,Clothing & Accessories,B002G9UDYG,B079P3C7KQ
12,12,AHT6UXGRKKPQE6U2R6YSWK2M5CAA,"August 15, 2019",Horrible do not buy,Product broke when collapsing. There’s a hole in the straw and the metal parts came off.,yes,0,1.0,https://www.amazon.ca/dp/B07T5YVHL8/ref=cm_cr_srp_d_product_top?ie=UTF8,2020-09-30 00:47:56.603239,2020-09-30 00:48:05.955098,Benson Lin,Clothing & Accessories,B002G9UDYG,B07T5YVHL8
13,13,AHT6UXGRKKPQE6U2R6YSWK2M5CAA,"June 24, 2019","Pretty Damn Good, but Pricey","The quality is top notch, might be a little difficult to put on at first but just rub it in. The case feels nice in the hand and the top piece stays attached. Personally, the grey colour is the best as the black version is a little bit ugly.

Get the grey one, and yes it's worth even though it's pricey.",yes,One,5.0,https://www.amazon.ca/Protective-Airpods-Shock-Proof-Charging/dp/B07FY99CLF/ref=cm_cr_srp_d_product_top?ie=UTF8,2020-09-30 00:48:13.051882,2020-09-30 00:48:21.479540,Benson Lin,Clothing & Accessories,B002G9UDYG,B07FY99CLF
14,14,AHT6UXGRKKPQE6U2R6YSWK2M5CAA,"May 29, 2019",Its ok,Honestly its ok but i expect it to break within a year. Razer stuff is just low quality,yes,0,4.0,https://www.amazon.ca/Razer-DeathAdder-Elite-Mechanical-Ergonomic/dp/B01LXC1QL0/ref=cm_cr_srp_d_product_top?ie=UTF8,2020-09-30 00:48:29.596186,2020-09-30 00:48:39.037527,Benson Lin,Clothing & Accessories,B002G9UDYG,B01LXC1QL0
15,15,AHT6UXGRKKPQE6U2R6YSWK2M5CAA,"May 29, 2019",Great,Cant go wrong with this,yes,0,5.0,https://www.amazon.ca/Tetra-ReptoMin-Sticks-10-59-1L/dp/B00025640S/ref=cm_cr_srp_d_product_top?ie=UTF8,2020-09-30 00:48:48.160845,2020-09-30 00:48:55.580454,Benson Lin,Clothing & Accessories,B002G9UDYG,B00025640S
16,16,AHT6UXGRKKPQE6U2R6YSWK2M5CAA,"May 29, 2019",Great,My turtle wants to eat these all the time sometimes makes them greedy tho,yes,One,5.0,https://www.amazon.ca/Zoo-Med-Dried-Shrimp-5-Ounce/dp/B0027JCRVW/ref=cm_cr_srp_d_product_top?ie=UTF8,2020-09-30 00:49:04.693931,2020-09-30 00:49:13.144024,Benson Lin,Clothing & Accessories,B002G9UDYG,B0027JCRVW
17,17,AHT6UXGRKKPQE6U2R6YSWK2M5CAA,"May 29, 2019",Very good,Great fit and comforting,yes,0,5.0,https://www.amazon.ca/Carhartt-Acrylic-Watch-Black-Size/dp/B002G9UDYG/ref=cm_cr_srp_d_product_top?ie=UTF8,2020-09-30 00:49:23.251283,2020-09-30 00:49:30.659847,Benson Lin,Clothing & Accessories,B002G9UDYG,B002G9UDYG
18,18,AHT6UXGRKKPQE6U2R6YSWK2M5CAA,"May 29, 2019",Great Book,Useful for high school readings on Hamlet. Everyone in my class had this book,yes,0,5.0,https://www.amazon.ca/Hamlet-No-Fear-Shakespeare-SparkNotes/dp/1586638440/ref=cm_cr_srp_d_product_top?ie=UTF8,2020-09-30 00:49:40.755367,2020-09-30 00:49:48.142573,Benson Lin,Clothing & Accessories,B002G9UDYG,1586638440
19,19,AHT6UXGRKKPQE6U2R6YSWK2M5CAA,"May 29, 2019",Fun,Very fun game if you have the right people,yes,0,5.0,https://www.amazon.ca/Indie-Boards-Cards-AVA1IBC-Resistance/dp/B009SAAV0C/ref=cm_cr_srp_d_product_top?ie=UTF8,2020-09-30 00:49:56.264665,2020-09-30 00:50:04.702233,Benson Lin,Clothing & Accessories,B002G9UDYG,B009SAAV0C
20,20,AHT6UXGRKKPQE6U2R6YSWK2M5CAA,"May 29, 2019",Feels great,Might feel a little bit but stay true to size tbh,yes,0,5.0,https://www.amazon.ca/Champion-Reverse-Weave-Pullover-Hoodie/dp/B01ATPEKCO/ref=cm_cr_srp_d_product_top?ie=UTF8,2020-09-30 00:50:11.803575,2020-09-30 00:50:20.178262,Benson Lin,Clothing & Accessories,B002G9UDYG,B01ATPEKCO
21,21,AHT6UXGRKKPQE6U2R6YSWK2M5CAA,"May 29, 2019",Very good,Kinda fire asf,yes,0,5.0,https://www.amazon.ca/Funko-Pop-Animation-Squarepants-Collectible/dp/B07DFBFWVW/ref=cm_cr_srp_d_product_top?ie=UTF8,2020-09-30 00:50:27.292509,2020-09-30 00:50:36.737677,Benson Lin,Clothing & Accessories,B002G9UDYG,B07DFBFWVW
22,22,AHT6UXGRKKPQE6U2R6YSWK2M5CAA,"May 29, 2019",Not what I thought it would be,"It doesn't really work. I thought it worked the first time I tried it, but I don't think it's working anymore. Not really a big fan of the under the tongue dissolving.",yes,0,2.0,https://www.amazon.ca/Webber-Naturals-Melatonin-Sublingual-Peppermint/dp/B004PYYUS0/ref=cm_cr_srp_d_product_top?ie=UTF8,2020-09-30 00:50:45.838524,2020-09-30 00:50:52.155935,Benson Lin,Clothing & Accessories,B002G9UDYG,B004PYYUS0
23,23,AHT6UXGRKKPQE6U2R6YSWK2M5CAA,"May 3, 2019",Scratch on Keyboard,There is a slight scratch on the keyboard. I did not see it until a day after using it. A little bit sad and unfortunate.,yes,0,3.0,https://www.amazon.ca/Razer-Huntsman-Opto-Mechanical-Board-Durability/dp/B07DHNZ676/ref=cm_cr_srp_d_product_top?ie=UTF8,2020-09-30 00:51:02.256986,2020-09-30 00:51:09.759840,Benson Lin,Clothing & Accessories,B002G9UDYG,B07DHNZ676
24,24,AHT6UXGRKKPQE6U2R6YSWK2M5CAA,"December 24, 2018",Good for its price,"It was somewhat difficult to install, it took me like more than an hour. It fit perfectly, and FaceID had no problem. There also seems to be perfect touch screen sensitivity and the Apple Pencil works fine. When i finished putting it on, I found a little scuff on the screen on the very top right, but it's not very visible which is ok. it's really frustrating if you are like a clean freak where you dont want any dust lol.",yes,0,4.0,https://www.amazon.ca/JETech-Protector-11-Inch-Compatible-Tempered/dp/B07GZTRC8Z/ref=cm_cr_srp_d_product_top?ie=UTF8,2020-09-30 00:51:18.862032,2020-09-30 00:51:26.282954,Benson Lin,Clothing & Accessories,B002G9UDYG,B07GZTRC8Z
25,25,AHT6UXGRKKPQE6U2R6YSWK2M5CAA,"December 22, 2018",Best calculator,"Probably best calculator to use in high school. Unfortunately, won't be able to use this calculator in university, but product is super good.",yes,0,5.0,https://www.amazon.ca/Casio-FX-991EX-Engineering-Scientific-Calculator/dp/B00ZZ93346/ref=cm_cr_srp_d_product_top?ie=UTF8,2020-09-30 00:51:34.387761,2020-09-30 00:51:41.822225,Benson Lin,Clothing & Accessories,B002G9UDYG,B00ZZ93346
26,26,AHT6UXGRKKPQE6U2R6YSWK2M5CAA,"December 22, 2018",Very fun game,This game is very fun to play with a small group of friends. Super recommend this game as well as Avalon.,yes,0,5.0,https://www.amazon.ca/Coup-Card-Game-Resistance-Universe/dp/B00GDI4HX4/ref=cm_cr_srp_d_product_top?ie=UTF8,2020-09-30 00:51:49.925890,2020-09-30 00:51:56.312166,Benson Lin,Clothing & Accessories,B002G9UDYG,B00GDI4HX4
27,27,AHT6UXGRKKPQE6U2R6YSWK2M5CAA,"December 22, 2018",Very good product,"It is so easy to use, you just plug it in and it works. I had no issues connecting my Bose SoundLink to my computer. Worked as a charm",yes,0,5.0,https://www.amazon.ca/Avantree-Bluetooth-Computer-Upgraded-Wireless/dp/B076GY91CM/ref=cm_cr_srp_d_product_top?ie=UTF8,2020-09-30 00:52:06.419900,2020-09-30 00:52:13.844907,Benson Lin,Clothing & Accessories,B002G9UDYG,B076GY91CM
28,28,AHT6UXGRKKPQE6U2R6YSWK2M5CAA,"May 20, 2017",Amazing.,Good pencil. Rotating mechanism works perfectly.,yes,0,5.0,https://www.amazon.ca/Mechanical-Kurutoga-Roulette-Metallic-M510171P-43/dp/B004OHNTVC/ref=cm_cr_srp_d_product_top?ie=UTF8,2020-09-30 00:52:22.940799,2020-09-30 00:52:29.280846,Benson Lin,Clothing & Accessories,B002G9UDYG,B004OHNTVC
29,29,AHT6UXGRKKPQE6U2R6YSWK2M5CAA,"May 20, 2017",Good product. As expected.,"Great for carrying coins. Had no problem, but sometimes the zipper can get caught in a weird position.",yes,0,5.0,https://www.amazon.ca/AimTrend-Leather-Zippered-Change-Holder/dp/B00V3THGDQ/ref=cm_cr_srp_d_product_top?ie=UTF8,2020-09-30 00:52:38.392740,2020-09-30 00:52:46.829533,Benson Lin,Clothing & Accessories,B002G9UDYG,B00V3THGDQ
30,30,AHT6UXGRKKPQE6U2R6YSWK2M5CAA,"December 21, 2016",As expected.,Good product. Felt good and came in good box.,yes,0,5.0,https://www.amazon.ca/Rechargeable-Flame-less-Windproof-Electronic-Cigarette/dp/B019H8Q3GA/ref=cm_cr_srp_d_product_top?ie=UTF8,2020-09-30 00:52:55.946829,2020-09-30 00:53:02.311434,Benson Lin,Clothing & Accessories,B002G9UDYG,B019H8Q3GA
