,Unnamed: 0,author_id,date_review_posted,review_title,reviews,verified_purchase,people_find_helpful,ratings,product_url,start,end,reviewer_name,product_category,product_id,subproduct_id
0,0,AHUJYWP7B7K5KN3275YGW2W67N7A,"December 9, 2019","Fits well, fast shipping",Just as described,yes,0,5.0,https://www.amazon.ca/Carhartt-Acrylic-Watch-Black-Size/dp/B002G9UDYG/ref=cm_cr_srp_d_product_top?ie=UTF8,2020-09-30 09:55:15.046355,2020-09-30 09:55:24.483488,WendyRiess,Clothing & Accessories,B002G9UDYG,B002G9UDYG
1,1,AHUJYWP7B7K5KN3275YGW2W67N7A,"August 12, 2019",Good curtains,Works perfect,yes,0,5.0,https://www.amazon.ca/Blackout-Darkening-Curtains-Window-Drapes/dp/B00R1XXFUQ/ref=cm_cr_srp_d_product_top?ie=UTF8,2020-09-30 09:55:34.580929,2020-09-30 09:55:42.010351,WendyRiess,Clothing & Accessories,B002G9UDYG,B00R1XXFUQ
2,2,AHUJYWP7B7K5KN3275YGW2W67N7A,"August 12, 2019",Good quality,Cheap and efficient,yes,0,5.0,https://www.amazon.ca/Pawfly-HT-2200-Submersible-Aquarium-Thermometer/dp/B076J8GVDC/ref=cm_cr_srp_d_product_top?ie=UTF8,2020-09-30 09:55:52.109121,2020-09-30 09:55:59.528953,WendyRiess,Clothing & Accessories,B002G9UDYG,B076J8GVDC
3,3,AHUJYWP7B7K5KN3275YGW2W67N7A,"September 5, 2018",Better sticky bras out there,The bras were not even sticky enough to stay put for 30 seconds,yes,0,1.0,https://www.amazon.ca/Strapless-Adhesive-Invisible-Drawstring-Butterfly/dp/B073B5HHV6/ref=cm_cr_srp_d_product_top?ie=UTF8,2020-09-30 09:56:07.619673,2020-09-30 09:56:15.965680,WendyRiess,Clothing & Accessories,B002G9UDYG,B073B5HHV6
4,4,AHUJYWP7B7K5KN3275YGW2W67N7A,"September 5, 2018",Love it,Love this dress! Fits perfect in length I’m 5’2”,yes,0,5.0,https://www.amazon.ca/Amstt-Womens-Sleeve-Stitching-Casual/dp/B074FRK9BB/ref=cm_cr_srp_d_product_top?ie=UTF8,2020-09-30 09:56:25.057781,2020-09-30 09:56:33.502884,WendyRiess,Clothing & Accessories,B002G9UDYG,B074FRK9BB
5,5,AHUJYWP7B7K5KN3275YGW2W67N7A,"September 5, 2018",Bra,Material isn’t as good as I thought it would be,yes,0,3.0,https://www.amazon.ca/LAUMA-Womens-Push-up-Collection-Kasandra/dp/B01E465IOI/ref=cm_cr_srp_d_product_top?ie=UTF8,2020-09-30 09:56:42.646193,2020-09-30 09:56:51.210404,WendyRiess,Clothing & Accessories,B002G9UDYG,B01E465IOI
6,6,AHUJYWP7B7K5KN3275YGW2W67N7A,"September 5, 2018",Good product,"Great little product, easy for my kids to use.",yes,0,5.0,https://www.amazon.ca/KCH-06121-GAT200-Indispensable-Dispenser-Control/dp/B00013K8OO/ref=cm_cr_srp_d_product_top?ie=UTF8,2020-09-30 09:57:01.356066,2020-09-30 09:57:10.770859,WendyRiess,Clothing & Accessories,B002G9UDYG,B00013K8OO
7,7,AHUJYWP7B7K5KN3275YGW2W67N7A,"March 9, 2018",Five Stars,Works perfectly,yes,0,5.0,https://www.amazon.ca/Mounting-Dream-Articulating-400x400mm-MD2377/dp/B00QOOZ4DE/ref=cm_cr_srp_d_product_top?ie=UTF8,2020-09-30 09:57:20.863674,2020-09-30 09:57:27.245199,WendyRiess,Clothing & Accessories,B002G9UDYG,B00QOOZ4DE
8,8,AHUJYWP7B7K5KN3275YGW2W67N7A,"January 6, 2018",Five Stars,Excellent condition,yes,0,5.0,https://www.amazon.ca/Heroin-Diaries-Year-Anniversary-Shattered/dp/1501187546/ref=cm_cr_srp_d_product_top?ie=UTF8,2020-09-30 09:57:37.348884,2020-09-30 09:57:43.736749,WendyRiess,Clothing & Accessories,B002G9UDYG,1501187546
