,Unnamed: 0,author_id,date_review_posted,review_title,reviews,verified_purchase,people_find_helpful,ratings,product_url,start,end,reviewer_name,product_category,product_id,subproduct_id
0,0,AHUMO4KFFVNKWGSEOXG4UGOSFDBA,"November 11, 2019",Bonne machine,"Une vrai bonne machine super robuste et facile a nettoyer je la recomande . La seul chose est que certaine piece de plastique comme le filtre brise souvent et dois être remplacer

Obsolescence contrôlée",yes,0,5.0,https://www.amazon.ca/Omega-NC800-HDS-Wheatgrass-Masticating/dp/B00CIU93TE/ref=cm_cr_srp_d_product_top?ie=UTF8,2020-09-30 08:31:08.874219,2020-09-30 08:31:16.137491,Alex,Clothing & Accessories,B002G9UDYG,B00CIU93TE
1,1,AHUMO4KFFVNKWGSEOXG4UGOSFDBA,"November 11, 2019",Bluetooth parler au tel et écouter de la musique,Facile a etuliser et parfait pour rendre une voiture compatible avec Bluetooth pour parler au téléphone et pour ecouter de la musique,yes,0,3.0,https://www.amazon.ca/VicTsing-Bluetooth-Transmitter-120%C2%B0Rotation-Hands-free/dp/B01K4NI9RS/ref=cm_cr_srp_d_product_top?ie=UTF8,2020-09-30 08:31:23.233498,2020-09-30 08:31:32.525657,Alex,Clothing & Accessories,B002G9UDYG,B01K4NI9RS
2,2,AHUMO4KFFVNKWGSEOXG4UGOSFDBA,"November 11, 2019",Belle qualité et très chaud,Belle qualité et très chaud,yes,0,5.0,https://www.amazon.ca/Carhartt-Acrylic-Watch-Black-Size/dp/B002G9UDYG/ref=cm_cr_srp_d_product_top?ie=UTF8,2020-09-30 08:31:40.609093,2020-09-30 08:31:48.874558,Alex,Clothing & Accessories,B002G9UDYG,B002G9UDYG
3,3,AHUMO4KFFVNKWGSEOXG4UGOSFDBA,"November 11, 2019",Belle robe,Belle robe mais je doute de la qualité apres quelque lavage,yes,0,2.0,https://www.amazon.ca/BUIBIU-Womens-Sleeve-Cotton-Hoodie/dp/B01NBIBVLY/ref=cm_cr_srp_d_product_top?ie=UTF8,2020-09-30 08:31:55.969794,2020-09-30 08:32:02.206193,Alex,Clothing & Accessories,B002G9UDYG,B01NBIBVLY
4,4,AHUMO4KFFVNKWGSEOXG4UGOSFDBA,"November 11, 2019",Belle copie,"Belle carte , se sont des belle copies",yes,0,3.0,https://www.amazon.ca/dp/B07T9K7Y84/ref=cm_cr_srp_d_product_top?ie=UTF8,2020-09-30 08:32:12.300323,2020-09-30 08:32:20.573577,Alex,Clothing & Accessories,B002G9UDYG,B07T9K7Y84
5,5,AHUMO4KFFVNKWGSEOXG4UGOSFDBA,"November 11, 2019",Remplacer plusieurs fois,Sa fais plusieur fois que je rachète cette piece car elle fini toujours par craqué.,yes,0,3.0,https://www.amazon.ca/Omega-PSCRNNC-Juicing-Screen/dp/B00R6TYMNY/ref=cm_cr_srp_d_product_top?ie=UTF8,2020-09-30 08:32:29.665189,2020-09-30 08:32:36.922015,Alex,Clothing & Accessories,B002G9UDYG,B00R6TYMNY
6,6,AHUMO4KFFVNKWGSEOXG4UGOSFDBA,"May 28, 2019",Ok,Good,yes,0,4.0,https://www.amazon.ca/AFTVnews-com-Downloader/dp/B01N0BP507/ref=cm_cr_srp_d_product_top?ie=UTF8,2020-09-30 08:32:44.021819,2020-09-30 08:32:53.232210,Alex,Clothing & Accessories,B002G9UDYG,B01N0BP507
7,7,AHUMO4KFFVNKWGSEOXG4UGOSFDBA,"November 6, 2015",Two Stars,allot of music but it take all my 4g,yes,0,2.0,https://www.amazon.ca/Lopaulo-Music-Downloads-Mp3/dp/B00WY7B7YK/ref=cm_cr_srp_d_product_top?ie=UTF8,2020-09-30 08:33:00.321856,2020-09-30 08:33:06.602375,Alex,Clothing & Accessories,B002G9UDYG,B00WY7B7YK
