,subproduct_author_id,verified_purchase,review_title,reviews,date,reviewer_name,ratings,people_find_helpful,reviewer_profile_url,start_time,end_time,product_name,brand_name,rank,product_id,author_id
0,AEMDSWPS4QZ64QSG4CZFI74AHL7A,True,Thrilled With These Comfy Socks,"If you're looking for cool, soft, stretchy, super comfortable socks, look no further! I got the gray ones (they were cheaper than blk which I really wanted) but these are practically black anyway. Perfect for under office pants. Yes, they have a slight seam on top of the foot. Doesn't bother me. The foot is cushioned, but not super thick. I'm thinking these will last longer because of the cushioning and will not show holes under the ball of my feet. The length goes up past my ankle but nothing like crew socks would. My feet always get quite hot, but with these socks my feet can breathe.
They look small when you unwrap them, but they're quite stretchy. I'd advise hanging them to dry. Avoid the dryer on these.
My feet are delighted, and I would highly recommend!","January 29, 2020",XTinaS,5.0,One,https://www.amazon.ca/gp/profile/amzn1.account.AEMDSWPS4QZ64QSG4CZFI74AHL7A/ref=cm_cr_arp_d_gw_btm?ie=UTF8,2020-09-21 08:21:20.195229,2020-09-21 08:21:20.338733,+MD 6 Pack Womens and Mens Odor Control Rayon from Bamboo Ankle Socks Cushioned Sole Quarter Casual Socks,No,"3,564",B002G9UDYG,AE242MSBRWHV5UWHSG5FCBGBQOFA
1,AH4DDY4FVV4L3WPBXJF3AMP2JDOA,True,seem a tad small. but comfy. they do ...,"seem a tad small. but comfy. they do however in my experience so far (a few days and 4 pair) fray after first use. I dont feel as if they will be a lasting sock.

*update. 2 washes (on a gentle cycle in a modern washing machine ) and now word 3 days. these socks are falling apart. I bought these socks for hiking, but have only worn them around the house for limited amounts of time. I would not buy these again","April 19, 2018",jeremy speight,3.0,4,https://www.amazon.ca/gp/profile/amzn1.account.AH4DDY4FVV4L3WPBXJF3AMP2JDOA/ref=cm_cr_arp_d_gw_btm?ie=UTF8,2020-09-21 08:21:20.342605,2020-09-21 08:21:20.475341,+MD 6 Pack Womens and Mens Odor Control Rayon from Bamboo Ankle Socks Cushioned Sole Quarter Casual Socks,No,"3,564",B002G9UDYG,AE242MSBRWHV5UWHSG5FCBGBQOFA
2,AF4G4FANL3NKEE43ZP6BMUUWNA7A,True,Blister-Preventing Socks!,"I never knew how much of a difference socks could make when wearing certain shoes until now! I was getting blisters on my ankles from a new pair of leather boots that I purchased, and I thought it was just my feet until I heard that socks make a difference in how your shoes fit. So I did my research, and felt these ones were the best option... and OH MAN I AM SO GLAD I WENT WITH THESE! They are so comfortable and my boots fit perfectly- they are so much easier to walk in all day rather than a few hours. I cannot confirm their durability over time as I just got my pair today, but they are really great so far & I am so happy! I would definitely recommend buying these if you are looking to make your shoes fit more comfortably without the aches, pains, and potential blisters. The sizing fit perfectly also, I just followed the size chart that they have when you add the item to your cart.","January 20, 2020",Amazon Customer,5.0,One,https://www.amazon.ca/gp/profile/amzn1.account.AF4G4FANL3NKEE43ZP6BMUUWNA7A/ref=cm_cr_arp_d_gw_btm?ie=UTF8,2020-09-21 08:21:20.479245,2020-09-21 08:21:20.630523,+MD 6 Pack Womens and Mens Odor Control Rayon from Bamboo Ankle Socks Cushioned Sole Quarter Casual Socks,No,"3,564",B002G9UDYG,AE242MSBRWHV5UWHSG5FCBGBQOFA
3,AED7FNYF5PKOK7VVFX2YHQSPVNQQ,True,"Nice socks but a little too thin on top, not durable",I like these socks.. They are comfortable and breathable but they are a little too thin on top. I have a few that already have holes worn in them from regular every day use. I probably wouldn’t buy them again due to the durability of them.,"January 16, 2019",Amazon Customer,3.0,4,https://www.amazon.ca/gp/profile/amzn1.account.AED7FNYF5PKOK7VVFX2YHQSPVNQQ/ref=cm_cr_arp_d_gw_btm?ie=UTF8,2020-09-21 08:21:20.635404,2020-09-21 08:21:20.769115,+MD 6 Pack Womens and Mens Odor Control Rayon from Bamboo Ankle Socks Cushioned Sole Quarter Casual Socks,No,"3,564",B002G9UDYG,AE242MSBRWHV5UWHSG5FCBGBQOFA
4,AEVLPYQMOSVWDTUK3WJKXB452MIA,True,"Good fit, comfortable socks","I bought these for our long walks and the cushioning makes them really comfortable - so much so that I've bought +MD socks several times in order that I don't run out before the next wash. I just wish however that +MD would make muted coloured socks, like sage, and taupe, or pastel coloured socks to go with my pants and shoes. They just added a line of neon coloured socks, but I cannot wear them with anything I own - so please +MD, add soft colours to your mix.","July 13, 2020",Karen VK,5.0,0,https://www.amazon.ca/gp/profile/amzn1.account.AEVLPYQMOSVWDTUK3WJKXB452MIA/ref=cm_cr_arp_d_gw_btm?ie=UTF8,2020-09-21 08:21:20.773995,2020-09-21 08:21:20.901851,+MD 6 Pack Womens and Mens Odor Control Rayon from Bamboo Ankle Socks Cushioned Sole Quarter Casual Socks,No,"3,564",B002G9UDYG,AE242MSBRWHV5UWHSG5FCBGBQOFA
5,AH2FHVHN6BT4T5PFOI2NFNLYEHOA,True,Very comfortable.,"So far, so good. I've only put them on. They are very comfortable.

Compared to other socks, these seems like really good quality for a light weight sock. I can tell the mesh top will be cool and allow ventilation. I will be using these for work. I'll provide an update in a few weeks after I've worn them a while.

Highly recommended so far for comfort.","May 11, 2019",Mr. MRE,5.0,One,https://www.amazon.ca/gp/profile/amzn1.account.AH2FHVHN6BT4T5PFOI2NFNLYEHOA/ref=cm_cr_arp_d_gw_btm?ie=UTF8,2020-09-21 08:21:20.906731,2020-09-21 08:21:21.048252,+MD 6 Pack Womens and Mens Odor Control Rayon from Bamboo Ankle Socks Cushioned Sole Quarter Casual Socks,No,"3,564",B002G9UDYG,AE242MSBRWHV5UWHSG5FCBGBQOFA
6,AG7YWIF4CLYUIDYLW7FHGHZIYCEA,True,Perfect for the gym!,"I received a package of these socks as a gift and loved them so much I purchased these for my partner. They are soft, comfortable and great for the gym. My feet breathe and the socks wick up moisture far better than any other pair I own.","February 23, 2018",Laurie,5.0,2,https://www.amazon.ca/gp/profile/amzn1.account.AG7YWIF4CLYUIDYLW7FHGHZIYCEA/ref=cm_cr_arp_d_gw_btm?ie=UTF8,2020-09-21 08:21:21.054139,2020-09-21 08:21:21.210266,+MD 6 Pack Womens and Mens Odor Control Rayon from Bamboo Ankle Socks Cushioned Sole Quarter Casual Socks,No,"3,564",B002G9UDYG,AE242MSBRWHV5UWHSG5FCBGBQOFA
7,AFO7VIMLI4JWL7YWBGBOZKSEUPBQ,True,Excellent buy!,"These socks are amazing!
Some of the most comfortable socks I have ever purchased. They don't slip down over the course of the day, the ankle elastic fits very comfortably without leaving marks and they wash very well.
Will definitely be purchasing these in the future!!!","April 10, 2019",Amazon Customer,5.0,0,https://www.amazon.ca/gp/profile/amzn1.account.AFO7VIMLI4JWL7YWBGBOZKSEUPBQ/ref=cm_cr_arp_d_gw_btm?ie=UTF8,2020-09-21 08:21:21.214170,2020-09-21 08:21:21.346906,+MD 6 Pack Womens and Mens Odor Control Rayon from Bamboo Ankle Socks Cushioned Sole Quarter Casual Socks,No,"3,564",B002G9UDYG,AE242MSBRWHV5UWHSG5FCBGBQOFA
8,AHXPA2ATTGX3QVLMNTII3XOOZH7A,True,review,Wonderful socks. Super soft and comfy only thing is my foot is 5.5 in shoes but these socks fit small. This is not a big deal for next time I will order a larger size. Great buy.,"July 14, 2020",KEY,5.0,0,https://www.amazon.ca/gp/profile/amzn1.account.AHXPA2ATTGX3QVLMNTII3XOOZH7A/ref=cm_cr_arp_d_gw_btm?ie=UTF8,2020-09-21 08:21:21.358618,2020-09-21 08:21:21.477689,+MD 6 Pack Womens and Mens Odor Control Rayon from Bamboo Ankle Socks Cushioned Sole Quarter Casual Socks,No,"3,564",B002G9UDYG,AE242MSBRWHV5UWHSG5FCBGBQOFA
9,AFXTLMAWXO5WUZ4NSWOO63NRQ4ZQ,True,Shrink way too much,"Some left a very true review: socks shrink after the first wash so much that they actually introduce too much pressure on the toe tips. Picture taken on a regular file folder size to help understand shrinkage.
They are baby socks after first wash","September 14, 2020",Art Mac,1.0,0,https://www.amazon.ca/gp/profile/amzn1.account.AFXTLMAWXO5WUZ4NSWOO63NRQ4ZQ/ref=cm_cr_arp_d_gw_btm?ie=UTF8,2020-09-21 08:21:21.482571,2020-09-21 08:21:21.608474,+MD 6 Pack Womens and Mens Odor Control Rayon from Bamboo Ankle Socks Cushioned Sole Quarter Casual Socks,No,"3,564",B002G9UDYG,AE242MSBRWHV5UWHSG5FCBGBQOFA
10,AFRH4MIZGM6W42MP5UNAJU5WMRSQ,True,Pricey but wonderful,"Love them, perfect for my workout or a walk. Very comfortable and breathable. I personally prefer the low cut ones, but they are out of stock - no big difference thou. Will definitely buy again.","July 9, 2020",Ruxandra B,5.0,0,https://www.amazon.ca/gp/profile/amzn1.account.AFRH4MIZGM6W42MP5UNAJU5WMRSQ/ref=cm_cr_getr_d_gw_btm?ie=UTF8,2020-09-21 08:21:25.775007,2020-09-21 08:21:25.904816,+MD 6 Pack Womens and Mens Odor Control Rayon from Bamboo Ankle Socks Cushioned Sole Quarter Casual Socks,No,"3,564",B002G9UDYG,AE242MSBRWHV5UWHSG5FCBGBQOFA
11,AEYZ3S22EZ7XLS7SYNWNJKGV7H7A,True,Comfortable but...,"I feel like my feet sweat more in them for some reason. They are comfy and it was hard to figure out the right size. I had to apply cream to my toes as they were cracking from wearing them, so if you have that issue, these might not be for you.","April 20, 2020",Greg Bonito,4.0,0,https://www.amazon.ca/gp/profile/amzn1.account.AEYZ3S22EZ7XLS7SYNWNJKGV7H7A/ref=cm_cr_getr_d_gw_btm?ie=UTF8,2020-09-21 08:21:25.909697,2020-09-21 08:21:26.041459,+MD 6 Pack Womens and Mens Odor Control Rayon from Bamboo Ankle Socks Cushioned Sole Quarter Casual Socks,No,"3,564",B002G9UDYG,AE242MSBRWHV5UWHSG5FCBGBQOFA
12,AE242MSBRWHV5UWHSG5FCBGBQOFA,True,"Nice warm cozy socks, but get the bigger size unless you have very tiny feet.","i purchased these, the bigger size, for my husband but they are mine now! I found the smaller size too small but this size works well, just stretch them out after drying.","December 14, 2019",lynnezee,5.0,0,https://www.amazon.ca/gp/profile/amzn1.account.AE242MSBRWHV5UWHSG5FCBGBQOFA/ref=cm_cr_getr_d_gw_btm?ie=UTF8,2020-09-21 08:21:26.053166,2020-09-21 08:21:26.202495,+MD 6 Pack Womens and Mens Odor Control Rayon from Bamboo Ankle Socks Cushioned Sole Quarter Casual Socks,No,"3,564",B002G9UDYG,AE242MSBRWHV5UWHSG5FCBGBQOFA
13,AGEN34IBNPCFNCLFJUHLINYWHVBA,True,Awesome feel and fit.,"Very comfortable. They look small but fit my size 9 feet perfectly. The top is a different weave that supports the arch perfectly, the toes and heels are thicker so give a padded feel.","June 9, 2020",R Foster,5.0,0,https://www.amazon.ca/gp/profile/amzn1.account.AGEN34IBNPCFNCLFJUHLINYWHVBA/ref=cm_cr_getr_d_gw_btm?ie=UTF8,2020-09-21 08:21:26.206399,2020-09-21 08:21:26.344014,+MD 6 Pack Womens and Mens Odor Control Rayon from Bamboo Ankle Socks Cushioned Sole Quarter Casual Socks,No,"3,564",B002G9UDYG,AE242MSBRWHV5UWHSG5FCBGBQOFA
14,AHBIMBYX254HQZRTEOVIOWUGP7QQ,True,Cheap,"Inexpensive socks, but seem to be made of low grade cotton ...short fiber or something.
They fuzz up really easy
Would not buy again","August 7, 2020",George James,3.0,0,https://www.amazon.ca/gp/profile/amzn1.account.AHBIMBYX254HQZRTEOVIOWUGP7QQ/ref=cm_cr_getr_d_gw_btm?ie=UTF8,2020-09-21 08:21:26.347918,2020-09-21 08:21:26.477726,+MD 6 Pack Womens and Mens Odor Control Rayon from Bamboo Ankle Socks Cushioned Sole Quarter Casual Socks,No,"3,564",B002G9UDYG,AE242MSBRWHV5UWHSG5FCBGBQOFA
15,AEZBZZOTKBQ33CRKBWC625XJLSHQ,True,"light, breathable, great customer service (order size larger than your feet)",Very light and breathable. I would recommend ordering a size bracket larger than your foot size. Shipper was very pleasant to communicate with.,"January 3, 2020",adam lewis,5.0,0,https://www.amazon.ca/gp/profile/amzn1.account.AEZBZZOTKBQ33CRKBWC625XJLSHQ/ref=cm_cr_getr_d_gw_btm?ie=UTF8,2020-09-21 08:21:26.481632,2020-09-21 08:21:26.600702,+MD 6 Pack Womens and Mens Odor Control Rayon from Bamboo Ankle Socks Cushioned Sole Quarter Casual Socks,No,"3,564",B002G9UDYG,AE242MSBRWHV5UWHSG5FCBGBQOFA
16,AGICNFG7AKELDDWHKWQCNHFSEGZA,True,"Soft and comfortable, no stink","The socks fit well and are quite comfortable. I mostly got them for the ""odor control"" and pleased to find they work very well for that too! Would order again.","May 24, 2020",Plexord,5.0,0,https://www.amazon.ca/gp/profile/amzn1.account.AGICNFG7AKELDDWHKWQCNHFSEGZA/ref=cm_cr_getr_d_gw_btm?ie=UTF8,2020-09-21 08:21:26.604606,2020-09-21 08:21:26.726607,+MD 6 Pack Womens and Mens Odor Control Rayon from Bamboo Ankle Socks Cushioned Sole Quarter Casual Socks,No,"3,564",B002G9UDYG,AE242MSBRWHV5UWHSG5FCBGBQOFA
17,AHI5RMFHZEZDJPPNCL4RIWCCJIZA,True,:),"WoW WoW WoW super doux pour les oies et tienne super bien sûr le pied. Respire aussi avec des bottes de travail
J’adore","June 11, 2020",Tremblay,5.0,0,https://www.amazon.ca/gp/profile/amzn1.account.AHI5RMFHZEZDJPPNCL4RIWCCJIZA/ref=cm_cr_getr_d_gw_btm?ie=UTF8,2020-09-21 08:21:26.730510,2020-09-21 08:21:26.868125,+MD 6 Pack Womens and Mens Odor Control Rayon from Bamboo Ankle Socks Cushioned Sole Quarter Casual Socks,No,"3,564",B002G9UDYG,AE242MSBRWHV5UWHSG5FCBGBQOFA
18,AHQCHVQIH76664V3T3CKJ4O2Z5PA,True,MD bamboo socks fit and feel fantastic!,I really like the material and how it feels on. Nice colours and quality material. Shipping was very fast and I would recommend and repeat buying more MD products. Thanks,"April 15, 2019",Billy,5.0,0,https://www.amazon.ca/gp/profile/amzn1.account.AHQCHVQIH76664V3T3CKJ4O2Z5PA/ref=cm_cr_getr_d_gw_btm?ie=UTF8,2020-09-21 08:21:26.873005,2020-09-21 08:21:27.001837,+MD 6 Pack Womens and Mens Odor Control Rayon from Bamboo Ankle Socks Cushioned Sole Quarter Casual Socks,No,"3,564",B002G9UDYG,AE242MSBRWHV5UWHSG5FCBGBQOFA
19,AHKRRULPJH5ND273Q33OTHYCCHNQ,True,They Shrink,"Very nice socks till you wash them then they shrink
A Lot !!! I even put them in the dryer on low heat. I ordered them because my feet are size 14. I want a big sock. They fit my son now which is size 11","September 14, 2018",Dan,2.0,0,https://www.amazon.ca/gp/profile/amzn1.account.AHKRRULPJH5ND273Q33OTHYCCHNQ/ref=cm_cr_getr_d_gw_btm?ie=UTF8,2020-09-21 08:21:27.006743,2020-09-21 08:21:27.137501,+MD 6 Pack Womens and Mens Odor Control Rayon from Bamboo Ankle Socks Cushioned Sole Quarter Casual Socks,No,"3,564",B002G9UDYG,AE242MSBRWHV5UWHSG5FCBGBQOFA
20,AEO3NT7FYKLRIZVBEQDEVYKDQUNQ,True,Great socks,"I wear shoe size 41 and got the 10-13 size of sock, they stretch quite a bit and are very comfortable. I would recommend these socks.","March 23, 2020",Michael Cochrane,5.0,0,https://www.amazon.ca/gp/profile/amzn1.account.AEO3NT7FYKLRIZVBEQDEVYKDQUNQ/ref=cm_cr_getr_d_gw_btm?ie=UTF8,2020-09-21 08:21:31.291348,2020-09-21 08:21:31.474834,+MD 6 Pack Womens and Mens Odor Control Rayon from Bamboo Ankle Socks Cushioned Sole Quarter Casual Socks,No,"3,564",B002G9UDYG,AE242MSBRWHV5UWHSG5FCBGBQOFA
21,AHJLETQA2VMGV46AJZUIOH4MW4LQ,True,Love these socks!!!,"I love these socks. Slim, light, cool, easy on and off. Do not put pressure on my ankles. Bought a lot more!!.","July 28, 2019",Amazon Customer,5.0,One,https://www.amazon.ca/gp/profile/amzn1.account.AHJLETQA2VMGV46AJZUIOH4MW4LQ/ref=cm_cr_getr_d_gw_btm?ie=UTF8,2020-09-21 08:21:31.478738,2020-09-21 08:21:31.605618,+MD 6 Pack Womens and Mens Odor Control Rayon from Bamboo Ankle Socks Cushioned Sole Quarter Casual Socks,No,"3,564",B002G9UDYG,AE242MSBRWHV5UWHSG5FCBGBQOFA
22,AHLJMHX6SEFG3SMHNGHSV5CVXUZA,True,Great product,"Love these socks. Not too thick. So comfortable and keeps my stinky, sweaty feet...not so stinky. Will purchase again.","February 12, 2020",JLA,5.0,0,https://www.amazon.ca/gp/profile/amzn1.account.AHLJMHX6SEFG3SMHNGHSV5CVXUZA/ref=cm_cr_getr_d_gw_btm?ie=UTF8,2020-09-21 08:21:31.609522,2020-09-21 08:21:31.839857,+MD 6 Pack Womens and Mens Odor Control Rayon from Bamboo Ankle Socks Cushioned Sole Quarter Casual Socks,No,"3,564",B002G9UDYG,AE242MSBRWHV5UWHSG5FCBGBQOFA
23,AFABTDOM3MGDP3XSU4QBI72QNIGA,True,Prenez 5 taille plus Grand,"Vous devriez metre aussi en 28cm ou en euro 9 us cest 44 euro
Votre gradeur 9 - 11 cest pour enfant voiyon","March 8, 2020",Amazon Customer,3.0,0,https://www.amazon.ca/gp/profile/amzn1.account.AFABTDOM3MGDP3XSU4QBI72QNIGA/ref=cm_cr_getr_d_gw_btm?ie=UTF8,2020-09-21 08:21:31.844737,2020-09-21 08:21:31.966737,+MD 6 Pack Womens and Mens Odor Control Rayon from Bamboo Ankle Socks Cushioned Sole Quarter Casual Socks,No,"3,564",B002G9UDYG,AE242MSBRWHV5UWHSG5FCBGBQOFA
24,AEYCPBMRM3XEZ45YWCGP7UEALTKQ,True,Decent socks,I've worn the socks and they feel comfortable and well made. But I haven't washed them yet. Time will tell their quality.,"August 11, 2020",Shopper123,4.0,0,https://www.amazon.ca/gp/profile/amzn1.account.AEYCPBMRM3XEZ45YWCGP7UEALTKQ/ref=cm_cr_getr_d_gw_btm?ie=UTF8,2020-09-21 08:21:31.970641,2020-09-21 08:21:32.098497,+MD 6 Pack Womens and Mens Odor Control Rayon from Bamboo Ankle Socks Cushioned Sole Quarter Casual Socks,No,"3,564",B002G9UDYG,AE242MSBRWHV5UWHSG5FCBGBQOFA
25,AE7N6PK2XR2KQDYCTYVZV45PTRIA,True,I'm size 9 and this is too small for my ...,I'm size 9 and this is too small for my feet. Had to give to my wife and order another set size 10-13 which hasn't arrived yet. We'll see if it fits.,"August 8, 2018",Ali T,1.0,0,https://www.amazon.ca/gp/profile/amzn1.account.AE7N6PK2XR2KQDYCTYVZV45PTRIA/ref=cm_cr_getr_d_gw_btm?ie=UTF8,2020-09-21 08:21:32.102400,2020-09-21 08:21:32.239040,+MD 6 Pack Womens and Mens Odor Control Rayon from Bamboo Ankle Socks Cushioned Sole Quarter Casual Socks,No,"3,564",B002G9UDYG,AE242MSBRWHV5UWHSG5FCBGBQOFA
26,AF35VFSYO6M4WEQGBMXBMYRLAIAA,True,Perfect for a Mailman,"As a Mailman I needed a good pair of socks.
The bamboo is perfect for me. With the top open mesh, pair with the good shoes, my feet can finally breath","May 29, 2018",Paul Bourgault,5.0,0,https://www.amazon.ca/gp/profile/amzn1.account.AF35VFSYO6M4WEQGBMXBMYRLAIAA/ref=cm_cr_getr_d_gw_btm?ie=UTF8,2020-09-21 08:21:32.243920,2020-09-21 08:21:32.369824,+MD 6 Pack Womens and Mens Odor Control Rayon from Bamboo Ankle Socks Cushioned Sole Quarter Casual Socks,No,"3,564",B002G9UDYG,AE242MSBRWHV5UWHSG5FCBGBQOFA
27,AFCT5ZMHVXJSY5YUZTAXZZXRGX6A,True,The sizing is way too small.,"Socks were way to small, didn’t fit my husband or I.","August 7, 2020",Sherrie,1.0,0,https://www.amazon.ca/gp/profile/amzn1.account.AFCT5ZMHVXJSY5YUZTAXZZXRGX6A/ref=cm_cr_getr_d_gw_btm?ie=UTF8,2020-09-21 08:21:32.373728,2020-09-21 08:21:32.513296,+MD 6 Pack Womens and Mens Odor Control Rayon from Bamboo Ankle Socks Cushioned Sole Quarter Casual Socks,No,"3,564",B002G9UDYG,AE242MSBRWHV5UWHSG5FCBGBQOFA
28,AE5I3BXCLD3ZIZM4QSE7Q5JMLH2A,True,Holes developed quickly,I really liked the softness and comfort but holes developed quite quickly.,"December 18, 2019",Reny,2.0,0,https://www.amazon.ca/gp/profile/amzn1.account.AE5I3BXCLD3ZIZM4QSE7Q5JMLH2A/ref=cm_cr_getr_d_gw_btm?ie=UTF8,2020-09-21 08:21:32.519151,2020-09-21 08:21:32.645055,+MD 6 Pack Womens and Mens Odor Control Rayon from Bamboo Ankle Socks Cushioned Sole Quarter Casual Socks,No,"3,564",B002G9UDYG,AE242MSBRWHV5UWHSG5FCBGBQOFA
29,AHKBDFYIPSHOCCQYUPHUKBIYWUQA,True,washed and dried and they still fit,great socks to keep feet cool in summer,"September 15, 2020",jime586,5.0,0,https://www.amazon.ca/gp/profile/amzn1.account.AHKBDFYIPSHOCCQYUPHUKBIYWUQA/ref=cm_cr_getr_d_gw_btm?ie=UTF8,2020-09-21 08:21:32.648960,2020-09-21 08:21:32.773887,+MD 6 Pack Womens and Mens Odor Control Rayon from Bamboo Ankle Socks Cushioned Sole Quarter Casual Socks,No,"3,564",B002G9UDYG,AE242MSBRWHV5UWHSG5FCBGBQOFA
30,AGSHNEMMEJQCQUB6AH473J2LI7BA,True,Comfortable,My only dislike is that I didn't know about them earlier. Fit is perfect and the comfort is like have a extra pair on insoles without the bulkiness. Highly recommend. Thanks,"May 9, 2019",Amazon Customer,5.0,0,https://www.amazon.ca/gp/profile/amzn1.account.AGSHNEMMEJQCQUB6AH473J2LI7BA/ref=cm_cr_getr_d_gw_btm?ie=UTF8,2020-09-21 08:21:37.934964,2020-09-21 08:21:38.062819,+MD 6 Pack Womens and Mens Odor Control Rayon from Bamboo Ankle Socks Cushioned Sole Quarter Casual Socks,No,"3,564",B002G9UDYG,AE242MSBRWHV5UWHSG5FCBGBQOFA
31,AHQMYJD765YHUUP7ZAAK64DPOFGQ,True,super comfortable - need extra drying time after washing though ...,super comfortable - need extra drying time after washing though and do better if turned inside out half way through.,"September 3, 2018",N. A.,5.0,0,https://www.amazon.ca/gp/profile/amzn1.account.AHQMYJD765YHUUP7ZAAK64DPOFGQ/ref=cm_cr_getr_d_gw_btm?ie=UTF8,2020-09-21 08:21:38.067700,2020-09-21 08:21:38.206290,+MD 6 Pack Womens and Mens Odor Control Rayon from Bamboo Ankle Socks Cushioned Sole Quarter Casual Socks,No,"3,564",B002G9UDYG,AE242MSBRWHV5UWHSG5FCBGBQOFA
32,AEVZKD75FOA7233I6J3OAOA2PAEA,True,Excellente qualité !!!,"On est vraiment bien dans les bas, parfaite et de bonne qualité. Je vais en recommandé certainement.
Merci !!!","October 29, 2019",Mélanie,5.0,0,https://www.amazon.ca/gp/profile/amzn1.account.AEVZKD75FOA7233I6J3OAOA2PAEA/ref=cm_cr_getr_d_gw_btm?ie=UTF8,2020-09-21 08:21:38.211170,2020-09-21 08:21:38.339051,+MD 6 Pack Womens and Mens Odor Control Rayon from Bamboo Ankle Socks Cushioned Sole Quarter Casual Socks,No,"3,564",B002G9UDYG,AE242MSBRWHV5UWHSG5FCBGBQOFA
33,AHLJCZGZXOJQ2LORSY3MGSMHFX2Q,True,Nice looking socks,Nice design,"May 10, 2020",Cara Grimmer,4.0,One,https://www.amazon.ca/gp/profile/amzn1.account.AHLJCZGZXOJQ2LORSY3MGSMHFX2Q/ref=cm_cr_getr_d_gw_btm?ie=UTF8,2020-09-21 08:21:38.342929,2020-09-21 08:21:38.469809,+MD 6 Pack Womens and Mens Odor Control Rayon from Bamboo Ankle Socks Cushioned Sole Quarter Casual Socks,No,"3,564",B002G9UDYG,AE242MSBRWHV5UWHSG5FCBGBQOFA
34,AGS4ONI5FICIE47VUMCZNZB2DBFQ,True,Small fit and poor quality,"Ordered the size 13-15 and I feel the socks are small, my shoes are a 11.5 to 12. I feel when I have them on the top mesh is stretched to a point it's starting to rip just after 1 use. I was expecting better socks for the price point.","February 22, 2019",Lauren,3.0,0,https://www.amazon.ca/gp/profile/amzn1.account.AGS4ONI5FICIE47VUMCZNZB2DBFQ/ref=cm_cr_getr_d_gw_btm?ie=UTF8,2020-09-21 08:21:38.474689,2020-09-21 08:21:38.611331,+MD 6 Pack Womens and Mens Odor Control Rayon from Bamboo Ankle Socks Cushioned Sole Quarter Casual Socks,No,"3,564",B002G9UDYG,AE242MSBRWHV5UWHSG5FCBGBQOFA
35,AH2WEY2VZXKUUHK5HDOBQW37JFXQ,True,Sized very small!!!!,I ordered the largest ones available. They wouldn’t even go into my husbands feet. He has size 14 shoe.,"April 7, 2019",Amazon Customer,1.0,0,https://www.amazon.ca/gp/profile/amzn1.account.AH2WEY2VZXKUUHK5HDOBQW37JFXQ/ref=cm_cr_getr_d_gw_btm?ie=UTF8,2020-09-21 08:21:38.616209,2020-09-21 08:21:38.745041,+MD 6 Pack Womens and Mens Odor Control Rayon from Bamboo Ankle Socks Cushioned Sole Quarter Casual Socks,No,"3,564",B002G9UDYG,AE242MSBRWHV5UWHSG5FCBGBQOFA
36,AHIJCBNL7Q4HXAZMMSQ65HLV4ZHQ,True,Quality Socks,The socks are amazing quality. No seams make my feet so happy.. love them soo much oh amd my feet thank me !!!!!,"August 14, 2018",Helen Walker,5.0,0,https://www.amazon.ca/gp/profile/amzn1.account.AHIJCBNL7Q4HXAZMMSQ65HLV4ZHQ/ref=cm_cr_getr_d_gw_btm?ie=UTF8,2020-09-21 08:21:38.750897,2020-09-21 08:21:38.899248,+MD 6 Pack Womens and Mens Odor Control Rayon from Bamboo Ankle Socks Cushioned Sole Quarter Casual Socks,No,"3,564",B002G9UDYG,AE242MSBRWHV5UWHSG5FCBGBQOFA
37,AFPBQURSNR4CCJ6JKOM7L6RGPFMA,True,Good comfortable socks,Comfortable socks. I like bamboo because it doesn't seem to carry odors,"September 7, 2020",Amazon Customer,5.0,0,https://www.amazon.ca/gp/profile/amzn1.account.AFPBQURSNR4CCJ6JKOM7L6RGPFMA/ref=cm_cr_getr_d_gw_btm?ie=UTF8,2020-09-21 08:21:38.904131,2020-09-21 08:21:39.027105,+MD 6 Pack Womens and Mens Odor Control Rayon from Bamboo Ankle Socks Cushioned Sole Quarter Casual Socks,No,"3,564",B002G9UDYG,AE242MSBRWHV5UWHSG5FCBGBQOFA
38,AFYYFLCZCR5SE4YIAIPKL5JWR5EQ,True,"Comfortable socks, and hypoallergenic",Very comfortable. Just what I was looking for. My skin was reacting to other socks and with these the rash has cleared up.,"July 12, 2018",D. G.,5.0,0,https://www.amazon.ca/gp/profile/amzn1.account.AFYYFLCZCR5SE4YIAIPKL5JWR5EQ/ref=cm_cr_getr_d_gw_btm?ie=UTF8,2020-09-21 08:21:39.031984,2020-09-21 08:21:39.155936,+MD 6 Pack Womens and Mens Odor Control Rayon from Bamboo Ankle Socks Cushioned Sole Quarter Casual Socks,No,"3,564",B002G9UDYG,AE242MSBRWHV5UWHSG5FCBGBQOFA
39,AEG7FAI2PMJVE55VCI7AFTXHQYYA,True,They work.,"Very fast delivery; the socks are soft and they do what they supposed to do. They eliminate the odour. Happy with the socks, just the price is little bit high.","September 20, 2019",Dana,5.0,0,https://www.amazon.ca/gp/profile/amzn1.account.AEG7FAI2PMJVE55VCI7AFTXHQYYA/ref=cm_cr_getr_d_gw_btm?ie=UTF8,2020-09-21 08:21:39.159840,2020-09-21 08:21:39.297456,+MD 6 Pack Womens and Mens Odor Control Rayon from Bamboo Ankle Socks Cushioned Sole Quarter Casual Socks,No,"3,564",B002G9UDYG,AE242MSBRWHV5UWHSG5FCBGBQOFA
40,AHZBLGRDUXYXZ5HDZYAG7OPQMZRQ,True,nice buy,nice buy,"March 6, 2020",brian j,4.0,0,https://www.amazon.ca/gp/profile/amzn1.account.AHZBLGRDUXYXZ5HDZYAG7OPQMZRQ/ref=cm_cr_getr_d_gw_btm?ie=UTF8,2020-09-21 08:21:41.457340,2020-09-21 08:21:41.618378,+MD 6 Pack Womens and Mens Odor Control Rayon from Bamboo Ankle Socks Cushioned Sole Quarter Casual Socks,No,"3,564",B002G9UDYG,AE242MSBRWHV5UWHSG5FCBGBQOFA
41,AGXQXKEYNJ35L6VXLL6OERQTHECA,True,Material is soft and socks are super comfortable and let your feet breathe,"Fit is small, order larger than you normally would. Material is soft and socks are super comfortable and let your feet breathe. The quality isn’t all there, feel like these may fall apart sooner than later in the wash.","July 30, 2018",Christina,4.0,0,https://www.amazon.ca/gp/profile/amzn1.account.AGXQXKEYNJ35L6VXLL6OERQTHECA/ref=cm_cr_getr_d_gw_btm?ie=UTF8,2020-09-21 08:21:41.623258,2020-09-21 08:21:41.749163,+MD 6 Pack Womens and Mens Odor Control Rayon from Bamboo Ankle Socks Cushioned Sole Quarter Casual Socks,No,"3,564",B002G9UDYG,AE242MSBRWHV5UWHSG5FCBGBQOFA
42,AHTNUBCLJ5BT2XPA4CPV6LM76UWA,True,Wears out quickly,"I loved the feel of these socks, but they have developed holes pretty quickly. Durability is a problem so I wouldn't buy again.","February 10, 2020",jason s.,3.0,0,https://www.amazon.ca/gp/profile/amzn1.account.AHTNUBCLJ5BT2XPA4CPV6LM76UWA/ref=cm_cr_getr_d_gw_btm?ie=UTF8,2020-09-21 08:21:41.753067,2020-09-21 08:21:41.878969,+MD 6 Pack Womens and Mens Odor Control Rayon from Bamboo Ankle Socks Cushioned Sole Quarter Casual Socks,No,"3,564",B002G9UDYG,AE242MSBRWHV5UWHSG5FCBGBQOFA
43,AHXW7BBT3VM7ZNXDQU7NQ42MARLQ,True,"Great product, loving it!","Nicely fit, not too warm, not too cold, just right.","July 3, 2019",David,5.0,0,https://www.amazon.ca/gp/profile/amzn1.account.AHXW7BBT3VM7ZNXDQU7NQ42MARLQ/ref=cm_cr_getr_d_gw_btm?ie=UTF8,2020-09-21 08:21:41.884825,2020-09-21 08:21:42.022441,+MD 6 Pack Womens and Mens Odor Control Rayon from Bamboo Ankle Socks Cushioned Sole Quarter Casual Socks,No,"3,564",B002G9UDYG,AE242MSBRWHV5UWHSG5FCBGBQOFA
44,AEZHNCYT57M42XW7J4JRJ3VYPCOA,True,No more stinky feet,My second order,"February 17, 2020",Hendi Halim,5.0,0,https://www.amazon.ca/gp/profile/amzn1.account.AEZHNCYT57M42XW7J4JRJ3VYPCOA/ref=cm_cr_getr_d_gw_btm?ie=UTF8,2020-09-21 08:21:42.026347,2020-09-21 08:21:42.149321,+MD 6 Pack Womens and Mens Odor Control Rayon from Bamboo Ankle Socks Cushioned Sole Quarter Casual Socks,No,"3,564",B002G9UDYG,AE242MSBRWHV5UWHSG5FCBGBQOFA
45,AFEH745UVSCAGX2Z6XMFRTPYAM5A,True,Five Stars,Perfect socks. Soo comfortable and perfect fit. I'm really happy with the purchase.,"April 7, 2018",Mônica Klein,5.0,0,https://www.amazon.ca/gp/profile/amzn1.account.AFEH745UVSCAGX2Z6XMFRTPYAM5A/ref=cm_cr_getr_d_gw_btm?ie=UTF8,2020-09-21 08:21:42.153224,2020-09-21 08:21:42.295720,+MD 6 Pack Womens and Mens Odor Control Rayon from Bamboo Ankle Socks Cushioned Sole Quarter Casual Socks,No,"3,564",B002G9UDYG,AE242MSBRWHV5UWHSG5FCBGBQOFA
46,AGA7UH2WBDVBJELOJGNG3JQSJURA,True,comfortable,"very comfortable, fits good, good price. Thank you.","March 17, 2019",Trashman,5.0,0,https://www.amazon.ca/gp/profile/amzn1.account.AGA7UH2WBDVBJELOJGNG3JQSJURA/ref=cm_cr_getr_d_gw_btm?ie=UTF8,2020-09-21 08:21:42.300602,2020-09-21 08:21:42.423576,+MD 6 Pack Womens and Mens Odor Control Rayon from Bamboo Ankle Socks Cushioned Sole Quarter Casual Socks,No,"3,564",B002G9UDYG,AE242MSBRWHV5UWHSG5FCBGBQOFA
47,AHQ5FT4VCFVLD7ASUZPURTVKLNQA,True,Five Stars,Excellent produit de bonne qualité bonne grandeur envoie rapide merci!,"April 10, 2018",alain,5.0,0,https://www.amazon.ca/gp/profile/amzn1.account.AHQ5FT4VCFVLD7ASUZPURTVKLNQA/ref=cm_cr_getr_d_gw_btm?ie=UTF8,2020-09-21 08:21:42.427480,2020-09-21 08:21:42.551432,+MD 6 Pack Womens and Mens Odor Control Rayon from Bamboo Ankle Socks Cushioned Sole Quarter Casual Socks,No,"3,564",B002G9UDYG,AE242MSBRWHV5UWHSG5FCBGBQOFA
48,AECUCQ7VNFOQN6ORB2CGH544LPPA,True,Three Stars,"Good fit and quite comfortable, however they don’t seem particularly sturdy unfortunately.","April 29, 2018",amaruq,3.0,0,https://www.amazon.ca/gp/profile/amzn1.account.AECUCQ7VNFOQN6ORB2CGH544LPPA/ref=cm_cr_getr_d_gw_btm?ie=UTF8,2020-09-21 08:21:42.555336,2020-09-21 08:21:42.697831,+MD 6 Pack Womens and Mens Odor Control Rayon from Bamboo Ankle Socks Cushioned Sole Quarter Casual Socks,No,"3,564",B002G9UDYG,AE242MSBRWHV5UWHSG5FCBGBQOFA
49,AGCVSQBKV54EICU43TOZ3BPTUYOQ,True,Bas parfait,"J'ai eu beaucoup d'ampoules aux pieds à cause de la course, mais avec ces bas tout va bien ^^ Nice achat !","May 18, 2020",Audrey-Anne,5.0,0,https://www.amazon.ca/gp/profile/amzn1.account.AGCVSQBKV54EICU43TOZ3BPTUYOQ/ref=cm_cr_getr_d_gw_btm?ie=UTF8,2020-09-21 08:21:42.702736,2020-09-21 08:21:42.830569,+MD 6 Pack Womens and Mens Odor Control Rayon from Bamboo Ankle Socks Cushioned Sole Quarter Casual Socks,No,"3,564",B002G9UDYG,AE242MSBRWHV5UWHSG5FCBGBQOFA
50,AGIXELODTRHDMFEA26J4CCOVSTTQ,True,best socks ever !,Very confortable will only wear those socks from now on !,"December 7, 2019",AnnVan,5.0,0,https://www.amazon.ca/gp/profile/amzn1.account.AGIXELODTRHDMFEA26J4CCOVSTTQ/ref=cm_cr_getr_d_gw_btm?ie=UTF8,2020-09-21 08:21:44.961196,2020-09-21 08:21:45.100739,+MD 6 Pack Womens and Mens Odor Control Rayon from Bamboo Ankle Socks Cushioned Sole Quarter Casual Socks,No,"3,564",B002G9UDYG,AE242MSBRWHV5UWHSG5FCBGBQOFA
51,AHKVDIBFLLCYZMLH6KUAWTKEEVBQ,True,Five Stars,"My husband likes this socks.
I ordered one more (6pack).","April 27, 2018",Kyongsook kim,5.0,0,https://www.amazon.ca/gp/profile/amzn1.account.AHKVDIBFLLCYZMLH6KUAWTKEEVBQ/ref=cm_cr_getr_d_gw_btm?ie=UTF8,2020-09-21 08:21:45.105618,2020-09-21 08:21:45.237378,+MD 6 Pack Womens and Mens Odor Control Rayon from Bamboo Ankle Socks Cushioned Sole Quarter Casual Socks,No,"3,564",B002G9UDYG,AE242MSBRWHV5UWHSG5FCBGBQOFA
52,AEGXNCZNZFBSFOA3O7BORMQJKKYQ,True,Will buy again,Fot mens size us 13 shoes perfectly,"August 23, 2019",Kelly Vu,5.0,0,https://www.amazon.ca/gp/profile/amzn1.account.AEGXNCZNZFBSFOA3O7BORMQJKKYQ/ref=cm_cr_getr_d_gw_btm?ie=UTF8,2020-09-21 08:21:45.242258,2020-09-21 08:21:45.368161,+MD 6 Pack Womens and Mens Odor Control Rayon from Bamboo Ankle Socks Cushioned Sole Quarter Casual Socks,No,"3,564",B002G9UDYG,AE242MSBRWHV5UWHSG5FCBGBQOFA
53,AETJPT7AP6CBJG2VLJSB2T7JNLXQ,True,Realy loved it! My feet was smelly at the end ...,Realy loved it ! My feet was smelly at the end of the day this have changed my life will order mores soon !,"May 20, 2018",MaxTroisLettres,5.0,0,https://www.amazon.ca/gp/profile/amzn1.account.AETJPT7AP6CBJG2VLJSB2T7JNLXQ/ref=cm_cr_getr_d_gw_btm?ie=UTF8,2020-09-21 08:21:45.373041,2020-09-21 08:21:45.513585,+MD 6 Pack Womens and Mens Odor Control Rayon from Bamboo Ankle Socks Cushioned Sole Quarter Casual Socks,No,"3,564",B002G9UDYG,AE242MSBRWHV5UWHSG5FCBGBQOFA
54,AFA5ZR663QNIQKOVT3FPXVOW4JGQ,True,Comfortable,"comfortable, what else am I post to write about socks ? lol","February 7, 2020",Erik,5.0,0,https://www.amazon.ca/gp/profile/amzn1.account.AFA5ZR663QNIQKOVT3FPXVOW4JGQ/ref=cm_cr_getr_d_gw_btm?ie=UTF8,2020-09-21 08:21:45.519440,2020-09-21 08:21:45.642416,+MD 6 Pack Womens and Mens Odor Control Rayon from Bamboo Ankle Socks Cushioned Sole Quarter Casual Socks,No,"3,564",B002G9UDYG,AE242MSBRWHV5UWHSG5FCBGBQOFA
55,AHSUF275T6ORUPISDOHEAL25AGWQ,True,Just as shown,"The pkgs of socks
was just as described & shown","March 6, 2020",Amazon Customer,5.0,0,https://www.amazon.ca/gp/profile/amzn1.account.AHSUF275T6ORUPISDOHEAL25AGWQ/ref=cm_cr_getr_d_gw_btm?ie=UTF8,2020-09-21 08:21:45.646321,2020-09-21 08:21:45.771248,+MD 6 Pack Womens and Mens Odor Control Rayon from Bamboo Ankle Socks Cushioned Sole Quarter Casual Socks,No,"3,564",B002G9UDYG,AE242MSBRWHV5UWHSG5FCBGBQOFA
56,AEVWLKKUUQ2A6SMIHLWBMGM3MZWA,True,Great socks!,I really like these socks! They are super comfy. The only downfall was one of them had a big hole in it.,"February 17, 2019",Nicole,4.0,0,https://www.amazon.ca/gp/profile/amzn1.account.AEVWLKKUUQ2A6SMIHLWBMGM3MZWA/ref=cm_cr_getr_d_gw_btm?ie=UTF8,2020-09-21 08:21:45.776129,2020-09-21 08:21:45.904960,+MD 6 Pack Womens and Mens Odor Control Rayon from Bamboo Ankle Socks Cushioned Sole Quarter Casual Socks,No,"3,564",B002G9UDYG,AE242MSBRWHV5UWHSG5FCBGBQOFA
57,AGS2BHYRNVIYSARUILYXXGLLR6EA,True,Awesome n super comfy,These have been my favorite for a little while now. They are super comfy and fit like a charm for me.,"October 3, 2019",Veronica,5.0,0,https://www.amazon.ca/gp/profile/amzn1.account.AGS2BHYRNVIYSARUILYXXGLLR6EA/ref=cm_cr_getr_d_gw_btm?ie=UTF8,2020-09-21 08:21:45.908864,2020-09-21 08:21:46.035744,+MD 6 Pack Womens and Mens Odor Control Rayon from Bamboo Ankle Socks Cushioned Sole Quarter Casual Socks,No,"3,564",B002G9UDYG,AE242MSBRWHV5UWHSG5FCBGBQOFA
58,AFAUO7C7O3DK7XTD7RMY3DU6IAVQ,True,Five Stars,Très bon bas mais assez petit.,"April 12, 2018",MART,5.0,0,https://www.amazon.ca/gp/profile/amzn1.account.AFAUO7C7O3DK7XTD7RMY3DU6IAVQ/ref=cm_cr_getr_d_gw_btm?ie=UTF8,2020-09-21 08:21:46.039648,2020-09-21 08:21:46.167504,+MD 6 Pack Womens and Mens Odor Control Rayon from Bamboo Ankle Socks Cushioned Sole Quarter Casual Socks,No,"3,564",B002G9UDYG,AE242MSBRWHV5UWHSG5FCBGBQOFA
59,AFKPJJDXVWUPUSQXSR6YB4ER7CFQ,True,"They run small, buy a size up. They are so comfy",These are so comfy and great quality. I defrecomend going up a size as they fit small.,"October 29, 2018",Amazon Customer,5.0,0,https://www.amazon.ca/gp/profile/amzn1.account.AFKPJJDXVWUPUSQXSR6YB4ER7CFQ/ref=cm_cr_getr_d_gw_btm?ie=UTF8,2020-09-21 08:21:46.172384,2020-09-21 08:21:46.315855,+MD 6 Pack Womens and Mens Odor Control Rayon from Bamboo Ankle Socks Cushioned Sole Quarter Casual Socks,No,"3,564",B002G9UDYG,AE242MSBRWHV5UWHSG5FCBGBQOFA
60,AFE6KLWDPE3NLQ3ICYX7NGPCA63Q,True,Good product,I like them very much,"August 31, 2018",An N.,5.0,0,https://www.amazon.ca/gp/profile/amzn1.account.AFE6KLWDPE3NLQ3ICYX7NGPCA63Q/ref=cm_cr_getr_d_gw_btm?ie=UTF8,2020-09-21 08:21:49.420505,2020-09-21 08:21:49.543482,+MD 6 Pack Womens and Mens Odor Control Rayon from Bamboo Ankle Socks Cushioned Sole Quarter Casual Socks,No,"3,564",B002G9UDYG,AE242MSBRWHV5UWHSG5FCBGBQOFA
61,AGANCLCQMRUXW6BLBO57D3357NNA,True,The SIZE IS SO FAR OFF DONT ORDER THESE SOCKS,I ordered size 15 mens and i dont think they would fit my 6 year old nice want to return them.,"July 18, 2019",barry,1.0,0,https://www.amazon.ca/gp/profile/amzn1.account.AGANCLCQMRUXW6BLBO57D3357NNA/ref=cm_cr_getr_d_gw_btm?ie=UTF8,2020-09-21 08:21:49.547385,2020-09-21 08:21:49.671335,+MD 6 Pack Womens and Mens Odor Control Rayon from Bamboo Ankle Socks Cushioned Sole Quarter Casual Socks,No,"3,564",B002G9UDYG,AE242MSBRWHV5UWHSG5FCBGBQOFA
62,AGKNCLESUL6KPMPQURYFER56RVXQ,True,Good,Good,"October 13, 2018",Amazon Customer,5.0,0,https://www.amazon.ca/gp/profile/amzn1.account.AGKNCLESUL6KPMPQURYFER56RVXQ/ref=cm_cr_getr_d_gw_btm?ie=UTF8,2020-09-21 08:21:49.675239,2020-09-21 08:21:49.803095,+MD 6 Pack Womens and Mens Odor Control Rayon from Bamboo Ankle Socks Cushioned Sole Quarter Casual Socks,No,"3,564",B002G9UDYG,AE242MSBRWHV5UWHSG5FCBGBQOFA
63,AFVTWBO2HPPG5SG3EOL5RDM4IM5A,True,100% satisfied,100% satisfied,"September 15, 2019",Client d'Amazon,5.0,0,https://www.amazon.ca/gp/profile/amzn1.account.AFVTWBO2HPPG5SG3EOL5RDM4IM5A/ref=cm_cr_getr_d_gw_btm?ie=UTF8,2020-09-21 08:21:49.806999,2020-09-21 08:21:49.934854,+MD 6 Pack Womens and Mens Odor Control Rayon from Bamboo Ankle Socks Cushioned Sole Quarter Casual Socks,No,"3,564",B002G9UDYG,AE242MSBRWHV5UWHSG5FCBGBQOFA
64,AFWBTNMZU2W7E6B3N3XAFRRHC2YA,True,trop petit,Les bas ne sont pas de la bonne grandeur et se perce beaucoup trop vite!,"August 1, 2019",Etienne GB,3.0,0,https://www.amazon.ca/gp/profile/amzn1.account.AFWBTNMZU2W7E6B3N3XAFRRHC2YA/ref=cm_cr_getr_d_gw_btm?ie=UTF8,2020-09-21 08:21:49.939736,2020-09-21 08:21:50.089063,+MD 6 Pack Womens and Mens Odor Control Rayon from Bamboo Ankle Socks Cushioned Sole Quarter Casual Socks,No,"3,564",B002G9UDYG,AE242MSBRWHV5UWHSG5FCBGBQOFA
65,AHMIYOEVLCFZ4ALW22KW5JHH7NQA,True,size,size comes smaller and very thin,"May 6, 2020",Lara Khorma,3.0,0,https://www.amazon.ca/gp/profile/amzn1.account.AHMIYOEVLCFZ4ALW22KW5JHH7NQA/ref=cm_cr_getr_d_gw_btm?ie=UTF8,2020-09-21 08:21:50.093942,2020-09-21 08:21:50.217894,+MD 6 Pack Womens and Mens Odor Control Rayon from Bamboo Ankle Socks Cushioned Sole Quarter Casual Socks,No,"3,564",B002G9UDYG,AE242MSBRWHV5UWHSG5FCBGBQOFA
66,AHGACVQQUOUB2WBRTH6FXRMM7X7Q,True,Hole,Just received about 5min ago. Fits perfectly but came with a hole in one sock.,"March 8, 2019",Amazon Customer,1.0,0,https://www.amazon.ca/gp/profile/amzn1.account.AHGACVQQUOUB2WBRTH6FXRMM7X7Q/ref=cm_cr_getr_d_gw_btm?ie=UTF8,2020-09-21 08:21:50.221797,2020-09-21 08:21:50.348678,+MD 6 Pack Womens and Mens Odor Control Rayon from Bamboo Ankle Socks Cushioned Sole Quarter Casual Socks,No,"3,564",B002G9UDYG,AE242MSBRWHV5UWHSG5FCBGBQOFA
67,AGMU6R7DH3HE75DT4564KBTGLVIA,True,Five Stars,Love the fabric.,"April 29, 2018",MICHEAL,5.0,0,https://www.amazon.ca/gp/profile/amzn1.account.AGMU6R7DH3HE75DT4564KBTGLVIA/ref=cm_cr_getr_d_gw_btm?ie=UTF8,2020-09-21 08:21:50.352581,2020-09-21 08:21:50.480438,+MD 6 Pack Womens and Mens Odor Control Rayon from Bamboo Ankle Socks Cushioned Sole Quarter Casual Socks,No,"3,564",B002G9UDYG,AE242MSBRWHV5UWHSG5FCBGBQOFA
68,AGER6QF25VRLBMEPP33SEEUDDQZQ,True,Wow lol,Super comfortable,"February 16, 2019",Nick,5.0,0,https://www.amazon.ca/gp/profile/amzn1.account.AGER6QF25VRLBMEPP33SEEUDDQZQ/ref=cm_cr_getr_d_gw_btm?ie=UTF8,2020-09-21 08:21:50.486293,2020-09-21 08:21:50.613173,+MD 6 Pack Womens and Mens Odor Control Rayon from Bamboo Ankle Socks Cushioned Sole Quarter Casual Socks,No,"3,564",B002G9UDYG,AE242MSBRWHV5UWHSG5FCBGBQOFA
69,AGTYQNNKXA7N6QYKTYRABBXDHVTQ,True,Parfait,Parfait,"July 28, 2019",Amazon Customer,4.0,0,https://www.amazon.ca/gp/profile/amzn1.account.AGTYQNNKXA7N6QYKTYRABBXDHVTQ/ref=cm_cr_getr_d_gw_btm?ie=UTF8,2020-09-21 08:21:50.618054,2020-09-21 08:21:50.770311,+MD 6 Pack Womens and Mens Odor Control Rayon from Bamboo Ankle Socks Cushioned Sole Quarter Casual Socks,No,"3,564",B002G9UDYG,AE242MSBRWHV5UWHSG5FCBGBQOFA
70,AFFTUSV6H3II2IBYWSVHST4K4GMA,False,Good product,"I bought a pack of 6 June of 2018.
I have a total of 14 pair of socks (different types) that I cycle through. Two to three pair of the original six I bought will need to be replaced in the next month or two.
I will probably buy again as they are very comfortable. Good for all year round. Wick mosture very well.

As others have said, they are small after washing. They look like kids socks, though they do stretch with out straining the fabrics or stitches. I'm size 10 1/2 wide and ordered the 9-11. I have not had an issue with fit.
If you have pets (we have a few cats) the socks do get linty and fur sticks to them, but they do wash well.
Price point could be a bit better. I paid a few dollars less last year.","March 17, 2019",R. Leonardo,4.0,One,https://www.amazon.ca/gp/profile/amzn1.account.AFFTUSV6H3II2IBYWSVHST4K4GMA/ref=cm_cr_getr_d_gw_btm?ie=UTF8,2020-09-21 08:21:54.868523,2020-09-21 08:21:54.995404,+MD 6 Pack Womens and Mens Odor Control Rayon from Bamboo Ankle Socks Cushioned Sole Quarter Casual Socks,No,"3,564",B002G9UDYG,AE242MSBRWHV5UWHSG5FCBGBQOFA
71,AFEKF3J3I6DWJ2BJNHIDE2VYZCTQ,False,I’d buy more! Great socks and so comfy!,Was always looking for socks that are comfortable and won’t slide when wearing high tops. These are the best! I can totally see myself buying more. Comfy and cozy for my feet. Soft too.,"May 5, 2020",H. Manu,5.0,0,https://www.amazon.ca/gp/profile/amzn1.account.AFEKF3J3I6DWJ2BJNHIDE2VYZCTQ/ref=cm_cr_getr_d_gw_btm?ie=UTF8,2020-09-21 08:21:55.000284,2020-09-21 08:21:55.114476,+MD 6 Pack Womens and Mens Odor Control Rayon from Bamboo Ankle Socks Cushioned Sole Quarter Casual Socks,No,"3,564",B002G9UDYG,AE242MSBRWHV5UWHSG5FCBGBQOFA
72,AHIWV5OR7I3YEBAT2GHSHLQGGPPA,True,Stay in place and don’t overheat,"I love these socks. They are a bit thinner than the look in the picture, which was good for me. I’m a hot temperature person, these socks don’t cause me to over heat feet aleays dry. Nice snd soft. No indents on my feet or ankles after wearing. Another thing I really like is that these socks don’t twist on my feet, which I find other ankle socks usually do. They wash up nicely, I have only ever hang dry them so don’t know how they hold up in dryer. I will definitely purchase again as I tend to wear these instead of all my other socks","January 15, 2019",Amazon Customer,5.0,One,https://www.amazon.ca/gp/profile/amzn1.account.AHIWV5OR7I3YEBAT2GHSHLQGGPPA/ref=cm_cr_getr_d_gw_btm?ie=UTF8,2020-09-21 08:21:55.119355,2020-09-21 08:21:55.250138,+MD 6 Pack Womens and Mens Odor Control Rayon from Bamboo Ankle Socks Cushioned Sole Quarter Casual Socks,No,"3,564",B002G9UDYG,AE242MSBRWHV5UWHSG5FCBGBQOFA
