,subproduct_author_id,verified_purchase,review_title,reviews,date,reviewer_name,ratings,people_find_helpful,reviewer_profile_url,start_time,end_time,product_name,brand_name,rank,product_id,author_id
0,AEA5FEQDBSIAM5QBLPN32JBRFDQA,True,"Good product, probably could find something more affordable locally","Overall the scarf is warm and comfortable, but I think I can find something similar at dollar store for a fraction of the price.","November 29, 2018",Theodore Gemmer,5.0,0,https://www.amazon.ca/gp/profile/amzn1.account.AEA5FEQDBSIAM5QBLPN32JBRFDQA/ref=cm_cr_arp_d_gw_btm?ie=UTF8,2020-09-21 12:43:16.539641,2020-09-21 12:43:16.673353,FLOSO® Mens Plain Thermal Polar Fleece Winter/Ski Scarf (62 x 10 inches) (Black),Floso,,B002G9UDYG,AEA5FEQDBSIAM5QBLPN32JBRFDQA
1,AGQHCUEQ7KWKKTAAT2IRYXTDPQFA,True,"Looks good, nice and warm and very cozy around the ...","Replaced one I lost. It is exactly what I was hoping for. Looks good, nice and warm and very cozy around the neck in these Canadian winters.","January 6, 2017",Don T.,5.0,0,https://www.amazon.ca/gp/profile/amzn1.account.AGQHCUEQ7KWKKTAAT2IRYXTDPQFA/ref=cm_cr_arp_d_gw_btm?ie=UTF8,2020-09-21 12:43:16.677256,2020-09-21 12:43:16.879288,FLOSO® Mens Plain Thermal Polar Fleece Winter/Ski Scarf (62 x 10 inches) (Black),Floso,,B002G9UDYG,AEA5FEQDBSIAM5QBLPN32JBRFDQA
2,AHAZPG5NQAOVHVP7P4LPKVFNOZMQ,True,An excellent scarf.,"Excellent scarf. I bought these to have a scarf wide enough to wrap around my face for colder weather and boy, my nose and ears are thanking me for it.","January 10, 2017",Amazon Customer,5.0,0,https://www.amazon.ca/gp/profile/amzn1.account.AHAZPG5NQAOVHVP7P4LPKVFNOZMQ/ref=cm_cr_arp_d_gw_btm?ie=UTF8,2020-09-21 12:43:16.885146,2020-09-21 12:43:17.017880,FLOSO® Mens Plain Thermal Polar Fleece Winter/Ski Scarf (62 x 10 inches) (Black),Floso,,B002G9UDYG,AEA5FEQDBSIAM5QBLPN32JBRFDQA
3,AE4GZSIOZTVCZK3J4EVZWXZS222Q,True,Great as Advertised,"Great Scarf as Advertised.
Would buy again.","November 2, 2018",Barnster,5.0,0,https://www.amazon.ca/gp/profile/amzn1.account.AE4GZSIOZTVCZK3J4EVZWXZS222Q/ref=cm_cr_arp_d_gw_btm?ie=UTF8,2020-09-21 12:43:17.022760,2020-09-21 12:43:17.144759,FLOSO® Mens Plain Thermal Polar Fleece Winter/Ski Scarf (62 x 10 inches) (Black),Floso,,B002G9UDYG,AEA5FEQDBSIAM5QBLPN32JBRFDQA
4,AHFHHTO4SZBZ4AQRPDBJFWXGDBCQ,True,Five Stars,so warm so nice quality,"January 15, 2018",Client d'Amazon,5.0,0,https://www.amazon.ca/gp/profile/amzn1.account.AHFHHTO4SZBZ4AQRPDBJFWXGDBCQ/ref=cm_cr_arp_d_gw_btm?ie=UTF8,2020-09-21 12:43:17.149639,2020-09-21 12:43:17.271639,FLOSO® Mens Plain Thermal Polar Fleece Winter/Ski Scarf (62 x 10 inches) (Black),Floso,,B002G9UDYG,AEA5FEQDBSIAM5QBLPN32JBRFDQA
5,AGVDF4AWSB27A4WQCGIFISG6JT2Q,True,comfy,perfect sized scarf,"February 11, 2020",david james tarka,5.0,0,https://www.amazon.ca/gp/profile/amzn1.account.AGVDF4AWSB27A4WQCGIFISG6JT2Q/ref=cm_cr_arp_d_gw_btm?ie=UTF8,2020-09-21 12:43:17.274566,2020-09-21 12:43:17.405377,FLOSO® Mens Plain Thermal Polar Fleece Winter/Ski Scarf (62 x 10 inches) (Black),Floso,,B002G9UDYG,AEA5FEQDBSIAM5QBLPN32JBRFDQA
6,AHBGZE46QH7HCNAHLZLETT4CRVBA,True,good product !,Really good product,"March 21, 2019",Jean Hamel,5.0,0,https://www.amazon.ca/gp/profile/amzn1.account.AHBGZE46QH7HCNAHLZLETT4CRVBA/ref=cm_cr_arp_d_gw_btm?ie=UTF8,2020-09-21 12:43:17.409255,2020-09-21 12:43:17.532231,FLOSO® Mens Plain Thermal Polar Fleece Winter/Ski Scarf (62 x 10 inches) (Black),Floso,,B002G9UDYG,AEA5FEQDBSIAM5QBLPN32JBRFDQA
