,subproduct_author_id,verified_purchase,review_title,reviews,date,reviewer_name,ratings,people_find_helpful,reviewer_profile_url,start_time,end_time,product_name,brand_name,rank,product_id,author_id
0,AEA5FEQDBSIAM5QBLPN32JBRFDQA,True,I don't wear these much,"I ended up buying a pair of gloves at a local store which I am wearing all the time. I probably shouldn't have purchased these because...
- they are not waterproof
- I think like most knit mittens, they will stretch around my wrists and not keep out the snow
- they are a little difficult to put on or take off.

All of the cons to these mittens are more a con to buying knit mittens. Overall, these were well-made, but I think I would not buy again because I prefer a thick waterproof glove instead.","November 29, 2018",Theodore Gemmer,3.0,0,https://www.amazon.ca/gp/profile/amzn1.account.AEA5FEQDBSIAM5QBLPN32JBRFDQA/ref=cm_cr_arp_d_gw_btm?ie=UTF8,2020-09-21 12:43:33.965038,2020-09-21 12:43:34.110460,Woogwin Mens Winter Fingerless Gloves Fleece Thermal Wool Knit Convertible Mittens(black),No,,B002G9UDYG,AEA5FEQDBSIAM5QBLPN32JBRFDQA
1,AELBJCMB2T5BREUNA74ASSQBG35A,True,Small,"Belle qualité mais il sont fait pour des main de femme.

Nice quality but they re make for woman hand","February 2, 2019",SP,4.0,0,https://www.amazon.ca/gp/profile/amzn1.account.AELBJCMB2T5BREUNA74ASSQBG35A/ref=cm_cr_arp_d_gw_btm?ie=UTF8,2020-09-21 12:43:34.115341,2020-09-21 12:43:34.245148,Woogwin Mens Winter Fingerless Gloves Fleece Thermal Wool Knit Convertible Mittens(black),No,,B002G9UDYG,AEA5FEQDBSIAM5QBLPN32JBRFDQA
2,AF7OO2S2FHC7F66Z6LKODRR26ZWQ,True,Fits a little bigger than hoped for,This was a gift - is slightly larger on hand than hoped,"December 4, 2018",Linda Kimball,4.0,One,https://www.amazon.ca/gp/profile/amzn1.account.AF7OO2S2FHC7F66Z6LKODRR26ZWQ/ref=cm_cr_arp_d_gw_btm?ie=UTF8,2020-09-21 12:43:34.249051,2020-09-21 12:43:34.381788,Woogwin Mens Winter Fingerless Gloves Fleece Thermal Wool Knit Convertible Mittens(black),No,,B002G9UDYG,AEA5FEQDBSIAM5QBLPN32JBRFDQA
3,AFZ3CSYWG4HMMDLTCHSZE6LZ5VCQ,True,Good product.,"Warm, fits good . The actual leather is lacking but all around good buy.","December 5, 2018",Max,4.0,0,https://www.amazon.ca/gp/profile/amzn1.account.AFZ3CSYWG4HMMDLTCHSZE6LZ5VCQ/ref=cm_cr_arp_d_gw_btm?ie=UTF8,2020-09-21 12:43:34.385692,2020-09-21 12:43:34.517452,Woogwin Mens Winter Fingerless Gloves Fleece Thermal Wool Knit Convertible Mittens(black),No,,B002G9UDYG,AEA5FEQDBSIAM5QBLPN32JBRFDQA
4,AF3KVRWLT2SZ6IHH6U6QEK45L5HQ,True,Itchy,"Itchy, and it sheds. Interior lining came off after 2 weeks.","November 15, 2018",P Fuoco,1.0,One,https://www.amazon.ca/gp/profile/amzn1.account.AF3KVRWLT2SZ6IHH6U6QEK45L5HQ/ref=cm_cr_arp_d_gw_btm?ie=UTF8,2020-09-21 12:43:34.523307,2020-09-21 12:43:34.656043,Woogwin Mens Winter Fingerless Gloves Fleece Thermal Wool Knit Convertible Mittens(black),No,,B002G9UDYG,AEA5FEQDBSIAM5QBLPN32JBRFDQA
5,AHF6HNFQ37CKDXZWAM5EJ2E66UWA,True,Tight on big hands,Smaller than i thought.,"January 1, 2019",Amanda,3.0,One,https://www.amazon.ca/gp/profile/amzn1.account.AHF6HNFQ37CKDXZWAM5EJ2E66UWA/ref=cm_cr_arp_d_gw_btm?ie=UTF8,2020-09-21 12:43:34.660922,2020-09-21 12:43:34.806347,Woogwin Mens Winter Fingerless Gloves Fleece Thermal Wool Knit Convertible Mittens(black),No,,B002G9UDYG,AEA5FEQDBSIAM5QBLPN32JBRFDQA
6,AEM7FNGA4IGZG5LL4U4A4UATWTPA,True,New gloves now i have to shovel,Gift very pleased,"March 27, 2019",sharonmccoyakarosie,5.0,0,https://www.amazon.ca/gp/profile/amzn1.account.AEM7FNGA4IGZG5LL4U4A4UATWTPA/ref=cm_cr_arp_d_gw_btm?ie=UTF8,2020-09-21 12:43:34.811227,2020-09-21 12:43:34.958603,Woogwin Mens Winter Fingerless Gloves Fleece Thermal Wool Knit Convertible Mittens(black),No,,B002G9UDYG,AEA5FEQDBSIAM5QBLPN32JBRFDQA
7,AG3OD23LM42ID6DW57QOQJD5RHMA,True,Great,Great,"January 2, 2019",Amazon Customer,5.0,0,https://www.amazon.ca/gp/profile/amzn1.account.AG3OD23LM42ID6DW57QOQJD5RHMA/ref=cm_cr_arp_d_gw_btm?ie=UTF8,2020-09-21 12:43:34.962507,2020-09-21 12:43:35.089387,Woogwin Mens Winter Fingerless Gloves Fleece Thermal Wool Knit Convertible Mittens(black),No,,B002G9UDYG,AEA5FEQDBSIAM5QBLPN32JBRFDQA
