,subproduct_author_id,verified_purchase,review_title,reviews,date,reviewer_name,ratings,people_find_helpful,reviewer_profile_url,start_time,end_time,product_name,brand_name,rank,product_id,author_id
0,AHMC2EAF3UUZINFVLHHNIFGYZNXQ,True,Quality product.,"I usually buy xl, but I find things too short. With the big and tall the large is awesome. Much longer and more comfortable to wear. I can bend over without mooning coworkers. Quality fabric and manufacturing as well. Great product.","March 3, 2020",Cobra Commander,5.0,2,https://www.amazon.ca/gp/profile/amzn1.account.AHMC2EAF3UUZINFVLHHNIFGYZNXQ/ref=cm_cr_arp_d_gw_btm?ie=UTF8,2020-09-21 08:45:46.216838,2020-09-21 08:45:46.357382,Carhartt Men's,No,187,B002G9UDYG,AE3LRCOFYOIXMTUVY7MELWKBDM6A
1,AHUDR2SMUYWCVMSDVG7GS4S3NX2A,True,XXL is like XXXL so I had to get Xlarge to get ...,"XXL is like XXXL so I had to get Xlarge to get my XXL feel.
I wanted it a bit bigger, but wow this thing is big. I should
Have picked my size and i would still get it a bit bigger. I like the quality also... yeah I just wanted to talk about the size first.","September 12, 2018",P-A,5.0,3,https://www.amazon.ca/gp/profile/amzn1.account.AHUDR2SMUYWCVMSDVG7GS4S3NX2A/ref=cm_cr_arp_d_gw_btm?ie=UTF8,2020-09-21 08:45:46.361285,2020-09-21 08:45:46.488165,Carhartt Men's,No,187,B002G9UDYG,AE3LRCOFYOIXMTUVY7MELWKBDM6A
2,AFS3IUKCX45MFPXLB7NDSFXBCRZQ,True,"Well Made Shirt, Too long, even for a Tall fit.","Well made, but fits far too large. I am 6'4"" tall and I got the 3X Tall. It fits WAAAAY too big. This is the 3rd Carhartt item I've ordered like this that's over-sized. It's better than being too small but it really is big. if you order this shirt order a size smaller than usual. After owning this shirt for a while I was able to shrink it in a hot dryer and now it fits. It fits very large, its too long even for a tall.","October 23, 2019",MrBabylon9000,3.0,0,https://www.amazon.ca/gp/profile/amzn1.account.AFS3IUKCX45MFPXLB7NDSFXBCRZQ/ref=cm_cr_arp_d_gw_btm?ie=UTF8,2020-09-21 08:45:46.492069,2020-09-21 08:45:46.616997,Carhartt Men's,No,187,B002G9UDYG,AE3LRCOFYOIXMTUVY7MELWKBDM6A
3,AF43GW5IHWUYAVZCRUL6VOKHG32A,True,Good quality but runs a little big,"I purchased this shirt for my son who is a slim 6'4 and the shirt is a little big in the body for him. A few washes might address that? The shirt length is good and sleeve length is plenty long so no worries there. The material quality is strong, so I expect this shirt to last him a long time.","December 27, 2018",James,4.0,One,https://www.amazon.ca/gp/profile/amzn1.account.AF43GW5IHWUYAVZCRUL6VOKHG32A/ref=cm_cr_arp_d_gw_btm?ie=UTF8,2020-09-21 08:45:46.620900,2020-09-21 08:45:46.763397,Carhartt Men's,No,187,B002G9UDYG,AE3LRCOFYOIXMTUVY7MELWKBDM6A
4,AHCPYOSS2K4SRHK3RPZJT6X7MTGA,True,Tough and well made,"Very tough shirts. They've held up to construction and puppy bites quite well.
The fabric is quite stuff and not terribly soft, but they are good, tough cotton shirts that will not catch on fire or melt from grinder sparks etc.","October 12, 2019",Shap,5.0,0,https://www.amazon.ca/gp/profile/amzn1.account.AHCPYOSS2K4SRHK3RPZJT6X7MTGA/ref=cm_cr_arp_d_gw_btm?ie=UTF8,2020-09-21 08:45:46.767300,2020-09-21 08:45:46.893205,Carhartt Men's,No,187,B002G9UDYG,AE3LRCOFYOIXMTUVY7MELWKBDM6A
5,AFIAPMQSYD5GJUOY7C2IRKCNAPRQ,True,Great,Very very happy. Will purchase again Bought for my daughter as she is always wearing her dads. She wanted it baggy. Realistically a small or extra small would fit her appropriately. Sizing is accurate.,"March 29, 2020",Corgimom,5.0,0,https://www.amazon.ca/gp/profile/amzn1.account.AFIAPMQSYD5GJUOY7C2IRKCNAPRQ/ref=cm_cr_arp_d_gw_btm?ie=UTF8,2020-09-21 08:45:46.897109,2020-09-21 08:45:47.020085,Carhartt Men's,No,187,B002G9UDYG,AE3LRCOFYOIXMTUVY7MELWKBDM6A
6,AHVA3DRPJR7BH44Y3HYSXTOTXZLQ,True,Not good sizing,Purchased 2 large long sleeve t-shirts. I generally buy xl but for Carhartt they fit a size smaller. One of the shirts fit well but was so long I had to try and shrink it. It’s still too long and now too small in the body and can’t wear it. Other one is way bigger and is wearable but two completely different sizes but both were large and NOT tall. Disappointed with this purchase.,"November 29, 2018",Jim ,2.0,0,https://www.amazon.ca/gp/profile/amzn1.account.AHVA3DRPJR7BH44Y3HYSXTOTXZLQ/ref=cm_cr_arp_d_gw_btm?ie=UTF8,2020-09-21 08:45:47.024992,2020-09-21 08:45:47.158706,Carhartt Men's,No,187,B002G9UDYG,AE3LRCOFYOIXMTUVY7MELWKBDM6A
7,AFBHEQJBOMFEFCXSG74OFPFUTJZQ,True,Not as shown.,"There was no logo on the arm when the shirt arrived which was quite disappointing, if you want it as a work shirt it would be fine.","August 28, 2019",Kay,3.0,One,https://www.amazon.ca/gp/profile/amzn1.account.AFBHEQJBOMFEFCXSG74OFPFUTJZQ/ref=cm_cr_arp_d_gw_btm?ie=UTF8,2020-09-21 08:45:47.162579,2020-09-21 08:45:47.289459,Carhartt Men's,No,187,B002G9UDYG,AE3LRCOFYOIXMTUVY7MELWKBDM6A
8,AGFSQTJ5ZBPRX7U55X4XZB6JL2AQ,True,Wrong Colour,"It's soft and fits about as well as a female can expect a male shirt to fit. It's dark grey and orange, not dark grey and carhartt yellow like picture suggests. Dissapointed about the orange","August 20, 2018",Amazon Customer,2.0,One,https://www.amazon.ca/gp/profile/amzn1.account.AGFSQTJ5ZBPRX7U55X4XZB6JL2AQ/ref=cm_cr_arp_d_gw_btm?ie=UTF8,2020-09-21 08:45:47.292388,2020-09-21 08:45:47.426100,Carhartt Men's,No,187,B002G9UDYG,AE3LRCOFYOIXMTUVY7MELWKBDM6A
9,AETGUECJWDAUF3GC54ALHVFSB23Q,True,Read the reviews!,"Great quality as expected however did not believe all the reviews concerning the sizing. I like my T-shirts a little larger but this was even too large for me, will order a medium size just like all the reviews suggested.","March 4, 2019",Alex,4.0,0,https://www.amazon.ca/gp/profile/amzn1.account.AETGUECJWDAUF3GC54ALHVFSB23Q/ref=cm_cr_arp_d_gw_btm?ie=UTF8,2020-09-21 08:45:47.431955,2020-09-21 08:45:47.560786,Carhartt Men's,No,187,B002G9UDYG,AE3LRCOFYOIXMTUVY7MELWKBDM6A
10,AHSE2AESGQPEPURE6TVJOE5USSIA,True,No Carhartt Logo on the back,The Shirt is supposed to have the Carhartt logo on the back It does not. I find that to be a problem with Amazon they don't force sellers to use real photos so it can be misleading or false advertising.,"August 4, 2019",chris,2.0,0,https://www.amazon.ca/gp/profile/amzn1.account.AHSE2AESGQPEPURE6TVJOE5USSIA/ref=cm_cr_getr_d_gw_btm?ie=UTF8,2020-09-21 08:45:50.720094,2020-09-21 08:45:50.854779,Carhartt Men's,No,187,B002G9UDYG,AE3LRCOFYOIXMTUVY7MELWKBDM6A
11,AGQC6XKGHJWNNB7QIHR7OGPUWOPQ,True,Best shirt ever...,"Best working man's shirt rite here.. My last shirt I got lasted me almost 5 years and I kid you not.. Working outside in alberta, framing houses.. Beat this shirt up everyday, I put this to the test.. I kinda wish I had a picture to show you of 5 years.. Trust me you won't be disappointed","November 7, 2017",Bryon,5.0,0,https://www.amazon.ca/gp/profile/amzn1.account.AGQC6XKGHJWNNB7QIHR7OGPUWOPQ/ref=cm_cr_getr_d_gw_btm?ie=UTF8,2020-09-21 08:45:50.858682,2020-09-21 08:45:50.988491,Carhartt Men's,No,187,B002G9UDYG,AE3LRCOFYOIXMTUVY7MELWKBDM6A
12,AE3LRCOFYOIXMTUVY7MELWKBDM6A,True,"Buy it, you won't regret it.",You really can't beat Carhartt for their quality at this price point. Excellent product. Perfect heaviness for a cool working day or a night by a fire.,"June 10, 2020",genericname,5.0,0,https://www.amazon.ca/gp/profile/amzn1.account.AE3LRCOFYOIXMTUVY7MELWKBDM6A/ref=cm_cr_getr_d_gw_btm?ie=UTF8,2020-09-21 08:45:50.992395,2020-09-21 08:45:51.130986,Carhartt Men's,No,187,B002G9UDYG,AE3LRCOFYOIXMTUVY7MELWKBDM6A
13,AG55ALA6GKAUOJBQPERYOHIV57TQ,True,exactly as expected,"Was hoping I wasnt getting a cheap knock off at the sale price, but this was everything I love in a Carhartt long sleeve. fits big and thick material. Would recommend, especially on sale","December 1, 2018",Anthony,5.0,0,https://www.amazon.ca/gp/profile/amzn1.account.AG55ALA6GKAUOJBQPERYOHIV57TQ/ref=cm_cr_getr_d_gw_btm?ie=UTF8,2020-09-21 08:45:51.134890,2020-09-21 08:45:51.259817,Carhartt Men's,No,187,B002G9UDYG,AE3LRCOFYOIXMTUVY7MELWKBDM6A
14,AHRHOC3M4O6AELVIEI6GDDYZMUWQ,True,You should buy it,Amazing quality but that's to be expected with carhartt. At first it was a little tight but that was my fault I didnt order the right size so I just lost a little weight lol. Over all it's a nice warm sweater,"November 3, 2018",Matthew,5.0,0,https://www.amazon.ca/gp/profile/amzn1.account.AHRHOC3M4O6AELVIEI6GDDYZMUWQ/ref=cm_cr_getr_d_gw_btm?ie=UTF8,2020-09-21 08:45:51.264697,2020-09-21 08:45:51.400361,Carhartt Men's,No,187,B002G9UDYG,AE3LRCOFYOIXMTUVY7MELWKBDM6A
15,AEGPX7GFMLVXXWSG6IX5RDAVYZLQ,True,Fits a bit larger,Carhart generally fits large. I’d recommend shopping locally if you haven’t purchased their stuff before. You’ll find the right fit and then in the future you can order online and save a few bucks.,"January 21, 2019",Paradoxxx,5.0,0,https://www.amazon.ca/gp/profile/amzn1.account.AEGPX7GFMLVXXWSG6IX5RDAVYZLQ/ref=cm_cr_getr_d_gw_btm?ie=UTF8,2020-09-21 08:45:51.405242,2020-09-21 08:45:51.529194,Carhartt Men's,No,187,B002G9UDYG,AE3LRCOFYOIXMTUVY7MELWKBDM6A
16,AEA4EXK3DNKEXHQC6PEHZ3SZVYUA,True,Poor quality,Didn’t even get to wear it! Received the shirt removed it from the plastic bag and washed it in cold water after drying the shirt the logo on the back of the neck was gone and the logo on the arm is faded already and fits tight in the arms.,"October 22, 2019",Joel B.,1.0,0,https://www.amazon.ca/gp/profile/amzn1.account.AEA4EXK3DNKEXHQC6PEHZ3SZVYUA/ref=cm_cr_getr_d_gw_btm?ie=UTF8,2020-09-21 08:45:51.533097,2020-09-21 08:45:51.659977,Carhartt Men's,No,187,B002G9UDYG,AE3LRCOFYOIXMTUVY7MELWKBDM6A
17,AHYWMIOFZ43665TJNHEODZT5476A,True,Would buy again but would size down next time,A little larger than expected but still a comfy shirt and great quality!,"July 21, 2020",Heather ,5.0,0,https://www.amazon.ca/gp/profile/amzn1.account.AHYWMIOFZ43665TJNHEODZT5476A/ref=cm_cr_getr_d_gw_btm?ie=UTF8,2020-09-21 08:45:51.663881,2020-09-21 08:45:51.801497,Carhartt Men's,No,187,B002G9UDYG,AE3LRCOFYOIXMTUVY7MELWKBDM6A
18,AGDK34SQXLERZ37ZNCRNTPLMMAJQ,True,Wrong colour,"The sleeve logo is not a high viz orange much darker, which is disappointing, and there was no additional neck logo. Which is also a bummer. Those are both reasons I bought it to begin with. Fabric quality is ok though","January 10, 2019",Adam,2.0,0,https://www.amazon.ca/gp/profile/amzn1.account.AGDK34SQXLERZ37ZNCRNTPLMMAJQ/ref=cm_cr_getr_d_gw_btm?ie=UTF8,2020-09-21 08:45:51.807353,2020-09-21 08:45:51.934233,Carhartt Men's,No,187,B002G9UDYG,AE3LRCOFYOIXMTUVY7MELWKBDM6A
19,AFM3GLQHJTBCJY7VVXTMJMUUOHCQ,True,Not exactly as showned\described,Not as heavyweight felt than the longue sleeve with front pocket and also fits larger. Doesn't have the writtings in the back as showned on the pictures. Not 100% cotton.,"January 20, 2019",Maude,3.0,One,https://www.amazon.ca/gp/profile/amzn1.account.AFM3GLQHJTBCJY7VVXTMJMUUOHCQ/ref=cm_cr_getr_d_gw_btm?ie=UTF8,2020-09-21 08:45:51.938137,2020-09-21 08:45:52.065017,Carhartt Men's,No,187,B002G9UDYG,AE3LRCOFYOIXMTUVY7MELWKBDM6A
20,AHMIQUTL444ZNZBOU5PIOMKIQUFA,True,It's a Carhartt... So you can buy with confidence,"Good thickness of cotton, stitching above reproach... Very high quality of shirt, will endure rough usage.","July 30, 2018",FMichaud,5.0,One,https://www.amazon.ca/gp/profile/amzn1.account.AHMIQUTL444ZNZBOU5PIOMKIQUFA/ref=cm_cr_getr_d_gw_btm?ie=UTF8,2020-09-21 08:45:56.238383,2020-09-21 08:45:56.383806,Carhartt Men's,No,187,B002G9UDYG,AE3LRCOFYOIXMTUVY7MELWKBDM6A
21,AGSHTPE63UIXHA6RDBCHYC3GEWOQ,True,"Wait for the follow up, Happy for now",I think the long sleeved shirt is a bit overpriced and will have yet to see how many wahes I will get from it before decal fades away,"October 18, 2019",william garrison,4.0,0,https://www.amazon.ca/gp/profile/amzn1.account.AGSHTPE63UIXHA6RDBCHYC3GEWOQ/ref=cm_cr_getr_d_gw_btm?ie=UTF8,2020-09-21 08:45:56.388686,2020-09-21 08:45:56.510686,Carhartt Men's,No,187,B002G9UDYG,AE3LRCOFYOIXMTUVY7MELWKBDM6A
22,AHESSQK3Q3DAN76RB3M2V4OGC23Q,True,Great quality!! Heavy duty!!,Great product and amazing prices!! Will never buy in stores again. The quality of this product is great for men who work in a trade!!,"January 5, 2019",Jenna grenier,5.0,0,https://www.amazon.ca/gp/profile/amzn1.account.AHESSQK3Q3DAN76RB3M2V4OGC23Q/ref=cm_cr_getr_d_gw_btm?ie=UTF8,2020-09-21 08:45:56.514589,2020-09-21 08:45:56.639517,Carhartt Men's,No,187,B002G9UDYG,AE3LRCOFYOIXMTUVY7MELWKBDM6A
23,AGCOUSDCXZOCL7O6KKZD3D4MJHQQ,True,Go a size smaller,Definitely ordering a size smaller next time,"September 12, 2020",Jason Mercer,4.0,0,https://www.amazon.ca/gp/profile/amzn1.account.AGCOUSDCXZOCL7O6KKZD3D4MJHQQ/ref=cm_cr_getr_d_gw_btm?ie=UTF8,2020-09-21 08:45:56.642445,2020-09-21 08:45:56.771278,Carhartt Men's,No,187,B002G9UDYG,AE3LRCOFYOIXMTUVY7MELWKBDM6A
24,AG4RAFKE2LNH7RCVK63PIO44AE6Q,True,Shrinks,This shirt shrinks ALOT. Id like to see a company of this size and reputation to be pre shrinking there produtcs to promore a better fit,"February 13, 2019",Kaoss,3.0,0,https://www.amazon.ca/gp/profile/amzn1.account.AG4RAFKE2LNH7RCVK63PIO44AE6Q/ref=cm_cr_getr_d_gw_btm?ie=UTF8,2020-09-21 08:45:56.783966,2020-09-21 08:45:56.911821,Carhartt Men's,No,187,B002G9UDYG,AE3LRCOFYOIXMTUVY7MELWKBDM6A
25,AHXVL6P4CPP3NTUPXYG56PLGC3YA,True,Great quality shirt,Great quality. Perfect fit. Nice longer sleeves. My bf loved it. Ty,"March 9, 2020",Mags,5.0,0,https://www.amazon.ca/gp/profile/amzn1.account.AHXVL6P4CPP3NTUPXYG56PLGC3YA/ref=cm_cr_getr_d_gw_btm?ie=UTF8,2020-09-21 08:45:56.915725,2020-09-21 08:45:57.032845,Carhartt Men's,No,187,B002G9UDYG,AE3LRCOFYOIXMTUVY7MELWKBDM6A
26,AG6ZQ3MUWQABJES5PJIJ4GMDDTDA,True,Awesome long sleeve. Carhartt delivers.,"Great long sleeve, carhartt delivers.","July 6, 2020",Fischkind,5.0,0,https://www.amazon.ca/gp/profile/amzn1.account.AG6ZQ3MUWQABJES5PJIJ4GMDDTDA/ref=cm_cr_getr_d_gw_btm?ie=UTF8,2020-09-21 08:45:57.037725,2020-09-21 08:45:57.174364,Carhartt Men's,No,187,B002G9UDYG,AE3LRCOFYOIXMTUVY7MELWKBDM6A
27,AH5AOFZAILZKPIHTU5RNCJ5RKEIA,True,Might have to return to get the right size depending on which country made the shirt,I ordered 2 shirts 1 blue 1 black. The black was made in hatti and the blue one was from Guatemala. With that being said the one from hatti fits a lot smaller and doesn’t have the same stretch in the fabric.,"February 17, 2020",Gracie Bosecker,3.0,0,https://www.amazon.ca/gp/profile/amzn1.account.AH5AOFZAILZKPIHTU5RNCJ5RKEIA/ref=cm_cr_getr_d_gw_btm?ie=UTF8,2020-09-21 08:45:57.178269,2020-09-21 08:45:57.303197,Carhartt Men's,No,187,B002G9UDYG,AE3LRCOFYOIXMTUVY7MELWKBDM6A
28,AHBLCAI66IBDGY6FD2QTFG4V6FCQ,True,Product was the perfect size for my tall husband,"Product was the perfect size for my tall husband. Shoulders and sleeves fit him just right! For all shirts ordered, colours and fabric great! My husband is very happy with my purchases for him!","March 13, 2018",Susan Burton,5.0,0,https://www.amazon.ca/gp/profile/amzn1.account.AHBLCAI66IBDGY6FD2QTFG4V6FCQ/ref=cm_cr_getr_d_gw_btm?ie=UTF8,2020-09-21 08:45:57.307099,2020-09-21 08:45:57.430076,Carhartt Men's,No,187,B002G9UDYG,AE3LRCOFYOIXMTUVY7MELWKBDM6A
29,AGRJIPFQGJM7BK4XQVFFZHKTGU5A,True,Great shirt - recommend ordering one size smaller,"We initially ordered a Medium but had to return for a Small.

Son really likes the shirt","January 26, 2019",Shaun Novak,5.0,0,https://www.amazon.ca/gp/profile/amzn1.account.AGRJIPFQGJM7BK4XQVFFZHKTGU5A/ref=cm_cr_getr_d_gw_btm?ie=UTF8,2020-09-21 08:45:57.435933,2020-09-21 08:45:57.574525,Carhartt Men's,No,187,B002G9UDYG,AE3LRCOFYOIXMTUVY7MELWKBDM6A
30,AGQQ45LSICE5BABTRMW3OV3LVR7Q,True,Size varies,I have three of these shirts in three different colours and each one fits different. Quality is good and they appear to be genuine,"January 16, 2019",Mike Hancho,4.0,0,https://www.amazon.ca/gp/profile/amzn1.account.AGQQ45LSICE5BABTRMW3OV3LVR7Q/ref=cm_cr_getr_d_gw_btm?ie=UTF8,2020-09-21 08:46:03.719430,2020-09-21 08:46:03.844332,Carhartt Men's,No,187,B002G9UDYG,AE3LRCOFYOIXMTUVY7MELWKBDM6A
31,AETT636UILSG4HNDYELAH3GTGU3A,True,Good Looking Shirt - Perfect Fit!,Perfect fit - purchased for my son and he like the fit very much.,"January 7, 2020",Amazon Customer,5.0,0,https://www.amazon.ca/gp/profile/amzn1.account.AETT636UILSG4HNDYELAH3GTGU3A/ref=cm_cr_getr_d_gw_btm?ie=UTF8,2020-09-21 08:46:03.848236,2020-09-21 08:46:03.987804,Carhartt Men's,No,187,B002G9UDYG,AE3LRCOFYOIXMTUVY7MELWKBDM6A
32,AHES4M7YF33IYUMAUGMNJK3INYQA,True,Great product,"Great product and awesome price, thanks","February 27, 2020",Amazon Customer,5.0,0,https://www.amazon.ca/gp/profile/amzn1.account.AHES4M7YF33IYUMAUGMNJK3INYQA/ref=cm_cr_getr_d_gw_btm?ie=UTF8,2020-09-21 08:46:03.992684,2020-09-21 08:46:04.116636,Carhartt Men's,No,187,B002G9UDYG,AE3LRCOFYOIXMTUVY7MELWKBDM6A
33,AGAU6GC253A3BFRXQLJ7U7BEYYRQ,True,"Awesome coliyr, great fitting shirt.","Bought as Christmas gift for son. Great colour, he loves it and can never go wrong with Carhart.","December 27, 2019",Trish,5.0,0,https://www.amazon.ca/gp/profile/amzn1.account.AGAU6GC253A3BFRXQLJ7U7BEYYRQ/ref=cm_cr_getr_d_gw_btm?ie=UTF8,2020-09-21 08:46:04.120540,2020-09-21 08:46:04.242542,Carhartt Men's,No,187,B002G9UDYG,AE3LRCOFYOIXMTUVY7MELWKBDM6A
34,AG3OLMC7EY2SDE4G3XKWR4URVVDQ,True,Xl feel like a large never had a problem with this brand before,"I have over a dozen carhartt xl shirts all fit
Go figure the one ordered on amazon is to small fits like a large
I've only worn a handful of times in two years and feel like I got ripped off","January 26, 2020",Amazon Customer,1.0,0,https://www.amazon.ca/gp/profile/amzn1.account.AG3OLMC7EY2SDE4G3XKWR4URVVDQ/ref=cm_cr_getr_d_gw_btm?ie=UTF8,2020-09-21 08:46:04.246444,2020-09-21 08:46:04.380155,Carhartt Men's,No,187,B002G9UDYG,AE3LRCOFYOIXMTUVY7MELWKBDM6A
35,AFWURH2RHUIDBHJZ2FW6PVVM74UA,True,Good service,Send back however Material feels OK,"March 9, 2020",Happydays,1.0,0,https://www.amazon.ca/gp/profile/amzn1.account.AFWURH2RHUIDBHJZ2FW6PVVM74UA/ref=cm_cr_getr_d_gw_btm?ie=UTF8,2020-09-21 08:46:04.384059,2020-09-21 08:46:04.498251,Carhartt Men's,No,187,B002G9UDYG,AE3LRCOFYOIXMTUVY7MELWKBDM6A
36,AGTYJFBLVLEVSOATWKCIHUM5BM5Q,True,Large sizing,This is a good quality product. The only issue I had was the sizing was much bigger then regular sizing . I’d say order a size or two smaller then what you would regularly order .,"March 24, 2020",Amazon Customer,3.0,0,https://www.amazon.ca/gp/profile/amzn1.account.AGTYJFBLVLEVSOATWKCIHUM5BM5Q/ref=cm_cr_getr_d_gw_btm?ie=UTF8,2020-09-21 08:46:04.502155,2020-09-21 08:46:04.630987,Carhartt Men's,No,187,B002G9UDYG,AE3LRCOFYOIXMTUVY7MELWKBDM6A
37,AG2SZOR4AXQQLP2LYUVBJJCNXLEA,True,Nice shirt,Little big but I also haven’t washed it yet so it’ll probably shrink. I ordered a size down because like most carhartt clothing it is a size large also I think it’s real carhartt witch is nice because it’s cheap and there’s lots to choose from,"August 9, 2018",Dakota,5.0,0,https://www.amazon.ca/gp/profile/amzn1.account.AG2SZOR4AXQQLP2LYUVBJJCNXLEA/ref=cm_cr_getr_d_gw_btm?ie=UTF8,2020-09-21 08:46:04.635867,2020-09-21 08:46:04.751034,Carhartt Men's,No,187,B002G9UDYG,AE3LRCOFYOIXMTUVY7MELWKBDM6A
38,AG6ZQ3MUWQABJES5PJIJ4GMDDTDA,True,Good quality shirt,Good quality shirt,"July 6, 2020",Fischkind,5.0,0,https://www.amazon.ca/gp/profile/amzn1.account.AG6ZQ3MUWQABJES5PJIJ4GMDDTDA/ref=cm_cr_getr_d_gw_btm?ie=UTF8,2020-09-21 08:46:04.753963,2020-09-21 08:46:04.874011,Carhartt Men's,No,187,B002G9UDYG,AE3LRCOFYOIXMTUVY7MELWKBDM6A
39,AGVXQ72UGUHPQRXXETG37SRTP67Q,True,Order a size smaller than you normally would,"Knowing carhartt shirts, its expected to be a size bigger. Order a size smaller than you normally would buy and itll work out fine. Great quality, they last forever and very comfortable.","January 5, 2019",Shawn,5.0,0,https://www.amazon.ca/gp/profile/amzn1.account.AGVXQ72UGUHPQRXXETG37SRTP67Q/ref=cm_cr_getr_d_gw_btm?ie=UTF8,2020-09-21 08:46:04.878891,2020-09-21 08:46:05.009674,Carhartt Men's,No,187,B002G9UDYG,AE3LRCOFYOIXMTUVY7MELWKBDM6A
40,AHTBTGR2IJXSPAEZM6TQNPTYPMIQ,True,Fits like an extra large,"Fit perfectly. Ordered an extra large, but is very long. Fits like an extra large tall","January 11, 2018",Skyla,4.0,One,https://www.amazon.ca/gp/profile/amzn1.account.AHTBTGR2IJXSPAEZM6TQNPTYPMIQ/ref=cm_cr_getr_d_gw_btm?ie=UTF8,2020-09-21 08:46:07.158864,2020-09-21 08:46:07.314004,Carhartt Men's,No,187,B002G9UDYG,AE3LRCOFYOIXMTUVY7MELWKBDM6A
41,AEXE3OBDHTX5K6I72SKWQF6JOSBQ,True,Meh,Fits fine but the fabric is a little cheap? It feels a bit weird on the skin.,"March 29, 2019",Andrew,3.0,0,https://www.amazon.ca/gp/profile/amzn1.account.AEXE3OBDHTX5K6I72SKWQF6JOSBQ/ref=cm_cr_getr_d_gw_btm?ie=UTF8,2020-09-21 08:46:07.317908,2020-09-21 08:46:07.437956,Carhartt Men's,No,187,B002G9UDYG,AE3LRCOFYOIXMTUVY7MELWKBDM6A
42,AFXIG36IJTICZY4DP64CUAYPPWMA,True,Excellent shirts for work,Love these shirts fit great and breath good all around favorite shirts for work. Started wearing long sleeve due to extended hours in the sun.,"July 3, 2019",Marty Henderson,5.0,0,https://www.amazon.ca/gp/profile/amzn1.account.AFXIG36IJTICZY4DP64CUAYPPWMA/ref=cm_cr_getr_d_gw_btm?ie=UTF8,2020-09-21 08:46:07.442836,2020-09-21 08:46:07.580451,Carhartt Men's,No,187,B002G9UDYG,AE3LRCOFYOIXMTUVY7MELWKBDM6A
43,AFDCPA5ARFPVYIO4PVLJOK62Q4CA,True,100% satisfied,Hard to beat Carhartt for quality. Fits as expected (4xl) and very heavy cotton.,"December 6, 2018",Dave Anderson,5.0,0,https://www.amazon.ca/gp/profile/amzn1.account.AFDCPA5ARFPVYIO4PVLJOK62Q4CA/ref=cm_cr_getr_d_gw_btm?ie=UTF8,2020-09-21 08:46:07.585333,2020-09-21 08:46:07.710259,Carhartt Men's,No,187,B002G9UDYG,AE3LRCOFYOIXMTUVY7MELWKBDM6A
44,AGRW2GEJR6UXLNXJVIM3ZJTCSP2Q,True,Super Shirt,Excellent quality! Fit perfectly.,"November 24, 2019",Amazon Customer,5.0,0,https://www.amazon.ca/gp/profile/amzn1.account.AGRW2GEJR6UXLNXJVIM3ZJTCSP2Q/ref=cm_cr_getr_d_gw_btm?ie=UTF8,2020-09-21 08:46:07.715141,2020-09-21 08:46:07.842019,Carhartt Men's,No,187,B002G9UDYG,AE3LRCOFYOIXMTUVY7MELWKBDM6A
45,AETZPWR47ONVM2EDIQOJJ2ETACCQ,True,good but shrunk,"nice shirt, shrunk too much in the wash. I'm tall so the arms shrunk passed comfortable to me.","April 5, 2018",Norm,3.0,One,https://www.amazon.ca/gp/profile/amzn1.account.AETZPWR47ONVM2EDIQOJJ2ETACCQ/ref=cm_cr_getr_d_gw_btm?ie=UTF8,2020-09-21 08:46:07.846899,2020-09-21 08:46:07.988442,Carhartt Men's,No,187,B002G9UDYG,AE3LRCOFYOIXMTUVY7MELWKBDM6A
46,AEQO4UUAQ2GDEIXNTY6SIETP65NA,True,Typical Carhardt great quality,Perfect,"June 19, 2020",Cindy McCreight,5.0,0,https://www.amazon.ca/gp/profile/amzn1.account.AEQO4UUAQ2GDEIXNTY6SIETP65NA/ref=cm_cr_getr_d_gw_btm?ie=UTF8,2020-09-21 08:46:07.993299,2020-09-21 08:46:08.117251,Carhartt Men's,No,187,B002G9UDYG,AE3LRCOFYOIXMTUVY7MELWKBDM6A
47,AGR557ZB5HIFTHTNUMTAFZVQ6PWA,True,Awsome shirt,"Awsome work shirt, fits a bit loose so you can move a round.","November 18, 2019",Amazon Customer,5.0,0,https://www.amazon.ca/gp/profile/amzn1.account.AGR557ZB5HIFTHTNUMTAFZVQ6PWA/ref=cm_cr_getr_d_gw_btm?ie=UTF8,2020-09-21 08:46:08.122131,2020-09-21 08:46:08.245106,Carhartt Men's,No,187,B002G9UDYG,AE3LRCOFYOIXMTUVY7MELWKBDM6A
48,AE6WDV74LY4WWKD7IC57IXXXDUNA,True,"un peu long, mais grandeur o.k.","Belle qualité, idéal pour soirée fraîche !","April 20, 2020",Alain N.,5.0,0,https://www.amazon.ca/gp/profile/amzn1.account.AE6WDV74LY4WWKD7IC57IXXXDUNA/ref=cm_cr_getr_d_gw_btm?ie=UTF8,2020-09-21 08:46:08.249011,2020-09-21 08:46:08.389554,Carhartt Men's,No,187,B002G9UDYG,AE3LRCOFYOIXMTUVY7MELWKBDM6A
49,AHAQ2CLCKWYHQE2NGBWG43J7KG2A,True,Excellent!,"Fits great,","August 30, 2020",La,5.0,0,https://www.amazon.ca/gp/profile/amzn1.account.AHAQ2CLCKWYHQE2NGBWG43J7KG2A/ref=cm_cr_getr_d_gw_btm?ie=UTF8,2020-09-21 08:46:08.393458,2020-09-21 08:46:08.516433,Carhartt Men's,No,187,B002G9UDYG,AE3LRCOFYOIXMTUVY7MELWKBDM6A
50,AGC3C23K3ELR5QPC5MZ2YKYEMQZQ,True,fast delivery amazing shit good price,I will recommend this shirt a,"December 17, 2019",V Jeanette Rafuse,5.0,0,https://www.amazon.ca/gp/profile/amzn1.account.AGC3C23K3ELR5QPC5MZ2YKYEMQZQ/ref=cm_cr_getr_d_gw_btm?ie=UTF8,2020-09-21 08:46:11.666016,2020-09-21 08:46:11.804570,Carhartt Men's,No,187,B002G9UDYG,AE3LRCOFYOIXMTUVY7MELWKBDM6A
51,AFDFGVP43DBR7UUBSVSDYQZBWAAA,True,Recommend,Good quality. Looks good and washes and wears well.,"June 5, 2019",Craig Jordan,5.0,0,https://www.amazon.ca/gp/profile/amzn1.account.AFDFGVP43DBR7UUBSVSDYQZBWAAA/ref=cm_cr_getr_d_gw_btm?ie=UTF8,2020-09-21 08:46:11.808474,2020-09-21 08:46:11.933402,Carhartt Men's,No,187,B002G9UDYG,AE3LRCOFYOIXMTUVY7MELWKBDM6A
52,AHCZ3PWZ42AQRBCR37BRAQ265MYA,True,Very nice,Super soft material. My husband is a welder and loves his carhardtt,"December 29, 2018",Amazon Customer,5.0,0,https://www.amazon.ca/gp/profile/amzn1.account.AHCZ3PWZ42AQRBCR37BRAQ265MYA/ref=cm_cr_getr_d_gw_btm?ie=UTF8,2020-09-21 08:46:11.937305,2020-09-21 08:46:12.059306,Carhartt Men's,No,187,B002G9UDYG,AE3LRCOFYOIXMTUVY7MELWKBDM6A
53,AGLNKZS3NASVD4CC7HT26O57ZWAQ,True,nice,i'm 6'2'' and 210lbs and its a really good fit for me,"May 8, 2019",Steve,5.0,0,https://www.amazon.ca/gp/profile/amzn1.account.AGLNKZS3NASVD4CC7HT26O57ZWAQ/ref=cm_cr_getr_d_gw_btm?ie=UTF8,2020-09-21 08:46:12.063209,2020-09-21 08:46:12.185209,Carhartt Men's,No,187,B002G9UDYG,AE3LRCOFYOIXMTUVY7MELWKBDM6A
54,AFG4FUJTMKN3G4WNLMHSTFHVVBLA,True,Perfect fit,Carhartt is the best,"January 18, 2020",ZC,5.0,0,https://www.amazon.ca/gp/profile/amzn1.account.AFG4FUJTMKN3G4WNLMHSTFHVVBLA/ref=cm_cr_getr_d_gw_btm?ie=UTF8,2020-09-21 08:46:12.189114,2020-09-21 08:46:12.316969,Carhartt Men's,No,187,B002G9UDYG,AE3LRCOFYOIXMTUVY7MELWKBDM6A
55,AGX6LNIKAPXYD4QQJLB73NRCQNEQ,True,Gift,This was a gift and they loved it! Great material a fits comfortably for working.,"April 15, 2020",Amazon Customer,5.0,0,https://www.amazon.ca/gp/profile/amzn1.account.AGX6LNIKAPXYD4QQJLB73NRCQNEQ/ref=cm_cr_getr_d_gw_btm?ie=UTF8,2020-09-21 08:46:12.320872,2020-09-21 08:46:12.447753,Carhartt Men's,No,187,B002G9UDYG,AE3LRCOFYOIXMTUVY7MELWKBDM6A
56,AGYFFVUOQCQMJLBP3QKDWF2F5TJA,True,Colour is not black,Good fit but it is green not black like I ordered. It is also missing the carhartt logo from the back that all my other shirts like this have,"September 11, 2019",Amazon Customer,3.0,0,https://www.amazon.ca/gp/profile/amzn1.account.AGYFFVUOQCQMJLBP3QKDWF2F5TJA/ref=cm_cr_getr_d_gw_btm?ie=UTF8,2020-09-21 08:46:12.452632,2020-09-21 08:46:12.575608,Carhartt Men's,No,187,B002G9UDYG,AE3LRCOFYOIXMTUVY7MELWKBDM6A
57,AFB3YZQQXAJVLGQCCJUCOMT7Q6RQ,True,Big fit.,Not sure if it's real. Fits way too big.,"October 15, 2019",Master Reviewer,2.0,0,https://www.amazon.ca/gp/profile/amzn1.account.AFB3YZQQXAJVLGQCCJUCOMT7Q6RQ/ref=cm_cr_getr_d_gw_btm?ie=UTF8,2020-09-21 08:46:12.579512,2020-09-21 08:46:12.703464,Carhartt Men's,No,187,B002G9UDYG,AE3LRCOFYOIXMTUVY7MELWKBDM6A
58,AGDVLR6BVPBTE2633ZYECX4VDJDQ,True,Good quality.,Great long sleeve work shirt.,"September 12, 2019",Tim ,5.0,0,https://www.amazon.ca/gp/profile/amzn1.account.AGDVLR6BVPBTE2633ZYECX4VDJDQ/ref=cm_cr_getr_d_gw_btm?ie=UTF8,2020-09-21 08:46:12.707367,2020-09-21 08:46:12.849863,Carhartt Men's,No,187,B002G9UDYG,AE3LRCOFYOIXMTUVY7MELWKBDM6A
59,AH4RNPQCUQUQA5VNSRGKTIKT2TWQ,True,Durable,"Durable, well made, would recommend","July 10, 2019",nick cameron,5.0,0,https://www.amazon.ca/gp/profile/amzn1.account.AH4RNPQCUQUQA5VNSRGKTIKT2TWQ/ref=cm_cr_getr_d_gw_btm?ie=UTF8,2020-09-21 08:46:12.853768,2020-09-21 08:46:12.971863,Carhartt Men's,No,187,B002G9UDYG,AE3LRCOFYOIXMTUVY7MELWKBDM6A
60,AFZWDCURD6UL6YO5TW2BVW6OXCZA,True,Great quality product.,"Great shirt, great quality and very comfortable. Fits a little larger than most other brand.","December 29, 2018",Tapper,4.0,0,https://www.amazon.ca/gp/profile/amzn1.account.AFZWDCURD6UL6YO5TW2BVW6OXCZA/ref=cm_cr_getr_d_gw_btm?ie=UTF8,2020-09-21 08:46:16.086274,2020-09-21 08:46:16.246336,Carhartt Men's,No,187,B002G9UDYG,AE3LRCOFYOIXMTUVY7MELWKBDM6A
61,AE3QQIDABZ4WZNQTPHTJWBZONB7Q,True,Best Choice for the buck.,"Really enjoy the entire product line, durable, fits well as a person who’s heavier set.","April 27, 2018",Kurt,5.0,0,https://www.amazon.ca/gp/profile/amzn1.account.AE3QQIDABZ4WZNQTPHTJWBZONB7Q/ref=cm_cr_getr_d_gw_btm?ie=UTF8,2020-09-21 08:46:16.250239,2020-09-21 08:46:16.374191,Carhartt Men's,No,187,B002G9UDYG,AE3LRCOFYOIXMTUVY7MELWKBDM6A
62,AEZO6B7U7TXM7C2VRRB2772OXQPQ,True,Bad fit,Got this for my BF and he always wears large in all brands but for some reason this was too big on him!,"November 21, 2019",Lama Bahafzallah,4.0,0,https://www.amazon.ca/gp/profile/amzn1.account.AEZO6B7U7TXM7C2VRRB2772OXQPQ/ref=cm_cr_getr_d_gw_btm?ie=UTF8,2020-09-21 08:46:16.378095,2020-09-21 08:46:16.501071,Carhartt Men's,No,187,B002G9UDYG,AE3LRCOFYOIXMTUVY7MELWKBDM6A
63,AF6EYNOETPPN655WZXZ7A4JAJPXA,True,Great work shirt,Bought this for my grandson as a gift. Can’t wait to give it to him.,"September 29, 2018",Amazon Customer,5.0,0,https://www.amazon.ca/gp/profile/amzn1.account.AF6EYNOETPPN655WZXZ7A4JAJPXA/ref=cm_cr_getr_d_gw_btm?ie=UTF8,2020-09-21 08:46:16.505951,2020-09-21 08:46:16.654303,Carhartt Men's,No,187,B002G9UDYG,AE3LRCOFYOIXMTUVY7MELWKBDM6A
64,AFTUQPALG7PBR56RQB5SFPRJ42FA,True,good swaeter,Great quality from Carhartt that I expect a little big but will see if they shrink at all,"October 31, 2018",Berta,5.0,0,https://www.amazon.ca/gp/profile/amzn1.account.AFTUQPALG7PBR56RQB5SFPRJ42FA/ref=cm_cr_getr_d_gw_btm?ie=UTF8,2020-09-21 08:46:16.658206,2020-09-21 08:46:16.782158,Carhartt Men's,No,187,B002G9UDYG,AE3LRCOFYOIXMTUVY7MELWKBDM6A
65,AF2BY3FUVG2HD6ORE3HRFQ472CZQ,True,Comfortable!,Great Shirt! Got it for my husband. Fits as expected.,"January 5, 2019",Bought stuff ,5.0,0,https://www.amazon.ca/gp/profile/amzn1.account.AF2BY3FUVG2HD6ORE3HRFQ472CZQ/ref=cm_cr_getr_d_gw_btm?ie=UTF8,2020-09-21 08:46:16.787039,2020-09-21 08:46:16.916845,Carhartt Men's,No,187,B002G9UDYG,AE3LRCOFYOIXMTUVY7MELWKBDM6A
66,AH3YDRK4TNQ3EJ6GHEWBSQ5WAQTQ,True,I bought the same shirts in black and for some reason this shirt is huge ??,Why is shirt way larger than my other kids ones??,"September 18, 2019",curtis christl,1.0,0,https://www.amazon.ca/gp/profile/amzn1.account.AH3YDRK4TNQ3EJ6GHEWBSQ5WAQTQ/ref=cm_cr_getr_d_gw_btm?ie=UTF8,2020-09-21 08:46:16.921753,2020-09-21 08:46:17.068126,Carhartt Men's,No,187,B002G9UDYG,AE3LRCOFYOIXMTUVY7MELWKBDM6A
67,AGAP7BIKJ2HFT7OW237YR7ABWSWQ,True,Four Stars,Product was in excellent shape.But just a bit large......My fault.,"December 8, 2017",Amazon Customer,4.0,3,https://www.amazon.ca/gp/profile/amzn1.account.AGAP7BIKJ2HFT7OW237YR7ABWSWQ/ref=cm_cr_getr_d_gw_btm?ie=UTF8,2020-09-21 08:46:17.072030,2020-09-21 08:46:17.197933,Carhartt Men's,No,187,B002G9UDYG,AE3LRCOFYOIXMTUVY7MELWKBDM6A
68,AHDYT7NFQUD3CNQ2FK6MMRXY3VEQ,True,Other then that it’s great quality!,Was a little too big but hoping it will shrink. Other then that it’s great quality!,"April 29, 2018",Suzanne,4.0,0,https://www.amazon.ca/gp/profile/amzn1.account.AHDYT7NFQUD3CNQ2FK6MMRXY3VEQ/ref=cm_cr_getr_d_gw_btm?ie=UTF8,2020-09-21 08:46:17.201837,2020-09-21 08:46:17.325789,Carhartt Men's,No,187,B002G9UDYG,AE3LRCOFYOIXMTUVY7MELWKBDM6A
69,AE6TCYFRBIFIPCWW4GI2ZOX4EPAA,True,Sent back,Too big sent back,"September 25, 2019",Carrie Doan,4.0,0,https://www.amazon.ca/gp/profile/amzn1.account.AE6TCYFRBIFIPCWW4GI2ZOX4EPAA/ref=cm_cr_getr_d_gw_btm?ie=UTF8,2020-09-21 08:46:17.329693,2020-09-21 08:46:17.453676,Carhartt Men's,No,187,B002G9UDYG,AE3LRCOFYOIXMTUVY7MELWKBDM6A
70,AGFGA2UWPFTD6RXWVSIFYNM4QXLQ,True,No Logo on sleeve ..,Bought this shirt in black. Image does not represent what the product actually is. There is no Carhartt logo written on the sleeve. Complete rip off.,"February 1, 2020",Amazon Customer,1.0,0,https://www.amazon.ca/gp/profile/amzn1.account.AGFGA2UWPFTD6RXWVSIFYNM4QXLQ/ref=cm_cr_getr_d_gw_btm?ie=UTF8,2020-09-21 08:46:23.580958,2020-09-21 08:46:23.713695,Carhartt Men's,No,187,B002G9UDYG,AE3LRCOFYOIXMTUVY7MELWKBDM6A
71,AHCWNRPHTWWBP6CSFJ2BWSP5RJVA,True,Carhartt always fit like they should,Fits great,"September 13, 2020",Amazon Customer,5.0,0,https://www.amazon.ca/gp/profile/amzn1.account.AHCWNRPHTWWBP6CSFJ2BWSP5RJVA/ref=cm_cr_getr_d_gw_btm?ie=UTF8,2020-09-21 08:46:23.718578,2020-09-21 08:46:23.840573,Carhartt Men's,No,187,B002G9UDYG,AE3LRCOFYOIXMTUVY7MELWKBDM6A
72,AHICI4QTL6WJUALWY3TCUMZVFE4A,True,Fits big,Large was too big,"September 25, 2019",jason morgan,4.0,0,https://www.amazon.ca/gp/profile/amzn1.account.AHICI4QTL6WJUALWY3TCUMZVFE4A/ref=cm_cr_getr_d_gw_btm?ie=UTF8,2020-09-21 08:46:23.845454,2020-09-21 08:46:23.971358,Carhartt Men's,No,187,B002G9UDYG,AE3LRCOFYOIXMTUVY7MELWKBDM6A
73,AEOMESB76SKVG2XNMOELW3XARH4A,True,Good,Je flotte dedans,"August 22, 2019",Jean Sebastien Veilleux,3.0,0,https://www.amazon.ca/gp/profile/amzn1.account.AEOMESB76SKVG2XNMOELW3XARH4A/ref=cm_cr_getr_d_gw_btm?ie=UTF8,2020-09-21 08:46:23.975261,2020-09-21 08:46:24.098236,Carhartt Men's,No,187,B002G9UDYG,AE3LRCOFYOIXMTUVY7MELWKBDM6A
74,AE6LAETQ34MJBHGRPMBRYFJ3FYWQ,True,Perfect fit,"Perfect fit, came when expected.","January 24, 2020",Ben,5.0,0,https://www.amazon.ca/gp/profile/amzn1.account.AE6LAETQ34MJBHGRPMBRYFJ3FYWQ/ref=cm_cr_getr_d_gw_btm?ie=UTF8,2020-09-21 08:46:24.103117,2020-09-21 08:46:24.227070,Carhartt Men's,No,187,B002G9UDYG,AE3LRCOFYOIXMTUVY7MELWKBDM6A
75,AG37MKH4O2RGSLDSP2MDFT36GE7A,True,Size,"Really looks good and is made with good material fits good too
, made just a bit big but not bad","October 17, 2018",Henry ,5.0,0,https://www.amazon.ca/gp/profile/amzn1.account.AG37MKH4O2RGSLDSP2MDFT36GE7A/ref=cm_cr_getr_d_gw_btm?ie=UTF8,2020-09-21 08:46:24.230972,2020-09-21 08:46:24.380301,Carhartt Men's,No,187,B002G9UDYG,AE3LRCOFYOIXMTUVY7MELWKBDM6A
76,AFKADDFUORRR7A6A54XR7XQWAJBA,True,Over sized slightly.,"Little bit Big. I could have used a large.
Very warm.","August 17, 2020",Rob Forsythe,4.0,0,https://www.amazon.ca/gp/profile/amzn1.account.AFKADDFUORRR7A6A54XR7XQWAJBA/ref=cm_cr_getr_d_gw_btm?ie=UTF8,2020-09-21 08:46:24.384206,2020-09-21 08:46:24.509132,Carhartt Men's,No,187,B002G9UDYG,AE3LRCOFYOIXMTUVY7MELWKBDM6A
77,AHM643OJFO5U2YESG7BZRKD5BHKA,True,Great quality shirt!,My husband’s favourite shirts. They tend to fit a little large.,"October 2, 2018",Lindsay F.,5.0,0,https://www.amazon.ca/gp/profile/amzn1.account.AHM643OJFO5U2YESG7BZRKD5BHKA/ref=cm_cr_getr_d_gw_btm?ie=UTF8,2020-09-21 08:46:24.513036,2020-09-21 08:46:24.636988,Carhartt Men's,No,187,B002G9UDYG,AE3LRCOFYOIXMTUVY7MELWKBDM6A
78,AGDXPMNMRXZ5HPGAUKKWDABMSKZA,True,Kinda small,Kinda short thru the body,"April 28, 2019",Amazon Customer,4.0,0,https://www.amazon.ca/gp/profile/amzn1.account.AGDXPMNMRXZ5HPGAUKKWDABMSKZA/ref=cm_cr_getr_d_gw_btm?ie=UTF8,2020-09-21 08:46:24.640891,2020-09-21 08:46:24.786316,Carhartt Men's,No,187,B002G9UDYG,AE3LRCOFYOIXMTUVY7MELWKBDM6A
79,AFJK3FZIKOAJFK27C4EUMIQU4TMQ,True,Nice quality,"240 lbs, 6 ft tall and it is a perfect fit","December 2, 2018",Hammer70,5.0,0,https://www.amazon.ca/gp/profile/amzn1.account.AFJK3FZIKOAJFK27C4EUMIQU4TMQ/ref=cm_cr_getr_d_gw_btm?ie=UTF8,2020-09-21 08:46:24.791195,2020-09-21 08:46:24.917100,Carhartt Men's,No,187,B002G9UDYG,AE3LRCOFYOIXMTUVY7MELWKBDM6A
80,AFIKHMGJXRGAKCLPSI4PW6RWG4HQ,True,7 out of 10,Fit larger than expected but not bad,"January 18, 2019",mike hottot,4.0,0,https://www.amazon.ca/gp/profile/amzn1.account.AFIKHMGJXRGAKCLPSI4PW6RWG4HQ/ref=cm_cr_getr_d_gw_btm?ie=UTF8,2020-09-21 08:46:31.049293,2020-09-21 08:46:31.188861,Carhartt Men's,No,187,B002G9UDYG,AE3LRCOFYOIXMTUVY7MELWKBDM6A
81,AHZEAJZGOKDPECHVCQ53K7NKZ5YA,True,Poor fit,"Bought for work, I'm 6'1 and 185 pounds. The large was like a dress on me.... girlfriend loves it for lazy days though so no point in returning","April 22, 2019",Customer,3.0,0,https://www.amazon.ca/gp/profile/amzn1.account.AHZEAJZGOKDPECHVCQ53K7NKZ5YA/ref=cm_cr_getr_d_gw_btm?ie=UTF8,2020-09-21 08:46:31.192764,2020-09-21 08:46:31.316717,Carhartt Men's,No,187,B002G9UDYG,AE3LRCOFYOIXMTUVY7MELWKBDM6A
82,AHOLZVQEVLZ6H5EMSUQJYC5RHZ2Q,True,great workwear,great fit and design,"November 5, 2019",Bradley Garnham,5.0,0,https://www.amazon.ca/gp/profile/amzn1.account.AHOLZVQEVLZ6H5EMSUQJYC5RHZ2Q/ref=cm_cr_getr_d_gw_btm?ie=UTF8,2020-09-21 08:46:31.320619,2020-09-21 08:46:31.463115,Carhartt Men's,No,187,B002G9UDYG,AE3LRCOFYOIXMTUVY7MELWKBDM6A
83,AH6I77U5P5WENY23TIL4DTI2YQGQ,True,Not as presented,Product is fine it terms of product quality. Unfortunately there is no print on the back of the neck as advertised.,"June 5, 2020",Kevin Miro,3.0,0,https://www.amazon.ca/gp/profile/amzn1.account.AH6I77U5P5WENY23TIL4DTI2YQGQ/ref=cm_cr_getr_d_gw_btm?ie=UTF8,2020-09-21 08:46:31.467996,2020-09-21 08:46:31.589995,Carhartt Men's,No,187,B002G9UDYG,AE3LRCOFYOIXMTUVY7MELWKBDM6A
84,AGZRRIHFI6VQDNFZFMLF2ZPRLQVA,True,Big belly fit,Its good for tall guys with a big belly!,"November 8, 2018",JD,3.0,0,https://www.amazon.ca/gp/profile/amzn1.account.AGZRRIHFI6VQDNFZFMLF2ZPRLQVA/ref=cm_cr_getr_d_gw_btm?ie=UTF8,2020-09-21 08:46:31.593899,2020-09-21 08:46:31.716875,Carhartt Men's,No,187,B002G9UDYG,AE3LRCOFYOIXMTUVY7MELWKBDM6A
85,AEM4A7HKCHFNRQC4MZQZSXGTJBDA,True,Way too big!!,Way to big. Ordered a large and fits like. 2xl.,"October 17, 2018",Candace scott,2.0,0,https://www.amazon.ca/gp/profile/amzn1.account.AEM4A7HKCHFNRQC4MZQZSXGTJBDA/ref=cm_cr_getr_d_gw_btm?ie=UTF8,2020-09-21 08:46:31.720779,2020-09-21 08:46:31.862300,Carhartt Men's,No,187,B002G9UDYG,AE3LRCOFYOIXMTUVY7MELWKBDM6A
86,AHWKF4MM24LKKGQJWHMVF4P5XSDQ,True,Nice quality but a bit big!,"Good quality, but I ordered a Large and it fit more like an XL . Definitely recommend sizing down!","May 6, 2020",Jasmine Laplante,4.0,0,https://www.amazon.ca/gp/profile/amzn1.account.AHWKF4MM24LKKGQJWHMVF4P5XSDQ/ref=cm_cr_getr_d_gw_btm?ie=UTF8,2020-09-21 08:46:31.866202,2020-09-21 08:46:31.991130,Carhartt Men's,No,187,B002G9UDYG,AE3LRCOFYOIXMTUVY7MELWKBDM6A
87,AEIMBMXXNNV7VO6CCFSM3K72LB2Q,True,fit way too big,good quality but large is really large,"November 8, 2018",bballdribs,3.0,0,https://www.amazon.ca/gp/profile/amzn1.account.AEIMBMXXNNV7VO6CCFSM3K72LB2Q/ref=cm_cr_getr_d_gw_btm?ie=UTF8,2020-09-21 08:46:31.996011,2020-09-21 08:46:32.139482,Carhartt Men's,No,187,B002G9UDYG,AE3LRCOFYOIXMTUVY7MELWKBDM6A
88,AGDXPMNMRXZ5HPGAUKKWDABMSKZA,True,Good buy,Good deal,"April 28, 2019",Amazon Customer,5.0,0,https://www.amazon.ca/gp/profile/amzn1.account.AGDXPMNMRXZ5HPGAUKKWDABMSKZA/ref=cm_cr_getr_d_gw_btm?ie=UTF8,2020-09-21 08:46:32.144362,2020-09-21 08:46:32.269290,Carhartt Men's,No,187,B002G9UDYG,AE3LRCOFYOIXMTUVY7MELWKBDM6A
89,AGHYW3F37D37ISTYQADPARQXNJIA,True,Good shirt way to big,Bought a tent not a shirt,"February 2, 2019",beerman,2.0,0,https://www.amazon.ca/gp/profile/amzn1.account.AGHYW3F37D37ISTYQADPARQXNJIA/ref=cm_cr_getr_d_gw_btm?ie=UTF8,2020-09-21 08:46:32.273195,2020-09-21 08:46:32.397146,Carhartt Men's,No,187,B002G9UDYG,AE3LRCOFYOIXMTUVY7MELWKBDM6A
90,AENXNLPYWEQ3RUTT4KATGZOQ4YZA,True,Perfect,Perfect,"June 16, 2019",Jennie,5.0,0,https://www.amazon.ca/gp/profile/amzn1.account.AENXNLPYWEQ3RUTT4KATGZOQ4YZA/ref=cm_cr_getr_d_gw_btm?ie=UTF8,2020-09-21 08:46:34.537511,2020-09-21 08:46:34.664389,Carhartt Men's,No,187,B002G9UDYG,AE3LRCOFYOIXMTUVY7MELWKBDM6A
91,AGPDS4GZTXK7OJBSFFTKNPDVRI4A,True,Like it a lot,2xl fit perfectly,"April 9, 2019",John wood,5.0,0,https://www.amazon.ca/gp/profile/amzn1.account.AGPDS4GZTXK7OJBSFFTKNPDVRI4A/ref=cm_cr_getr_d_gw_btm?ie=UTF8,2020-09-21 08:46:34.668292,2020-09-21 08:46:34.791300,Carhartt Men's,No,187,B002G9UDYG,AE3LRCOFYOIXMTUVY7MELWKBDM6A
92,AEEQSHTFCP6LA55YNHEDXDUIGZKA,True,Xmas present for my grandson.,Roomey and nice.,"January 2, 2019",Patricia,5.0,0,https://www.amazon.ca/gp/profile/amzn1.account.AEEQSHTFCP6LA55YNHEDXDUIGZKA/ref=cm_cr_getr_d_gw_btm?ie=UTF8,2020-09-21 08:46:34.796148,2020-09-21 08:46:34.939620,Carhartt Men's,No,187,B002G9UDYG,AE3LRCOFYOIXMTUVY7MELWKBDM6A
93,AFYS2HGBCW3QVJE4C3NRAKCQ6M2A,True,Great product!,"You can't beat Carhartt for comfort and durability., Love these!","February 12, 2020",T. Sherman,5.0,0,https://www.amazon.ca/gp/profile/amzn1.account.AFYS2HGBCW3QVJE4C3NRAKCQ6M2A/ref=cm_cr_getr_d_gw_btm?ie=UTF8,2020-09-21 08:46:34.943524,2020-09-21 08:46:35.065525,Carhartt Men's,No,187,B002G9UDYG,AE3LRCOFYOIXMTUVY7MELWKBDM6A
94,AFWT3WJVRLUGXKFIGEMLSAP7JX4Q,True,perfect,perfect fit!,"January 31, 2019",Rpiche,5.0,0,https://www.amazon.ca/gp/profile/amzn1.account.AFWT3WJVRLUGXKFIGEMLSAP7JX4Q/ref=cm_cr_getr_d_gw_btm?ie=UTF8,2020-09-21 08:46:35.070405,2020-09-21 08:46:35.194354,Carhartt Men's,No,187,B002G9UDYG,AE3LRCOFYOIXMTUVY7MELWKBDM6A
95,AGCC2ZLPP7LWMLHIGXIOKF247KSA,True,Good product,Good product. Fits true to size.,"November 12, 2018",Mandy,5.0,0,https://www.amazon.ca/gp/profile/amzn1.account.AGCC2ZLPP7LWMLHIGXIOKF247KSA/ref=cm_cr_getr_d_gw_btm?ie=UTF8,2020-09-21 08:46:35.199257,2020-09-21 08:46:35.344658,Carhartt Men's,No,187,B002G9UDYG,AE3LRCOFYOIXMTUVY7MELWKBDM6A
96,AG3EBEJIYJ72RHBUP35KUX34Y7PQ,True,Buy a size up,It does shrink after you wash so just make sure you guys bigger.,"January 3, 2019",Meg J,4.0,0,https://www.amazon.ca/gp/profile/amzn1.account.AG3EBEJIYJ72RHBUP35KUX34Y7PQ/ref=cm_cr_getr_d_gw_btm?ie=UTF8,2020-09-21 08:46:35.349539,2020-09-21 08:46:35.469589,Carhartt Men's,No,187,B002G9UDYG,AE3LRCOFYOIXMTUVY7MELWKBDM6A
97,AGOD5TX745G66BZIXTDILPFDQRUQ,True,Great fit,"I'm 6'6"" and the XLT fits perfectly.","January 9, 2018",Amazon Customer,5.0,One,https://www.amazon.ca/gp/profile/amzn1.account.AGOD5TX745G66BZIXTDILPFDQRUQ/ref=cm_cr_getr_d_gw_btm?ie=UTF8,2020-09-21 08:46:35.473491,2020-09-21 08:46:35.600370,Carhartt Men's,No,187,B002G9UDYG,AE3LRCOFYOIXMTUVY7MELWKBDM6A
98,AHS5MG4UMVSGC6V3S3MEUD52BPCA,True,Great long sleeve!,I am a female and bought this for myself! Quality of the material is great. Very comfortable! Will be great for the fall/winter season.,"August 8, 2018",Julia Struyf,5.0,0,https://www.amazon.ca/gp/profile/amzn1.account.AHS5MG4UMVSGC6V3S3MEUD52BPCA/ref=cm_cr_getr_d_gw_btm?ie=UTF8,2020-09-21 08:46:35.605251,2020-09-21 08:46:35.752626,Carhartt Men's,No,187,B002G9UDYG,AE3LRCOFYOIXMTUVY7MELWKBDM6A
99,AEYPIFVXPU4JNRFIWSZFLWKAP5PA,True,Heavy fabric,Fits asexpected,"May 25, 2019",tom griffin,5.0,0,https://www.amazon.ca/gp/profile/amzn1.account.AEYPIFVXPU4JNRFIWSZFLWKAP5PA/ref=cm_cr_getr_d_gw_btm?ie=UTF8,2020-09-21 08:46:35.756530,2020-09-21 08:46:35.886337,Carhartt Men's,No,187,B002G9UDYG,AE3LRCOFYOIXMTUVY7MELWKBDM6A
100,AE4LP6LZAP4MFRK7HIVX554VPFGA,True,Great Quality Shirt!,Great Shirt! True to fit and the color doesn't fade when washed. My husband loves it!,"June 27, 2018",Amazon Customer,5.0,0,https://www.amazon.ca/gp/profile/amzn1.account.AE4LP6LZAP4MFRK7HIVX554VPFGA/ref=cm_cr_getr_d_gw_btm?ie=UTF8,2020-09-21 08:46:40.023592,2020-09-21 08:46:40.158279,Carhartt Men's,No,187,B002G9UDYG,AE3LRCOFYOIXMTUVY7MELWKBDM6A
101,AGGUETDVPKTYAPGXGIJ7UFYLSYJQ,True,Happy hubby,Fits great and well made,"January 14, 2019",Tammy Ferguson ,5.0,0,https://www.amazon.ca/gp/profile/amzn1.account.AGGUETDVPKTYAPGXGIJ7UFYLSYJQ/ref=cm_cr_getr_d_gw_btm?ie=UTF8,2020-09-21 08:46:40.163184,2020-09-21 08:46:40.285159,Carhartt Men's,No,187,B002G9UDYG,AE3LRCOFYOIXMTUVY7MELWKBDM6A
102,AH4Q4V7YTK3BPDBGL7JEVDZ33SVA,True,Bon produit,Très bien et très confortable,"February 2, 2020",Simon Daigle,5.0,0,https://www.amazon.ca/gp/profile/amzn1.account.AH4Q4V7YTK3BPDBGL7JEVDZ33SVA/ref=cm_cr_getr_d_gw_btm?ie=UTF8,2020-09-21 08:46:40.289064,2020-09-21 08:46:40.411063,Carhartt Men's,No,187,B002G9UDYG,AE3LRCOFYOIXMTUVY7MELWKBDM6A
103,AGRNVBGEJFYMX46TRMCF2M3F6ZDQ,True,Good fit,Perfect,"November 13, 2019",Kris ,5.0,0,https://www.amazon.ca/gp/profile/amzn1.account.AGRNVBGEJFYMX46TRMCF2M3F6ZDQ/ref=cm_cr_getr_d_gw_btm?ie=UTF8,2020-09-21 08:46:40.414967,2020-09-21 08:46:40.537943,Carhartt Men's,No,187,B002G9UDYG,AE3LRCOFYOIXMTUVY7MELWKBDM6A
104,AFJ5SKB322LK2IHT5OB2R236TZUA,True,Five Stars,Love it,"December 10, 2017",Merino,5.0,One,https://www.amazon.ca/gp/profile/amzn1.account.AFJ5SKB322LK2IHT5OB2R236TZUA/ref=cm_cr_getr_d_gw_btm?ie=UTF8,2020-09-21 08:46:40.541847,2020-09-21 08:46:40.670679,Carhartt Men's,No,187,B002G9UDYG,AE3LRCOFYOIXMTUVY7MELWKBDM6A
105,AHWHOOPHT2LEXDYE2C6KEJLWFWSA,True,Great price and value!,"I was totally satisfied with the shirts. They came quickly, fit perfectly and the price was right!","January 8, 2020",Irene,5.0,0,https://www.amazon.ca/gp/profile/amzn1.account.AHWHOOPHT2LEXDYE2C6KEJLWFWSA/ref=cm_cr_getr_d_gw_btm?ie=UTF8,2020-09-21 08:46:40.675558,2020-09-21 08:46:40.803413,Carhartt Men's,No,187,B002G9UDYG,AE3LRCOFYOIXMTUVY7MELWKBDM6A
106,AEWVRAJTLRWT2XRWEWXQV6XKARSA,True,Awesome purchase and my husband loves it so much,"Awesome purchase and my husband loves it so much..I got him another one in grey :)
Our son loves it too..so had to get him one, so he wouldn't steal his dads!!!","March 11, 2018",Sheri Lambertus,5.0,0,https://www.amazon.ca/gp/profile/amzn1.account.AEWVRAJTLRWT2XRWEWXQV6XKARSA/ref=cm_cr_getr_d_gw_btm?ie=UTF8,2020-09-21 08:46:40.807318,2020-09-21 08:46:40.932246,Carhartt Men's,No,187,B002G9UDYG,AE3LRCOFYOIXMTUVY7MELWKBDM6A
107,AG5DJ6TVFRUM77JYMB6CXBPQDMEA,True,Parfait,Tres bonne qualité,"January 15, 2019",Elodie,5.0,One,https://www.amazon.ca/gp/profile/amzn1.account.AG5DJ6TVFRUM77JYMB6CXBPQDMEA/ref=cm_cr_getr_d_gw_btm?ie=UTF8,2020-09-21 08:46:40.936150,2020-09-21 08:46:41.089380,Carhartt Men's,No,187,B002G9UDYG,AE3LRCOFYOIXMTUVY7MELWKBDM6A
108,AGVZDENDDMLO7BVINGUCVLHXVXIA,True,Color is GREEN,thought this shirt was dark/black as shown in picture.... received a green shirt. Not overly impressed,"December 4, 2019",bree,1.0,0,https://www.amazon.ca/gp/profile/amzn1.account.AGVZDENDDMLO7BVINGUCVLHXVXIA/ref=cm_cr_getr_d_gw_btm?ie=UTF8,2020-09-21 08:46:41.094262,2020-09-21 08:46:41.218214,Carhartt Men's,No,187,B002G9UDYG,AE3LRCOFYOIXMTUVY7MELWKBDM6A
109,AFIDMTKWQLBHUJL7647VIPVAMTTA,True,Happy,Great quality and price but fits a bit bigger than expected,"February 7, 2019",Lisa Hall,5.0,0,https://www.amazon.ca/gp/profile/amzn1.account.AFIDMTKWQLBHUJL7647VIPVAMTTA/ref=cm_cr_getr_d_gw_btm?ie=UTF8,2020-09-21 08:46:41.223093,2020-09-21 08:46:41.346094,Carhartt Men's,No,187,B002G9UDYG,AE3LRCOFYOIXMTUVY7MELWKBDM6A
110,AF4DX242PU66AHHIRN5D32G65UBA,True,Watch the sizing. My shirt is a size bigger than labelled.,This shirt is on the larger size. The large is more like an extra large. Just an FYI.,"April 5, 2019",Derek Young,3.0,0,https://www.amazon.ca/gp/profile/amzn1.account.AF4DX242PU66AHHIRN5D32G65UBA/ref=cm_cr_getr_d_gw_btm?ie=UTF8,2020-09-21 08:46:47.463624,2020-09-21 08:46:47.632471,Carhartt Men's,No,187,B002G9UDYG,AE3LRCOFYOIXMTUVY7MELWKBDM6A
111,AGLNKGSCB5LAO3SL3MXI7EUETH7Q,True,Great product,Shipped quick fits as expected and over all it’s a great price and great quality,"September 27, 2019",Lisa ,5.0,0,https://www.amazon.ca/gp/profile/amzn1.account.AGLNKGSCB5LAO3SL3MXI7EUETH7Q/ref=cm_cr_getr_d_gw_btm?ie=UTF8,2020-09-21 08:46:47.637350,2020-09-21 08:46:47.760325,Carhartt Men's,No,187,B002G9UDYG,AE3LRCOFYOIXMTUVY7MELWKBDM6A
112,AHVX5T2ACKCGOWNKMQU4END4PUQA,True,materirals cheap not worth the money,Neck chokes mateirals cheap not worth 45bucks. 1 wash aged alot next is to tight on a large. Xl is to baggy.,"February 15, 2019",Richard English,2.0,0,https://www.amazon.ca/gp/profile/amzn1.account.AHVX5T2ACKCGOWNKMQU4END4PUQA/ref=cm_cr_getr_d_gw_btm?ie=UTF8,2020-09-21 08:46:47.765207,2020-09-21 08:46:47.890134,Carhartt Men's,No,187,B002G9UDYG,AE3LRCOFYOIXMTUVY7MELWKBDM6A
113,AG7PVXKTDOFGFTGDLLUBVZ5YZSOA,True,Very nice,Very nice,"March 14, 2019",Amazon Customer,5.0,0,https://www.amazon.ca/gp/profile/amzn1.account.AG7PVXKTDOFGFTGDLLUBVZ5YZSOA/ref=cm_cr_getr_d_gw_btm?ie=UTF8,2020-09-21 08:46:47.895013,2020-09-21 08:46:48.050198,Carhartt Men's,No,187,B002G9UDYG,AE3LRCOFYOIXMTUVY7MELWKBDM6A
114,AGLNKZS3NASVD4CC7HT26O57ZWAQ,True,Five Stars,great quality shirt,"March 29, 2018",Steve,5.0,0,https://www.amazon.ca/gp/profile/amzn1.account.AGLNKZS3NASVD4CC7HT26O57ZWAQ/ref=cm_cr_getr_d_gw_btm?ie=UTF8,2020-09-21 08:46:48.055076,2020-09-21 08:46:48.175126,Carhartt Men's,No,187,B002G9UDYG,AE3LRCOFYOIXMTUVY7MELWKBDM6A
115,AH4GQRPGPCGAM3FM6W3DKZT3XXUQ,True,Go a size down,Very happy with the quality. However a large fits like an Xl so I plan on returning for a medium.,"December 29, 2019",Jess,5.0,0,https://www.amazon.ca/gp/profile/amzn1.account.AH4GQRPGPCGAM3FM6W3DKZT3XXUQ/ref=cm_cr_getr_d_gw_btm?ie=UTF8,2020-09-21 08:46:48.180005,2020-09-21 08:46:48.318628,Carhartt Men's,No,187,B002G9UDYG,AE3LRCOFYOIXMTUVY7MELWKBDM6A
116,AGS57XDAKIE54BSRLQ3CLGZ32ZWQ,True,Xlarge more like Tall xlarge,Nice shirt but it was more like a size tall xlarge,"February 15, 2020",Amazon Customer,3.0,0,https://www.amazon.ca/gp/profile/amzn1.account.AGS57XDAKIE54BSRLQ3CLGZ32ZWQ/ref=cm_cr_getr_d_gw_btm?ie=UTF8,2020-09-21 08:46:48.330308,2020-09-21 08:46:48.453285,Carhartt Men's,No,187,B002G9UDYG,AE3LRCOFYOIXMTUVY7MELWKBDM6A
117,AFO7PSPBUK4WVFKNEAXPE6BNC57Q,True,"High quality, strong.","Heavy duty, high quality and fair price.","January 5, 2020",Francois Normandin,5.0,0,https://www.amazon.ca/gp/profile/amzn1.account.AFO7PSPBUK4WVFKNEAXPE6BNC57Q/ref=cm_cr_getr_d_gw_btm?ie=UTF8,2020-09-21 08:46:48.459140,2020-09-21 08:46:48.583119,Carhartt Men's,No,187,B002G9UDYG,AE3LRCOFYOIXMTUVY7MELWKBDM6A
118,AFOGC4D4DXWFTKMLSEOESUKASLSA,True,Fits HUGE,The biggest medium shirt Ive ever seen. Its like an XL. Must be American.,"August 26, 2018",Mac M.,3.0,One,https://www.amazon.ca/gp/profile/amzn1.account.AFOGC4D4DXWFTKMLSEOESUKASLSA/ref=cm_cr_getr_d_gw_btm?ie=UTF8,2020-09-21 08:46:48.586996,2020-09-21 08:46:48.736324,Carhartt Men's,No,187,B002G9UDYG,AE3LRCOFYOIXMTUVY7MELWKBDM6A
119,AFYLR3K5RHKLD7SR4CB3SGUWYY7Q,True,Five Stars,Perfect,"April 29, 2018",Ben,5.0,0,https://www.amazon.ca/gp/profile/amzn1.account.AFYLR3K5RHKLD7SR4CB3SGUWYY7Q/ref=cm_cr_getr_d_gw_btm?ie=UTF8,2020-09-21 08:46:48.741203,2020-09-21 08:46:48.869059,Carhartt Men's,No,187,B002G9UDYG,AE3LRCOFYOIXMTUVY7MELWKBDM6A
120,AEXGGKRLU2GSBKABWFWQGWEJMZKA,True,Not as described.,Doesn’t have the carhartt on the back of the neck. Must be from there reject piles.,"September 25, 2018",Deidra,1.0,One,https://www.amazon.ca/gp/profile/amzn1.account.AEXGGKRLU2GSBKABWFWQGWEJMZKA/ref=cm_cr_getr_d_gw_btm?ie=UTF8,2020-09-21 08:46:52.008844,2020-09-21 08:46:52.190378,Carhartt Men's,No,187,B002G9UDYG,AE3LRCOFYOIXMTUVY7MELWKBDM6A
121,AFFEC4DCHRUJVZSP76FSSFNUVMJQ,True,Shirt,Like the shirts will buy more,"May 5, 2019",Komuj,4.0,0,https://www.amazon.ca/gp/profile/amzn1.account.AFFEC4DCHRUJVZSP76FSSFNUVMJQ/ref=cm_cr_getr_d_gw_btm?ie=UTF8,2020-09-21 08:46:52.194284,2020-09-21 08:46:52.327019,Carhartt Men's,No,187,B002G9UDYG,AE3LRCOFYOIXMTUVY7MELWKBDM6A
122,AEBN2GQ4BTQPGOXMNWI2FBBSRPDQ,True,Shirt,Fits perfect as expected,"November 26, 2018",Amazon Customer,5.0,0,https://www.amazon.ca/gp/profile/amzn1.account.AEBN2GQ4BTQPGOXMNWI2FBBSRPDQ/ref=cm_cr_getr_d_gw_btm?ie=UTF8,2020-09-21 08:46:52.329946,2020-09-21 08:46:52.450970,Carhartt Men's,No,187,B002G9UDYG,AE3LRCOFYOIXMTUVY7MELWKBDM6A
123,AETUKVBP5L7KTIAZTV4MON3BQMTA,True,Long and large.. great quality,Looks great,"October 22, 2018",Daly,5.0,0,https://www.amazon.ca/gp/profile/amzn1.account.AETUKVBP5L7KTIAZTV4MON3BQMTA/ref=cm_cr_getr_d_gw_btm?ie=UTF8,2020-09-21 08:46:52.455852,2020-09-21 08:46:52.606155,Carhartt Men's,No,187,B002G9UDYG,AE3LRCOFYOIXMTUVY7MELWKBDM6A
124,AHOSVIFDOWPSAYKGZ7RVRMRBCBQQ,True,Excellent quality,Perfect size and excellent quality,"January 8, 2020",T.gardner,5.0,0,https://www.amazon.ca/gp/profile/amzn1.account.AHOSVIFDOWPSAYKGZ7RVRMRBCBQQ/ref=cm_cr_getr_d_gw_btm?ie=UTF8,2020-09-21 08:46:52.610057,2020-09-21 08:46:52.735962,Carhartt Men's,No,187,B002G9UDYG,AE3LRCOFYOIXMTUVY7MELWKBDM6A
125,AGFKQMHUQTFWSRFCFW63YWDBVEEA,True,Carthart long sleeve,Great quality and price,"December 25, 2018",Amazon Customer,5.0,0,https://www.amazon.ca/gp/profile/amzn1.account.AGFKQMHUQTFWSRFCFW63YWDBVEEA/ref=cm_cr_getr_d_gw_btm?ie=UTF8,2020-09-21 08:46:52.739866,2020-09-21 08:46:52.866746,Carhartt Men's,No,187,B002G9UDYG,AE3LRCOFYOIXMTUVY7MELWKBDM6A
126,AEC6Q7MZIZ6NXDUMGUJQ7DOOZUXA,True,Too large,Fits much larger than the same size in other carhartt shirts,"June 20, 2019",Scott,3.0,0,https://www.amazon.ca/gp/profile/amzn1.account.AEC6Q7MZIZ6NXDUMGUJQ7DOOZUXA/ref=cm_cr_getr_d_gw_btm?ie=UTF8,2020-09-21 08:46:52.870650,2020-09-21 08:46:52.993625,Carhartt Men's,No,187,B002G9UDYG,AE3LRCOFYOIXMTUVY7MELWKBDM6A
127,AF2S6BIY5QOTSVRMEC7OQOJOVO7Q,True,Great stuff,Great stuff,"December 14, 2018",Braden Van Nistelrooy,5.0,0,https://www.amazon.ca/gp/profile/amzn1.account.AF2S6BIY5QOTSVRMEC7OQOJOVO7Q/ref=cm_cr_getr_d_gw_btm?ie=UTF8,2020-09-21 08:46:52.997530,2020-09-21 08:46:53.121481,Carhartt Men's,No,187,B002G9UDYG,AE3LRCOFYOIXMTUVY7MELWKBDM6A
128,AGAUILSGJ3VFNFYT5R5WRV5PYCYQ,True,Great quality,The quality,"April 19, 2019",Gary S.,5.0,0,https://www.amazon.ca/gp/profile/amzn1.account.AGAUILSGJ3VFNFYT5R5WRV5PYCYQ/ref=cm_cr_getr_d_gw_btm?ie=UTF8,2020-09-21 08:46:53.125386,2020-09-21 08:46:53.251315,Carhartt Men's,No,187,B002G9UDYG,AE3LRCOFYOIXMTUVY7MELWKBDM6A
129,AGVK7CPX6FSLB4GSFGP6GDNOOV5Q,True,It’s fits nicely,It fits nicely over a T-shirt and the sleeve length is perfect. Great for working outside. Highly recommend this shirt.,"January 15, 2019",Amazon Customer,5.0,0,https://www.amazon.ca/gp/profile/amzn1.account.AGVK7CPX6FSLB4GSFGP6GDNOOV5Q/ref=cm_cr_getr_d_gw_btm?ie=UTF8,2020-09-21 08:46:53.255192,2020-09-21 08:46:53.385000,Carhartt Men's,No,187,B002G9UDYG,AE3LRCOFYOIXMTUVY7MELWKBDM6A
130,AF2S6BIY5QOTSVRMEC7OQOJOVO7Q,True,Quality,Quality,"December 31, 2018",Braden Van Nistelrooy,5.0,0,https://www.amazon.ca/gp/profile/amzn1.account.AF2S6BIY5QOTSVRMEC7OQOJOVO7Q/ref=cm_cr_getr_d_gw_btm?ie=UTF8,2020-09-21 08:46:57.501761,2020-09-21 08:46:57.637423,Carhartt Men's,No,187,B002G9UDYG,AE3LRCOFYOIXMTUVY7MELWKBDM6A
131,AGF7WOEYUD4OUEJUTA45YGU2MXTQ,True,Perfect Fit,Love Carhartt,"September 8, 2019",Tracy Lee,5.0,0,https://www.amazon.ca/gp/profile/amzn1.account.AGF7WOEYUD4OUEJUTA45YGU2MXTQ/ref=cm_cr_getr_d_gw_btm?ie=UTF8,2020-09-21 08:46:57.641327,2020-09-21 08:46:57.764325,Carhartt Men's,No,187,B002G9UDYG,AE3LRCOFYOIXMTUVY7MELWKBDM6A
132,AFXIG36IJTICZY4DP64CUAYPPWMA,True,Excellent work shirts love them,Excellent work suirts,"July 3, 2019",Marty Henderson,5.0,0,https://www.amazon.ca/gp/profile/amzn1.account.AFXIG36IJTICZY4DP64CUAYPPWMA/ref=cm_cr_getr_d_gw_btm?ie=UTF8,2020-09-21 08:46:57.768206,2020-09-21 08:46:57.894135,Carhartt Men's,No,187,B002G9UDYG,AE3LRCOFYOIXMTUVY7MELWKBDM6A
133,AHPBJDLYPP2IEB4AR4HSRQ5GB3KQ,True,Great fit,My other half loved this shirt,"January 7, 2020",Stephanie Parr,5.0,0,https://www.amazon.ca/gp/profile/amzn1.account.AHPBJDLYPP2IEB4AR4HSRQ5GB3KQ/ref=cm_cr_getr_d_gw_btm?ie=UTF8,2020-09-21 08:46:57.898014,2020-09-21 08:46:58.021966,Carhartt Men's,No,187,B002G9UDYG,AE3LRCOFYOIXMTUVY7MELWKBDM6A
134,AENBLN23JJ2JCXICEVNXTYEWAHGA,True,Nice good quality shirt,Nice shirt .amazon shipping was very fast I was impressed,"February 2, 2020",Joe,5.0,0,https://www.amazon.ca/gp/profile/amzn1.account.AENBLN23JJ2JCXICEVNXTYEWAHGA/ref=cm_cr_getr_d_gw_btm?ie=UTF8,2020-09-21 08:46:58.025869,2020-09-21 08:46:58.151773,Carhartt Men's,No,187,B002G9UDYG,AE3LRCOFYOIXMTUVY7MELWKBDM6A
135,AGUIIGN2FASGPKE5ADKMJHS6I4JQ,True,Great quality! Hard to find in stores always sold out- perfect that we found it on amazon!,My husband loves this shirt! Great quality!,"May 13, 2020",Cassy,5.0,0,https://www.amazon.ca/gp/profile/amzn1.account.AGUIIGN2FASGPKE5ADKMJHS6I4JQ/ref=cm_cr_getr_d_gw_btm?ie=UTF8,2020-09-21 08:46:58.156654,2020-09-21 08:46:58.284509,Carhartt Men's,No,187,B002G9UDYG,AE3LRCOFYOIXMTUVY7MELWKBDM6A
136,AG7NYWUVOTIR7KPEDUJULQYWMVXA,True,Great!,"Came exactly as shown in photo, do be warned they do run a little large so order a size down!","December 16, 2017",Amazon Customer,5.0,One,https://www.amazon.ca/gp/profile/amzn1.account.AG7NYWUVOTIR7KPEDUJULQYWMVXA/ref=cm_cr_getr_d_gw_btm?ie=UTF8,2020-09-21 08:46:58.288414,2020-09-21 08:46:58.419223,Carhartt Men's,No,187,B002G9UDYG,AE3LRCOFYOIXMTUVY7MELWKBDM6A
137,AHYYQ23TOKJSVF2DAIQ6RVNKBFYQ,True,Good product,Good quality. Little bit of a larger fit,"October 30, 2018",Joel D,4.0,0,https://www.amazon.ca/gp/profile/amzn1.account.AHYYQ23TOKJSVF2DAIQ6RVNKBFYQ/ref=cm_cr_getr_d_gw_btm?ie=UTF8,2020-09-21 08:46:58.423101,2020-09-21 08:46:58.576332,Carhartt Men's,No,187,B002G9UDYG,AE3LRCOFYOIXMTUVY7MELWKBDM6A
138,AETAKWXEBCTZKRXGRCJE7JNIBXVA,True,Good shirt,Nice and comfy good quality,"January 3, 2019",Ryley Hampton,5.0,0,https://www.amazon.ca/gp/profile/amzn1.account.AETAKWXEBCTZKRXGRCJE7JNIBXVA/ref=cm_cr_getr_d_gw_btm?ie=UTF8,2020-09-21 08:46:58.580237,2020-09-21 08:46:58.706141,Carhartt Men's,No,187,B002G9UDYG,AE3LRCOFYOIXMTUVY7MELWKBDM6A
139,AEYV2NRSTG4NVEYJCWZTCH265LIQ,True,Great spring fall sweater,I like these sweaters so much I bought 3 of them,"March 6, 2020",Smokin1972,5.0,0,https://www.amazon.ca/gp/profile/amzn1.account.AEYV2NRSTG4NVEYJCWZTCH265LIQ/ref=cm_cr_getr_d_gw_btm?ie=UTF8,2020-09-21 08:46:58.710043,2020-09-21 08:46:58.833020,Carhartt Men's,No,187,B002G9UDYG,AE3LRCOFYOIXMTUVY7MELWKBDM6A
140,AFY65GXRT3MTYIKRWBEWN54EXXWQ,True,Great product,"Good thick material, fits my bf really well and loves it for work","October 17, 2018",cathrine billy,5.0,0,https://www.amazon.ca/gp/profile/amzn1.account.AFY65GXRT3MTYIKRWBEWN54EXXWQ/ref=cm_cr_getr_d_gw_btm?ie=UTF8,2020-09-21 08:47:02.936115,2020-09-21 08:47:03.070802,Carhartt Men's,No,187,B002G9UDYG,AE3LRCOFYOIXMTUVY7MELWKBDM6A
141,AETMFULQR667LZSSYRGIGNWUBMCQ,True,Good quality shirt,It’s a great work shirt!,"September 3, 2018",Amazon Customer,5.0,0,https://www.amazon.ca/gp/profile/amzn1.account.AETMFULQR667LZSSYRGIGNWUBMCQ/ref=cm_cr_getr_d_gw_btm?ie=UTF8,2020-09-21 08:47:03.074732,2020-09-21 08:47:03.196706,Carhartt Men's,No,187,B002G9UDYG,AE3LRCOFYOIXMTUVY7MELWKBDM6A
142,AH436HNOAYOBA66F3AYD2OCMLS2A,True,Good fit,I am 6 foot four and 250 pounds and the shirt fits great. I wear my shirts loose for the winter.,"February 8, 2019",Masterp ,5.0,0,https://www.amazon.ca/gp/profile/amzn1.account.AH436HNOAYOBA66F3AYD2OCMLS2A/ref=cm_cr_getr_d_gw_btm?ie=UTF8,2020-09-21 08:47:03.201587,2020-09-21 08:47:03.325562,Carhartt Men's,No,187,B002G9UDYG,AE3LRCOFYOIXMTUVY7MELWKBDM6A
143,AHVGKLTWCS5GDQFRSB7THTA4RUQQ,True,The shirts were fine in general but WAY too big,"The shirts were fine in general but WAY too big. We ordered a medium for my 180 lb 5'11"" husband and they fit like a tent.","January 17, 2018",Jessica Best,3.0,0,https://www.amazon.ca/gp/profile/amzn1.account.AHVGKLTWCS5GDQFRSB7THTA4RUQQ/ref=cm_cr_getr_d_gw_btm?ie=UTF8,2020-09-21 08:47:03.329442,2020-09-21 08:47:03.490481,Carhartt Men's,No,187,B002G9UDYG,AE3LRCOFYOIXMTUVY7MELWKBDM6A
144,AFZDFKLQGNNZYJO66I7RFR4BCERA,True,Buy size smaller,"Didn't have carhart on the back
Color is off","November 25, 2019",Wesley ferguson,3.0,0,https://www.amazon.ca/gp/profile/amzn1.account.AFZDFKLQGNNZYJO66I7RFR4BCERA/ref=cm_cr_getr_d_gw_btm?ie=UTF8,2020-09-21 08:47:03.494384,2020-09-21 08:47:03.617360,Carhartt Men's,No,187,B002G9UDYG,AE3LRCOFYOIXMTUVY7MELWKBDM6A
145,AEGCPWZP2AOH34G6YTLA3DDUBPEA,True,The product was made well,The price for this item was very good,"December 26, 2019",Gloria Cellucci,4.0,0,https://www.amazon.ca/gp/profile/amzn1.account.AEGCPWZP2AOH34G6YTLA3DDUBPEA/ref=cm_cr_getr_d_gw_btm?ie=UTF8,2020-09-21 08:47:03.622265,2020-09-21 08:47:03.747192,Carhartt Men's,No,187,B002G9UDYG,AE3LRCOFYOIXMTUVY7MELWKBDM6A
146,AFYD264KBCILCU5IPGXVYDJQUTVQ,True,Very nice,Exactly what I expected. Fits greats.,"November 23, 2018",Kyle,5.0,0,https://www.amazon.ca/gp/profile/amzn1.account.AFYD264KBCILCU5IPGXVYDJQUTVQ/ref=cm_cr_getr_d_gw_btm?ie=UTF8,2020-09-21 08:47:03.751072,2020-09-21 08:47:03.879903,Carhartt Men's,No,187,B002G9UDYG,AE3LRCOFYOIXMTUVY7MELWKBDM6A
147,AG5NXO3B7XQR3MGKLP3SGFZFVK7Q,True,A bit big,It was way bigger than I expected more like an extra large,"December 9, 2018",Ashley,3.0,0,https://www.amazon.ca/gp/profile/amzn1.account.AG5NXO3B7XQR3MGKLP3SGFZFVK7Q/ref=cm_cr_getr_d_gw_btm?ie=UTF8,2020-09-21 08:47:03.885760,2020-09-21 08:47:04.012639,Carhartt Men's,No,187,B002G9UDYG,AE3LRCOFYOIXMTUVY7MELWKBDM6A
148,AHHQIGEAFIVGOROJIZEB7KGSEC6A,True,Comfort,I really like how roomy it feels.,"June 8, 2020",Eezy,5.0,0,https://www.amazon.ca/gp/profile/amzn1.account.AHHQIGEAFIVGOROJIZEB7KGSEC6A/ref=cm_cr_getr_d_gw_btm?ie=UTF8,2020-09-21 08:47:04.016544,2020-09-21 08:47:04.142448,Carhartt Men's,No,187,B002G9UDYG,AE3LRCOFYOIXMTUVY7MELWKBDM6A
149,AHRAR7F55CR23I7KF35ZZ22SP3FA,True,Sizing off,I would order a size down.,"October 9, 2019",Cassidy,2.0,0,https://www.amazon.ca/gp/profile/amzn1.account.AHRAR7F55CR23I7KF35ZZ22SP3FA/ref=cm_cr_getr_d_gw_btm?ie=UTF8,2020-09-21 08:47:04.147327,2020-09-21 08:47:04.311295,Carhartt Men's,No,187,B002G9UDYG,AE3LRCOFYOIXMTUVY7MELWKBDM6A
150,AHF45K4Q37T64IAIYB6OMC5JYHOA,True,Everyday work shirt,Small fits like a medium. Just as I expected. The Black shirt comes in 100% cotton.,"February 10, 2018",Maeson Desjardins,5.0,One,https://www.amazon.ca/gp/profile/amzn1.account.AHF45K4Q37T64IAIYB6OMC5JYHOA/ref=cm_cr_getr_d_gw_btm?ie=UTF8,2020-09-21 08:47:06.447754,2020-09-21 08:47:06.599034,Carhartt Men's,No,187,B002G9UDYG,AE3LRCOFYOIXMTUVY7MELWKBDM6A
151,AGN6236RNPGPYL5WK2I4YCAG3VMA,True,Great!,Boyfriend loved it!,"January 31, 2020",Choll,5.0,0,https://www.amazon.ca/gp/profile/amzn1.account.AGN6236RNPGPYL5WK2I4YCAG3VMA/ref=cm_cr_getr_d_gw_btm?ie=UTF8,2020-09-21 08:47:06.602938,2020-09-21 08:47:06.726888,Carhartt Men's,No,187,B002G9UDYG,AE3LRCOFYOIXMTUVY7MELWKBDM6A
152,AHBLCAI66IBDGY6FD2QTFG4V6FCQ,True,Five Stars,Love the colour and fit,"March 13, 2018",Susan Burton,5.0,0,https://www.amazon.ca/gp/profile/amzn1.account.AHBLCAI66IBDGY6FD2QTFG4V6FCQ/ref=cm_cr_getr_d_gw_btm?ie=UTF8,2020-09-21 08:47:06.731769,2020-09-21 08:47:06.861577,Carhartt Men's,No,187,B002G9UDYG,AE3LRCOFYOIXMTUVY7MELWKBDM6A
153,AGY3FZBBFQS27VMUB4FWTBJJN4GQ,True,Way too big,Fits like a 2X XL,"July 16, 2020",Laura,1.0,0,https://www.amazon.ca/gp/profile/amzn1.account.AGY3FZBBFQS27VMUB4FWTBJJN4GQ/ref=cm_cr_getr_d_gw_btm?ie=UTF8,2020-09-21 08:47:06.865481,2020-09-21 08:47:06.991384,Carhartt Men's,No,187,B002G9UDYG,AE3LRCOFYOIXMTUVY7MELWKBDM6A
154,AFL2JEPZKOYW3ZWXNGDYFPXKIKQA,True,Warm for layering,Perfect for this weather under a sweatshirt,"January 21, 2019",David,4.0,0,https://www.amazon.ca/gp/profile/amzn1.account.AFL2JEPZKOYW3ZWXNGDYFPXKIKQA/ref=cm_cr_getr_d_gw_btm?ie=UTF8,2020-09-21 08:47:06.997241,2020-09-21 08:47:07.121193,Carhartt Men's,No,187,B002G9UDYG,AE3LRCOFYOIXMTUVY7MELWKBDM6A
155,AGHOOPUTCX7SJN6NB47R4CPD5TDQ,True,Does NOT have Carhartt logo in the back,No logo on the back and a large was waaaay to big,"September 16, 2019",Amazon Customer,3.0,0,https://www.amazon.ca/gp/profile/amzn1.account.AGHOOPUTCX7SJN6NB47R4CPD5TDQ/ref=cm_cr_getr_d_gw_btm?ie=UTF8,2020-09-21 08:47:07.125096,2020-09-21 08:47:07.281256,Carhartt Men's,No,187,B002G9UDYG,AE3LRCOFYOIXMTUVY7MELWKBDM6A
156,AGMGNND64AKKLSYWCQ2ZFWUKRMRA,True,Five Stars,Exactly as seen,"May 28, 2018",Rebecca Lamb,5.0,0,https://www.amazon.ca/gp/profile/amzn1.account.AGMGNND64AKKLSYWCQ2ZFWUKRMRA/ref=cm_cr_getr_d_gw_btm?ie=UTF8,2020-09-21 08:47:07.286136,2020-09-21 08:47:07.403256,Carhartt Men's,No,187,B002G9UDYG,AE3LRCOFYOIXMTUVY7MELWKBDM6A
157,AHRC3KHVSJDTQ2RWYF4B76F73MMQ,True,OK,Good shirt for work. I have spoken.,"December 7, 2019",caden,5.0,0,https://www.amazon.ca/gp/profile/amzn1.account.AHRC3KHVSJDTQ2RWYF4B76F73MMQ/ref=cm_cr_getr_d_gw_btm?ie=UTF8,2020-09-21 08:47:07.408163,2020-09-21 08:47:07.524280,Carhartt Men's,No,187,B002G9UDYG,AE3LRCOFYOIXMTUVY7MELWKBDM6A
158,AEXRBGQG45E4PFMIQ2EWVSVBAB4A,True,FIVE STARS,I love it,"August 21, 2018",James,5.0,0,https://www.amazon.ca/gp/profile/amzn1.account.AEXRBGQG45E4PFMIQ2EWVSVBAB4A/ref=cm_cr_getr_d_gw_btm?ie=UTF8,2020-09-21 08:47:07.528184,2020-09-21 08:47:07.646278,Carhartt Men's,No,187,B002G9UDYG,AE3LRCOFYOIXMTUVY7MELWKBDM6A
159,AHJNFZJ7PQP7YHPZLBGIPVMXAGZQ,True,Awesome,Exceeded my expectations. Great quality. Accurate sizing,"January 11, 2018",KNG35,5.0,0,https://www.amazon.ca/gp/profile/amzn1.account.AHJNFZJ7PQP7YHPZLBGIPVMXAGZQ/ref=cm_cr_getr_d_gw_btm?ie=UTF8,2020-09-21 08:47:07.651159,2020-09-21 08:47:07.768278,Carhartt Men's,No,187,B002G9UDYG,AE3LRCOFYOIXMTUVY7MELWKBDM6A
160,AG2EWKSUY33Y3GLJBZIIZJCUFAPA,True,Five Stars,Lookd great.,"February 16, 2018",Amazon Customer,5.0,0,https://www.amazon.ca/gp/profile/amzn1.account.AG2EWKSUY33Y3GLJBZIIZJCUFAPA/ref=cm_cr_getr_d_gw_btm?ie=UTF8,2020-09-21 08:47:09.890098,2020-09-21 08:47:10.044305,Carhartt Men's,No,187,B002G9UDYG,AE3LRCOFYOIXMTUVY7MELWKBDM6A
161,AH5E5OWWMQA7WZ446E66EU2IBWSA,True,Five Stars,:),"June 24, 2018",Amazon Customer,5.0,0,https://www.amazon.ca/gp/profile/amzn1.account.AH5E5OWWMQA7WZ446E66EU2IBWSA/ref=cm_cr_getr_d_gw_btm?ie=UTF8,2020-09-21 08:47:10.048209,2020-09-21 08:47:10.169257,Carhartt Men's,No,187,B002G9UDYG,AE3LRCOFYOIXMTUVY7MELWKBDM6A
162,AFHOIXNEZPYVX322BVGEGUDO72XQ,True,Tshirt,Nice strong warm shirts,"September 27, 2019",Jeff komula,4.0,0,https://www.amazon.ca/gp/profile/amzn1.account.AFHOIXNEZPYVX322BVGEGUDO72XQ/ref=cm_cr_getr_d_gw_btm?ie=UTF8,2020-09-21 08:47:10.173137,2020-09-21 08:47:10.295137,Carhartt Men's,No,187,B002G9UDYG,AE3LRCOFYOIXMTUVY7MELWKBDM6A
163,AHT6UCICZPVQYKJ36LBMNZM753TA,True,Comfortable and well made,Nice roomy fit!,"January 14, 2020",Amazon Customer,5.0,0,https://www.amazon.ca/gp/profile/amzn1.account.AHT6UCICZPVQYKJ36LBMNZM753TA/ref=cm_cr_getr_d_gw_btm?ie=UTF8,2020-09-21 08:47:10.300017,2020-09-21 08:47:10.425920,Carhartt Men's,No,187,B002G9UDYG,AE3LRCOFYOIXMTUVY7MELWKBDM6A
164,AETGT6IYWMYGZVE62ZM3UMYMH55Q,True,Return of the larger items were taken care of without any hassel. Thank you,Everything fit perfect.,"September 24, 2019",Carl,5.0,0,https://www.amazon.ca/gp/profile/amzn1.account.AETGT6IYWMYGZVE62ZM3UMYMH55Q/ref=cm_cr_getr_d_gw_btm?ie=UTF8,2020-09-21 08:47:10.430801,2020-09-21 08:47:10.573297,Carhartt Men's,No,187,B002G9UDYG,AE3LRCOFYOIXMTUVY7MELWKBDM6A
165,AGLUVVY6AXUVR6YEHYEFCZ35WT6Q,True,Super,Great quality,"December 7, 2018",Amazon Customer,5.0,0,https://www.amazon.ca/gp/profile/amzn1.account.AGLUVVY6AXUVR6YEHYEFCZ35WT6Q/ref=cm_cr_getr_d_gw_btm?ie=UTF8,2020-09-21 08:47:10.579152,2020-09-21 08:47:10.747024,Carhartt Men's,No,187,B002G9UDYG,AE3LRCOFYOIXMTUVY7MELWKBDM6A
166,AEYYAV5KNUAOJ7JHUW3K4RYQJ2TA,True,Four Stars,Good quality fit is very big though.,"March 4, 2018",Jessica,5.0,0,https://www.amazon.ca/gp/profile/amzn1.account.AEYYAV5KNUAOJ7JHUW3K4RYQJ2TA/ref=cm_cr_getr_d_gw_btm?ie=UTF8,2020-09-21 08:47:10.750927,2020-09-21 08:47:10.911967,Carhartt Men's,No,187,B002G9UDYG,AE3LRCOFYOIXMTUVY7MELWKBDM6A
167,AFEKUEEENYN4QOCGMXMFQNCMAC6A,True,Great fit,Great fit,"November 10, 2019",Troy,5.0,0,https://www.amazon.ca/gp/profile/amzn1.account.AFEKUEEENYN4QOCGMXMFQNCMAC6A/ref=cm_cr_getr_d_gw_btm?ie=UTF8,2020-09-21 08:47:10.916847,2020-09-21 08:47:11.034944,Carhartt Men's,No,187,B002G9UDYG,AE3LRCOFYOIXMTUVY7MELWKBDM6A
168,AF7X2L2UPVH3SUPQALEVBSDZ6CMQ,True,Fit perfectly,Fits perfectly,"December 17, 2018",Margaret ,5.0,0,https://www.amazon.ca/gp/profile/amzn1.account.AF7X2L2UPVH3SUPQALEVBSDZ6CMQ/ref=cm_cr_getr_d_gw_btm?ie=UTF8,2020-09-21 08:47:11.039824,2020-09-21 08:47:11.169633,Carhartt Men's,No,187,B002G9UDYG,AE3LRCOFYOIXMTUVY7MELWKBDM6A
169,AHME7V5YZAEZ4PVG6VJQRU3XZ57A,True,Great,Perfect fit and delivered as promised,"May 6, 2019",Chad Will,5.0,0,https://www.amazon.ca/gp/profile/amzn1.account.AHME7V5YZAEZ4PVG6VJQRU3XZ57A/ref=cm_cr_getr_d_gw_btm?ie=UTF8,2020-09-21 08:47:11.174511,2020-09-21 08:47:11.308222,Carhartt Men's,No,187,B002G9UDYG,AE3LRCOFYOIXMTUVY7MELWKBDM6A
170,AEBVTTEP2JAGMXRVEXD3PXX3MYTA,True,Great product,Fits and wears like Carhart,"February 7, 2019",Amazon Customer,5.0,0,https://www.amazon.ca/gp/profile/amzn1.account.AEBVTTEP2JAGMXRVEXD3PXX3MYTA/ref=cm_cr_getr_d_gw_btm?ie=UTF8,2020-09-21 08:47:16.416596,2020-09-21 08:47:16.547379,Carhartt Men's,No,187,B002G9UDYG,AE3LRCOFYOIXMTUVY7MELWKBDM6A
171,AE5CODKXXAUL6RMTDUK5M74LROLA,True,like,Like,"September 13, 2019",Amazon Customer,5.0,0,https://www.amazon.ca/gp/profile/amzn1.account.AE5CODKXXAUL6RMTDUK5M74LROLA/ref=cm_cr_getr_d_gw_btm?ie=UTF8,2020-09-21 08:47:16.551282,2020-09-21 08:47:16.684019,Carhartt Men's,No,187,B002G9UDYG,AE3LRCOFYOIXMTUVY7MELWKBDM6A
172,AHGMBBR6KBBFVYPF2VCOCJ6LT66A,True,Quality,Good quality,"November 3, 2018",Amber Bell,5.0,0,https://www.amazon.ca/gp/profile/amzn1.account.AHGMBBR6KBBFVYPF2VCOCJ6LT66A/ref=cm_cr_getr_d_gw_btm?ie=UTF8,2020-09-21 08:47:16.688898,2020-09-21 08:47:16.819682,Carhartt Men's,No,187,B002G9UDYG,AE3LRCOFYOIXMTUVY7MELWKBDM6A
173,AHNI6ZEHYRMHBHUB4ALZ73V3ODHA,True,Great Feel And Fit,Great Feel And Fit,"December 29, 2018",Nathan Carr,5.0,0,https://www.amazon.ca/gp/profile/amzn1.account.AHNI6ZEHYRMHBHUB4ALZ73V3ODHA/ref=cm_cr_getr_d_gw_btm?ie=UTF8,2020-09-21 08:47:16.824562,2020-09-21 08:47:16.958274,Carhartt Men's,No,187,B002G9UDYG,AE3LRCOFYOIXMTUVY7MELWKBDM6A
174,AEXRJDKJP2A5N2LGFSVT6VUZAVTQ,True,Way to big,Was humungas,"January 2, 2019",Kendal Lesy ,2.0,0,https://www.amazon.ca/gp/profile/amzn1.account.AEXRJDKJP2A5N2LGFSVT6VUZAVTQ/ref=cm_cr_getr_d_gw_btm?ie=UTF8,2020-09-21 08:47:16.963154,2020-09-21 08:47:17.116384,Carhartt Men's,No,187,B002G9UDYG,AE3LRCOFYOIXMTUVY7MELWKBDM6A
175,AEOSCBKQFW7A7P3VURWCCLYS32PA,True,Five Stars,Another great purchase,"January 31, 2018",Amazon Customer,5.0,0,https://www.amazon.ca/gp/profile/amzn1.account.AEOSCBKQFW7A7P3VURWCCLYS32PA/ref=cm_cr_getr_d_gw_btm?ie=UTF8,2020-09-21 08:47:17.121265,2020-09-21 08:47:17.281329,Carhartt Men's,No,187,B002G9UDYG,AE3LRCOFYOIXMTUVY7MELWKBDM6A
176,AF7IE4THD6JX6V2FSVWTHKF4EJNQ,True,Great fit and quality,Great clothing,"October 27, 2018",Ryan Colquhoun,5.0,0,https://www.amazon.ca/gp/profile/amzn1.account.AF7IE4THD6JX6V2FSVWTHKF4EJNQ/ref=cm_cr_getr_d_gw_btm?ie=UTF8,2020-09-21 08:47:17.285232,2020-09-21 08:47:17.403328,Carhartt Men's,No,187,B002G9UDYG,AE3LRCOFYOIXMTUVY7MELWKBDM6A
177,AHKEEMSB4PZJD4K5GUM3TMKY5MUA,True,Get it,Good,"January 3, 2019",Patrick,5.0,0,https://www.amazon.ca/gp/profile/amzn1.account.AHKEEMSB4PZJD4K5GUM3TMKY5MUA/ref=cm_cr_getr_d_gw_btm?ie=UTF8,2020-09-21 08:47:17.407233,2020-09-21 08:47:17.524353,Carhartt Men's,No,187,B002G9UDYG,AE3LRCOFYOIXMTUVY7MELWKBDM6A
178,AFI5RWCOXFEXVGHADFLYX755YYQA,True,Good,Fit good,"July 30, 2018",Malcolm,5.0,0,https://www.amazon.ca/gp/profile/amzn1.account.AFI5RWCOXFEXVGHADFLYX755YYQA/ref=cm_cr_getr_d_gw_btm?ie=UTF8,2020-09-21 08:47:17.528256,2020-09-21 08:47:17.643424,Carhartt Men's,No,187,B002G9UDYG,AE3LRCOFYOIXMTUVY7MELWKBDM6A
179,AHE665SPKZPTLORXUISJLSFJT6FQ,True,Christmas gift,"It is a Christmas, hope it fits!","December 4, 2017",Sandra Charters,5.0,0,https://www.amazon.ca/gp/profile/amzn1.account.AHE665SPKZPTLORXUISJLSFJT6FQ/ref=cm_cr_getr_d_gw_btm?ie=UTF8,2020-09-21 08:47:17.647328,2020-09-21 08:47:17.800558,Carhartt Men's,No,187,B002G9UDYG,AE3LRCOFYOIXMTUVY7MELWKBDM6A
180,AF7CQ5X7HCSBCK4QYEP2JWIK54YQ,True,The product is not 100% cotten is 60% cotten unfurtunetly ...,"The product is not 100% cotten
is 60% cotten
unfurtunetly i ordered 3 of them
as gift for my sons i recived 2 of them and waiting for last on to return all
waisting time ,energy and mony","February 8, 2018",paya,1.0,0,https://www.amazon.ca/gp/profile/amzn1.account.AF7CQ5X7HCSBCK4QYEP2JWIK54YQ/ref=cm_cr_getr_d_gw_btm?ie=UTF8,2020-09-21 08:47:22.917716,2020-09-21 08:47:23.040691,Carhartt Men's,No,187,B002G9UDYG,AE3LRCOFYOIXMTUVY7MELWKBDM6A
181,AEUWC3RZOJVL5FWDQRPBL4VPO6SA,True,Four Stars,I like it.,"November 5, 2016",Bradley Hamilton,4.0,0,https://www.amazon.ca/gp/profile/amzn1.account.AEUWC3RZOJVL5FWDQRPBL4VPO6SA/ref=cm_cr_getr_d_gw_btm?ie=UTF8,2020-09-21 08:47:23.044595,2020-09-21 08:47:23.169522,Carhartt Men's,No,187,B002G9UDYG,AE3LRCOFYOIXMTUVY7MELWKBDM6A
182,AGWK46WN54G23COKMAFJDRWC2QAQ,True,Not the same as what i thought i ordered,This top did not have carhartt written down the sleeve.,"December 11, 2017",Amazon Customer,1.0,3,https://www.amazon.ca/gp/profile/amzn1.account.AGWK46WN54G23COKMAFJDRWC2QAQ/ref=cm_cr_getr_d_gw_btm?ie=UTF8,2020-09-21 08:47:23.173427,2020-09-21 08:47:23.303234,Carhartt Men's,No,187,B002G9UDYG,AE3LRCOFYOIXMTUVY7MELWKBDM6A
183,AE66GOY6XDW6XOUIRDGN6OTS2PXQ,True,One Star,Medium was huge,"December 14, 2017",Mark,1.0,3,https://www.amazon.ca/gp/profile/amzn1.account.AE66GOY6XDW6XOUIRDGN6OTS2PXQ/ref=cm_cr_getr_d_gw_btm?ie=UTF8,2020-09-21 08:47:23.307139,2020-09-21 08:47:23.469155,Carhartt Men's,No,187,B002G9UDYG,AE3LRCOFYOIXMTUVY7MELWKBDM6A
184,AFJSKMLLOATBUFQ4D5AGFRA5RSLQ,False,Really nice shirt.,Purchased as a gift. Went by some of the reviews. Said it was made big. But ended up being too small. However very well made nice material. I had to return.,"October 3, 2019",Amazon Customer,5.0,0,https://www.amazon.ca/gp/profile/amzn1.account.AFJSKMLLOATBUFQ4D5AGFRA5RSLQ/ref=cm_cr_getr_d_gw_btm?ie=UTF8,2020-09-21 08:47:23.474034,2020-09-21 08:47:23.587249,Carhartt Men's,No,187,B002G9UDYG,AE3LRCOFYOIXMTUVY7MELWKBDM6A
185,AEW2FNXCCZYHF3LXOC5F7R5SZAKA,False,Order a size or two less than you normally would,"Like most carhartt clothing the fit is huge.
I am usually a large in normal clothing i ordered a medium and it fit like an extra large so i returned it","January 14, 2019",dakodah rafter,3.0,0,https://www.amazon.ca/gp/profile/amzn1.account.AEW2FNXCCZYHF3LXOC5F7R5SZAKA/ref=cm_cr_getr_d_gw_btm?ie=UTF8,2020-09-21 08:47:23.591154,2020-09-21 08:47:23.704369,Carhartt Men's,No,187,B002G9UDYG,AE3LRCOFYOIXMTUVY7MELWKBDM6A
186,AHEQYAPJRTT6XS3J2WFQ56M237RQ,False,"Great quality, runs a bit big","Great quality, runs a bit big. My husband normally wears a large, but wears a medium in these original fit Carhartt shirts","December 7, 2017",allie_cat84,5.0,One,https://www.amazon.ca/gp/profile/amzn1.account.AHEQYAPJRTT6XS3J2WFQ56M237RQ/ref=cm_cr_getr_d_gw_btm?ie=UTF8,2020-09-21 08:47:23.709250,2020-09-21 08:47:23.861505,Carhartt Men's,No,187,B002G9UDYG,AE3LRCOFYOIXMTUVY7MELWKBDM6A
187,AH2GCRJDNHJMHHV4UH7T7OCJEEYQ,False,Bought as a gift,My son loves it,"January 17, 2020",Janet A.,5.0,0,https://www.amazon.ca/gp/profile/amzn1.account.AH2GCRJDNHJMHHV4UH7T7OCJEEYQ/ref=cm_cr_getr_d_gw_btm?ie=UTF8,2020-09-21 08:47:23.866412,2020-09-21 08:47:23.982529,Carhartt Men's,No,187,B002G9UDYG,AE3LRCOFYOIXMTUVY7MELWKBDM6A
188,AFSHVWN5XKK6M7X6YOGMHGNEDP6A,False,Reliable durable work wear,Good long sleeve work light sweat shirt,"November 20, 2018",D.B. Carter,5.0,0,https://www.amazon.ca/gp/profile/amzn1.account.AFSHVWN5XKK6M7X6YOGMHGNEDP6A/ref=cm_cr_getr_d_gw_btm?ie=UTF8,2020-09-21 08:47:23.986433,2020-09-21 08:47:24.101601,Carhartt Men's,No,187,B002G9UDYG,AE3LRCOFYOIXMTUVY7MELWKBDM6A
189,AGTA2WMVMOT67PPY7OE27EIPGXZA,False,Fit as I expected,Fitted as I expected,"January 21, 2019",Pat ,4.0,0,https://www.amazon.ca/gp/profile/amzn1.account.AGTA2WMVMOT67PPY7OE27EIPGXZA/ref=cm_cr_getr_d_gw_btm?ie=UTF8,2020-09-21 08:47:24.105504,2020-09-21 08:47:24.218721,Carhartt Men's,No,187,B002G9UDYG,AE3LRCOFYOIXMTUVY7MELWKBDM6A
190,AHAJMYYE5FAONKZR3NQPKTC5JH7Q,False,Wrecked,The product was wrecked when it arrived,"September 15, 2020",Hannah,1.0,0,https://www.amazon.ca/gp/profile/amzn1.account.AHAJMYYE5FAONKZR3NQPKTC5JH7Q/ref=cm_cr_getr_d_gw_btm?ie=UTF8,2020-09-21 08:47:27.381929,2020-09-21 08:47:27.518568,Carhartt Men's,No,187,B002G9UDYG,AE3LRCOFYOIXMTUVY7MELWKBDM6A
191,AEXBFCD3RJVYCOWWNW2X6XKPO2RQ,True,Perfect shirt,Excellent Quality,"August 30, 2019",todd.walters,5.0,0,https://www.amazon.ca/gp/profile/amzn1.account.AEXBFCD3RJVYCOWWNW2X6XKPO2RQ/ref=cm_cr_getr_d_gw_btm?ie=UTF8,2020-09-21 08:47:27.522474,2020-09-21 08:47:27.644472,Carhartt Men's,No,187,B002G9UDYG,AE3LRCOFYOIXMTUVY7MELWKBDM6A
