,subproduct_author_id,verified_purchase,review_title,reviews,date,reviewer_name,ratings,people_find_helpful,reviewer_profile_url,start_time,end_time,product_name,brand_name,rank,product_id,author_id
0,AEL4PEFWBBEB7RDVIFLE6DVJDYKQ,True,Four Stars,"Gorgeous, the sewing around the top was a tiny bit wonky but not noticable","February 15, 2018",Naomi,4.0,0,https://www.amazon.ca/gp/profile/amzn1.account.AEL4PEFWBBEB7RDVIFLE6DVJDYKQ/ref=cm_cr_arp_d_gw_btm?ie=UTF8,2020-09-21 13:19:21.756971,2020-09-21 13:19:21.884871,Eiffel Women's Off Shoulder High Low Hem A-line Evening Party Skater Dress,No,"333,878",B002G9UDYG,AEL4PEFWBBEB7RDVIFLE6DVJDYKQ
1,AHYMYKKAADTLT2KVYDR5XGVIRGNQ,True,One Star,"Terrible, the fit was bad, the material was cheap, and the dress looked cheap","August 14, 2017",Amazon Customer,1.0,0,https://www.amazon.ca/gp/profile/amzn1.account.AHYMYKKAADTLT2KVYDR5XGVIRGNQ/ref=cm_cr_arp_d_gw_btm?ie=UTF8,2020-09-21 13:19:21.888775,2020-09-21 13:19:22.008825,Eiffel Women's Off Shoulder High Low Hem A-line Evening Party Skater Dress,No,"333,878",B002G9UDYG,AEL4PEFWBBEB7RDVIFLE6DVJDYKQ
2,AEZU2N4URPKWIKJSTQG62DOIH3VQ,True,Five Stars,"Good quality, fits well","June 9, 2017",Amazon Customer,5.0,0,https://www.amazon.ca/gp/profile/amzn1.account.AEZU2N4URPKWIKJSTQG62DOIH3VQ/ref=cm_cr_arp_d_gw_btm?ie=UTF8,2020-09-21 13:19:22.013726,2020-09-21 13:19:22.135771,Eiffel Women's Off Shoulder High Low Hem A-line Evening Party Skater Dress,No,"333,878",B002G9UDYG,AEL4PEFWBBEB7RDVIFLE6DVJDYKQ
3,AGWHBPO4UBADFXSQASJIPDYI6GBA,True,Comme sur la photo. Seul problème: la taille ...,Comme sur la photo. Seul problème : la taille ne correspond pas... j'ai pris du S mais on dirait du M. C'est dommage parce que c'est vraiment une belle robe.,"July 7, 2017",Amy S,2.0,0,https://www.amazon.ca/gp/profile/amzn1.account.AGWHBPO4UBADFXSQASJIPDYI6GBA/ref=cm_cr_arp_d_gw_btm?ie=UTF8,2020-09-21 13:19:22.139649,2020-09-21 13:19:22.266527,Eiffel Women's Off Shoulder High Low Hem A-line Evening Party Skater Dress,No,"333,878",B002G9UDYG,AEL4PEFWBBEB7RDVIFLE6DVJDYKQ
