,subproduct_author_id,verified_purchase,review_title,reviews,date,reviewer_name,ratings,people_find_helpful,reviewer_profile_url,start_time,end_time,product_name,brand_name,rank,product_id,author_id
0,AE242MSBRWHV5UWHSG5FCBGBQOFA,True,These socks are definitely worth buying!,"I am a young 62 and i love these socks!! They are so soft and comfy, i’m wearing them around the clock now!
Try these, you won’t be sorry.
OK, this is an update, i am now wearing the next size up, meaning the largest size of these socks and they are a much better fit.
Unless you have teensy feet, try the bigger size.","December 5, 2019",lynnezee,5.0,0,https://www.amazon.ca/gp/profile/amzn1.account.AE242MSBRWHV5UWHSG5FCBGBQOFA/ref=cm_cr_arp_d_gw_btm?ie=UTF8,2020-09-21 08:24:57.587010,2020-09-21 08:24:57.748047,+MD 4 Pack Womens Bamboo Cushioned Sports Ankle Socks Colorful Moisture Wicking Quarter Casual Socks,No,"21,015",B002G9UDYG,AE242MSBRWHV5UWHSG5FCBGBQOFA
1,AEPB3EPQ3343NACLXXRSOGKKSUNA,True,"Happy socks, happy feet","I loved these so much, I bought more. They are very soft, stretchy and comfortable. I wish I could buy sweaters and pants with the exact same feeling. They wash well and colour still holding strong.","September 16, 2019",CyberCynthia,5.0,One,https://www.amazon.ca/gp/profile/amzn1.account.AEPB3EPQ3343NACLXXRSOGKKSUNA/ref=cm_cr_arp_d_gw_btm?ie=UTF8,2020-09-21 08:24:57.752927,2020-09-21 08:24:57.884687,+MD 4 Pack Womens Bamboo Cushioned Sports Ankle Socks Colorful Moisture Wicking Quarter Casual Socks,No,"21,015",B002G9UDYG,AE242MSBRWHV5UWHSG5FCBGBQOFA
2,AGFNBEMBKFSBWZRR5MGJOI22W2NQ,True,Let my feet breathe,Do your feet sweat and get real nasty in your socks. Then these breathing babies are for you. The colour is wicked awesome and they're stretchy. If your feet are thicker they may not suit you but they're good for me,"July 4, 2020",Brass Monkey,5.0,0,https://www.amazon.ca/gp/profile/amzn1.account.AGFNBEMBKFSBWZRR5MGJOI22W2NQ/ref=cm_cr_arp_d_gw_btm?ie=UTF8,2020-09-21 08:24:57.889566,2020-09-21 08:24:58.041832,+MD 4 Pack Womens Bamboo Cushioned Sports Ankle Socks Colorful Moisture Wicking Quarter Casual Socks,No,"21,015",B002G9UDYG,AE242MSBRWHV5UWHSG5FCBGBQOFA
3,AGIOIONUASMIVBI2EHZ6IRHNS76A,True,Great!,"Pleasantly surprised by these. Thick on the bottom, thin on top, super soft, don’t seem to fall down in my shoes! So far so good :)","May 9, 2019",Amazon Customer,5.0,One,https://www.amazon.ca/gp/profile/amzn1.account.AGIOIONUASMIVBI2EHZ6IRHNS76A/ref=cm_cr_arp_d_gw_btm?ie=UTF8,2020-09-21 08:24:58.065247,2020-09-21 08:24:58.250687,+MD 4 Pack Womens Bamboo Cushioned Sports Ankle Socks Colorful Moisture Wicking Quarter Casual Socks,No,"21,015",B002G9UDYG,AE242MSBRWHV5UWHSG5FCBGBQOFA
4,AHCSLQ2TPP6VK2YTCK4JFI5GQHFA,True,"Soft, fits well, comfortable",Love these socks. So soft and comfortable. They fit perfectly and they’ve lasted a long time. I’ll buy them again,"January 17, 2020",TiAnna,5.0,One,https://www.amazon.ca/gp/profile/amzn1.account.AHCSLQ2TPP6VK2YTCK4JFI5GQHFA/ref=cm_cr_arp_d_gw_btm?ie=UTF8,2020-09-21 08:24:58.254589,2020-09-21 08:24:58.384398,+MD 4 Pack Womens Bamboo Cushioned Sports Ankle Socks Colorful Moisture Wicking Quarter Casual Socks,No,"21,015",B002G9UDYG,AE242MSBRWHV5UWHSG5FCBGBQOFA
5,AFBUGN5K5QAA2VH7WTJKJVOU2JSA,True,So soft and wash well.,Super comfy socks and wash really well. The colour is ugly. But that’s personal.,"August 18, 2020",Cayman Lea,4.0,0,https://www.amazon.ca/gp/profile/amzn1.account.AFBUGN5K5QAA2VH7WTJKJVOU2JSA/ref=cm_cr_arp_d_gw_btm?ie=UTF8,2020-09-21 08:24:58.388302,2020-09-21 08:24:58.508350,+MD 4 Pack Womens Bamboo Cushioned Sports Ankle Socks Colorful Moisture Wicking Quarter Casual Socks,No,"21,015",B002G9UDYG,AE242MSBRWHV5UWHSG5FCBGBQOFA
6,AHT2M6F74CJEC4HHOLMFM35LZ6ZA,True,Super comfy and breathable.,Super comfy and breathable. Would buy these again!,"June 13, 2019",Gail mc,5.0,One,https://www.amazon.ca/gp/profile/amzn1.account.AHT2M6F74CJEC4HHOLMFM35LZ6ZA/ref=cm_cr_arp_d_gw_btm?ie=UTF8,2020-09-21 08:24:58.512253,2020-09-21 08:24:58.642061,+MD 4 Pack Womens Bamboo Cushioned Sports Ankle Socks Colorful Moisture Wicking Quarter Casual Socks,No,"21,015",B002G9UDYG,AE242MSBRWHV5UWHSG5FCBGBQOFA
7,AH2ABNTBNM5LDIVLEL2Z6TOZUDVQ,True,Nice socks.,Good athletic socks. Nice colour.,"December 19, 2019",Shannon,4.0,One,https://www.amazon.ca/gp/profile/amzn1.account.AH2ABNTBNM5LDIVLEL2Z6TOZUDVQ/ref=cm_cr_arp_d_gw_btm?ie=UTF8,2020-09-21 08:24:58.645964,2020-09-21 08:24:58.766989,+MD 4 Pack Womens Bamboo Cushioned Sports Ankle Socks Colorful Moisture Wicking Quarter Casual Socks,No,"21,015",B002G9UDYG,AE242MSBRWHV5UWHSG5FCBGBQOFA
8,AFNLWOTR23W5KGNH7EPA3VBWGGDQ,True,AMAZING,Best socks ever. Will buy again and a lot.,"May 17, 2020",foliesfolies,5.0,0,https://www.amazon.ca/gp/profile/amzn1.account.AFNLWOTR23W5KGNH7EPA3VBWGGDQ/ref=cm_cr_arp_d_gw_btm?ie=UTF8,2020-09-21 08:24:58.770892,2020-09-21 08:24:58.901676,+MD 4 Pack Womens Bamboo Cushioned Sports Ankle Socks Colorful Moisture Wicking Quarter Casual Socks,No,"21,015",B002G9UDYG,AE242MSBRWHV5UWHSG5FCBGBQOFA
9,AGKH4YMTZWS637QADAW3QDVEDSIA,True,These are amazing!,"All the good reviews are true!
Absolutely loving these!","May 17, 2020",Alexandra Jedrzejczak,5.0,0,https://www.amazon.ca/gp/profile/amzn1.account.AGKH4YMTZWS637QADAW3QDVEDSIA/ref=cm_cr_arp_d_gw_btm?ie=UTF8,2020-09-21 08:24:58.905580,2020-09-21 08:24:59.038316,+MD 4 Pack Womens Bamboo Cushioned Sports Ankle Socks Colorful Moisture Wicking Quarter Casual Socks,No,"21,015",B002G9UDYG,AE242MSBRWHV5UWHSG5FCBGBQOFA
10,AE242MSBRWHV5UWHSG5FCBGBQOFA,True,These socks are definitely worth buying!,"I am a young 62 and i love these socks!! They are so soft and comfy, i’m wearing them around the clock now!
Try these, you won’t be sorry.
OK, this is an update, i am now wearing the next size up, meaning the largest size of these socks and they are a much better fit.
Unless you have teensy feet, try the bigger size.","December 5, 2019",lynnezee,5.0,0,https://www.amazon.ca/gp/profile/amzn1.account.AE242MSBRWHV5UWHSG5FCBGBQOFA/ref=cm_cr_arp_d_gw_btm?ie=UTF8,2020-09-21 08:25:05.125614,2020-09-21 08:25:05.275918,+MD 4 Pack Womens Bamboo Cushioned Sports Ankle Socks Colorful Moisture Wicking Quarter Casual Socks,No,"21,015",B002G9UDYG,AE242MSBRWHV5UWHSG5FCBGBQOFA
11,AEPB3EPQ3343NACLXXRSOGKKSUNA,True,"Happy socks, happy feet","I loved these so much, I bought more. They are very soft, stretchy and comfortable. I wish I could buy sweaters and pants with the exact same feeling. They wash well and colour still holding strong.","September 16, 2019",CyberCynthia,5.0,One,https://www.amazon.ca/gp/profile/amzn1.account.AEPB3EPQ3343NACLXXRSOGKKSUNA/ref=cm_cr_arp_d_gw_btm?ie=UTF8,2020-09-21 08:25:05.279821,2020-09-21 08:25:05.413532,+MD 4 Pack Womens Bamboo Cushioned Sports Ankle Socks Colorful Moisture Wicking Quarter Casual Socks,No,"21,015",B002G9UDYG,AE242MSBRWHV5UWHSG5FCBGBQOFA
12,AGFNBEMBKFSBWZRR5MGJOI22W2NQ,True,Let my feet breathe,Do your feet sweat and get real nasty in your socks. Then these breathing babies are for you. The colour is wicked awesome and they're stretchy. If your feet are thicker they may not suit you but they're good for me,"July 4, 2020",Brass Monkey,5.0,0,https://www.amazon.ca/gp/profile/amzn1.account.AGFNBEMBKFSBWZRR5MGJOI22W2NQ/ref=cm_cr_arp_d_gw_btm?ie=UTF8,2020-09-21 08:25:05.417438,2020-09-21 08:25:05.580429,+MD 4 Pack Womens Bamboo Cushioned Sports Ankle Socks Colorful Moisture Wicking Quarter Casual Socks,No,"21,015",B002G9UDYG,AE242MSBRWHV5UWHSG5FCBGBQOFA
13,AGIOIONUASMIVBI2EHZ6IRHNS76A,True,Great!,"Pleasantly surprised by these. Thick on the bottom, thin on top, super soft, don’t seem to fall down in my shoes! So far so good :)","May 9, 2019",Amazon Customer,5.0,One,https://www.amazon.ca/gp/profile/amzn1.account.AGIOIONUASMIVBI2EHZ6IRHNS76A/ref=cm_cr_arp_d_gw_btm?ie=UTF8,2020-09-21 08:25:05.586285,2020-09-21 08:25:05.723900,+MD 4 Pack Womens Bamboo Cushioned Sports Ankle Socks Colorful Moisture Wicking Quarter Casual Socks,No,"21,015",B002G9UDYG,AE242MSBRWHV5UWHSG5FCBGBQOFA
14,AHCSLQ2TPP6VK2YTCK4JFI5GQHFA,True,"Soft, fits well, comfortable",Love these socks. So soft and comfortable. They fit perfectly and they’ve lasted a long time. I’ll buy them again,"January 17, 2020",TiAnna,5.0,One,https://www.amazon.ca/gp/profile/amzn1.account.AHCSLQ2TPP6VK2YTCK4JFI5GQHFA/ref=cm_cr_arp_d_gw_btm?ie=UTF8,2020-09-21 08:25:05.727805,2020-09-21 08:25:06.248991,+MD 4 Pack Womens Bamboo Cushioned Sports Ankle Socks Colorful Moisture Wicking Quarter Casual Socks,No,"21,015",B002G9UDYG,AE242MSBRWHV5UWHSG5FCBGBQOFA
15,AFBUGN5K5QAA2VH7WTJKJVOU2JSA,True,So soft and wash well.,Super comfy socks and wash really well. The colour is ugly. But that’s personal.,"August 18, 2020",Cayman Lea,4.0,0,https://www.amazon.ca/gp/profile/amzn1.account.AFBUGN5K5QAA2VH7WTJKJVOU2JSA/ref=cm_cr_arp_d_gw_btm?ie=UTF8,2020-09-21 08:25:06.257771,2020-09-21 08:25:06.425643,+MD 4 Pack Womens Bamboo Cushioned Sports Ankle Socks Colorful Moisture Wicking Quarter Casual Socks,No,"21,015",B002G9UDYG,AE242MSBRWHV5UWHSG5FCBGBQOFA
16,AHT2M6F74CJEC4HHOLMFM35LZ6ZA,True,Super comfy and breathable.,Super comfy and breathable. Would buy these again!,"June 13, 2019",Gail mc,5.0,One,https://www.amazon.ca/gp/profile/amzn1.account.AHT2M6F74CJEC4HHOLMFM35LZ6ZA/ref=cm_cr_arp_d_gw_btm?ie=UTF8,2020-09-21 08:25:06.429546,2020-09-21 08:25:06.576922,+MD 4 Pack Womens Bamboo Cushioned Sports Ankle Socks Colorful Moisture Wicking Quarter Casual Socks,No,"21,015",B002G9UDYG,AE242MSBRWHV5UWHSG5FCBGBQOFA
17,AH2ABNTBNM5LDIVLEL2Z6TOZUDVQ,True,Nice socks.,Good athletic socks. Nice colour.,"December 19, 2019",Shannon,4.0,One,https://www.amazon.ca/gp/profile/amzn1.account.AH2ABNTBNM5LDIVLEL2Z6TOZUDVQ/ref=cm_cr_arp_d_gw_btm?ie=UTF8,2020-09-21 08:25:06.580826,2020-09-21 08:25:06.708682,+MD 4 Pack Womens Bamboo Cushioned Sports Ankle Socks Colorful Moisture Wicking Quarter Casual Socks,No,"21,015",B002G9UDYG,AE242MSBRWHV5UWHSG5FCBGBQOFA
18,AFNLWOTR23W5KGNH7EPA3VBWGGDQ,True,AMAZING,Best socks ever. Will buy again and a lot.,"May 17, 2020",foliesfolies,5.0,0,https://www.amazon.ca/gp/profile/amzn1.account.AFNLWOTR23W5KGNH7EPA3VBWGGDQ/ref=cm_cr_arp_d_gw_btm?ie=UTF8,2020-09-21 08:25:06.712585,2020-09-21 08:25:06.842394,+MD 4 Pack Womens Bamboo Cushioned Sports Ankle Socks Colorful Moisture Wicking Quarter Casual Socks,No,"21,015",B002G9UDYG,AE242MSBRWHV5UWHSG5FCBGBQOFA
19,AGKH4YMTZWS637QADAW3QDVEDSIA,True,These are amazing!,"All the good reviews are true!
Absolutely loving these!","May 17, 2020",Alexandra Jedrzejczak,5.0,0,https://www.amazon.ca/gp/profile/amzn1.account.AGKH4YMTZWS637QADAW3QDVEDSIA/ref=cm_cr_arp_d_gw_btm?ie=UTF8,2020-09-21 08:25:06.848250,2020-09-21 08:25:07.002457,+MD 4 Pack Womens Bamboo Cushioned Sports Ankle Socks Colorful Moisture Wicking Quarter Casual Socks,No,"21,015",B002G9UDYG,AE242MSBRWHV5UWHSG5FCBGBQOFA
20,AE242MSBRWHV5UWHSG5FCBGBQOFA,True,These socks are definitely worth buying!,"I am a young 62 and i love these socks!! They are so soft and comfy, i’m wearing them around the clock now!
Try these, you won’t be sorry.
OK, this is an update, i am now wearing the next size up, meaning the largest size of these socks and they are a much better fit.
Unless you have teensy feet, try the bigger size.","December 5, 2019",lynnezee,5.0,0,https://www.amazon.ca/gp/profile/amzn1.account.AE242MSBRWHV5UWHSG5FCBGBQOFA/ref=cm_cr_arp_d_gw_btm?ie=UTF8,2020-09-21 08:25:09.081332,2020-09-21 08:25:09.229684,+MD 4 Pack Womens Bamboo Cushioned Sports Ankle Socks Colorful Moisture Wicking Quarter Casual Socks,No,"21,015",B002G9UDYG,AE242MSBRWHV5UWHSG5FCBGBQOFA
21,AEPB3EPQ3343NACLXXRSOGKKSUNA,True,"Happy socks, happy feet","I loved these so much, I bought more. They are very soft, stretchy and comfortable. I wish I could buy sweaters and pants with the exact same feeling. They wash well and colour still holding strong.","September 16, 2019",CyberCynthia,5.0,One,https://www.amazon.ca/gp/profile/amzn1.account.AEPB3EPQ3343NACLXXRSOGKKSUNA/ref=cm_cr_arp_d_gw_btm?ie=UTF8,2020-09-21 08:25:09.233588,2020-09-21 08:25:09.366324,+MD 4 Pack Womens Bamboo Cushioned Sports Ankle Socks Colorful Moisture Wicking Quarter Casual Socks,No,"21,015",B002G9UDYG,AE242MSBRWHV5UWHSG5FCBGBQOFA
22,AGFNBEMBKFSBWZRR5MGJOI22W2NQ,True,Let my feet breathe,Do your feet sweat and get real nasty in your socks. Then these breathing babies are for you. The colour is wicked awesome and they're stretchy. If your feet are thicker they may not suit you but they're good for me,"July 4, 2020",Brass Monkey,5.0,0,https://www.amazon.ca/gp/profile/amzn1.account.AGFNBEMBKFSBWZRR5MGJOI22W2NQ/ref=cm_cr_arp_d_gw_btm?ie=UTF8,2020-09-21 08:25:09.371204,2020-09-21 08:25:09.486371,+MD 4 Pack Womens Bamboo Cushioned Sports Ankle Socks Colorful Moisture Wicking Quarter Casual Socks,No,"21,015",B002G9UDYG,AE242MSBRWHV5UWHSG5FCBGBQOFA
23,AGIOIONUASMIVBI2EHZ6IRHNS76A,True,Great!,"Pleasantly surprised by these. Thick on the bottom, thin on top, super soft, don’t seem to fall down in my shoes! So far so good :)","May 9, 2019",Amazon Customer,5.0,One,https://www.amazon.ca/gp/profile/amzn1.account.AGIOIONUASMIVBI2EHZ6IRHNS76A/ref=cm_cr_arp_d_gw_btm?ie=UTF8,2020-09-21 08:25:09.493203,2020-09-21 08:25:09.610323,+MD 4 Pack Womens Bamboo Cushioned Sports Ankle Socks Colorful Moisture Wicking Quarter Casual Socks,No,"21,015",B002G9UDYG,AE242MSBRWHV5UWHSG5FCBGBQOFA
24,AHCSLQ2TPP6VK2YTCK4JFI5GQHFA,True,"Soft, fits well, comfortable",Love these socks. So soft and comfortable. They fit perfectly and they’ve lasted a long time. I’ll buy them again,"January 17, 2020",TiAnna,5.0,One,https://www.amazon.ca/gp/profile/amzn1.account.AHCSLQ2TPP6VK2YTCK4JFI5GQHFA/ref=cm_cr_arp_d_gw_btm?ie=UTF8,2020-09-21 08:25:09.614228,2020-09-21 08:25:09.734275,+MD 4 Pack Womens Bamboo Cushioned Sports Ankle Socks Colorful Moisture Wicking Quarter Casual Socks,No,"21,015",B002G9UDYG,AE242MSBRWHV5UWHSG5FCBGBQOFA
25,AFBUGN5K5QAA2VH7WTJKJVOU2JSA,True,So soft and wash well.,Super comfy socks and wash really well. The colour is ugly. But that’s personal.,"August 18, 2020",Cayman Lea,4.0,0,https://www.amazon.ca/gp/profile/amzn1.account.AFBUGN5K5QAA2VH7WTJKJVOU2JSA/ref=cm_cr_arp_d_gw_btm?ie=UTF8,2020-09-21 08:25:09.738179,2020-09-21 08:25:09.867010,+MD 4 Pack Womens Bamboo Cushioned Sports Ankle Socks Colorful Moisture Wicking Quarter Casual Socks,No,"21,015",B002G9UDYG,AE242MSBRWHV5UWHSG5FCBGBQOFA
26,AHT2M6F74CJEC4HHOLMFM35LZ6ZA,True,Super comfy and breathable.,Super comfy and breathable. Would buy these again!,"June 13, 2019",Gail mc,5.0,One,https://www.amazon.ca/gp/profile/amzn1.account.AHT2M6F74CJEC4HHOLMFM35LZ6ZA/ref=cm_cr_arp_d_gw_btm?ie=UTF8,2020-09-21 08:25:09.870914,2020-09-21 08:25:09.991938,+MD 4 Pack Womens Bamboo Cushioned Sports Ankle Socks Colorful Moisture Wicking Quarter Casual Socks,No,"21,015",B002G9UDYG,AE242MSBRWHV5UWHSG5FCBGBQOFA
27,AH2ABNTBNM5LDIVLEL2Z6TOZUDVQ,True,Nice socks.,Good athletic socks. Nice colour.,"December 19, 2019",Shannon,4.0,One,https://www.amazon.ca/gp/profile/amzn1.account.AH2ABNTBNM5LDIVLEL2Z6TOZUDVQ/ref=cm_cr_arp_d_gw_btm?ie=UTF8,2020-09-21 08:25:09.995842,2020-09-21 08:25:10.122723,+MD 4 Pack Womens Bamboo Cushioned Sports Ankle Socks Colorful Moisture Wicking Quarter Casual Socks,No,"21,015",B002G9UDYG,AE242MSBRWHV5UWHSG5FCBGBQOFA
28,AFNLWOTR23W5KGNH7EPA3VBWGGDQ,True,AMAZING,Best socks ever. Will buy again and a lot.,"May 17, 2020",foliesfolies,5.0,0,https://www.amazon.ca/gp/profile/amzn1.account.AFNLWOTR23W5KGNH7EPA3VBWGGDQ/ref=cm_cr_arp_d_gw_btm?ie=UTF8,2020-09-21 08:25:10.126626,2020-09-21 08:25:10.245697,+MD 4 Pack Womens Bamboo Cushioned Sports Ankle Socks Colorful Moisture Wicking Quarter Casual Socks,No,"21,015",B002G9UDYG,AE242MSBRWHV5UWHSG5FCBGBQOFA
29,AGKH4YMTZWS637QADAW3QDVEDSIA,True,These are amazing!,"All the good reviews are true!
Absolutely loving these!","May 17, 2020",Alexandra Jedrzejczak,5.0,0,https://www.amazon.ca/gp/profile/amzn1.account.AGKH4YMTZWS637QADAW3QDVEDSIA/ref=cm_cr_arp_d_gw_btm?ie=UTF8,2020-09-21 08:25:10.250578,2020-09-21 08:25:10.370625,+MD 4 Pack Womens Bamboo Cushioned Sports Ankle Socks Colorful Moisture Wicking Quarter Casual Socks,No,"21,015",B002G9UDYG,AE242MSBRWHV5UWHSG5FCBGBQOFA
30,AE242MSBRWHV5UWHSG5FCBGBQOFA,True,These socks are definitely worth buying!,"I am a young 62 and i love these socks!! They are so soft and comfy, i’m wearing them around the clock now!
Try these, you won’t be sorry.
OK, this is an update, i am now wearing the next size up, meaning the largest size of these socks and they are a much better fit.
Unless you have teensy feet, try the bigger size.","December 5, 2019",lynnezee,5.0,0,https://www.amazon.ca/gp/profile/amzn1.account.AE242MSBRWHV5UWHSG5FCBGBQOFA/ref=cm_cr_arp_d_gw_btm?ie=UTF8,2020-09-21 08:25:16.458932,2020-09-21 08:25:16.626771,+MD 4 Pack Womens Bamboo Cushioned Sports Ankle Socks Colorful Moisture Wicking Quarter Casual Socks,No,"21,015",B002G9UDYG,AE242MSBRWHV5UWHSG5FCBGBQOFA
31,AEPB3EPQ3343NACLXXRSOGKKSUNA,True,"Happy socks, happy feet","I loved these so much, I bought more. They are very soft, stretchy and comfortable. I wish I could buy sweaters and pants with the exact same feeling. They wash well and colour still holding strong.","September 16, 2019",CyberCynthia,5.0,One,https://www.amazon.ca/gp/profile/amzn1.account.AEPB3EPQ3343NACLXXRSOGKKSUNA/ref=cm_cr_arp_d_gw_btm?ie=UTF8,2020-09-21 08:25:16.630675,2020-09-21 08:25:16.767314,+MD 4 Pack Womens Bamboo Cushioned Sports Ankle Socks Colorful Moisture Wicking Quarter Casual Socks,No,"21,015",B002G9UDYG,AE242MSBRWHV5UWHSG5FCBGBQOFA
32,AGFNBEMBKFSBWZRR5MGJOI22W2NQ,True,Let my feet breathe,Do your feet sweat and get real nasty in your socks. Then these breathing babies are for you. The colour is wicked awesome and they're stretchy. If your feet are thicker they may not suit you but they're good for me,"July 4, 2020",Brass Monkey,5.0,0,https://www.amazon.ca/gp/profile/amzn1.account.AGFNBEMBKFSBWZRR5MGJOI22W2NQ/ref=cm_cr_arp_d_gw_btm?ie=UTF8,2020-09-21 08:25:16.772194,2020-09-21 08:25:16.915665,+MD 4 Pack Womens Bamboo Cushioned Sports Ankle Socks Colorful Moisture Wicking Quarter Casual Socks,No,"21,015",B002G9UDYG,AE242MSBRWHV5UWHSG5FCBGBQOFA
33,AGIOIONUASMIVBI2EHZ6IRHNS76A,True,Great!,"Pleasantly surprised by these. Thick on the bottom, thin on top, super soft, don’t seem to fall down in my shoes! So far so good :)","May 9, 2019",Amazon Customer,5.0,One,https://www.amazon.ca/gp/profile/amzn1.account.AGIOIONUASMIVBI2EHZ6IRHNS76A/ref=cm_cr_arp_d_gw_btm?ie=UTF8,2020-09-21 08:25:16.919570,2020-09-21 08:25:17.053307,+MD 4 Pack Womens Bamboo Cushioned Sports Ankle Socks Colorful Moisture Wicking Quarter Casual Socks,No,"21,015",B002G9UDYG,AE242MSBRWHV5UWHSG5FCBGBQOFA
34,AHCSLQ2TPP6VK2YTCK4JFI5GQHFA,True,"Soft, fits well, comfortable",Love these socks. So soft and comfortable. They fit perfectly and they’ve lasted a long time. I’ll buy them again,"January 17, 2020",TiAnna,5.0,One,https://www.amazon.ca/gp/profile/amzn1.account.AHCSLQ2TPP6VK2YTCK4JFI5GQHFA/ref=cm_cr_arp_d_gw_btm?ie=UTF8,2020-09-21 08:25:17.058162,2020-09-21 08:25:17.196753,+MD 4 Pack Womens Bamboo Cushioned Sports Ankle Socks Colorful Moisture Wicking Quarter Casual Socks,No,"21,015",B002G9UDYG,AE242MSBRWHV5UWHSG5FCBGBQOFA
35,AFBUGN5K5QAA2VH7WTJKJVOU2JSA,True,So soft and wash well.,Super comfy socks and wash really well. The colour is ugly. But that’s personal.,"August 18, 2020",Cayman Lea,4.0,0,https://www.amazon.ca/gp/profile/amzn1.account.AFBUGN5K5QAA2VH7WTJKJVOU2JSA/ref=cm_cr_arp_d_gw_btm?ie=UTF8,2020-09-21 08:25:17.200658,2020-09-21 08:25:17.324609,+MD 4 Pack Womens Bamboo Cushioned Sports Ankle Socks Colorful Moisture Wicking Quarter Casual Socks,No,"21,015",B002G9UDYG,AE242MSBRWHV5UWHSG5FCBGBQOFA
36,AHT2M6F74CJEC4HHOLMFM35LZ6ZA,True,Super comfy and breathable.,Super comfy and breathable. Would buy these again!,"June 13, 2019",Gail mc,5.0,One,https://www.amazon.ca/gp/profile/amzn1.account.AHT2M6F74CJEC4HHOLMFM35LZ6ZA/ref=cm_cr_arp_d_gw_btm?ie=UTF8,2020-09-21 08:25:17.328512,2020-09-21 08:25:17.457345,+MD 4 Pack Womens Bamboo Cushioned Sports Ankle Socks Colorful Moisture Wicking Quarter Casual Socks,No,"21,015",B002G9UDYG,AE242MSBRWHV5UWHSG5FCBGBQOFA
37,AH2ABNTBNM5LDIVLEL2Z6TOZUDVQ,True,Nice socks.,Good athletic socks. Nice colour.,"December 19, 2019",Shannon,4.0,One,https://www.amazon.ca/gp/profile/amzn1.account.AH2ABNTBNM5LDIVLEL2Z6TOZUDVQ/ref=cm_cr_arp_d_gw_btm?ie=UTF8,2020-09-21 08:25:17.462226,2020-09-21 08:25:17.592032,+MD 4 Pack Womens Bamboo Cushioned Sports Ankle Socks Colorful Moisture Wicking Quarter Casual Socks,No,"21,015",B002G9UDYG,AE242MSBRWHV5UWHSG5FCBGBQOFA
38,AFNLWOTR23W5KGNH7EPA3VBWGGDQ,True,AMAZING,Best socks ever. Will buy again and a lot.,"May 17, 2020",foliesfolies,5.0,0,https://www.amazon.ca/gp/profile/amzn1.account.AFNLWOTR23W5KGNH7EPA3VBWGGDQ/ref=cm_cr_arp_d_gw_btm?ie=UTF8,2020-09-21 08:25:17.595935,2020-09-21 08:25:17.717936,+MD 4 Pack Womens Bamboo Cushioned Sports Ankle Socks Colorful Moisture Wicking Quarter Casual Socks,No,"21,015",B002G9UDYG,AE242MSBRWHV5UWHSG5FCBGBQOFA
39,AGKH4YMTZWS637QADAW3QDVEDSIA,True,These are amazing!,"All the good reviews are true!
Absolutely loving these!","May 17, 2020",Alexandra Jedrzejczak,5.0,0,https://www.amazon.ca/gp/profile/amzn1.account.AGKH4YMTZWS637QADAW3QDVEDSIA/ref=cm_cr_arp_d_gw_btm?ie=UTF8,2020-09-21 08:25:17.721840,2020-09-21 08:25:17.860431,+MD 4 Pack Womens Bamboo Cushioned Sports Ankle Socks Colorful Moisture Wicking Quarter Casual Socks,No,"21,015",B002G9UDYG,AE242MSBRWHV5UWHSG5FCBGBQOFA
40,AE242MSBRWHV5UWHSG5FCBGBQOFA,True,These socks are definitely worth buying!,"I am a young 62 and i love these socks!! They are so soft and comfy, i’m wearing them around the clock now!
Try these, you won’t be sorry.
OK, this is an update, i am now wearing the next size up, meaning the largest size of these socks and they are a much better fit.
Unless you have teensy feet, try the bigger size.","December 5, 2019",lynnezee,5.0,0,https://www.amazon.ca/gp/profile/amzn1.account.AE242MSBRWHV5UWHSG5FCBGBQOFA/ref=cm_cr_arp_d_gw_btm?ie=UTF8,2020-09-21 08:25:23.925281,2020-09-21 08:25:24.049233,+MD 4 Pack Womens Bamboo Cushioned Sports Ankle Socks Colorful Moisture Wicking Quarter Casual Socks,No,"21,015",B002G9UDYG,AE242MSBRWHV5UWHSG5FCBGBQOFA
41,AEPB3EPQ3343NACLXXRSOGKKSUNA,True,"Happy socks, happy feet","I loved these so much, I bought more. They are very soft, stretchy and comfortable. I wish I could buy sweaters and pants with the exact same feeling. They wash well and colour still holding strong.","September 16, 2019",CyberCynthia,5.0,One,https://www.amazon.ca/gp/profile/amzn1.account.AEPB3EPQ3343NACLXXRSOGKKSUNA/ref=cm_cr_arp_d_gw_btm?ie=UTF8,2020-09-21 08:25:24.054113,2020-09-21 08:25:24.189776,+MD 4 Pack Womens Bamboo Cushioned Sports Ankle Socks Colorful Moisture Wicking Quarter Casual Socks,No,"21,015",B002G9UDYG,AE242MSBRWHV5UWHSG5FCBGBQOFA
42,AGFNBEMBKFSBWZRR5MGJOI22W2NQ,True,Let my feet breathe,Do your feet sweat and get real nasty in your socks. Then these breathing babies are for you. The colour is wicked awesome and they're stretchy. If your feet are thicker they may not suit you but they're good for me,"July 4, 2020",Brass Monkey,5.0,0,https://www.amazon.ca/gp/profile/amzn1.account.AGFNBEMBKFSBWZRR5MGJOI22W2NQ/ref=cm_cr_arp_d_gw_btm?ie=UTF8,2020-09-21 08:25:24.193680,2020-09-21 08:25:24.328369,+MD 4 Pack Womens Bamboo Cushioned Sports Ankle Socks Colorful Moisture Wicking Quarter Casual Socks,No,"21,015",B002G9UDYG,AE242MSBRWHV5UWHSG5FCBGBQOFA
43,AGIOIONUASMIVBI2EHZ6IRHNS76A,True,Great!,"Pleasantly surprised by these. Thick on the bottom, thin on top, super soft, don’t seem to fall down in my shoes! So far so good :)","May 9, 2019",Amazon Customer,5.0,One,https://www.amazon.ca/gp/profile/amzn1.account.AGIOIONUASMIVBI2EHZ6IRHNS76A/ref=cm_cr_arp_d_gw_btm?ie=UTF8,2020-09-21 08:25:24.333249,2020-09-21 08:25:24.472816,+MD 4 Pack Womens Bamboo Cushioned Sports Ankle Socks Colorful Moisture Wicking Quarter Casual Socks,No,"21,015",B002G9UDYG,AE242MSBRWHV5UWHSG5FCBGBQOFA
44,AHCSLQ2TPP6VK2YTCK4JFI5GQHFA,True,"Soft, fits well, comfortable",Love these socks. So soft and comfortable. They fit perfectly and they’ve lasted a long time. I’ll buy them again,"January 17, 2020",TiAnna,5.0,One,https://www.amazon.ca/gp/profile/amzn1.account.AHCSLQ2TPP6VK2YTCK4JFI5GQHFA/ref=cm_cr_arp_d_gw_btm?ie=UTF8,2020-09-21 08:25:24.476720,2020-09-21 08:25:24.606530,+MD 4 Pack Womens Bamboo Cushioned Sports Ankle Socks Colorful Moisture Wicking Quarter Casual Socks,No,"21,015",B002G9UDYG,AE242MSBRWHV5UWHSG5FCBGBQOFA
45,AFBUGN5K5QAA2VH7WTJKJVOU2JSA,True,So soft and wash well.,Super comfy socks and wash really well. The colour is ugly. But that’s personal.,"August 18, 2020",Cayman Lea,4.0,0,https://www.amazon.ca/gp/profile/amzn1.account.AFBUGN5K5QAA2VH7WTJKJVOU2JSA/ref=cm_cr_arp_d_gw_btm?ie=UTF8,2020-09-21 08:25:24.614337,2020-09-21 08:25:24.740238,+MD 4 Pack Womens Bamboo Cushioned Sports Ankle Socks Colorful Moisture Wicking Quarter Casual Socks,No,"21,015",B002G9UDYG,AE242MSBRWHV5UWHSG5FCBGBQOFA
46,AHT2M6F74CJEC4HHOLMFM35LZ6ZA,True,Super comfy and breathable.,Super comfy and breathable. Would buy these again!,"June 13, 2019",Gail mc,5.0,One,https://www.amazon.ca/gp/profile/amzn1.account.AHT2M6F74CJEC4HHOLMFM35LZ6ZA/ref=cm_cr_arp_d_gw_btm?ie=UTF8,2020-09-21 08:25:24.744144,2020-09-21 08:25:24.912991,+MD 4 Pack Womens Bamboo Cushioned Sports Ankle Socks Colorful Moisture Wicking Quarter Casual Socks,No,"21,015",B002G9UDYG,AE242MSBRWHV5UWHSG5FCBGBQOFA
47,AH2ABNTBNM5LDIVLEL2Z6TOZUDVQ,True,Nice socks.,Good athletic socks. Nice colour.,"December 19, 2019",Shannon,4.0,One,https://www.amazon.ca/gp/profile/amzn1.account.AH2ABNTBNM5LDIVLEL2Z6TOZUDVQ/ref=cm_cr_arp_d_gw_btm?ie=UTF8,2020-09-21 08:25:24.916896,2020-09-21 08:25:25.052559,+MD 4 Pack Womens Bamboo Cushioned Sports Ankle Socks Colorful Moisture Wicking Quarter Casual Socks,No,"21,015",B002G9UDYG,AE242MSBRWHV5UWHSG5FCBGBQOFA
48,AFNLWOTR23W5KGNH7EPA3VBWGGDQ,True,AMAZING,Best socks ever. Will buy again and a lot.,"May 17, 2020",foliesfolies,5.0,0,https://www.amazon.ca/gp/profile/amzn1.account.AFNLWOTR23W5KGNH7EPA3VBWGGDQ/ref=cm_cr_arp_d_gw_btm?ie=UTF8,2020-09-21 08:25:25.056462,2020-09-21 08:25:25.182366,+MD 4 Pack Womens Bamboo Cushioned Sports Ankle Socks Colorful Moisture Wicking Quarter Casual Socks,No,"21,015",B002G9UDYG,AE242MSBRWHV5UWHSG5FCBGBQOFA
49,AGKH4YMTZWS637QADAW3QDVEDSIA,True,These are amazing!,"All the good reviews are true!
Absolutely loving these!","May 17, 2020",Alexandra Jedrzejczak,5.0,0,https://www.amazon.ca/gp/profile/amzn1.account.AGKH4YMTZWS637QADAW3QDVEDSIA/ref=cm_cr_arp_d_gw_btm?ie=UTF8,2020-09-21 08:25:25.187247,2020-09-21 08:25:25.317054,+MD 4 Pack Womens Bamboo Cushioned Sports Ankle Socks Colorful Moisture Wicking Quarter Casual Socks,No,"21,015",B002G9UDYG,AE242MSBRWHV5UWHSG5FCBGBQOFA
50,AE242MSBRWHV5UWHSG5FCBGBQOFA,True,These socks are definitely worth buying!,"I am a young 62 and i love these socks!! They are so soft and comfy, i’m wearing them around the clock now!
Try these, you won’t be sorry.
OK, this is an update, i am now wearing the next size up, meaning the largest size of these socks and they are a much better fit.
Unless you have teensy feet, try the bigger size.","December 5, 2019",lynnezee,5.0,0,https://www.amazon.ca/gp/profile/amzn1.account.AE242MSBRWHV5UWHSG5FCBGBQOFA/ref=cm_cr_arp_d_gw_btm?ie=UTF8,2020-09-21 08:25:27.406666,2020-09-21 08:25:27.561849,+MD 4 Pack Womens Bamboo Cushioned Sports Ankle Socks Colorful Moisture Wicking Quarter Casual Socks,No,"21,015",B002G9UDYG,AE242MSBRWHV5UWHSG5FCBGBQOFA
51,AEPB3EPQ3343NACLXXRSOGKKSUNA,True,"Happy socks, happy feet","I loved these so much, I bought more. They are very soft, stretchy and comfortable. I wish I could buy sweaters and pants with the exact same feeling. They wash well and colour still holding strong.","September 16, 2019",CyberCynthia,5.0,One,https://www.amazon.ca/gp/profile/amzn1.account.AEPB3EPQ3343NACLXXRSOGKKSUNA/ref=cm_cr_arp_d_gw_btm?ie=UTF8,2020-09-21 08:25:27.565752,2020-09-21 08:25:27.699465,+MD 4 Pack Womens Bamboo Cushioned Sports Ankle Socks Colorful Moisture Wicking Quarter Casual Socks,No,"21,015",B002G9UDYG,AE242MSBRWHV5UWHSG5FCBGBQOFA
52,AGFNBEMBKFSBWZRR5MGJOI22W2NQ,True,Let my feet breathe,Do your feet sweat and get real nasty in your socks. Then these breathing babies are for you. The colour is wicked awesome and they're stretchy. If your feet are thicker they may not suit you but they're good for me,"July 4, 2020",Brass Monkey,5.0,0,https://www.amazon.ca/gp/profile/amzn1.account.AGFNBEMBKFSBWZRR5MGJOI22W2NQ/ref=cm_cr_arp_d_gw_btm?ie=UTF8,2020-09-21 08:25:27.703368,2020-09-21 08:25:27.824393,+MD 4 Pack Womens Bamboo Cushioned Sports Ankle Socks Colorful Moisture Wicking Quarter Casual Socks,No,"21,015",B002G9UDYG,AE242MSBRWHV5UWHSG5FCBGBQOFA
53,AGIOIONUASMIVBI2EHZ6IRHNS76A,True,Great!,"Pleasantly surprised by these. Thick on the bottom, thin on top, super soft, don’t seem to fall down in my shoes! So far so good :)","May 9, 2019",Amazon Customer,5.0,One,https://www.amazon.ca/gp/profile/amzn1.account.AGIOIONUASMIVBI2EHZ6IRHNS76A/ref=cm_cr_arp_d_gw_btm?ie=UTF8,2020-09-21 08:25:27.829300,2020-09-21 08:25:27.969816,+MD 4 Pack Womens Bamboo Cushioned Sports Ankle Socks Colorful Moisture Wicking Quarter Casual Socks,No,"21,015",B002G9UDYG,AE242MSBRWHV5UWHSG5FCBGBQOFA
54,AHCSLQ2TPP6VK2YTCK4JFI5GQHFA,True,"Soft, fits well, comfortable",Love these socks. So soft and comfortable. They fit perfectly and they’ve lasted a long time. I’ll buy them again,"January 17, 2020",TiAnna,5.0,One,https://www.amazon.ca/gp/profile/amzn1.account.AHCSLQ2TPP6VK2YTCK4JFI5GQHFA/ref=cm_cr_arp_d_gw_btm?ie=UTF8,2020-09-21 08:25:27.973720,2020-09-21 08:25:28.198201,+MD 4 Pack Womens Bamboo Cushioned Sports Ankle Socks Colorful Moisture Wicking Quarter Casual Socks,No,"21,015",B002G9UDYG,AE242MSBRWHV5UWHSG5FCBGBQOFA
55,AFBUGN5K5QAA2VH7WTJKJVOU2JSA,True,So soft and wash well.,Super comfy socks and wash really well. The colour is ugly. But that’s personal.,"August 18, 2020",Cayman Lea,4.0,0,https://www.amazon.ca/gp/profile/amzn1.account.AFBUGN5K5QAA2VH7WTJKJVOU2JSA/ref=cm_cr_arp_d_gw_btm?ie=UTF8,2020-09-21 08:25:28.202104,2020-09-21 08:25:28.331912,+MD 4 Pack Womens Bamboo Cushioned Sports Ankle Socks Colorful Moisture Wicking Quarter Casual Socks,No,"21,015",B002G9UDYG,AE242MSBRWHV5UWHSG5FCBGBQOFA
56,AHT2M6F74CJEC4HHOLMFM35LZ6ZA,True,Super comfy and breathable.,Super comfy and breathable. Would buy these again!,"June 13, 2019",Gail mc,5.0,One,https://www.amazon.ca/gp/profile/amzn1.account.AHT2M6F74CJEC4HHOLMFM35LZ6ZA/ref=cm_cr_arp_d_gw_btm?ie=UTF8,2020-09-21 08:25:28.335814,2020-09-21 08:25:28.463670,+MD 4 Pack Womens Bamboo Cushioned Sports Ankle Socks Colorful Moisture Wicking Quarter Casual Socks,No,"21,015",B002G9UDYG,AE242MSBRWHV5UWHSG5FCBGBQOFA
57,AH2ABNTBNM5LDIVLEL2Z6TOZUDVQ,True,Nice socks.,Good athletic socks. Nice colour.,"December 19, 2019",Shannon,4.0,One,https://www.amazon.ca/gp/profile/amzn1.account.AH2ABNTBNM5LDIVLEL2Z6TOZUDVQ/ref=cm_cr_arp_d_gw_btm?ie=UTF8,2020-09-21 08:25:28.467575,2020-09-21 08:25:28.676439,+MD 4 Pack Womens Bamboo Cushioned Sports Ankle Socks Colorful Moisture Wicking Quarter Casual Socks,No,"21,015",B002G9UDYG,AE242MSBRWHV5UWHSG5FCBGBQOFA
58,AFNLWOTR23W5KGNH7EPA3VBWGGDQ,True,AMAZING,Best socks ever. Will buy again and a lot.,"May 17, 2020",foliesfolies,5.0,0,https://www.amazon.ca/gp/profile/amzn1.account.AFNLWOTR23W5KGNH7EPA3VBWGGDQ/ref=cm_cr_arp_d_gw_btm?ie=UTF8,2020-09-21 08:25:28.681318,2020-09-21 08:25:28.846262,+MD 4 Pack Womens Bamboo Cushioned Sports Ankle Socks Colorful Moisture Wicking Quarter Casual Socks,No,"21,015",B002G9UDYG,AE242MSBRWHV5UWHSG5FCBGBQOFA
59,AGKH4YMTZWS637QADAW3QDVEDSIA,True,These are amazing!,"All the good reviews are true!
Absolutely loving these!","May 17, 2020",Alexandra Jedrzejczak,5.0,0,https://www.amazon.ca/gp/profile/amzn1.account.AGKH4YMTZWS637QADAW3QDVEDSIA/ref=cm_cr_arp_d_gw_btm?ie=UTF8,2020-09-21 08:25:28.850165,2020-09-21 08:25:28.962406,+MD 4 Pack Womens Bamboo Cushioned Sports Ankle Socks Colorful Moisture Wicking Quarter Casual Socks,No,"21,015",B002G9UDYG,AE242MSBRWHV5UWHSG5FCBGBQOFA
