,subproduct_author_id,verified_purchase,review_title,reviews,date,reviewer_name,ratings,people_find_helpful,reviewer_profile_url,start_time,end_time,product_name,brand_name,rank,product_id,author_id
0,AH4ZTEUIRZZBSDRSQEMDIPIJ6OXA,True,Sized up but too big,"I sized up as suggested by many other customers, and now the mittens I have received are too big, at least in the finger box area! My hand measures just over 7 inches around the palm (between the thumb and fingers, not with the thumb) so according to Carhartt, medium fits 7 inches. But since I sized up to a large, I have a lot of excess fabric, at least half an inch worth if not more. They fit in the wrist and thumb portion, but the finger area is a huge roundish pancake.

I'm not sure how the medium fits...it may have been too small on my wrist and thumb, I don't know. I'm keeping these because I wore them once, and I don't want them landfilled somewhere by Amazon. I'll just sew them smaller.

Also, they don't seem ridiculously warm...they are a bit thin to tell you the truth, and I'll wait and see how they do in -30C, because today in -20C I thought they were just passable.","January 30, 2020",Dominique,4.0,2,https://www.amazon.ca/gp/profile/amzn1.account.AH4ZTEUIRZZBSDRSQEMDIPIJ6OXA/ref=cm_cr_arp_d_gw_btm?ie=UTF8,2020-09-21 09:04:52.108528,2020-09-21 09:04:52.283231,Carhartt womens Quilts Insulated Breathable Mitt With Waterproof Wicking Insert Cold Weather Gloves,No,"6,284",B002G9UDYG,AE6BCAEPXO7ZI3EKDZC3NMS7GDKA
1,AFQRHJ4QYSDUJREOH2OI52SPHXYQ,True,GREAT PRODUCT,"Bought this for my sister and she loves it. A bit pricey but it is honestly the best quality mittens I've ever seen. The fit is great and really wraps around your hands like a warm blanket, with no empty spaces for air to enter. Also, the wrist area successfully keeps out cold air from entering the mitten. I live in Canada where it is not uncommon to have -30-40°C weather. These mittens keep your hands warm in these conditions. Would highly recommend","May 22, 2019",Hana,5.0,4,https://www.amazon.ca/gp/profile/amzn1.account.AFQRHJ4QYSDUJREOH2OI52SPHXYQ/ref=cm_cr_arp_d_gw_btm?ie=UTF8,2020-09-21 09:04:52.288111,2020-09-21 09:04:52.419871,Carhartt womens Quilts Insulated Breathable Mitt With Waterproof Wicking Insert Cold Weather Gloves,No,"6,284",B002G9UDYG,AE6BCAEPXO7ZI3EKDZC3NMS7GDKA
2,AHGYD4NWDOKIRZU5OFUIPRNVQC4Q,True,Glad I ordered one size larger than I normally take,"Seen well made and are comfy. I usually take size M in just about everything, but ordered one size up in these, based on sizing chart -- glad I did. The size L fits well.","November 17, 2019",VR,4.0,One,https://www.amazon.ca/gp/profile/amzn1.account.AHGYD4NWDOKIRZU5OFUIPRNVQC4Q/ref=cm_cr_arp_d_gw_btm?ie=UTF8,2020-09-21 09:04:52.424751,2020-09-21 09:04:52.548702,Carhartt womens Quilts Insulated Breathable Mitt With Waterproof Wicking Insert Cold Weather Gloves,No,"6,284",B002G9UDYG,AE6BCAEPXO7ZI3EKDZC3NMS7GDKA
3,AH4L2ERBLHZYTXEGF7KLR4LDS43Q,True,"Very warm, but...","Very warm but made of non- breathable material. My hands sweat in them almost immediately, as in plastic gloves. After every use, however short, I have to put them near a forced air heater/vents so they have a chance to dry inside.","February 3, 2020",Alexa,3.0,One,https://www.amazon.ca/gp/profile/amzn1.account.AH4L2ERBLHZYTXEGF7KLR4LDS43Q/ref=cm_cr_arp_d_gw_btm?ie=UTF8,2020-09-21 09:04:52.552606,2020-09-21 09:04:52.678510,Carhartt womens Quilts Insulated Breathable Mitt With Waterproof Wicking Insert Cold Weather Gloves,No,"6,284",B002G9UDYG,AE6BCAEPXO7ZI3EKDZC3NMS7GDKA
4,AH7MZFQUYKPGV2YN6VK4JCS22N5Q,True,Warm and adorable,Cute and warm. Lost my favourite pair last year so wasn't sure I'd find another I love. Kept myvpaws warm on am extreme cold weather alert day. Fit nice too,"December 20, 2019",Christine,5.0,One,https://www.amazon.ca/gp/profile/amzn1.account.AH7MZFQUYKPGV2YN6VK4JCS22N5Q/ref=cm_cr_arp_d_gw_btm?ie=UTF8,2020-09-21 09:04:52.683390,2020-09-21 09:04:52.813197,Carhartt womens Quilts Insulated Breathable Mitt With Waterproof Wicking Insert Cold Weather Gloves,No,"6,284",B002G9UDYG,AE6BCAEPXO7ZI3EKDZC3NMS7GDKA
5,AHKQGUGTJPA74BWAXQ2L5UAA4DJA,True,Warm and cozy,Warm and comfortable and can withstand the cold winters of Canada. I recommend them for prolly like me whose fingers and toes tend to freeze in cold temperatures,"February 6, 2020",Raina ,5.0,One,https://www.amazon.ca/gp/profile/amzn1.account.AHKQGUGTJPA74BWAXQ2L5UAA4DJA/ref=cm_cr_arp_d_gw_btm?ie=UTF8,2020-09-21 09:04:52.817102,2020-09-21 09:04:52.937149,Carhartt womens Quilts Insulated Breathable Mitt With Waterproof Wicking Insert Cold Weather Gloves,No,"6,284",B002G9UDYG,AE6BCAEPXO7ZI3EKDZC3NMS7GDKA
6,AEYZJFZ63PIEXJQRKQAMQCRTZQ2Q,True,Good value for my wife’s use driving,"Nice mitts for light duty sports or general use, outer shell seems a bit thin, really like the anti-slip inside hand.","February 12, 2020",René Rousseau,4.0,One,https://www.amazon.ca/gp/profile/amzn1.account.AEYZJFZ63PIEXJQRKQAMQCRTZQ2Q/ref=cm_cr_arp_d_gw_btm?ie=UTF8,2020-09-21 09:04:52.940077,2020-09-21 09:04:53.069885,Carhartt womens Quilts Insulated Breathable Mitt With Waterproof Wicking Insert Cold Weather Gloves,No,"6,284",B002G9UDYG,AE6BCAEPXO7ZI3EKDZC3NMS7GDKA
7,AFANZOV4OKFPB2BJB3XSI7EUVIRA,True,Very warm,Very warm. Great fit. Not the best for gripping the steering wheel while driving but not the worst,"December 8, 2019",Liz C,5.0,0,https://www.amazon.ca/gp/profile/amzn1.account.AFANZOV4OKFPB2BJB3XSI7EUVIRA/ref=cm_cr_arp_d_gw_btm?ie=UTF8,2020-09-21 09:04:53.074766,2020-09-21 09:04:53.187980,Carhartt womens Quilts Insulated Breathable Mitt With Waterproof Wicking Insert Cold Weather Gloves,No,"6,284",B002G9UDYG,AE6BCAEPXO7ZI3EKDZC3NMS7GDKA
8,AE6BCAEPXO7ZI3EKDZC3NMS7GDKA,True,Love these,Warmest mittens EVER!!!! At the rink for hours and my hands were sweating. Cute too,"February 29, 2020",SALLY,5.0,0,https://www.amazon.ca/gp/profile/amzn1.account.AE6BCAEPXO7ZI3EKDZC3NMS7GDKA/ref=cm_cr_arp_d_gw_btm?ie=UTF8,2020-09-21 09:04:53.191884,2020-09-21 09:04:53.307052,Carhartt womens Quilts Insulated Breathable Mitt With Waterproof Wicking Insert Cold Weather Gloves,No,"6,284",B002G9UDYG,AE6BCAEPXO7ZI3EKDZC3NMS7GDKA
9,AFLCLLGPG7LTVMK73F32KFFECQHA,True,Warm but got a hole after 2 weeks,These are warm and look great but they developed a hole inside the lining after only 2 weeks of use.,"February 27, 2019",me,3.0,0,https://www.amazon.ca/gp/profile/amzn1.account.AFLCLLGPG7LTVMK73F32KFFECQHA/ref=cm_cr_arp_d_gw_btm?ie=UTF8,2020-09-21 09:04:53.310956,2020-09-21 09:04:53.437836,Carhartt womens Quilts Insulated Breathable Mitt With Waterproof Wicking Insert Cold Weather Gloves,No,"6,284",B002G9UDYG,AE6BCAEPXO7ZI3EKDZC3NMS7GDKA
10,AFT7MMUYNDXVJREANGOBJHL6A7TQ,True,"Warm, a little small","I have small hands, but this was almost too small, but nice and warm, nice looking too.","January 31, 2019",HeatherMelinda,4.0,0,https://www.amazon.ca/gp/profile/amzn1.account.AFT7MMUYNDXVJREANGOBJHL6A7TQ/ref=cm_cr_getr_d_gw_btm?ie=UTF8,2020-09-21 09:04:56.602022,2020-09-21 09:04:56.742566,Carhartt womens Quilts Insulated Breathable Mitt With Waterproof Wicking Insert Cold Weather Gloves,No,"6,284",B002G9UDYG,AE6BCAEPXO7ZI3EKDZC3NMS7GDKA
11,AGBLVZ4AYQQMMIMMF4SJJGDWLXEQ,True,Super warm for our Nova Scotia winter,"Love these, they are soooo warm. Glad I decided to order them. Live in Nova Scotia so we have milder winters but still cold to me so I love to be warm while outside.","January 18, 2020",Michele Dedrick,5.0,0,https://www.amazon.ca/gp/profile/amzn1.account.AGBLVZ4AYQQMMIMMF4SJJGDWLXEQ/ref=cm_cr_getr_d_gw_btm?ie=UTF8,2020-09-21 09:04:56.746468,2020-09-21 09:04:56.863588,Carhartt womens Quilts Insulated Breathable Mitt With Waterproof Wicking Insert Cold Weather Gloves,No,"6,284",B002G9UDYG,AE6BCAEPXO7ZI3EKDZC3NMS7GDKA
12,AF6ZE2F7XSURLAYZ4KYMITBYLPDA,True,Toasty warm,Hands warm when mile long dog walk at -20. Soft and easy to hold leashes. Not crazy about the look.,"December 11, 2019",A Dueck,4.0,0,https://www.amazon.ca/gp/profile/amzn1.account.AF6ZE2F7XSURLAYZ4KYMITBYLPDA/ref=cm_cr_getr_d_gw_btm?ie=UTF8,2020-09-21 09:04:56.867493,2020-09-21 09:04:56.991443,Carhartt womens Quilts Insulated Breathable Mitt With Waterproof Wicking Insert Cold Weather Gloves,No,"6,284",B002G9UDYG,AE6BCAEPXO7ZI3EKDZC3NMS7GDKA
13,AGWJWOOHA5JBWMYQMXVQWIKPRARA,True,Light and warm,Nice light mit for mild-cold weather.,"March 5, 2019",MRS,5.0,One,https://www.amazon.ca/gp/profile/amzn1.account.AGWJWOOHA5JBWMYQMXVQWIKPRARA/ref=cm_cr_getr_d_gw_btm?ie=UTF8,2020-09-21 09:04:56.996324,2020-09-21 09:04:57.128083,Carhartt womens Quilts Insulated Breathable Mitt With Waterproof Wicking Insert Cold Weather Gloves,No,"6,284",B002G9UDYG,AE6BCAEPXO7ZI3EKDZC3NMS7GDKA
14,AF634OI2GS4IRIFNEVASG5RLA3NA,True,conforme,Assez bonne qualité mais viennent humide à l'intérieur ça fait l'affaire,"February 15, 2019",pierre fournier,4.0,0,https://www.amazon.ca/gp/profile/amzn1.account.AF634OI2GS4IRIFNEVASG5RLA3NA/ref=cm_cr_getr_d_gw_btm?ie=UTF8,2020-09-21 09:04:57.132964,2020-09-21 09:04:57.253987,Carhartt womens Quilts Insulated Breathable Mitt With Waterproof Wicking Insert Cold Weather Gloves,No,"6,284",B002G9UDYG,AE6BCAEPXO7ZI3EKDZC3NMS7GDKA
15,AGYCPTJB6Q7XA3R6G24YGCD26ZWQ,True,They really worked,"Excellent mitts for the winter we have had this year.
Now stored for next winter.","March 30, 2019",Harold Howell,5.0,0,https://www.amazon.ca/gp/profile/amzn1.account.AGYCPTJB6Q7XA3R6G24YGCD26ZWQ/ref=cm_cr_getr_d_gw_btm?ie=UTF8,2020-09-21 09:04:57.258867,2020-09-21 09:04:57.380867,Carhartt womens Quilts Insulated Breathable Mitt With Waterproof Wicking Insert Cold Weather Gloves,No,"6,284",B002G9UDYG,AE6BCAEPXO7ZI3EKDZC3NMS7GDKA
16,AG5YQW5LP5SW3CVJZ4LRNKAVSHPA,True,Don’t waste your money,The first time I put them on my hands were freezing.,"February 20, 2019",Maddy,1.0,0,https://www.amazon.ca/gp/profile/amzn1.account.AG5YQW5LP5SW3CVJZ4LRNKAVSHPA/ref=cm_cr_getr_d_gw_btm?ie=UTF8,2020-09-21 09:04:57.384771,2020-09-21 09:04:57.517506,Carhartt womens Quilts Insulated Breathable Mitt With Waterproof Wicking Insert Cold Weather Gloves,No,"6,284",B002G9UDYG,AE6BCAEPXO7ZI3EKDZC3NMS7GDKA
17,AFE36T5QZNAQFINYDJUEPB6B4USQ,True,Buy it if you want to toasty fingers,Well I like these most because they keep you warm when it’s cold as sh.7 outside. Duh. I recommend,"May 20, 2020",Amy irvine,5.0,0,https://www.amazon.ca/gp/profile/amzn1.account.AFE36T5QZNAQFINYDJUEPB6B4USQ/ref=cm_cr_getr_d_gw_btm?ie=UTF8,2020-09-21 09:04:57.521410,2020-09-21 09:04:57.643410,Carhartt womens Quilts Insulated Breathable Mitt With Waterproof Wicking Insert Cold Weather Gloves,No,"6,284",B002G9UDYG,AE6BCAEPXO7ZI3EKDZC3NMS7GDKA
18,AHHW3BGDPU3WM3QMJNCXO6Y6IXWQ,True,Comfortable.,Warm gloves.,"January 30, 2020",Lorraine Davidson,5.0,0,https://www.amazon.ca/gp/profile/amzn1.account.AHHW3BGDPU3WM3QMJNCXO6Y6IXWQ/ref=cm_cr_getr_d_gw_btm?ie=UTF8,2020-09-21 09:04:57.647314,2020-09-21 09:04:57.767362,Carhartt womens Quilts Insulated Breathable Mitt With Waterproof Wicking Insert Cold Weather Gloves,No,"6,284",B002G9UDYG,AE6BCAEPXO7ZI3EKDZC3NMS7GDKA
19,AEBNMBMOY2FQ22IAQRCRIRHMF63A,True,Excellent,"I love these. They are my new go-to mitts! Just make sure to turn them inside out after doing any sports;the sweat will not dry out, and will get musty.","January 24, 2020",Bikegirl79,5.0,0,https://www.amazon.ca/gp/profile/amzn1.account.AEBNMBMOY2FQ22IAQRCRIRHMF63A/ref=cm_cr_getr_d_gw_btm?ie=UTF8,2020-09-21 09:04:57.771266,2020-09-21 09:04:57.898145,Carhartt womens Quilts Insulated Breathable Mitt With Waterproof Wicking Insert Cold Weather Gloves,No,"6,284",B002G9UDYG,AE6BCAEPXO7ZI3EKDZC3NMS7GDKA
20,AFRUYZLFP2NVDW42KJRJO4JBKB7A,True,"No warm, gets soaked",I do not recommend these mitts. They get soaking wet in even slightly damp weather.,"January 10, 2020",ee a.,2.0,0,https://www.amazon.ca/gp/profile/amzn1.account.AFRUYZLFP2NVDW42KJRJO4JBKB7A/ref=cm_cr_getr_d_gw_btm?ie=UTF8,2020-09-21 09:05:04.017652,2020-09-21 09:05:04.139651,Carhartt womens Quilts Insulated Breathable Mitt With Waterproof Wicking Insert Cold Weather Gloves,No,"6,284",B002G9UDYG,AE6BCAEPXO7ZI3EKDZC3NMS7GDKA
21,AGRNU4UIUVHKBW47WRFEHBI5SDNA,True,Don’t buy,Not super warm... very poor quality Ripped after one use. Would not recommend,"March 7, 2020",Ariana,1.0,0,https://www.amazon.ca/gp/profile/amzn1.account.AGRNU4UIUVHKBW47WRFEHBI5SDNA/ref=cm_cr_getr_d_gw_btm?ie=UTF8,2020-09-21 09:05:04.143555,2020-09-21 09:05:04.267507,Carhartt womens Quilts Insulated Breathable Mitt With Waterproof Wicking Insert Cold Weather Gloves,No,"6,284",B002G9UDYG,AE6BCAEPXO7ZI3EKDZC3NMS7GDKA
22,AFL5PGNU4MIB77EENFQ5IEHFR7OQ,True,Warm!,Love them - keep me warm and dry.,"November 30, 2018",JT,5.0,0,https://www.amazon.ca/gp/profile/amzn1.account.AFL5PGNU4MIB77EENFQ5IEHFR7OQ/ref=cm_cr_getr_d_gw_btm?ie=UTF8,2020-09-21 09:05:04.271411,2020-09-21 09:05:04.408050,Carhartt womens Quilts Insulated Breathable Mitt With Waterproof Wicking Insert Cold Weather Gloves,No,"6,284",B002G9UDYG,AE6BCAEPXO7ZI3EKDZC3NMS7GDKA
23,AFTHGHZ4P45GNIUQ62FR2GAWE2OQ,True,Very very poor quality,Wore them once and they ripped open on the inside,"April 4, 2020",Brittany Witala,1.0,0,https://www.amazon.ca/gp/profile/amzn1.account.AFTHGHZ4P45GNIUQ62FR2GAWE2OQ/ref=cm_cr_getr_d_gw_btm?ie=UTF8,2020-09-21 09:05:04.411954,2020-09-21 09:05:04.532978,Carhartt womens Quilts Insulated Breathable Mitt With Waterproof Wicking Insert Cold Weather Gloves,No,"6,284",B002G9UDYG,AE6BCAEPXO7ZI3EKDZC3NMS7GDKA
24,AGT42DM4TSEU5G7NGVRJEX3L5MNA,True,GREAT,Great product! Super fast shipping,"November 5, 2019",Brittany Martel,5.0,0,https://www.amazon.ca/gp/profile/amzn1.account.AGT42DM4TSEU5G7NGVRJEX3L5MNA/ref=cm_cr_getr_d_gw_btm?ie=UTF8,2020-09-21 09:05:04.537858,2020-09-21 09:05:04.659858,Carhartt womens Quilts Insulated Breathable Mitt With Waterproof Wicking Insert Cold Weather Gloves,No,"6,284",B002G9UDYG,AE6BCAEPXO7ZI3EKDZC3NMS7GDKA
25,AHNNGHBETIFOCSXIX2CCDWWMTZDA,True,Lightweight and warm,Lightweight and warm. Used them outside at minus 40 Celsius.,"February 2, 2020",Karin Hitchcock,5.0,0,https://www.amazon.ca/gp/profile/amzn1.account.AHNNGHBETIFOCSXIX2CCDWWMTZDA/ref=cm_cr_getr_d_gw_btm?ie=UTF8,2020-09-21 09:05:04.663762,2020-09-21 09:05:04.797473,Carhartt womens Quilts Insulated Breathable Mitt With Waterproof Wicking Insert Cold Weather Gloves,No,"6,284",B002G9UDYG,AE6BCAEPXO7ZI3EKDZC3NMS7GDKA
26,AGU2YQ4Z4RRCDFZ2TCGFOX4MBHNA,True,"So, so warm and cozy","Love these mittens. They feel like wearing duvets on your hands and they're really well-designed with additional features like the long cuffs, etc.","March 20, 2019",LB,5.0,0,https://www.amazon.ca/gp/profile/amzn1.account.AGU2YQ4Z4RRCDFZ2TCGFOX4MBHNA/ref=cm_cr_getr_d_gw_btm?ie=UTF8,2020-09-21 09:05:04.802353,2020-09-21 09:05:04.927281,Carhartt womens Quilts Insulated Breathable Mitt With Waterproof Wicking Insert Cold Weather Gloves,No,"6,284",B002G9UDYG,AE6BCAEPXO7ZI3EKDZC3NMS7GDKA
27,AE2TMFFY3GYEFMN77SWS5XO4NSJA,True,Taille parfaite livraison rapide et de très bonne qualité l'article,"J'adore ça va être chaud! J'ai 2 gros chiens , donc une bonne paire de gant quoi de mieux !!!","October 25, 2019",mélanie rodrigue,5.0,0,https://www.amazon.ca/gp/profile/amzn1.account.AE2TMFFY3GYEFMN77SWS5XO4NSJA/ref=cm_cr_getr_d_gw_btm?ie=UTF8,2020-09-21 09:05:04.932161,2020-09-21 09:05:05.052208,Carhartt womens Quilts Insulated Breathable Mitt With Waterproof Wicking Insert Cold Weather Gloves,No,"6,284",B002G9UDYG,AE6BCAEPXO7ZI3EKDZC3NMS7GDKA
28,AGA3NYKDHOUXYCD7AWHNR74574LA,True,Ripped after two wears,"I liked the mitts and I found them warm, however after two wears, they ripped at the seam on one of the thumbs.","February 21, 2019",Heidi-Lynn F.,2.0,0,https://www.amazon.ca/gp/profile/amzn1.account.AGA3NYKDHOUXYCD7AWHNR74574LA/ref=cm_cr_getr_d_gw_btm?ie=UTF8,2020-09-21 09:05:05.057089,2020-09-21 09:05:05.190801,Carhartt womens Quilts Insulated Breathable Mitt With Waterproof Wicking Insert Cold Weather Gloves,No,"6,284",B002G9UDYG,AE6BCAEPXO7ZI3EKDZC3NMS7GDKA
29,AG54RCCMU52YW7IDWWAMSZ426TUQ,True,Good quality gloves,"Excellent gloves, waterproof and hot","December 3, 2019",Marie-Eve De ,5.0,0,https://www.amazon.ca/gp/profile/amzn1.account.AG54RCCMU52YW7IDWWAMSZ426TUQ/ref=cm_cr_getr_d_gw_btm?ie=UTF8,2020-09-21 09:05:05.195706,2020-09-21 09:05:05.315728,Carhartt womens Quilts Insulated Breathable Mitt With Waterproof Wicking Insert Cold Weather Gloves,No,"6,284",B002G9UDYG,AE6BCAEPXO7ZI3EKDZC3NMS7GDKA
30,AGZ7A5CUM2N4BMMC4V4XGU2S7XOA,True,Quality,Really well put together. Very warm. Very happy with the purchase.,"January 11, 2020",Joe Murphy,5.0,0,https://www.amazon.ca/gp/profile/amzn1.account.AGZ7A5CUM2N4BMMC4V4XGU2S7XOA/ref=cm_cr_getr_d_gw_btm?ie=UTF8,2020-09-21 09:05:11.435233,2020-09-21 09:05:11.557233,Carhartt womens Quilts Insulated Breathable Mitt With Waterproof Wicking Insert Cold Weather Gloves,No,"6,284",B002G9UDYG,AE6BCAEPXO7ZI3EKDZC3NMS7GDKA
31,AEBCWT3W5XDIS54ZMQRA4LBLXUSA,True,Awesome Gloves!,Great Quality! Highly recommend.,"April 22, 2020",Ryman21,5.0,0,https://www.amazon.ca/gp/profile/amzn1.account.AEBCWT3W5XDIS54ZMQRA4LBLXUSA/ref=cm_cr_getr_d_gw_btm?ie=UTF8,2020-09-21 09:05:11.561138,2020-09-21 09:05:11.680209,Carhartt womens Quilts Insulated Breathable Mitt With Waterproof Wicking Insert Cold Weather Gloves,No,"6,284",B002G9UDYG,AE6BCAEPXO7ZI3EKDZC3NMS7GDKA
32,AH2Q43F3XHZMLHECBTTZWWM6EDHQ,True,Even better than expected,So warm and cozy and perfect fit. Love these so much!,"February 17, 2020",Aida G,5.0,0,https://www.amazon.ca/gp/profile/amzn1.account.AH2Q43F3XHZMLHECBTTZWWM6EDHQ/ref=cm_cr_getr_d_gw_btm?ie=UTF8,2020-09-21 09:05:11.684114,2020-09-21 09:05:11.817824,Carhartt womens Quilts Insulated Breathable Mitt With Waterproof Wicking Insert Cold Weather Gloves,No,"6,284",B002G9UDYG,AE6BCAEPXO7ZI3EKDZC3NMS7GDKA
33,AFHHLZJXLHD3SCPFUL7VZOXKB4GA,True,"Super warm, great quality",These fit really well and are super warm.,"November 2, 2018",elizabeth Powell,5.0,0,https://www.amazon.ca/gp/profile/amzn1.account.AFHHLZJXLHD3SCPFUL7VZOXKB4GA/ref=cm_cr_getr_d_gw_btm?ie=UTF8,2020-09-21 09:05:11.821729,2020-09-21 09:05:11.945681,Carhartt womens Quilts Insulated Breathable Mitt With Waterproof Wicking Insert Cold Weather Gloves,No,"6,284",B002G9UDYG,AE6BCAEPXO7ZI3EKDZC3NMS7GDKA
34,AGJE7B2PGY3RMZCTCWLKHUL7XFBA,True,excellent purchase! buy them!,"warm soft, amazing mitts!","December 30, 2019",makayla ,5.0,0,https://www.amazon.ca/gp/profile/amzn1.account.AGJE7B2PGY3RMZCTCWLKHUL7XFBA/ref=cm_cr_getr_d_gw_btm?ie=UTF8,2020-09-21 09:05:11.949584,2020-09-21 09:05:12.073537,Carhartt womens Quilts Insulated Breathable Mitt With Waterproof Wicking Insert Cold Weather Gloves,No,"6,284",B002G9UDYG,AE6BCAEPXO7ZI3EKDZC3NMS7GDKA
35,AFHCGQGMQXXM7JTLTI6KFRPXZEGQ,True,Very warm,Beautiful warm mitts,"January 2, 2020",Amazon Customer,4.0,0,https://www.amazon.ca/gp/profile/amzn1.account.AFHCGQGMQXXM7JTLTI6KFRPXZEGQ/ref=cm_cr_getr_d_gw_btm?ie=UTF8,2020-09-21 09:05:12.083296,2020-09-21 09:05:12.206297,Carhartt womens Quilts Insulated Breathable Mitt With Waterproof Wicking Insert Cold Weather Gloves,No,"6,284",B002G9UDYG,AE6BCAEPXO7ZI3EKDZC3NMS7GDKA
