,subproduct_author_id,verified_purchase,review_title,reviews,date,reviewer_name,ratings,people_find_helpful,reviewer_profile_url,start_time,end_time,product_name,brand_name,rank,product_id,author_id
0,AE7TNPSIVLEZJVK6ZBGETJGJCGKQ,True,Big sizes!,If you like your clothes big then I would recommend buying these. I’m 6’7” 295lbs and the 3xl tall was huge! I love it! It will probably shrink in the dryer but I hang dry my clothes so they don’t shrink. Great quality stuff as to be expected from carhartt.,"May 7, 2018",K.W.,5.0,2,https://www.amazon.ca/gp/profile/amzn1.account.AE7TNPSIVLEZJVK6ZBGETJGJCGKQ/ref=cm_cr_arp_d_gw_btm?ie=UTF8,2020-09-21 08:45:18.598055,2020-09-21 08:45:18.739574,Carhartt Men's Tall Pocket Long-Sleeve Workwear T-Shirt K126,,"15,371",B002G9UDYG,AE3LRCOFYOIXMTUVY7MELWKBDM6A
1,AHJBK7FLMYODRLEO5SAB2G6OHUCA,True,"Great quality, well worth the price","I was glad to have read other reviews of this shirt and not ordered a tall size. I’m 6’1” and usually order talls when available. These are well made long sleeve t-shirts, that wash and wear well. Perfect for a long cold winter. I’ve purchased 4 of them and will likely purchase one more to wear until summer returns.","November 15, 2019",Amazon Customer,5.0,0,https://www.amazon.ca/gp/profile/amzn1.account.AHJBK7FLMYODRLEO5SAB2G6OHUCA/ref=cm_cr_arp_d_gw_btm?ie=UTF8,2020-09-21 08:45:18.744455,2020-09-21 08:45:18.868407,Carhartt Men's Tall Pocket Long-Sleeve Workwear T-Shirt K126,,"15,371",B002G9UDYG,AE3LRCOFYOIXMTUVY7MELWKBDM6A
2,AGFCRCUH6K5WM7MYJH26EEUWUQHQ,True,Durable,"Nice thick cotton, in a long sleeve shirt, with pockets. Fit is a bit large, but being cotton, will probable shrink a bit in the wash. Comfortable","November 29, 2018",PAPASWAT,5.0,0,https://www.amazon.ca/gp/profile/amzn1.account.AGFCRCUH6K5WM7MYJH26EEUWUQHQ/ref=cm_cr_arp_d_gw_btm?ie=UTF8,2020-09-21 08:45:18.872311,2020-09-21 08:45:19.009953,Carhartt Men's Tall Pocket Long-Sleeve Workwear T-Shirt K126,,"15,371",B002G9UDYG,AE3LRCOFYOIXMTUVY7MELWKBDM6A
3,AE3LRCOFYOIXMTUVY7MELWKBDM6A,True,Excellent product.,You really can't beat Carhartt for their quality at this price point. Excellent product.,"June 10, 2020",genericname,5.0,0,https://www.amazon.ca/gp/profile/amzn1.account.AE3LRCOFYOIXMTUVY7MELWKBDM6A/ref=cm_cr_arp_d_gw_btm?ie=UTF8,2020-09-21 08:45:19.013830,2020-09-21 08:45:19.139733,Carhartt Men's Tall Pocket Long-Sleeve Workwear T-Shirt K126,,"15,371",B002G9UDYG,AE3LRCOFYOIXMTUVY7MELWKBDM6A
4,AGW4DR7LCHDDGGFWXV7ZVMBLMOEQ,True,Great Quality,"Amazing fit comfort and wearability, for guys that need the bigger sizes of a “tall” fitting this is a great product for the money","April 1, 2019",DJ.MAX70,5.0,0,https://www.amazon.ca/gp/profile/amzn1.account.AGW4DR7LCHDDGGFWXV7ZVMBLMOEQ/ref=cm_cr_arp_d_gw_btm?ie=UTF8,2020-09-21 08:45:19.143638,2020-09-21 08:45:19.259781,Carhartt Men's Tall Pocket Long-Sleeve Workwear T-Shirt K126,,"15,371",B002G9UDYG,AE3LRCOFYOIXMTUVY7MELWKBDM6A
5,AFMXUBEADZBGAODMEJNXX5IPLINA,True,Exactly what I was looking for,The fit was perfect for my 6'4 husband. Great quality,"March 3, 2019",Bev,5.0,0,https://www.amazon.ca/gp/profile/amzn1.account.AFMXUBEADZBGAODMEJNXX5IPLINA/ref=cm_cr_arp_d_gw_btm?ie=UTF8,2020-09-21 08:45:19.262709,2020-09-21 08:45:19.407157,Carhartt Men's Tall Pocket Long-Sleeve Workwear T-Shirt K126,,"15,371",B002G9UDYG,AE3LRCOFYOIXMTUVY7MELWKBDM6A
6,AGG4DD76YH3MXLRNQQSTIC2LQZMQ,True,fits perfect,fits perfectly 4xl,"January 8, 2020",LBS,5.0,0,https://www.amazon.ca/gp/profile/amzn1.account.AGG4DD76YH3MXLRNQQSTIC2LQZMQ/ref=cm_cr_arp_d_gw_btm?ie=UTF8,2020-09-21 08:45:19.412037,2020-09-21 08:45:19.546725,Carhartt Men's Tall Pocket Long-Sleeve Workwear T-Shirt K126,,"15,371",B002G9UDYG,AE3LRCOFYOIXMTUVY7MELWKBDM6A
7,AFT6M236X5ACC3QXT7EBFIW53N5Q,True,Great product,"Great product, good price . More have been ordered","November 13, 2018",Champagne,5.0,0,https://www.amazon.ca/gp/profile/amzn1.account.AFT6M236X5ACC3QXT7EBFIW53N5Q/ref=cm_cr_arp_d_gw_btm?ie=UTF8,2020-09-21 08:45:19.550628,2020-09-21 08:45:19.671652,Carhartt Men's Tall Pocket Long-Sleeve Workwear T-Shirt K126,,"15,371",B002G9UDYG,AE3LRCOFYOIXMTUVY7MELWKBDM6A
8,AFJEGLMI3YI3AS3HR6YTPH4MHMSA,True,Awsome,Great quility is hard to find. This is better than great.,"February 24, 2019",fred fry,5.0,0,https://www.amazon.ca/gp/profile/amzn1.account.AFJEGLMI3YI3AS3HR6YTPH4MHMSA/ref=cm_cr_arp_d_gw_btm?ie=UTF8,2020-09-21 08:45:19.677540,2020-09-21 08:45:19.845380,Carhartt Men's Tall Pocket Long-Sleeve Workwear T-Shirt K126,,"15,371",B002G9UDYG,AE3LRCOFYOIXMTUVY7MELWKBDM6A
9,AEQYP3J67LMANZ43SA477UPK23VQ,True,perfect in all ways,"perfect fit, needed for this wintery spring! The length is so good!","April 7, 2018",La Verne Dykstra,5.0,0,https://www.amazon.ca/gp/profile/amzn1.account.AEQYP3J67LMANZ43SA477UPK23VQ/ref=cm_cr_arp_d_gw_btm?ie=UTF8,2020-09-21 08:45:19.848307,2020-09-21 08:45:19.964451,Carhartt Men's Tall Pocket Long-Sleeve Workwear T-Shirt K126,,"15,371",B002G9UDYG,AE3LRCOFYOIXMTUVY7MELWKBDM6A
10,AE52WKVTDHJQQXAFJG2DJBBTTXTQ,True,Nice Length!,"Nice arm and torso length, Two thumbs up.","November 4, 2018",2tallplm,5.0,0,https://www.amazon.ca/gp/profile/amzn1.account.AE52WKVTDHJQQXAFJG2DJBBTTXTQ/ref=cm_cr_getr_d_gw_btm?ie=UTF8,2020-09-21 08:45:23.123757,2020-09-21 08:45:23.254540,Carhartt Men's Tall Pocket Long-Sleeve Workwear T-Shirt K126,,"15,371",B002G9UDYG,AE3LRCOFYOIXMTUVY7MELWKBDM6A
11,AEVZF3RK6GSGK7Q5CQRNQ2MZM7FA,True,Fit was way to large,"Good quality product.
Fit was much larger than expected.","April 25, 2020",Tal,3.0,0,https://www.amazon.ca/gp/profile/amzn1.account.AEVZF3RK6GSGK7Q5CQRNQ2MZM7FA/ref=cm_cr_getr_d_gw_btm?ie=UTF8,2020-09-21 08:45:23.258444,2020-09-21 08:45:23.379467,Carhartt Men's Tall Pocket Long-Sleeve Workwear T-Shirt K126,,"15,371",B002G9UDYG,AE3LRCOFYOIXMTUVY7MELWKBDM6A
12,AHMO4VUG6IDJO2HND23XDJUBZ3CA,True,Tall sizes are too tall,"I purchased an XL tall for someone who is 6'5"" and it was too long for him. That's a first.","January 1, 2019",Amazon Customer,4.0,0,https://www.amazon.ca/gp/profile/amzn1.account.AHMO4VUG6IDJO2HND23XDJUBZ3CA/ref=cm_cr_getr_d_gw_btm?ie=UTF8,2020-09-21 08:45:23.383371,2020-09-21 08:45:23.517084,Carhartt Men's Tall Pocket Long-Sleeve Workwear T-Shirt K126,,"15,371",B002G9UDYG,AE3LRCOFYOIXMTUVY7MELWKBDM6A
13,AHIOTZAGSR2NOKG6B4P2WJVZV7VA,True,Great quality shirt,Bought this for my boyfriend who is 5’11”. It fit him nicely but was a little long.,"December 20, 2019",Courty b,5.0,0,https://www.amazon.ca/gp/profile/amzn1.account.AHIOTZAGSR2NOKG6B4P2WJVZV7VA/ref=cm_cr_getr_d_gw_btm?ie=UTF8,2020-09-21 08:45:23.520987,2020-09-21 08:45:23.640058,Carhartt Men's Tall Pocket Long-Sleeve Workwear T-Shirt K126,,"15,371",B002G9UDYG,AE3LRCOFYOIXMTUVY7MELWKBDM6A
14,AGUBVTIS5GWRA3DO7MBS2RZODGMA,True,Yup,Awesome clothes,"March 31, 2020",dan,5.0,0,https://www.amazon.ca/gp/profile/amzn1.account.AGUBVTIS5GWRA3DO7MBS2RZODGMA/ref=cm_cr_getr_d_gw_btm?ie=UTF8,2020-09-21 08:45:23.644963,2020-09-21 08:45:23.758155,Carhartt Men's Tall Pocket Long-Sleeve Workwear T-Shirt K126,,"15,371",B002G9UDYG,AE3LRCOFYOIXMTUVY7MELWKBDM6A
15,AGFJFMZTFNVBYXQUTF3NMEK3GGAA,True,all perfect,thanks,"March 6, 2020",Dr.Burkhard Spangenberg,5.0,0,https://www.amazon.ca/gp/profile/amzn1.account.AGFJFMZTFNVBYXQUTF3NMEK3GGAA/ref=cm_cr_getr_d_gw_btm?ie=UTF8,2020-09-21 08:45:23.762058,2020-09-21 08:45:23.891867,Carhartt Men's Tall Pocket Long-Sleeve Workwear T-Shirt K126,,"15,371",B002G9UDYG,AE3LRCOFYOIXMTUVY7MELWKBDM6A
16,AH7ZQGBBQLTLRB572JUXUTRXZBAA,True,Great product!,Fits true to size. Well made brand for hard working men. Fabric literally fades before it wears out. Great product!,"March 13, 2018",Stephanie,5.0,0,https://www.amazon.ca/gp/profile/amzn1.account.AH7ZQGBBQLTLRB572JUXUTRXZBAA/ref=cm_cr_getr_d_gw_btm?ie=UTF8,2020-09-21 08:45:23.895771,2020-09-21 08:45:24.009962,Carhartt Men's Tall Pocket Long-Sleeve Workwear T-Shirt K126,,"15,371",B002G9UDYG,AE3LRCOFYOIXMTUVY7MELWKBDM6A
17,AEVIO4HORAOD5FRZZX3CWR3JT4DQ,True,Awesome work long sleeves,Awesome work long sleeves. I’m 6’and about 240lbs and the xxl is a perfect fit. Abit long at first but after washing and drying Afew times fits perfect!! Bought 3 different colours so far !!,"December 14, 2017",Amazon Customer,5.0,0,https://www.amazon.ca/gp/profile/amzn1.account.AEVIO4HORAOD5FRZZX3CWR3JT4DQ/ref=cm_cr_getr_d_gw_btm?ie=UTF8,2020-09-21 08:45:24.013866,2020-09-21 08:45:24.128058,Carhartt Men's Tall Pocket Long-Sleeve Workwear T-Shirt K126,,"15,371",B002G9UDYG,AE3LRCOFYOIXMTUVY7MELWKBDM6A
18,AGQC6XKGHJWNNB7QIHR7OGPUWOPQ,True,Good strong work gear,Good quality shirt...,"January 17, 2018",Bryon,5.0,0,https://www.amazon.ca/gp/profile/amzn1.account.AGQC6XKGHJWNNB7QIHR7OGPUWOPQ/ref=cm_cr_getr_d_gw_btm?ie=UTF8,2020-09-21 08:45:24.130986,2020-09-21 08:45:24.256890,Carhartt Men's Tall Pocket Long-Sleeve Workwear T-Shirt K126,,"15,371",B002G9UDYG,AE3LRCOFYOIXMTUVY7MELWKBDM6A
19,AHUESNR7QJSACDR7JDKJE4RLKAJQ,True,Four Stars,tad large but I like it,"December 18, 2017",Savumaki,4.0,0,https://www.amazon.ca/gp/profile/amzn1.account.AHUESNR7QJSACDR7JDKJE4RLKAJQ/ref=cm_cr_getr_d_gw_btm?ie=UTF8,2020-09-21 08:45:24.261769,2020-09-21 08:45:24.378890,Carhartt Men's Tall Pocket Long-Sleeve Workwear T-Shirt K126,,"15,371",B002G9UDYG,AE3LRCOFYOIXMTUVY7MELWKBDM6A
20,AGO23XEAPXEIX5YCJARRGLM5UN7A,True,Nice shirt,Good quality,"January 4, 2019",Amazon Customer,5.0,0,https://www.amazon.ca/gp/profile/amzn1.account.AGO23XEAPXEIX5YCJARRGLM5UN7A/ref=cm_cr_getr_d_gw_btm?ie=UTF8,2020-09-21 08:45:28.506385,2020-09-21 08:45:28.651807,Carhartt Men's Tall Pocket Long-Sleeve Workwear T-Shirt K126,,"15,371",B002G9UDYG,AE3LRCOFYOIXMTUVY7MELWKBDM6A
21,AHYXCP43GLSPTMHXJD4LV3PRBCVQ,True,Great,Well made love the shirt,"March 8, 2019",Ron Foster,5.0,0,https://www.amazon.ca/gp/profile/amzn1.account.AHYXCP43GLSPTMHXJD4LV3PRBCVQ/ref=cm_cr_getr_d_gw_btm?ie=UTF8,2020-09-21 08:45:28.655711,2020-09-21 08:45:28.797231,Carhartt Men's Tall Pocket Long-Sleeve Workwear T-Shirt K126,,"15,371",B002G9UDYG,AE3LRCOFYOIXMTUVY7MELWKBDM6A
22,AFYMV3ER7JUQCAG4ENITER5WNYPQ,True,Great quality like always from Carhartt,Definitely fit big. I typically wear XL-XXL and bought a L tall and it even fits a little big. Great quality like always from Carhartt.,"May 20, 2018",Chris Bell,4.0,0,https://www.amazon.ca/gp/profile/amzn1.account.AFYMV3ER7JUQCAG4ENITER5WNYPQ/ref=cm_cr_getr_d_gw_btm?ie=UTF8,2020-09-21 08:45:28.802113,2020-09-21 08:45:28.925086,Carhartt Men's Tall Pocket Long-Sleeve Workwear T-Shirt K126,,"15,371",B002G9UDYG,AE3LRCOFYOIXMTUVY7MELWKBDM6A
23,AGR5AET6LV3QRAAGCQ6CIH3W6B5Q,True,The fit for a big tall man was just right,Bought this has a fgift and fit perfect,"January 28, 2019",Amazon Customer,5.0,0,https://www.amazon.ca/gp/profile/amzn1.account.AGR5AET6LV3QRAAGCQ6CIH3W6B5Q/ref=cm_cr_getr_d_gw_btm?ie=UTF8,2020-09-21 08:45:28.929966,2020-09-21 08:45:29.052942,Carhartt Men's Tall Pocket Long-Sleeve Workwear T-Shirt K126,,"15,371",B002G9UDYG,AE3LRCOFYOIXMTUVY7MELWKBDM6A
24,AG5CVGKQPGXEUH2AB4Y3WO4OZ6NA,True,Five Stars,excellent product,"June 28, 2018",Glenn,5.0,0,https://www.amazon.ca/gp/profile/amzn1.account.AG5CVGKQPGXEUH2AB4Y3WO4OZ6NA/ref=cm_cr_getr_d_gw_btm?ie=UTF8,2020-09-21 08:45:29.056846,2020-09-21 08:45:29.194461,Carhartt Men's Tall Pocket Long-Sleeve Workwear T-Shirt K126,,"15,371",B002G9UDYG,AE3LRCOFYOIXMTUVY7MELWKBDM6A
25,AEFU43KFNDF6TR5FUTZSYAQDXZAA,True,Five Stars,The fit was perfect and after a few washes it did not shrink...Very satisfied with the product,"January 11, 2018",Ksenija Mullin,5.0,0,https://www.amazon.ca/gp/profile/amzn1.account.AEFU43KFNDF6TR5FUTZSYAQDXZAA/ref=cm_cr_getr_d_gw_btm?ie=UTF8,2020-09-21 08:45:29.198366,2020-09-21 08:45:29.320365,Carhartt Men's Tall Pocket Long-Sleeve Workwear T-Shirt K126,,"15,371",B002G9UDYG,AE3LRCOFYOIXMTUVY7MELWKBDM6A
26,AFZNM53CR5EMQFMSBEWKD7POQC6Q,True,Five Stars,great long wearing shirts,"January 31, 2018",dianne kendall,5.0,0,https://www.amazon.ca/gp/profile/amzn1.account.AFZNM53CR5EMQFMSBEWKD7POQC6Q/ref=cm_cr_getr_d_gw_btm?ie=UTF8,2020-09-21 08:45:29.324269,2020-09-21 08:45:29.447245,Carhartt Men's Tall Pocket Long-Sleeve Workwear T-Shirt K126,,"15,371",B002G9UDYG,AE3LRCOFYOIXMTUVY7MELWKBDM6A
27,AF626X46N2WCZXBIEGIJUCYFGPZQ,True,Four Stars,Roomy,"March 13, 2018",Mordac,4.0,0,https://www.amazon.ca/gp/profile/amzn1.account.AF626X46N2WCZXBIEGIJUCYFGPZQ/ref=cm_cr_getr_d_gw_btm?ie=UTF8,2020-09-21 08:45:29.452150,2020-09-21 08:45:29.585836,Carhartt Men's Tall Pocket Long-Sleeve Workwear T-Shirt K126,,"15,371",B002G9UDYG,AE3LRCOFYOIXMTUVY7MELWKBDM6A
28,AG6BP3CDMTEN77INLN7BORYK6PAQ,False,Good quality,Love this long sleeve!! Its warm and comfortable. Its awesome it comes in tall! Since my hubby has a hard time finding clothes long enough for him!,"January 15, 2020",Ashley,5.0,0,https://www.amazon.ca/gp/profile/amzn1.account.AG6BP3CDMTEN77INLN7BORYK6PAQ/ref=cm_cr_getr_d_gw_btm?ie=UTF8,2020-09-21 08:45:29.590717,2020-09-21 08:45:29.704908,Carhartt Men's Tall Pocket Long-Sleeve Workwear T-Shirt K126,,"15,371",B002G9UDYG,AE3LRCOFYOIXMTUVY7MELWKBDM6A
29,AE6TJ2WGATN733AEELADSLKSVVGA,False,Awesome,Fits great! Great material,"December 25, 2019",Brenda,5.0,0,https://www.amazon.ca/gp/profile/amzn1.account.AE6TJ2WGATN733AEELADSLKSVVGA/ref=cm_cr_getr_d_gw_btm?ie=UTF8,2020-09-21 08:45:29.708817,2020-09-21 08:45:29.823980,Carhartt Men's Tall Pocket Long-Sleeve Workwear T-Shirt K126,,"15,371",B002G9UDYG,AE3LRCOFYOIXMTUVY7MELWKBDM6A
