,subproduct_author_id,verified_purchase,review_title,reviews,date,reviewer_name,ratings,people_find_helpful,reviewer_profile_url,start_time,end_time,product_name,brand_name,rank,product_id,author_id
0,AE2BKXZKF2YSV2FPCPYBM4OHYQOQ,True,A nice hat !,I love this hat. It improved my looks (said my wife). I have worn the hat for two hot summers. There are vents in the hat permitting a wonderful airflow over your (my nearly bald) head. No head sweat marks It is a tough hat. Do not spend time in rain with it on. I will acquire another should I lose it.,"August 29, 2017",Martin,5.0,One,https://www.amazon.ca/gp/profile/amzn1.account.AE2BKXZKF2YSV2FPCPYBM4OHYQOQ/ref=cm_cr_arp_d_gw_btm?ie=UTF8,2020-09-21 08:52:03.903577,2020-09-21 08:52:04.042145,Dorfman Pacific Co. Men's Rush Gambler,No,,B002G9UDYG,AE3LRCOFYOIXMTUVY7MELWKBDM6A
1,AFDCPA5ARFPVYIO4PVLJOK62Q4CA,True,Really nice straw hat.,"The hat is well made and looks great. I have a huge melon so I ordered the XL size even though I was nervous that it would still be too small. As it turns out it fit pretty darn well, if not just a tad on the big side which is OK. You will not be disappointing with the quality of this hat.","October 22, 2016",Dave Anderson,5.0,2,https://www.amazon.ca/gp/profile/amzn1.account.AFDCPA5ARFPVYIO4PVLJOK62Q4CA/ref=cm_cr_arp_d_gw_btm?ie=UTF8,2020-09-21 08:52:04.047024,2020-09-21 08:52:04.180738,Dorfman Pacific Co. Men's Rush Gambler,No,,B002G9UDYG,AE3LRCOFYOIXMTUVY7MELWKBDM6A
2,AEDIPSNLQQNP55GMOSOOSNEFOV7Q,True,Recommended,"Best buy I have made this summer ... I should of bought it earlier when it was still warm and sunny out (I live in Canada). It's super light, fits nice and comfy on your head, looks good too ... Definitely worth it!! And the shipping was super quick as well!!","September 21, 2018",Alex,5.0,0,https://www.amazon.ca/gp/profile/amzn1.account.AEDIPSNLQQNP55GMOSOOSNEFOV7Q/ref=cm_cr_arp_d_gw_btm?ie=UTF8,2020-09-21 08:52:04.185617,2020-09-21 08:52:04.334944,Dorfman Pacific Co. Men's Rush Gambler,No,,B002G9UDYG,AE3LRCOFYOIXMTUVY7MELWKBDM6A
3,AFLFMOS3ZT46AS2E2EM3Z4I6TOEQ,True,I love this hat,"I love this hat, I wore it all summer and suspect it will serve me well for another season or two. It is pretty low, though, so it rides high on my head. That took some getting used to and it isn't much good in windy weather. After a particularly sweaty day it fit much better, so I suspect if you soak it in hot water and wear it while it dries it might form to my head. Haven't actually tried that yet. I like it, but if you have a high pointy head it might not fit well. ;-)","January 2, 2018",Ben,4.0,0,https://www.amazon.ca/gp/profile/amzn1.account.AFLFMOS3ZT46AS2E2EM3Z4I6TOEQ/ref=cm_cr_arp_d_gw_btm?ie=UTF8,2020-09-21 08:52:04.338847,2020-09-21 08:52:04.463777,Dorfman Pacific Co. Men's Rush Gambler,No,,B002G9UDYG,AE3LRCOFYOIXMTUVY7MELWKBDM6A
4,AHMKE7F23YYMQ47GCHTMAN3R2DEQ,True,Really nice hat! No strap,"I ordered this for my trip to Mexico. Honestly, I hardly took it off the entire time I was there.
The construction is pretty good. The hat has great shape too.
My only complaint is the lack of a strap to hold it to your head. It was really noticeable when I was on the beach with the wind blowing.
I think I will make holes and add my own strap for use at the beach back home.","March 16, 2017",Dave Bennett,4.0,0,https://www.amazon.ca/gp/profile/amzn1.account.AHMKE7F23YYMQ47GCHTMAN3R2DEQ/ref=cm_cr_arp_d_gw_btm?ie=UTF8,2020-09-21 08:52:04.467680,2020-09-21 08:52:04.595535,Dorfman Pacific Co. Men's Rush Gambler,No,,B002G9UDYG,AE3LRCOFYOIXMTUVY7MELWKBDM6A
5,AGOBFJK6WHBRKTPVKQ6BKS3OHTXQ,True,big hat for big head,"It a big hat for a big head.
Fits me I guess that's enough said.
The sides start to curl after a couple months
so if you want it to stay flat this may not be for you.","February 19, 2017",RCL,4.0,0,https://www.amazon.ca/gp/profile/amzn1.account.AGOBFJK6WHBRKTPVKQ6BKS3OHTXQ/ref=cm_cr_arp_d_gw_btm?ie=UTF8,2020-09-21 08:52:04.599438,2020-09-21 08:52:04.737055,Dorfman Pacific Co. Men's Rush Gambler,No,,B002G9UDYG,AE3LRCOFYOIXMTUVY7MELWKBDM6A
6,AHPMULMRM75XEV7CZ4HJULQRJAHQ,True,"I ordered 2 of these, large and extra large ...","I ordered 2 of these, large and extra large. One hat arrived crushed even though the box was undamaged. Both hats are very cheaply made and aren't worth the $23.00 each I paid. Both hats have been returned for refund.","June 6, 2017",Cedar G,2.0,0,https://www.amazon.ca/gp/profile/amzn1.account.AHPMULMRM75XEV7CZ4HJULQRJAHQ/ref=cm_cr_arp_d_gw_btm?ie=UTF8,2020-09-21 08:52:04.740958,2020-09-21 08:52:04.868815,Dorfman Pacific Co. Men's Rush Gambler,No,,B002G9UDYG,AE3LRCOFYOIXMTUVY7MELWKBDM6A
7,AGKYA2TB7PDCO5MUVKKQMW7BZPEA,True,Perfect fit. All good except for the cheap looking ...,"Perfect fit. All good except for the cheap looking plastic hat band. Easily covered with something more tasteful and individual. Nice straw and looks very nice. Keeps the sun off, which is the main reason for wearing it.","August 26, 2017",David Ian,5.0,0,https://www.amazon.ca/gp/profile/amzn1.account.AGKYA2TB7PDCO5MUVKKQMW7BZPEA/ref=cm_cr_arp_d_gw_btm?ie=UTF8,2020-09-21 08:52:04.873695,2020-09-21 08:52:05.000575,Dorfman Pacific Co. Men's Rush Gambler,No,,B002G9UDYG,AE3LRCOFYOIXMTUVY7MELWKBDM6A
8,AG5DO6BIH3SR6LTBRNW7QCEHDXWQ,True,Cool gardening hat,"Try and take this off my head! I dare you! Cool gardening hat, love it!","June 25, 2018",nell charlebois,5.0,0,https://www.amazon.ca/gp/profile/amzn1.account.AG5DO6BIH3SR6LTBRNW7QCEHDXWQ/ref=cm_cr_arp_d_gw_btm?ie=UTF8,2020-09-21 08:52:05.004478,2020-09-21 08:52:05.140142,Dorfman Pacific Co. Men's Rush Gambler,No,,B002G9UDYG,AE3LRCOFYOIXMTUVY7MELWKBDM6A
9,AFMMXNQIOOE4ERRFUMM7JN4P7RAA,True,Straw Panama hat,Nice hat and very reasonably priced but there is some odd bulging on the straw on the rear top portion not consistant with the lines of the hat.but a decent hat for the money,"February 23, 2017",Deryl Newfeld,3.0,0,https://www.amazon.ca/gp/profile/amzn1.account.AFMMXNQIOOE4ERRFUMM7JN4P7RAA/ref=cm_cr_arp_d_gw_btm?ie=UTF8,2020-09-21 08:52:05.145022,2020-09-21 08:52:05.269950,Dorfman Pacific Co. Men's Rush Gambler,No,,B002G9UDYG,AE3LRCOFYOIXMTUVY7MELWKBDM6A
10,AHL4TWIHZOHWRJGVXFQWQPSMXRHQ,True,Comfortable,I wear in summer more than my higher costing hats! it is excellent!,"September 21, 2019",Rodney Lynn Barrie,4.0,0,https://www.amazon.ca/gp/profile/amzn1.account.AHL4TWIHZOHWRJGVXFQWQPSMXRHQ/ref=cm_cr_getr_d_gw_btm?ie=UTF8,2020-09-21 08:52:10.431026,2020-09-21 08:52:10.561810,Dorfman Pacific Co. Men's Rush Gambler,No,,B002G9UDYG,AE3LRCOFYOIXMTUVY7MELWKBDM6A
11,AF6S2W2KFJ2VPDBJXR7ILTWESZLQ,True,Five Stars,love this hat ...got a second one just in case the original one got lost,"June 13, 2018",Charles Baumann,5.0,0,https://www.amazon.ca/gp/profile/amzn1.account.AF6S2W2KFJ2VPDBJXR7ILTWESZLQ/ref=cm_cr_getr_d_gw_btm?ie=UTF8,2020-09-21 08:52:10.567665,2020-09-21 08:52:10.690640,Dorfman Pacific Co. Men's Rush Gambler,No,,B002G9UDYG,AE3LRCOFYOIXMTUVY7MELWKBDM6A
12,AF62E54I7ZWUXO2E6G2QOPDMON4Q,True,A really great hat for the money and Im enjoying it very ...,I thought the 2 day shipping would be a problem as this purchase was very last minute but it worked perfectly. A really great hat for the money and Im enjoying it very much.,"November 15, 2016",Deborah,5.0,0,https://www.amazon.ca/gp/profile/amzn1.account.AF62E54I7ZWUXO2E6G2QOPDMON4Q/ref=cm_cr_getr_d_gw_btm?ie=UTF8,2020-09-21 08:52:10.694545,2020-09-21 08:52:10.831185,Dorfman Pacific Co. Men's Rush Gambler,No,,B002G9UDYG,AE3LRCOFYOIXMTUVY7MELWKBDM6A
13,AGMLGEDS7N2DJIX33Y3ITRJP7CZA,True,Squashed upon arrival.,"The hat was shipped in a bag. It is straw. Need I say more? It was very misshapen and squashed. It was also too big, even though we carefully measured my head before ordering.","January 11, 2018",elizabeth Pearce,1.0,0,https://www.amazon.ca/gp/profile/amzn1.account.AGMLGEDS7N2DJIX33Y3ITRJP7CZA/ref=cm_cr_getr_d_gw_btm?ie=UTF8,2020-09-21 08:52:10.835088,2020-09-21 08:52:10.961017,Dorfman Pacific Co. Men's Rush Gambler,No,,B002G9UDYG,AE3LRCOFYOIXMTUVY7MELWKBDM6A
14,AES6GJZT6JAGS5UFWUTX35FPTANA,True,One Star,Il est arrivé tout brisé. Gros trous. Le dessus était presque complètement séparé du reste du chapeau.,"January 10, 2018",Cliente,1.0,0,https://www.amazon.ca/gp/profile/amzn1.account.AES6GJZT6JAGS5UFWUTX35FPTANA/ref=cm_cr_getr_d_gw_btm?ie=UTF8,2020-09-21 08:52:10.964895,2020-09-21 08:52:11.089824,Dorfman Pacific Co. Men's Rush Gambler,No,,B002G9UDYG,AE3LRCOFYOIXMTUVY7MELWKBDM6A
15,AFOCY3X5WMK74ZOTWF3NPGMUTFCA,True,Very nice quality and look great,Very nice quality and look great. Use very thin coat of mineral oil to keep it from becoming dry and brittle.,"July 22, 2017",Seven Zero,5.0,0,https://www.amazon.ca/gp/profile/amzn1.account.AFOCY3X5WMK74ZOTWF3NPGMUTFCA/ref=cm_cr_getr_d_gw_btm?ie=UTF8,2020-09-21 08:52:11.093727,2020-09-21 08:52:11.229392,Dorfman Pacific Co. Men's Rush Gambler,No,,B002G9UDYG,AE3LRCOFYOIXMTUVY7MELWKBDM6A
16,AH7AA3HLEPZAZVZS656Z6I636FUQ,True,Not expensive,Make sure you have the right size,"September 24, 2018",Hank,5.0,0,https://www.amazon.ca/gp/profile/amzn1.account.AH7AA3HLEPZAZVZS656Z6I636FUQ/ref=cm_cr_getr_d_gw_btm?ie=UTF8,2020-09-21 08:52:11.233297,2020-09-21 08:52:11.358223,Dorfman Pacific Co. Men's Rush Gambler,No,,B002G9UDYG,AE3LRCOFYOIXMTUVY7MELWKBDM6A
17,AGGTIJXSSQ2SIP2X6GNVSQVDRG4A,True,One Star,"Very lightweight, however the sizing is quite deceiving. Adjust your size down...a lot","September 8, 2017",REB,1.0,0,https://www.amazon.ca/gp/profile/amzn1.account.AGGTIJXSSQ2SIP2X6GNVSQVDRG4A/ref=cm_cr_getr_d_gw_btm?ie=UTF8,2020-09-21 08:52:11.362128,2020-09-21 08:52:11.485104,Dorfman Pacific Co. Men's Rush Gambler,No,,B002G9UDYG,AE3LRCOFYOIXMTUVY7MELWKBDM6A
18,AHQX2WHEYBFZ5HSDEOICT7Q3WTSA,True,Perfect a day at the beach,My husband loves this hat. It keeps the sun off while staying cool with the open design. It looks good too!,"July 1, 2019",Linda,5.0,0,https://www.amazon.ca/gp/profile/amzn1.account.AHQX2WHEYBFZ5HSDEOICT7Q3WTSA/ref=cm_cr_getr_d_gw_btm?ie=UTF8,2020-09-21 08:52:11.489983,2020-09-21 08:52:11.623695,Dorfman Pacific Co. Men's Rush Gambler,No,,B002G9UDYG,AE3LRCOFYOIXMTUVY7MELWKBDM6A
19,AFKV2BBCBBCFXQIU7CVCL4A3WGYA,True,great,"Hat does fit snug, but overall great hat. Would not hesitate to re-order","October 7, 2018",Crystal,5.0,0,https://www.amazon.ca/gp/profile/amzn1.account.AFKV2BBCBBCFXQIU7CVCL4A3WGYA/ref=cm_cr_getr_d_gw_btm?ie=UTF8,2020-09-21 08:52:11.629551,2020-09-21 08:52:11.755455,Dorfman Pacific Co. Men's Rush Gambler,No,,B002G9UDYG,AE3LRCOFYOIXMTUVY7MELWKBDM6A
20,AFYGSFQAXOI6VWHJRBFM4MXK2AIQ,True,... week before I was expecting it and my father loved it! It is very comfortable and boasts a ...,"It came a week before I was expecting it and my father loved it! It is very comfortable and boasts a simple, yet beautiful design for anyone who gardens.","June 25, 2015",Victoria,5.0,One,https://www.amazon.ca/gp/profile/amzn1.account.AFYGSFQAXOI6VWHJRBFM4MXK2AIQ/ref=cm_cr_getr_d_gw_btm?ie=UTF8,2020-09-21 08:52:13.897770,2020-09-21 08:52:14.028553,Dorfman Pacific Co. Men's Rush Gambler,No,,B002G9UDYG,AE3LRCOFYOIXMTUVY7MELWKBDM6A
21,AEEERRVQJRPH5VVL26AYFQHUWHMQ,True,Perfect for the summer,"The hat is amazing, it sit perfectly on the head. Its really biutiful, I have to buy one for my father because he kept stealing it when my back was turn... I recommend","June 24, 2017",Client d'Amazon,5.0,0,https://www.amazon.ca/gp/profile/amzn1.account.AEEERRVQJRPH5VVL26AYFQHUWHMQ/ref=cm_cr_getr_d_gw_btm?ie=UTF8,2020-09-21 08:52:14.032457,2020-09-21 08:52:14.170073,Dorfman Pacific Co. Men's Rush Gambler,No,,B002G9UDYG,AE3LRCOFYOIXMTUVY7MELWKBDM6A
22,AFQGY7LGVIOH4ZC62JOPBPTIGSAA,True,As expected,The fit and style were exactly as expected love the quality.,"July 19, 2017",Ashley Knowlton,5.0,0,https://www.amazon.ca/gp/profile/amzn1.account.AFQGY7LGVIOH4ZC62JOPBPTIGSAA/ref=cm_cr_getr_d_gw_btm?ie=UTF8,2020-09-21 08:52:14.174953,2020-09-21 08:52:14.298905,Dorfman Pacific Co. Men's Rush Gambler,No,,B002G9UDYG,AE3LRCOFYOIXMTUVY7MELWKBDM6A
23,AEDS5HNV54V4V74VUQJGYW3XCWOQ,True,Would not recommend this product at all,"Showed up bent and slightly ripped. Completely fell apart in four days.
Would not recommend this product at all.","February 12, 2018",Evan Wilman,1.0,0,https://www.amazon.ca/gp/profile/amzn1.account.AEDS5HNV54V4V74VUQJGYW3XCWOQ/ref=cm_cr_getr_d_gw_btm?ie=UTF8,2020-09-21 08:52:14.302808,2020-09-21 08:52:14.424809,Dorfman Pacific Co. Men's Rush Gambler,No,,B002G9UDYG,AE3LRCOFYOIXMTUVY7MELWKBDM6A
24,AGQ6WADRBGZSMLOSQER4GBFCQ65A,True,Five Stars,"Very nice, fits perfect","August 15, 2018",Archie,5.0,0,https://www.amazon.ca/gp/profile/amzn1.account.AGQ6WADRBGZSMLOSQER4GBFCQ65A/ref=cm_cr_getr_d_gw_btm?ie=UTF8,2020-09-21 08:52:14.429688,2020-09-21 08:52:14.565353,Dorfman Pacific Co. Men's Rush Gambler,No,,B002G9UDYG,AE3LRCOFYOIXMTUVY7MELWKBDM6A
25,AERGLDEDAMNSFGI7BTGKH3FEIWRQ,True,Five Stars,Lovely hat,"June 7, 2018",Norma Cook,5.0,0,https://www.amazon.ca/gp/profile/amzn1.account.AERGLDEDAMNSFGI7BTGKH3FEIWRQ/ref=cm_cr_getr_d_gw_btm?ie=UTF8,2020-09-21 08:52:14.570231,2020-09-21 08:52:14.693208,Dorfman Pacific Co. Men's Rush Gambler,No,,B002G9UDYG,AE3LRCOFYOIXMTUVY7MELWKBDM6A
26,AFQGX4QUJFDN5ZJD32HH6XS37QWA,True,Five Stars,Good satisfaction,"December 19, 2017",George Zohrabian,5.0,0,https://www.amazon.ca/gp/profile/amzn1.account.AFQGX4QUJFDN5ZJD32HH6XS37QWA/ref=cm_cr_getr_d_gw_btm?ie=UTF8,2020-09-21 08:52:14.697112,2020-09-21 08:52:14.824968,Dorfman Pacific Co. Men's Rush Gambler,No,,B002G9UDYG,AE3LRCOFYOIXMTUVY7MELWKBDM6A
27,AE3LRCOFYOIXMTUVY7MELWKBDM6A,True,but I am optimistic that it will be perfect.,"Fit perfectly. It is still winter here, so I have yet to try it out in the sun, but I am optimistic that it will be perfect.","March 30, 2016",genericname,5.0,0,https://www.amazon.ca/gp/profile/amzn1.account.AE3LRCOFYOIXMTUVY7MELWKBDM6A/ref=cm_cr_getr_d_gw_btm?ie=UTF8,2020-09-21 08:52:14.828870,2020-09-21 08:52:14.977223,Dorfman Pacific Co. Men's Rush Gambler,No,,B002G9UDYG,AE3LRCOFYOIXMTUVY7MELWKBDM6A
28,AGUOA5QXKH2K5Z2XCNVSZUAEEQPQ,True,Five Stars,Parfait et livraison 48 heures WoW,"January 17, 2017",Amazon Customer,5.0,0,https://www.amazon.ca/gp/profile/amzn1.account.AGUOA5QXKH2K5Z2XCNVSZUAEEQPQ/ref=cm_cr_getr_d_gw_btm?ie=UTF8,2020-09-21 08:52:14.982103,2020-09-21 08:52:15.105080,Dorfman Pacific Co. Men's Rush Gambler,No,,B002G9UDYG,AE3LRCOFYOIXMTUVY7MELWKBDM6A
29,AH7AIRYEZR5T5VVTL734KXV3MJQA,True,Five Stars,he loves it,"September 20, 2017",deborah moccia,5.0,0,https://www.amazon.ca/gp/profile/amzn1.account.AH7AIRYEZR5T5VVTL734KXV3MJQA/ref=cm_cr_getr_d_gw_btm?ie=UTF8,2020-09-21 08:52:15.108982,2020-09-21 08:52:15.246599,Dorfman Pacific Co. Men's Rush Gambler,No,,B002G9UDYG,AE3LRCOFYOIXMTUVY7MELWKBDM6A
30,AGZOSOXNNIMW7TXCYNOKCQMPG6FA,True,It is coming apart,My husband wore it one day and it's falling apart :(,"June 5, 2019",Guylaine Wynne,1.0,0,https://www.amazon.ca/gp/profile/amzn1.account.AGZOSOXNNIMW7TXCYNOKCQMPG6FA/ref=cm_cr_getr_d_gw_btm?ie=UTF8,2020-09-21 08:52:17.386961,2020-09-21 08:52:17.536292,Dorfman Pacific Co. Men's Rush Gambler,No,,B002G9UDYG,AE3LRCOFYOIXMTUVY7MELWKBDM6A
31,AHBXKN24TEZS3GYITOW75NTBMKIA,True,... husband couldn't find a summer straw hat that he liked anywhere. I should have thought of Amazon earlier,My husband couldn't find a summer straw hat that he liked anywhere. I should have thought of Amazon earlier! Hat is just what he wanted.,"August 21, 2016",Amazon Customer,5.0,0,https://www.amazon.ca/gp/profile/amzn1.account.AHBXKN24TEZS3GYITOW75NTBMKIA/ref=cm_cr_getr_d_gw_btm?ie=UTF8,2020-09-21 08:52:17.540193,2020-09-21 08:52:17.662193,Dorfman Pacific Co. Men's Rush Gambler,No,,B002G9UDYG,AE3LRCOFYOIXMTUVY7MELWKBDM6A
32,AELDALVRIH3CQ3JIFYZA4IOFVSIQ,True,Four Stars,Good hat,"September 1, 2017",Bay2464,4.0,0,https://www.amazon.ca/gp/profile/amzn1.account.AELDALVRIH3CQ3JIFYZA4IOFVSIQ/ref=cm_cr_getr_d_gw_btm?ie=UTF8,2020-09-21 08:52:17.666097,2020-09-21 08:52:17.790048,Dorfman Pacific Co. Men's Rush Gambler,No,,B002G9UDYG,AE3LRCOFYOIXMTUVY7MELWKBDM6A
33,AFKYTDFVTEAQ7ZJZ736UXMRINGSQ,True,Product as advertised,Appears well made. Fits comfortably and looks great.,"July 14, 2015",Paul S.,5.0,0,https://www.amazon.ca/gp/profile/amzn1.account.AFKYTDFVTEAQ7ZJZ736UXMRINGSQ/ref=cm_cr_getr_d_gw_btm?ie=UTF8,2020-09-21 08:52:17.793953,2020-09-21 08:52:17.920831,Dorfman Pacific Co. Men's Rush Gambler,No,,B002G9UDYG,AE3LRCOFYOIXMTUVY7MELWKBDM6A
34,AH3YTTH5SGIYQJYRMLIRWKQB6PBA,True,"It was too large, but I was able to ...","It was too large,but I was able to put in a liner and made it fit. Thank you","September 16, 2016",Dayle White,5.0,One,https://www.amazon.ca/gp/profile/amzn1.account.AH3YTTH5SGIYQJYRMLIRWKQB6PBA/ref=cm_cr_getr_d_gw_btm?ie=UTF8,2020-09-21 08:52:17.925712,2020-09-21 08:52:18.070159,Dorfman Pacific Co. Men's Rush Gambler,No,,B002G9UDYG,AE3LRCOFYOIXMTUVY7MELWKBDM6A
35,AHVVZWVGTLLEVFMN77QDICF6FHLA,True,Five Stars,"Nice look, good quality","September 16, 2016",MJE,5.0,0,https://www.amazon.ca/gp/profile/amzn1.account.AHVVZWVGTLLEVFMN77QDICF6FHLA/ref=cm_cr_getr_d_gw_btm?ie=UTF8,2020-09-21 08:52:18.073089,2020-09-21 08:52:18.193136,Dorfman Pacific Co. Men's Rush Gambler,No,,B002G9UDYG,AE3LRCOFYOIXMTUVY7MELWKBDM6A
36,AH6ZQQODUVN2HV6EF3QJMATSOC7A,True,Five Stars,Great hat,"September 17, 2018",Don Grego,5.0,0,https://www.amazon.ca/gp/profile/amzn1.account.AH6ZQQODUVN2HV6EF3QJMATSOC7A/ref=cm_cr_getr_d_gw_btm?ie=UTF8,2020-09-21 08:52:18.197042,2020-09-21 08:52:18.319039,Dorfman Pacific Co. Men's Rush Gambler,No,,B002G9UDYG,AE3LRCOFYOIXMTUVY7MELWKBDM6A
37,AFHQV7GHN2ROX7S3IKNWBJNZMM2A,True,Five Stars,love it,"October 18, 2016",Amazon Customer,5.0,0,https://www.amazon.ca/gp/profile/amzn1.account.AFHQV7GHN2ROX7S3IKNWBJNZMM2A/ref=cm_cr_getr_d_gw_btm?ie=UTF8,2020-09-21 08:52:18.322944,2020-09-21 08:52:18.446895,Dorfman Pacific Co. Men's Rush Gambler,No,,B002G9UDYG,AE3LRCOFYOIXMTUVY7MELWKBDM6A
38,AFL26SLEBQPAZQUPXY4IAD4BJSKA,True,Toi big,Toi big,"May 18, 2019",chantal,1.0,0,https://www.amazon.ca/gp/profile/amzn1.account.AFL26SLEBQPAZQUPXY4IAD4BJSKA/ref=cm_cr_getr_d_gw_btm?ie=UTF8,2020-09-21 08:52:18.451775,2020-09-21 08:52:18.593294,Dorfman Pacific Co. Men's Rush Gambler,No,,B002G9UDYG,AE3LRCOFYOIXMTUVY7MELWKBDM6A
39,AFIBCV3DSJWKQDS7CVWDG4JUO6XA,True,Five Stars,love it! Very good quality hat,"July 18, 2017",Amazon Customer,5.0,0,https://www.amazon.ca/gp/profile/amzn1.account.AFIBCV3DSJWKQDS7CVWDG4JUO6XA/ref=cm_cr_getr_d_gw_btm?ie=UTF8,2020-09-21 08:52:18.597198,2020-09-21 08:52:18.716270,Dorfman Pacific Co. Men's Rush Gambler,No,,B002G9UDYG,AE3LRCOFYOIXMTUVY7MELWKBDM6A
40,AH3ZGJGTEN4F5HKLGUOFHA3TV6RA,True,Love it.,Just what I was looking for. Love it.,"July 21, 2017",Gary J.,5.0,0,https://www.amazon.ca/gp/profile/amzn1.account.AH3ZGJGTEN4F5HKLGUOFHA3TV6RA/ref=cm_cr_getr_d_gw_btm?ie=UTF8,2020-09-21 08:52:21.844343,2020-09-21 08:52:21.978055,Dorfman Pacific Co. Men's Rush Gambler,No,,B002G9UDYG,AE3LRCOFYOIXMTUVY7MELWKBDM6A
41,AE2Q6UQZGQJW35AFPSQMPQOLGSFQ,True,Reçu dans un sac de plastique tout écrasé..et bien entendu brisé à différents endroits!!,Pas satisfait !! Emballage déficient et inapproprié !!,"May 13, 2019",Parayso,1.0,0,https://www.amazon.ca/gp/profile/amzn1.account.AE2Q6UQZGQJW35AFPSQMPQOLGSFQ/ref=cm_cr_getr_d_gw_btm?ie=UTF8,2020-09-21 08:52:21.981958,2020-09-21 08:52:22.125432,Dorfman Pacific Co. Men's Rush Gambler,No,,B002G9UDYG,AE3LRCOFYOIXMTUVY7MELWKBDM6A
42,AE4ZVLQEG5QJTRAO3FZL734TQV5A,True,Very pleased,Just as described. Hat fit perfectly.,"August 8, 2016",Amazon Customer,5.0,0,https://www.amazon.ca/gp/profile/amzn1.account.AE4ZVLQEG5QJTRAO3FZL734TQV5A/ref=cm_cr_getr_d_gw_btm?ie=UTF8,2020-09-21 08:52:22.131286,2020-09-21 08:52:22.257189,Dorfman Pacific Co. Men's Rush Gambler,No,,B002G9UDYG,AE3LRCOFYOIXMTUVY7MELWKBDM6A
43,AF7CEB7UVKXCFURQORSI5AIWS7FA,True,Two Stars,was returned,"August 25, 2016",Jerzy,2.0,0,https://www.amazon.ca/gp/profile/amzn1.account.AF7CEB7UVKXCFURQORSI5AIWS7FA/ref=cm_cr_getr_d_gw_btm?ie=UTF8,2020-09-21 08:52:22.261094,2020-09-21 08:52:22.386998,Dorfman Pacific Co. Men's Rush Gambler,No,,B002G9UDYG,AE3LRCOFYOIXMTUVY7MELWKBDM6A
44,AF3QSD6UXOD6JE4XMX47DVGETTOQ,True,Five Stars,Excellent fit.,"January 22, 2018",John Thomas,5.0,0,https://www.amazon.ca/gp/profile/amzn1.account.AF3QSD6UXOD6JE4XMX47DVGETTOQ/ref=cm_cr_getr_d_gw_btm?ie=UTF8,2020-09-21 08:52:22.391878,2020-09-21 08:52:22.516805,Dorfman Pacific Co. Men's Rush Gambler,No,,B002G9UDYG,AE3LRCOFYOIXMTUVY7MELWKBDM6A
45,AHHVVAEADUQVVRIKPXYUO6UR2NMQ,True,Hat,Great hat,"July 3, 2016",Jack Garabed,5.0,0,https://www.amazon.ca/gp/profile/amzn1.account.AHHVVAEADUQVVRIKPXYUO6UR2NMQ/ref=cm_cr_getr_d_gw_btm?ie=UTF8,2020-09-21 08:52:22.520709,2020-09-21 08:52:22.661254,Dorfman Pacific Co. Men's Rush Gambler,No,,B002G9UDYG,AE3LRCOFYOIXMTUVY7MELWKBDM6A
46,AG32HS5KKV2XNTDMGSBKAY7Y4QBQ,True,Four Stars,It looks exactly as in the picture.,"July 25, 2015",Maurice Bergevin,4.0,0,https://www.amazon.ca/gp/profile/amzn1.account.AG32HS5KKV2XNTDMGSBKAY7Y4QBQ/ref=cm_cr_getr_d_gw_btm?ie=UTF8,2020-09-21 08:52:22.666133,2020-09-21 08:52:22.791061,Dorfman Pacific Co. Men's Rush Gambler,No,,B002G9UDYG,AE3LRCOFYOIXMTUVY7MELWKBDM6A
47,AGWFIKEC3D6AH2LBJSXM5O4YIXEQ,False,Did the job,Kept the sun from baking my brain while in Mexico,"March 3, 2017",Nem,4.0,0,https://www.amazon.ca/gp/profile/amzn1.account.AGWFIKEC3D6AH2LBJSXM5O4YIXEQ/ref=cm_cr_getr_d_gw_btm?ie=UTF8,2020-09-21 08:52:22.796917,2020-09-21 08:52:22.912085,Dorfman Pacific Co. Men's Rush Gambler,No,,B002G9UDYG,AE3LRCOFYOIXMTUVY7MELWKBDM6A
48,AFGNAFWUECHCQAMHHZFQOIF4JKZQ,True,Cool !,"What a great piece of mens headwear ! It's light and it's open, shields from the sun and isn't either a cowboy hat or a fedora...it kind of fits right in between...perfect for the golf course, the beach, or playing guitar around the campfire...","April 9, 2019",Don Grose,5.0,0,https://www.amazon.ca/gp/profile/amzn1.account.AFGNAFWUECHCQAMHHZFQOIF4JKZQ/ref=cm_cr_getr_d_gw_btm?ie=UTF8,2020-09-21 08:52:22.915988,2020-09-21 08:52:23.040916,Dorfman Pacific Co. Men's Rush Gambler,No,,B002G9UDYG,AE3LRCOFYOIXMTUVY7MELWKBDM6A
