,subproduct_author_id,verified_purchase,review_title,reviews,date,reviewer_name,ratings,people_find_helpful,reviewer_profile_url,start_time,end_time,product_name,brand_name,rank,product_id,author_id
0,AFTSQHRPR5IKDD56RPYMZIOLSPVA,True,This is the real deal,"Just got it in the mail today and is an authentic Carhartt sweater. Exact same one you'll find in the stores. I love how one post claims it's a knockoff simply because its cheaper Amazon.

Fits perfectly and is very comfortable, exactly what I expected.","December 23, 2018",Colin Fitzgerald,5.0,6,https://www.amazon.ca/gp/profile/amzn1.account.AFTSQHRPR5IKDD56RPYMZIOLSPVA/ref=cm_cr_arp_d_gw_btm?ie=UTF8,2020-09-21 08:43:00.435818,2020-09-21 08:43:00.604700,Carhartt Men's Midweight Sleeve Logo Hooded Sweatshirt,No,212,B002G9UDYG,AE3LRCOFYOIXMTUVY7MELWKBDM6A
1,AFM3GLQHJTBCJY7VVXTMJMUUOHCQ,True,Authentic,"Authentic Carhartt Hoodie. Thick, warm, soft, durable. Perfect for work and canadian winters. I'm a 5'5, 50kg woman and I bought a small. You have space to move in it but some may find it a bit large, I don't. I love it, I have few of them. I recommend it.","September 17, 2019",Maude,5.0,5,https://www.amazon.ca/gp/profile/amzn1.account.AFM3GLQHJTBCJY7VVXTMJMUUOHCQ/ref=cm_cr_arp_d_gw_btm?ie=UTF8,2020-09-21 08:43:00.609546,2020-09-21 08:43:00.744233,Carhartt Men's Midweight Sleeve Logo Hooded Sweatshirt,No,212,B002G9UDYG,AE3LRCOFYOIXMTUVY7MELWKBDM6A
2,AG4MR4NCJR7JKSXZQU2MZCZX7RIA,True,Great hoodie; fits large and color a bit off,"Love it!
Order a size down though, even then, it's still roomy. Keep that in mind.

Color is a bit off on mine (Henna Heather). A bit more orange/rust colored than pictured.
Also, the logo on the sleeve is a very dark blue, almost black; not grey.","November 28, 2019",Lobotomie,5.0,One,https://www.amazon.ca/gp/profile/amzn1.account.AG4MR4NCJR7JKSXZQU2MZCZX7RIA/ref=cm_cr_arp_d_gw_btm?ie=UTF8,2020-09-21 08:43:00.749113,2020-09-21 08:43:00.884778,Carhartt Men's Midweight Sleeve Logo Hooded Sweatshirt,No,212,B002G9UDYG,AE3LRCOFYOIXMTUVY7MELWKBDM6A
3,AH3H52SUSDJWFEFOBNWJVJ3J43FQ,True,Perfect!!,"Absolutely perfect!! Exactly as described, great price and I will be ordering again! I have purchased the same identical item from a local store in the past for a much higher price and was beyond happy to find the same item online.","September 28, 2019",Kindle Customer,5.0,One,https://www.amazon.ca/gp/profile/amzn1.account.AH3H52SUSDJWFEFOBNWJVJ3J43FQ/ref=cm_cr_arp_d_gw_btm?ie=UTF8,2020-09-21 08:43:00.891609,2020-09-21 08:43:01.030201,Carhartt Men's Midweight Sleeve Logo Hooded Sweatshirt,No,212,B002G9UDYG,AE3LRCOFYOIXMTUVY7MELWKBDM6A
4,AGTENASTYDN3Z2EYF44SHOYXFLRA,True,Very poor quality! DONT BUY!,"These sweaters are carhartt knockoffs, and look very cheap. Asked for a refund multiple times and recieved nothing back..... What a waste of time.","January 27, 2017",Amazon Customer,1.0,11,https://www.amazon.ca/gp/profile/amzn1.account.AGTENASTYDN3Z2EYF44SHOYXFLRA/ref=cm_cr_arp_d_gw_btm?ie=UTF8,2020-09-21 08:43:01.035082,2020-09-21 08:43:01.162937,Carhartt Men's Midweight Sleeve Logo Hooded Sweatshirt,No,212,B002G9UDYG,AE3LRCOFYOIXMTUVY7MELWKBDM6A
5,AFAVHVH3GVASVN3GWB7LSMLKB5BA,True,Picture is misleading,"I love all my Carhartt gear, I have 8-10 hoodies, 7-8 long sleeve T’s, 10-12 short sleeve t’s and 3 jackets... my only complaint with this sweater is the picture makes it look considerably lighter then it is in person and I already have this dark blue.","January 13, 2020",Otis wood,3.0,0,https://www.amazon.ca/gp/profile/amzn1.account.AFAVHVH3GVASVN3GWB7LSMLKB5BA/ref=cm_cr_arp_d_gw_btm?ie=UTF8,2020-09-21 08:43:01.166840,2020-09-21 08:43:01.291770,Carhartt Men's Midweight Sleeve Logo Hooded Sweatshirt,No,212,B002G9UDYG,AE3LRCOFYOIXMTUVY7MELWKBDM6A
6,AG5SB2UFA7RFSU743K4BG6AP6LWA,True,Great sweater! Just fits large.,"Love this sweater for my husband, but it for much larger than regular sizes. Ordered a xl as he usually fits all xl’s but this was huge. Like it a whole size larger huge. The quality was great but just wish the size was more true to regular sizing. I would recommend sizing down.","June 29, 2020",alovesa23,4.0,0,https://www.amazon.ca/gp/profile/amzn1.account.AG5SB2UFA7RFSU743K4BG6AP6LWA/ref=cm_cr_arp_d_gw_btm?ie=UTF8,2020-09-21 08:43:01.296648,2020-09-21 08:43:01.427432,Carhartt Men's Midweight Sleeve Logo Hooded Sweatshirt,No,212,B002G9UDYG,AE3LRCOFYOIXMTUVY7MELWKBDM6A
7,AG6TJFD4V5GWYLYMIZPFJRCIAZNQ,True,Good quality; warm.,"Purchased for my son (13) who has mentioned how warm it is, trying to get out of wearing a coat (in a Canadian winter? Get real) it was worth a try I guess","December 26, 2018",K. Halas,5.0,2,https://www.amazon.ca/gp/profile/amzn1.account.AG6TJFD4V5GWYLYMIZPFJRCIAZNQ/ref=cm_cr_arp_d_gw_btm?ie=UTF8,2020-09-21 08:43:01.432334,2020-09-21 08:43:01.560171,Carhartt Men's Midweight Sleeve Logo Hooded Sweatshirt,No,212,B002G9UDYG,AE3LRCOFYOIXMTUVY7MELWKBDM6A
8,AGXXJNZSRQFUNPCQG26DVKPUXZ5A,True,"Decal is orange, not red",Fantastic sweatshirt. I purchased as a gift for my brother-in-law and he loved it. One thing to note is that the writing on the arm is actually a vibrant orange colour and not red as pictured. I actually prefer the orange with the blue/teal colour of the hoodie! It looks great,"March 22, 2020",B,5.0,0,https://www.amazon.ca/gp/profile/amzn1.account.AGXXJNZSRQFUNPCQG26DVKPUXZ5A/ref=cm_cr_arp_d_gw_btm?ie=UTF8,2020-09-21 08:43:01.564072,2020-09-21 08:43:01.689000,Carhartt Men's Midweight Sleeve Logo Hooded Sweatshirt,No,212,B002G9UDYG,AE3LRCOFYOIXMTUVY7MELWKBDM6A
9,AFFBFEDFWKWSAJ7HGQO6ARR5Y7JQ,True,It's good,"Carhartt always fits a bit large. It came as expected. I saw the same one in Marks Work Warehouse for about the same price, only they didn't have his size in store.","March 18, 2020",Honey Bee Me,5.0,0,https://www.amazon.ca/gp/profile/amzn1.account.AFFBFEDFWKWSAJ7HGQO6ARR5Y7JQ/ref=cm_cr_arp_d_gw_btm?ie=UTF8,2020-09-21 08:43:01.692903,2020-09-21 08:43:01.828567,Carhartt Men's Midweight Sleeve Logo Hooded Sweatshirt,No,212,B002G9UDYG,AE3LRCOFYOIXMTUVY7MELWKBDM6A
10,AGNTRUCOZZZX7WRCL5OPKYUGCBYQ,True,Carhartt quality. Color not the same as shown,The sweater itself is great. Material and fit. The colour is not as appears in photo though. Just your regular Carhartt brown is what showed up. Butterscotchy as opposed to oiled walnut.,"December 29, 2019",Jennifer Stelter,3.0,0,https://www.amazon.ca/gp/profile/amzn1.account.AGNTRUCOZZZX7WRCL5OPKYUGCBYQ/ref=cm_cr_getr_d_gw_btm?ie=UTF8,2020-09-21 08:43:06.977952,2020-09-21 08:43:07.109690,Carhartt Men's Midweight Sleeve Logo Hooded Sweatshirt,No,212,B002G9UDYG,AE3LRCOFYOIXMTUVY7MELWKBDM6A
11,AGDV3AQFGL5HYS6CYSD5YE22ZECA,True,Decent Hoodies,"I bought 2 of these for my husband and brother in law for Christmas. It wasn’t until after I purchased that I read the reviews. Not very promising. But I’m presently surprised. The grey hoodie was in perfect condition, about the same thickness as a regular carhartt hoodies. The navy blue one did have a small stain on the pocket that we can’t seem to get out. But all in all, pleasantly surprised considering past reviews.","January 19, 2018",nexxis thibeault,4.0,One,https://www.amazon.ca/gp/profile/amzn1.account.AGDV3AQFGL5HYS6CYSD5YE22ZECA/ref=cm_cr_getr_d_gw_btm?ie=UTF8,2020-09-21 08:43:07.113594,2020-09-21 08:43:07.235594,Carhartt Men's Midweight Sleeve Logo Hooded Sweatshirt,No,212,B002G9UDYG,AE3LRCOFYOIXMTUVY7MELWKBDM6A
12,AGCY6GQVGTKBSQZZJCAMP4CMYVYA,True,good,the color was more orange than i though it would be and and feels a little thinner maybe and fits a little smaller compared to the blue and brown ones i have.But it is a nice contrast and is good quality and i would buy it again,"March 11, 2020",GJ,4.0,0,https://www.amazon.ca/gp/profile/amzn1.account.AGCY6GQVGTKBSQZZJCAMP4CMYVYA/ref=cm_cr_getr_d_gw_btm?ie=UTF8,2020-09-21 08:43:07.239499,2020-09-21 08:43:07.362474,Carhartt Men's Midweight Sleeve Logo Hooded Sweatshirt,No,212,B002G9UDYG,AE3LRCOFYOIXMTUVY7MELWKBDM6A
13,AFQAT3M3JMD3MRIIUC2AQCJQ2XGA,True,Very Small Hood Fit,"I have two other carhartt hoodies that I absolutely love. My heather grey hoody was made in mexico. But this black one was made in Honduras. I'm not sure why, but the hood on the sweater is considerably smaller than my other hoods and puts pressure on my head. It is disproportional to the rest of the hoody. Even though it's a large tall, and in the color I want, the fit is very poor. I am surprised carhartt let this slide. I am returning this item.","February 3, 2019",Curtis,2.0,0,https://www.amazon.ca/gp/profile/amzn1.account.AFQAT3M3JMD3MRIIUC2AQCJQ2XGA/ref=cm_cr_getr_d_gw_btm?ie=UTF8,2020-09-21 08:43:07.370283,2020-09-21 08:43:07.503017,Carhartt Men's Midweight Sleeve Logo Hooded Sweatshirt,No,212,B002G9UDYG,AE3LRCOFYOIXMTUVY7MELWKBDM6A
14,AE77IXZONIFDG2HT2BXCYFUQOEVA,True,Ordered for the fiance,He loved it originally ordered the XL as thats the size he usually wears and he was swimming in it. We exchanged it for a large and it fits great,"July 24, 2020",Amazon Customer,5.0,0,https://www.amazon.ca/gp/profile/amzn1.account.AE77IXZONIFDG2HT2BXCYFUQOEVA/ref=cm_cr_getr_d_gw_btm?ie=UTF8,2020-09-21 08:43:07.506922,2020-09-21 08:43:07.627946,Carhartt Men's Midweight Sleeve Logo Hooded Sweatshirt,No,212,B002G9UDYG,AE3LRCOFYOIXMTUVY7MELWKBDM6A
15,AEID44UYHT44AK3CHHX7ATX7FQCQ,True,Too big!!! Size down,Good product but holy crap. lol i ordered a medium for my boyfriend. Who fits a medium perfect usually. And it came ( im medium ) but looks like a very BIG large,"November 2, 2019",Speedy,5.0,0,https://www.amazon.ca/gp/profile/amzn1.account.AEID44UYHT44AK3CHHX7ATX7FQCQ/ref=cm_cr_getr_d_gw_btm?ie=UTF8,2020-09-21 08:43:07.632825,2020-09-21 08:43:07.766537,Carhartt Men's Midweight Sleeve Logo Hooded Sweatshirt,No,212,B002G9UDYG,AE3LRCOFYOIXMTUVY7MELWKBDM6A
16,AE3MTLU4EXBPD6A4QEQLAA4APL3Q,True,Excellent product!,Love this hoodie as expected as it comes from carhartt wear it fixing rigs out and about around the farm. 100% love it warm and cozy!,"April 29, 2020",Don H.,5.0,0,https://www.amazon.ca/gp/profile/amzn1.account.AE3MTLU4EXBPD6A4QEQLAA4APL3Q/ref=cm_cr_getr_d_gw_btm?ie=UTF8,2020-09-21 08:43:07.771417,2020-09-21 08:43:07.896347,Carhartt Men's Midweight Sleeve Logo Hooded Sweatshirt,No,212,B002G9UDYG,AE3LRCOFYOIXMTUVY7MELWKBDM6A
17,AFSCJYO5L32AX4ILX47CTALLZ76A,True,"great sweater!! super good quality, it’s my go to!!",i bought an xxl. i weigh around 180 and 5’7.. it does run a bit long but i also did buy a bigger size since i wanted the baggy over sized look. Over all a great sweater i wear it all the time!!,"May 22, 2020",Taylor Skjelstad,5.0,0,https://www.amazon.ca/gp/profile/amzn1.account.AFSCJYO5L32AX4ILX47CTALLZ76A/ref=cm_cr_getr_d_gw_btm?ie=UTF8,2020-09-21 08:43:07.900249,2020-09-21 08:43:08.024200,Carhartt Men's Midweight Sleeve Logo Hooded Sweatshirt,No,212,B002G9UDYG,AE3LRCOFYOIXMTUVY7MELWKBDM6A
18,AETCXIZUTYWFJD6OMFQEE57G4AFQ,True,Great hoodies,Bought 2. Love these sweaters. As a lot of people say they fit big which is exactly what I wanted. Great materials. Nice warmth.,"November 23, 2019",Ryan B,5.0,0,https://www.amazon.ca/gp/profile/amzn1.account.AETCXIZUTYWFJD6OMFQEE57G4AFQ/ref=cm_cr_getr_d_gw_btm?ie=UTF8,2020-09-21 08:43:08.028105,2020-09-21 08:43:08.157914,Carhartt Men's Midweight Sleeve Logo Hooded Sweatshirt,No,212,B002G9UDYG,AE3LRCOFYOIXMTUVY7MELWKBDM6A
19,AEV7HIRLNVEMJXZAZA6B2ZCU4IHA,True,Fiance loves it.,"My fiance loves this hoodie. Fits great and very warm.
No complaints! He usually wears a large because he is so tall and it fit perfect :)","January 27, 2020",Shandel Hill,5.0,0,https://www.amazon.ca/gp/profile/amzn1.account.AEV7HIRLNVEMJXZAZA6B2ZCU4IHA/ref=cm_cr_getr_d_gw_btm?ie=UTF8,2020-09-21 08:43:08.168647,2020-09-21 08:43:08.292601,Carhartt Men's Midweight Sleeve Logo Hooded Sweatshirt,No,212,B002G9UDYG,AE3LRCOFYOIXMTUVY7MELWKBDM6A
20,AHWGJAUT6BIXGCL2UPPTMHPNZORA,True,size down,"bought this for my husband who is a large in everything, and it fit big. returned and ordered a medium, fits much better.","June 2, 2020",Amazon Customer,5.0,0,https://www.amazon.ca/gp/profile/amzn1.account.AHWGJAUT6BIXGCL2UPPTMHPNZORA/ref=cm_cr_getr_d_gw_btm?ie=UTF8,2020-09-21 08:43:12.441567,2020-09-21 08:43:12.590893,Carhartt Men's Midweight Sleeve Logo Hooded Sweatshirt,No,212,B002G9UDYG,AE3LRCOFYOIXMTUVY7MELWKBDM6A
21,AGACV2TA7LTRLENR4J4EEPYA4Y4Q,True,My new favourite hoodie,"Great quality hoodie, I am definitely going to be buying another one soon. I am very pleased with the size since it fits nicely enough to still give breathing space inside. I almost don’t want to wear this at work but I know I will eventually.","May 18, 2020",T,5.0,0,https://www.amazon.ca/gp/profile/amzn1.account.AGACV2TA7LTRLENR4J4EEPYA4Y4Q/ref=cm_cr_getr_d_gw_btm?ie=UTF8,2020-09-21 08:43:12.595774,2020-09-21 08:43:12.719725,Carhartt Men's Midweight Sleeve Logo Hooded Sweatshirt,No,212,B002G9UDYG,AE3LRCOFYOIXMTUVY7MELWKBDM6A
22,AFXQGSVDCOQRDPRHMDCZ5MCJ5GAA,True,... a tall but this is really tall which is fine for me but if you are border line tall ...,One thing is I'm a tall but this is really tall which is fine for me but if you are border line tall I would go with the regular length. Very warm sweater. Love it,"November 23, 2017",Mark,5.0,One,https://www.amazon.ca/gp/profile/amzn1.account.AFXQGSVDCOQRDPRHMDCZ5MCJ5GAA/ref=cm_cr_getr_d_gw_btm?ie=UTF8,2020-09-21 08:43:12.723630,2020-09-21 08:43:12.864173,Carhartt Men's Midweight Sleeve Logo Hooded Sweatshirt,No,212,B002G9UDYG,AE3LRCOFYOIXMTUVY7MELWKBDM6A
23,AGOACPPWYNQAUSKJE377MHTC7R5Q,True,Awesome sweater,"Bought this for my boyfriend and he loves it. It’s warm, fits perfect, and is a great material","April 1, 2020",Ashley White,5.0,0,https://www.amazon.ca/gp/profile/amzn1.account.AGOACPPWYNQAUSKJE377MHTC7R5Q/ref=cm_cr_getr_d_gw_btm?ie=UTF8,2020-09-21 08:43:12.869053,2020-09-21 08:43:12.994957,Carhartt Men's Midweight Sleeve Logo Hooded Sweatshirt,No,212,B002G9UDYG,AE3LRCOFYOIXMTUVY7MELWKBDM6A
24,AFTPIEDXM3CJLWE5AGEMYDS76WZA,True,One Star,"I purchased this sweater and it was a scam, the real sweaters cost 79 dollars in store","March 16, 2017",Harlen,1.0,3,https://www.amazon.ca/gp/profile/amzn1.account.AFTPIEDXM3CJLWE5AGEMYDS76WZA/ref=cm_cr_getr_d_gw_btm?ie=UTF8,2020-09-21 08:43:12.998861,2020-09-21 08:43:13.140381,Carhartt Men's Midweight Sleeve Logo Hooded Sweatshirt,No,212,B002G9UDYG,AE3LRCOFYOIXMTUVY7MELWKBDM6A
25,AHDLCHXZ7N3BHJSHIAL2UQNV5NWQ,True,Pileing after wearing two times,The size is great and seems to be an authentic carhartt sweater but I wore it two days at work and it’s already pileing. I only own the heavyweight sweaters so this was my first midweight one. Not sure if that’s normal with them of not. But won’t be buying the midweight ones again.,"May 10, 2020",MrsWitmer,2.0,0,https://www.amazon.ca/gp/profile/amzn1.account.AHDLCHXZ7N3BHJSHIAL2UQNV5NWQ/ref=cm_cr_getr_d_gw_btm?ie=UTF8,2020-09-21 08:43:13.145260,2020-09-21 08:43:13.268236,Carhartt Men's Midweight Sleeve Logo Hooded Sweatshirt,No,212,B002G9UDYG,AE3LRCOFYOIXMTUVY7MELWKBDM6A
26,AGRJIPFQGJM7BK4XQVFFZHKTGU5A,True,Fit is a little large - recommend ordering one size smaller,"We initially ordered a Medium for our son, but had to return for a Small.

Well built sweater - our son really likes it.","January 26, 2019",Shaun Novak,5.0,0,https://www.amazon.ca/gp/profile/amzn1.account.AGRJIPFQGJM7BK4XQVFFZHKTGU5A/ref=cm_cr_getr_d_gw_btm?ie=UTF8,2020-09-21 08:43:13.272141,2020-09-21 08:43:13.397068,Carhartt Men's Midweight Sleeve Logo Hooded Sweatshirt,No,212,B002G9UDYG,AE3LRCOFYOIXMTUVY7MELWKBDM6A
27,AGLGRMDIGEUMLJ63SNN7JKYKGKMQ,True,It’s great,Fits a size bigger than a regular size so go one size down. Usually wear M got a S and fits with comfort and room.,"December 25, 2019",Win,5.0,0,https://www.amazon.ca/gp/profile/amzn1.account.AGLGRMDIGEUMLJ63SNN7JKYKGKMQ/ref=cm_cr_getr_d_gw_btm?ie=UTF8,2020-09-21 08:43:13.402951,2020-09-21 08:43:13.538587,Carhartt Men's Midweight Sleeve Logo Hooded Sweatshirt,No,212,B002G9UDYG,AE3LRCOFYOIXMTUVY7MELWKBDM6A
28,AGIO3MPJN524ZPSH2KC4KSYRHQAQ,True,Wash inside out and hand dry and it wouldn't shrink ...,Wash inside out and hand dry and it wouldn't shrink. Looking forward to buying 2 more in the fall. Wish there more colours available in the larger sizes tho.,"April 23, 2018",T.C.,5.0,0,https://www.amazon.ca/gp/profile/amzn1.account.AGIO3MPJN524ZPSH2KC4KSYRHQAQ/ref=cm_cr_getr_d_gw_btm?ie=UTF8,2020-09-21 08:43:13.543467,2020-09-21 08:43:13.667419,Carhartt Men's Midweight Sleeve Logo Hooded Sweatshirt,No,212,B002G9UDYG,AE3LRCOFYOIXMTUVY7MELWKBDM6A
29,AE3LRCOFYOIXMTUVY7MELWKBDM6A,True,Perfect hoodie for me.,You really can't beat Carhartt for their quality at this price point. Excellent product.,"June 10, 2020",genericname,5.0,0,https://www.amazon.ca/gp/profile/amzn1.account.AE3LRCOFYOIXMTUVY7MELWKBDM6A/ref=cm_cr_getr_d_gw_btm?ie=UTF8,2020-09-21 08:43:13.672300,2020-09-21 08:43:13.799179,Carhartt Men's Midweight Sleeve Logo Hooded Sweatshirt,No,212,B002G9UDYG,AE3LRCOFYOIXMTUVY7MELWKBDM6A
30,AEW74JAMUMN3IQ6ZFZEOCEU36M4A,True,DO NOT BUY,Knock offs. Do not buy. The carhartt decal was already peeling off when I received it.,"April 3, 2017",Spencer,1.0,5,https://www.amazon.ca/gp/profile/amzn1.account.AEW74JAMUMN3IQ6ZFZEOCEU36M4A/ref=cm_cr_getr_d_gw_btm?ie=UTF8,2020-09-21 08:43:15.957112,2020-09-21 08:43:16.103510,Carhartt Men's Midweight Sleeve Logo Hooded Sweatshirt,No,212,B002G9UDYG,AE3LRCOFYOIXMTUVY7MELWKBDM6A
31,AEH3HLYZG2SFRKGJ4RQONIR4ISXQ,True,Decent quality hoodie,"Colour true to picture. Comfortable, decent quality. My son fits a large and I ordered a large - fits great.","January 8, 2020",Yvette,5.0,0,https://www.amazon.ca/gp/profile/amzn1.account.AEH3HLYZG2SFRKGJ4RQONIR4ISXQ/ref=cm_cr_getr_d_gw_btm?ie=UTF8,2020-09-21 08:43:16.107414,2020-09-21 08:43:16.230414,Carhartt Men's Midweight Sleeve Logo Hooded Sweatshirt,No,212,B002G9UDYG,AE3LRCOFYOIXMTUVY7MELWKBDM6A
32,AG6TA3QPTIKYXZAC4SECHEBLT2LQ,True,Don’t buy,"It is nice, but The pictures were missed leading. I thought we were getting a hoodie with white writing. It’s neon green","October 2, 2018",Holly,2.0,One,https://www.amazon.ca/gp/profile/amzn1.account.AG6TA3QPTIKYXZAC4SECHEBLT2LQ/ref=cm_cr_getr_d_gw_btm?ie=UTF8,2020-09-21 08:43:16.234293,2020-09-21 08:43:16.365077,Carhartt Men's Midweight Sleeve Logo Hooded Sweatshirt,No,212,B002G9UDYG,AE3LRCOFYOIXMTUVY7MELWKBDM6A
33,AE4ZQ4LFXF6P4NZ7FU5XX7UBZHMA,True,Excellent Hoodie!!!,Great quality!! Fits exactly as expected!! My husband absolutely loves this hoodie! Will definitely be purchasing again.,"January 6, 2019",Jitter,5.0,0,https://www.amazon.ca/gp/profile/amzn1.account.AE4ZQ4LFXF6P4NZ7FU5XX7UBZHMA/ref=cm_cr_getr_d_gw_btm?ie=UTF8,2020-09-21 08:43:16.368981,2020-09-21 08:43:16.498789,Carhartt Men's Midweight Sleeve Logo Hooded Sweatshirt,No,212,B002G9UDYG,AE3LRCOFYOIXMTUVY7MELWKBDM6A
34,AF2WJ3XO4Q5E62O66XJ5JK7PEMHQ,True,Love it!!,Bought it for my boyfriend as a gift and he LOVES it perfect colour perfect fit perfect purchase 👌🏽,"March 8, 2020",Jayme,5.0,0,https://www.amazon.ca/gp/profile/amzn1.account.AF2WJ3XO4Q5E62O66XJ5JK7PEMHQ/ref=cm_cr_getr_d_gw_btm?ie=UTF8,2020-09-21 08:43:16.512452,2020-09-21 08:43:16.636405,Carhartt Men's Midweight Sleeve Logo Hooded Sweatshirt,No,212,B002G9UDYG,AE3LRCOFYOIXMTUVY7MELWKBDM6A
35,AG27KEFENYXM43IRXR4EOTETVCRA,True,Fits perfect!,Soft and warm fits perfect and looks awesome 😊 was gift for boyfriend !,"June 17, 2019",Victoria,5.0,0,https://www.amazon.ca/gp/profile/amzn1.account.AG27KEFENYXM43IRXR4EOTETVCRA/ref=cm_cr_getr_d_gw_btm?ie=UTF8,2020-09-21 08:43:16.640309,2020-09-21 08:43:16.763284,Carhartt Men's Midweight Sleeve Logo Hooded Sweatshirt,No,212,B002G9UDYG,AE3LRCOFYOIXMTUVY7MELWKBDM6A
36,AF6VMBJD4IL6IQWL42P4OCVEDVLQ,True,"Good looking color, big front pockets and keeps you warm",I really like the color of the sweater and the material is great. Also it’s a tough material good for working outdoors when you don’t feel like wearing a jacket. The front pocket is large making a lot of room for beers,"February 26, 2020",Chris,5.0,0,https://www.amazon.ca/gp/profile/amzn1.account.AF6VMBJD4IL6IQWL42P4OCVEDVLQ/ref=cm_cr_getr_d_gw_btm?ie=UTF8,2020-09-21 08:43:16.767188,2020-09-21 08:43:16.896995,Carhartt Men's Midweight Sleeve Logo Hooded Sweatshirt,No,212,B002G9UDYG,AE3LRCOFYOIXMTUVY7MELWKBDM6A
37,AGEHB5NQ63SSDRZRYSOQG267GN2A,True,Great product,Bought as a gift. Pleased to give it as it is very good Quality. Recipient has worn it non stop!,"July 7, 2020",dwb,5.0,0,https://www.amazon.ca/gp/profile/amzn1.account.AGEHB5NQ63SSDRZRYSOQG267GN2A/ref=cm_cr_getr_d_gw_btm?ie=UTF8,2020-09-21 08:43:16.901900,2020-09-21 08:43:17.040467,Carhartt Men's Midweight Sleeve Logo Hooded Sweatshirt,No,212,B002G9UDYG,AE3LRCOFYOIXMTUVY7MELWKBDM6A
38,AHHODIXT7RLQGIMLN6QXLSGX5EKQ,True,Love it and it was delivered within days of ordering,"This hoodie showed up within 2 days of me ordering it. It fits a little big, but that is what I was expecting because I wear my hoodies on the bigger side. It is comfy, warm and durable. I love it!","May 28, 2020",Cindy C.,5.0,0,https://www.amazon.ca/gp/profile/amzn1.account.AHHODIXT7RLQGIMLN6QXLSGX5EKQ/ref=cm_cr_getr_d_gw_btm?ie=UTF8,2020-09-21 08:43:17.044372,2020-09-21 08:43:17.169300,Carhartt Men's Midweight Sleeve Logo Hooded Sweatshirt,No,212,B002G9UDYG,AE3LRCOFYOIXMTUVY7MELWKBDM6A
39,AEQ6B4OOT7TQ7POQADZA2DIIWGGA,True,Great Fit and warm,"Love the quality of the sweater. The fit is your normal sizing. Nice and warm fleece lined, as well as front pocket is also lined with fleece, will be buying another color soon!","July 8, 2020",Chris L,5.0,0,https://www.amazon.ca/gp/profile/amzn1.account.AEQ6B4OOT7TQ7POQADZA2DIIWGGA/ref=cm_cr_getr_d_gw_btm?ie=UTF8,2020-09-21 08:43:17.173203,2020-09-21 08:43:17.298130,Carhartt Men's Midweight Sleeve Logo Hooded Sweatshirt,No,212,B002G9UDYG,AE3LRCOFYOIXMTUVY7MELWKBDM6A
40,AHVSMVBSK4DPYFI4545DMNP5C46A,True,Amazon is better price but same Quality!,"My boyfriend (6 foot) he loves these hoodies, wears them to work all the time (electrician). Ordered from the actual Carhartt website and was 90$ this is way cheaper and comes wayyyyy faster.","April 22, 2020",Ehma Barton Paquette,5.0,0,https://www.amazon.ca/gp/profile/amzn1.account.AHVSMVBSK4DPYFI4545DMNP5C46A/ref=cm_cr_getr_d_gw_btm?ie=UTF8,2020-09-21 08:43:19.432639,2020-09-21 08:43:19.579038,Carhartt Men's Midweight Sleeve Logo Hooded Sweatshirt,No,212,B002G9UDYG,AE3LRCOFYOIXMTUVY7MELWKBDM6A
41,AGKRWURZOA7SGTGZTB73EME3NE3Q,True,Great sweater,Love everything about carhartt gear,"February 19, 2020",Meaghan,5.0,0,https://www.amazon.ca/gp/profile/amzn1.account.AGKRWURZOA7SGTGZTB73EME3NE3Q/ref=cm_cr_getr_d_gw_btm?ie=UTF8,2020-09-21 08:43:19.582941,2020-09-21 08:43:19.704942,Carhartt Men's Midweight Sleeve Logo Hooded Sweatshirt,No,212,B002G9UDYG,AE3LRCOFYOIXMTUVY7MELWKBDM6A
42,AG747KXO2OST3RLRKTEZZJQTAA7A,True,Perfect,As always carhartt hoodies are thick and warm when working outside.,"March 9, 2019",LATINO,5.0,0,https://www.amazon.ca/gp/profile/amzn1.account.AG747KXO2OST3RLRKTEZZJQTAA7A/ref=cm_cr_getr_d_gw_btm?ie=UTF8,2020-09-21 08:43:19.708846,2020-09-21 08:43:19.832797,Carhartt Men's Midweight Sleeve Logo Hooded Sweatshirt,No,212,B002G9UDYG,AE3LRCOFYOIXMTUVY7MELWKBDM6A
43,AHDKPC3JNHONO54QYD2SQMX3YORQ,True,Awesome,Got this for bf for Christmas he lives it his fav sweater,"February 25, 2020",christine,5.0,0,https://www.amazon.ca/gp/profile/amzn1.account.AHDKPC3JNHONO54QYD2SQMX3YORQ/ref=cm_cr_getr_d_gw_btm?ie=UTF8,2020-09-21 08:43:19.837678,2020-09-21 08:43:19.963606,Carhartt Men's Midweight Sleeve Logo Hooded Sweatshirt,No,212,B002G9UDYG,AE3LRCOFYOIXMTUVY7MELWKBDM6A
44,AH2FB5YH54SJ26QXHFFVBUSTMD3A,True,Good quality and fits perfectly,I find these hoodies to be very warm to wear and very good quality. I have had no issues with Carhartt products so far!,"January 30, 2020",Amazon Customer,5.0,0,https://www.amazon.ca/gp/profile/amzn1.account.AH2FB5YH54SJ26QXHFFVBUSTMD3A/ref=cm_cr_getr_d_gw_btm?ie=UTF8,2020-09-21 08:43:19.967485,2020-09-21 08:43:20.095340,Carhartt Men's Midweight Sleeve Logo Hooded Sweatshirt,No,212,B002G9UDYG,AE3LRCOFYOIXMTUVY7MELWKBDM6A
45,AE75GVCX3LV47765J4T7WSMMHDMA,True,Good stuff!,"The color is nice, the confort is the best.","June 13, 2020",Dumnorix,5.0,0,https://www.amazon.ca/gp/profile/amzn1.account.AE75GVCX3LV47765J4T7WSMMHDMA/ref=cm_cr_getr_d_gw_btm?ie=UTF8,2020-09-21 08:43:20.100222,2020-09-21 08:43:20.244668,Carhartt Men's Midweight Sleeve Logo Hooded Sweatshirt,No,212,B002G9UDYG,AE3LRCOFYOIXMTUVY7MELWKBDM6A
46,AHTBSICUZQOEXQEM5FPQJUZ6GPUQ,True,Great quality,Same great carhartt quality,"February 22, 2020",Jessica Lejeune,5.0,0,https://www.amazon.ca/gp/profile/amzn1.account.AHTBSICUZQOEXQEM5FPQJUZ6GPUQ/ref=cm_cr_getr_d_gw_btm?ie=UTF8,2020-09-21 08:43:20.249547,2020-09-21 08:43:20.374477,Carhartt Men's Midweight Sleeve Logo Hooded Sweatshirt,No,212,B002G9UDYG,AE3LRCOFYOIXMTUVY7MELWKBDM6A
47,AHJS5YPWV2X2PICC6UV2N6XKONIQ,True,Great quality!,Fits great. Looks like it'll hold up to abuse! I like it!,"January 8, 2020",Amazon Customer,5.0,0,https://www.amazon.ca/gp/profile/amzn1.account.AHJS5YPWV2X2PICC6UV2N6XKONIQ/ref=cm_cr_getr_d_gw_btm?ie=UTF8,2020-09-21 08:43:20.379356,2020-09-21 08:43:20.501355,Carhartt Men's Midweight Sleeve Logo Hooded Sweatshirt,No,212,B002G9UDYG,AE3LRCOFYOIXMTUVY7MELWKBDM6A
48,AGMTI5ZPY5DBFYDQTZ6BBQZJZPGA,True,👍🏻,"Carhart, good stuff.","December 24, 2019",Mr. Lambrechts,5.0,0,https://www.amazon.ca/gp/profile/amzn1.account.AGMTI5ZPY5DBFYDQTZ6BBQZJZPGA/ref=cm_cr_getr_d_gw_btm?ie=UTF8,2020-09-21 08:43:20.505260,2020-09-21 08:43:20.630187,Carhartt Men's Midweight Sleeve Logo Hooded Sweatshirt,No,212,B002G9UDYG,AE3LRCOFYOIXMTUVY7MELWKBDM6A
49,AGKA4HFMMZTUNMVITEZCLX5C2JFA,True,Sweatshirt is well made and warm,Delivery was quick. Sweatshirt is perfect for layering or wearing on it's own. Size was true to description,"December 18, 2018",Michael ,5.0,One,https://www.amazon.ca/gp/profile/amzn1.account.AGKA4HFMMZTUNMVITEZCLX5C2JFA/ref=cm_cr_getr_d_gw_btm?ie=UTF8,2020-09-21 08:43:20.634090,2020-09-21 08:43:20.766826,Carhartt Men's Midweight Sleeve Logo Hooded Sweatshirt,No,212,B002G9UDYG,AE3LRCOFYOIXMTUVY7MELWKBDM6A
50,AE7TNPSIVLEZJVK6ZBGETJGJCGKQ,True,Awesome hoodie!,Fits big but that’s the way I like it. Amazing quality and amazing deal! Will be buying different colours.,"June 9, 2018",K.W.,5.0,0,https://www.amazon.ca/gp/profile/amzn1.account.AE7TNPSIVLEZJVK6ZBGETJGJCGKQ/ref=cm_cr_getr_d_gw_btm?ie=UTF8,2020-09-21 08:43:26.896096,2020-09-21 08:43:27.021997,Carhartt Men's Midweight Sleeve Logo Hooded Sweatshirt,No,212,B002G9UDYG,AE3LRCOFYOIXMTUVY7MELWKBDM6A
51,AEITYXYMDCVUHFZS5XARGEQEAT5A,True,Comfort,Sooo comfortable. It’s fits big but it’s comfotable.,"March 25, 2019",Jsamuels,5.0,0,https://www.amazon.ca/gp/profile/amzn1.account.AEITYXYMDCVUHFZS5XARGEQEAT5A/ref=cm_cr_getr_d_gw_btm?ie=UTF8,2020-09-21 08:43:27.025900,2020-09-21 08:43:27.147900,Carhartt Men's Midweight Sleeve Logo Hooded Sweatshirt,No,212,B002G9UDYG,AE3LRCOFYOIXMTUVY7MELWKBDM6A
52,AGGLUK3YZCQN7FPUVRLMOORGREPQ,True,Wrong colour again,2/3 shirts ordered were wrong colour (compare product ordered to photo),"December 16, 2018",Andrew,2.0,2,https://www.amazon.ca/gp/profile/amzn1.account.AGGLUK3YZCQN7FPUVRLMOORGREPQ/ref=cm_cr_getr_d_gw_btm?ie=UTF8,2020-09-21 08:43:27.151804,2020-09-21 08:43:27.277708,Carhartt Men's Midweight Sleeve Logo Hooded Sweatshirt,No,212,B002G9UDYG,AE3LRCOFYOIXMTUVY7MELWKBDM6A
53,AG6NNBNVTJHTIV4EEL5DJINNLUZA,True,Love it,"Love it. Fits true to size. Heavy duty, real Carhartt. 5 stars for me. Very cozy.","May 5, 2020",Ktone,5.0,0,https://www.amazon.ca/gp/profile/amzn1.account.AG6NNBNVTJHTIV4EEL5DJINNLUZA/ref=cm_cr_getr_d_gw_btm?ie=UTF8,2020-09-21 08:43:27.281611,2020-09-21 08:43:27.406540,Carhartt Men's Midweight Sleeve Logo Hooded Sweatshirt,No,212,B002G9UDYG,AE3LRCOFYOIXMTUVY7MELWKBDM6A
54,AGU5OP6M4XRQPGVQJGOUBJS2NZ5Q,True,Perfection,"One of the best hoodies you can buy. I'm 6'1 230 and an xl fit perfect. Not to tight not to baggy, absolutely perfect. Buy this sweater","November 1, 2019",bryan,5.0,0,https://www.amazon.ca/gp/profile/amzn1.account.AGU5OP6M4XRQPGVQJGOUBJS2NZ5Q/ref=cm_cr_getr_d_gw_btm?ie=UTF8,2020-09-21 08:43:27.411419,2020-09-21 08:43:27.540253,Carhartt Men's Midweight Sleeve Logo Hooded Sweatshirt,No,212,B002G9UDYG,AE3LRCOFYOIXMTUVY7MELWKBDM6A
55,AGPZAUD5YGVNENASPIGEIE42VV5A,True,A bit big,"I odder the 5XL without even thinking and it’s pretty big but I don’t really mind it , it’s super comfy and kinda cute looking so I don’t mind it at all","May 13, 2020",Kaylee,5.0,0,https://www.amazon.ca/gp/profile/amzn1.account.AGPZAUD5YGVNENASPIGEIE42VV5A/ref=cm_cr_getr_d_gw_btm?ie=UTF8,2020-09-21 08:43:27.544156,2020-09-21 08:43:27.688604,Carhartt Men's Midweight Sleeve Logo Hooded Sweatshirt,No,212,B002G9UDYG,AE3LRCOFYOIXMTUVY7MELWKBDM6A
56,AFSG462Z4JRFGQVVMZKR374QDLUQ,True,Great fit,Once washed it shrinks to the perfect size I wanted. Use to have to buy x-large clothes just for the arm length but these large/tall fits much better.,"December 20, 2019",TomT,5.0,0,https://www.amazon.ca/gp/profile/amzn1.account.AFSG462Z4JRFGQVVMZKR374QDLUQ/ref=cm_cr_getr_d_gw_btm?ie=UTF8,2020-09-21 08:43:27.694459,2020-09-21 08:43:27.817434,Carhartt Men's Midweight Sleeve Logo Hooded Sweatshirt,No,212,B002G9UDYG,AE3LRCOFYOIXMTUVY7MELWKBDM6A
57,AFHUHPJDBWYBQXKGGVN6GZNLFKIQ,True,Awesome sweater!,Great sweater! Looks good and fits good. Thinking about buying another one or two in different colour,"January 10, 2019",Amazon Customer,5.0,0,https://www.amazon.ca/gp/profile/amzn1.account.AFHUHPJDBWYBQXKGGVN6GZNLFKIQ/ref=cm_cr_getr_d_gw_btm?ie=UTF8,2020-09-21 08:43:27.822340,2020-09-21 08:43:27.945289,Carhartt Men's Midweight Sleeve Logo Hooded Sweatshirt,No,212,B002G9UDYG,AE3LRCOFYOIXMTUVY7MELWKBDM6A
58,AEOJ3J4DOV3OOCFF7BI5MJCOOCWA,True,Best,I will always buy carhartt of Amazon amazing Quality 5 star,"May 22, 2020",Amanda ,5.0,0,https://www.amazon.ca/gp/profile/amzn1.account.AEOJ3J4DOV3OOCFF7BI5MJCOOCWA/ref=cm_cr_getr_d_gw_btm?ie=UTF8,2020-09-21 08:43:27.949194,2020-09-21 08:43:28.092665,Carhartt Men's Midweight Sleeve Logo Hooded Sweatshirt,No,212,B002G9UDYG,AE3LRCOFYOIXMTUVY7MELWKBDM6A
59,AHJNTI7FJXGWC5EBNPFA2RHW64AQ,True,As described,As described,"November 19, 2019",Ashley Gould,5.0,0,https://www.amazon.ca/gp/profile/amzn1.account.AHJNTI7FJXGWC5EBNPFA2RHW64AQ/ref=cm_cr_getr_d_gw_btm?ie=UTF8,2020-09-21 08:43:28.096569,2020-09-21 08:43:28.221498,Carhartt Men's Midweight Sleeve Logo Hooded Sweatshirt,No,212,B002G9UDYG,AE3LRCOFYOIXMTUVY7MELWKBDM6A
60,AGOTQ723QLC7D3L6RUTMMA3MSGMQ,True,True to its name Carhartt,I like the quality,"July 14, 2020",Tractorboy,5.0,0,https://www.amazon.ca/gp/profile/amzn1.account.AGOTQ723QLC7D3L6RUTMMA3MSGMQ/ref=cm_cr_getr_d_gw_btm?ie=UTF8,2020-09-21 08:43:31.354450,2020-09-21 08:43:31.487186,Carhartt Men's Midweight Sleeve Logo Hooded Sweatshirt,No,212,B002G9UDYG,AE3LRCOFYOIXMTUVY7MELWKBDM6A
61,AEO7JHYPMQ2SNGUWZ3FJAP2NVUQQ,True,comfy,fine,"February 5, 2020",Duane,5.0,0,https://www.amazon.ca/gp/profile/amzn1.account.AEO7JHYPMQ2SNGUWZ3FJAP2NVUQQ/ref=cm_cr_getr_d_gw_btm?ie=UTF8,2020-09-21 08:43:31.491090,2020-09-21 08:43:31.611138,Carhartt Men's Midweight Sleeve Logo Hooded Sweatshirt,No,212,B002G9UDYG,AE3LRCOFYOIXMTUVY7MELWKBDM6A
62,AG5UE75TVCXVVTIBBQLO7VSDRYPQ,True,High quality product,This hoodie is extremely comfortable and does not disappoint. What most people aren’t told is that these are designed to fit clothing underneath so they are a looser fit than normal. I’ll be buying a few more of these.,"October 27, 2018",Noah,5.0,0,https://www.amazon.ca/gp/profile/amzn1.account.AG5UE75TVCXVVTIBBQLO7VSDRYPQ/ref=cm_cr_getr_d_gw_btm?ie=UTF8,2020-09-21 08:43:31.615043,2020-09-21 08:43:31.755585,Carhartt Men's Midweight Sleeve Logo Hooded Sweatshirt,No,212,B002G9UDYG,AE3LRCOFYOIXMTUVY7MELWKBDM6A
63,AE56UTFGYPTAI67J5JGMPM6NW6ZQ,True,Keep making,Just like going into a store,"November 2, 2019",Sara,5.0,0,https://www.amazon.ca/gp/profile/amzn1.account.AE56UTFGYPTAI67J5JGMPM6NW6ZQ/ref=cm_cr_getr_d_gw_btm?ie=UTF8,2020-09-21 08:43:31.759489,2020-09-21 08:43:31.885392,Carhartt Men's Midweight Sleeve Logo Hooded Sweatshirt,No,212,B002G9UDYG,AE3LRCOFYOIXMTUVY7MELWKBDM6A
64,AGCUTFQSSPRYESGXSWSDZEGECBXA,True,!,Nice fit. I like it!,"May 2, 2020",Jackie,5.0,0,https://www.amazon.ca/gp/profile/amzn1.account.AGCUTFQSSPRYESGXSWSDZEGECBXA/ref=cm_cr_getr_d_gw_btm?ie=UTF8,2020-09-21 08:43:31.889297,2020-09-21 08:43:32.010320,Carhartt Men's Midweight Sleeve Logo Hooded Sweatshirt,No,212,B002G9UDYG,AE3LRCOFYOIXMTUVY7MELWKBDM6A
65,AENN5QQKMD33IIHJ2BEEUHLTELOQ,True,Great quality,"this is a very nice sweatshirt. great quality, heavy and cozy","May 22, 2020",JS,5.0,0,https://www.amazon.ca/gp/profile/amzn1.account.AENN5QQKMD33IIHJ2BEEUHLTELOQ/ref=cm_cr_getr_d_gw_btm?ie=UTF8,2020-09-21 08:43:32.014224,2020-09-21 08:43:32.156721,Carhartt Men's Midweight Sleeve Logo Hooded Sweatshirt,No,212,B002G9UDYG,AE3LRCOFYOIXMTUVY7MELWKBDM6A
66,AGAC2H77UIHASVW35NHVVZ7ZBQ5Q,True,Awesome,"Great, true to size.","January 8, 2020",Kaitlynn Peterson,5.0,0,https://www.amazon.ca/gp/profile/amzn1.account.AGAC2H77UIHASVW35NHVVZ7ZBQ5Q/ref=cm_cr_getr_d_gw_btm?ie=UTF8,2020-09-21 08:43:32.160625,2020-09-21 08:43:32.279696,Carhartt Men's Midweight Sleeve Logo Hooded Sweatshirt,No,212,B002G9UDYG,AE3LRCOFYOIXMTUVY7MELWKBDM6A
67,AGQQ27C45IXAEYC2UAA6CO72MA5Q,True,"Very dark blue, looks nothing like the picture",The color is not anything like the blue shown in the picture. It's practically black.,"March 15, 2019",Scott Graham,1.0,One,https://www.amazon.ca/gp/profile/amzn1.account.AGQQ27C45IXAEYC2UAA6CO72MA5Q/ref=cm_cr_getr_d_gw_btm?ie=UTF8,2020-09-21 08:43:32.283599,2020-09-21 08:43:32.426095,Carhartt Men's Midweight Sleeve Logo Hooded Sweatshirt,No,212,B002G9UDYG,AE3LRCOFYOIXMTUVY7MELWKBDM6A
68,AFDCPA5ARFPVYIO4PVLJOK62Q4CA,True,Good product,Never a problem with Carhartt clothing.,"December 6, 2018",Dave Anderson,5.0,0,https://www.amazon.ca/gp/profile/amzn1.account.AFDCPA5ARFPVYIO4PVLJOK62Q4CA/ref=cm_cr_getr_d_gw_btm?ie=UTF8,2020-09-21 08:43:32.430976,2020-09-21 08:43:32.548095,Carhartt Men's Midweight Sleeve Logo Hooded Sweatshirt,No,212,B002G9UDYG,AE3LRCOFYOIXMTUVY7MELWKBDM6A
69,AEYAHSNP5HUIN7WJHBNG56Y5JHBQ,True,Favorite hoodie,Good hoodie. I would buy a second one,"October 19, 2019",rylan,5.0,0,https://www.amazon.ca/gp/profile/amzn1.account.AEYAHSNP5HUIN7WJHBNG56Y5JHBQ/ref=cm_cr_getr_d_gw_btm?ie=UTF8,2020-09-21 08:43:32.552000,2020-09-21 08:43:32.673023,Carhartt Men's Midweight Sleeve Logo Hooded Sweatshirt,No,212,B002G9UDYG,AE3LRCOFYOIXMTUVY7MELWKBDM6A
70,AETZHRCZ5EUDT4EX6LVFPCW4K3WQ,True,Perfect,Perfect,"January 6, 2020",Amazon Customer,5.0,0,https://www.amazon.ca/gp/profile/amzn1.account.AETZHRCZ5EUDT4EX6LVFPCW4K3WQ/ref=cm_cr_getr_d_gw_btm?ie=UTF8,2020-09-21 08:43:34.824122,2020-09-21 08:43:34.947098,Carhartt Men's Midweight Sleeve Logo Hooded Sweatshirt,No,212,B002G9UDYG,AE3LRCOFYOIXMTUVY7MELWKBDM6A
71,AGVXI3C7JF463XNW7J5NCJBF34RA,True,Très confortable et de bonne Calité,Tout les jours,"December 25, 2019",Sylvie,5.0,0,https://www.amazon.ca/gp/profile/amzn1.account.AGVXI3C7JF463XNW7J5NCJBF34RA/ref=cm_cr_getr_d_gw_btm?ie=UTF8,2020-09-21 08:43:34.951002,2020-09-21 08:43:35.073001,Carhartt Men's Midweight Sleeve Logo Hooded Sweatshirt,No,212,B002G9UDYG,AE3LRCOFYOIXMTUVY7MELWKBDM6A
72,AEMRVLHVB3QWK2L7UD6RSSOFBG6Q,True,super cozy!,"very high quality, great fit, comfortable.","April 7, 2019",Jordan F,5.0,0,https://www.amazon.ca/gp/profile/amzn1.account.AEMRVLHVB3QWK2L7UD6RSSOFBG6Q/ref=cm_cr_getr_d_gw_btm?ie=UTF8,2020-09-21 08:43:35.076905,2020-09-21 08:43:35.199881,Carhartt Men's Midweight Sleeve Logo Hooded Sweatshirt,No,212,B002G9UDYG,AE3LRCOFYOIXMTUVY7MELWKBDM6A
73,AGFCQPYKCUZ3YQRKGYVHFVTQT2FQ,True,Great,"The hoodie is great. Amazing quality, good bang for the buck.","November 3, 2018",Amazon Customer,5.0,0,https://www.amazon.ca/gp/profile/amzn1.account.AGFCQPYKCUZ3YQRKGYVHFVTQT2FQ/ref=cm_cr_getr_d_gw_btm?ie=UTF8,2020-09-21 08:43:35.203787,2020-09-21 08:43:35.325785,Carhartt Men's Midweight Sleeve Logo Hooded Sweatshirt,No,212,B002G9UDYG,AE3LRCOFYOIXMTUVY7MELWKBDM6A
74,AF5FCZW63VXKGWDYOL2PPO5WEOBQ,True,Perfect for the working man,Was a gift for my fiancé. He loved the fit and it’s durability for working on winter job sites.,"January 15, 2020",Saige,5.0,0,https://www.amazon.ca/gp/profile/amzn1.account.AF5FCZW63VXKGWDYOL2PPO5WEOBQ/ref=cm_cr_getr_d_gw_btm?ie=UTF8,2020-09-21 08:43:35.330664,2020-09-21 08:43:35.457545,Carhartt Men's Midweight Sleeve Logo Hooded Sweatshirt,No,212,B002G9UDYG,AE3LRCOFYOIXMTUVY7MELWKBDM6A
75,AGIWY23NXVO6TEXPL34OZG6J3YLQ,True,Perfect hoodie!,So comfortable and warm! The fit is perfect,"January 24, 2020",Hailey,5.0,0,https://www.amazon.ca/gp/profile/amzn1.account.AGIWY23NXVO6TEXPL34OZG6J3YLQ/ref=cm_cr_getr_d_gw_btm?ie=UTF8,2020-09-21 08:43:35.461449,2020-09-21 08:43:35.603943,Carhartt Men's Midweight Sleeve Logo Hooded Sweatshirt,No,212,B002G9UDYG,AE3LRCOFYOIXMTUVY7MELWKBDM6A
76,AE4PCM5MNHXSGK3ACNL23M55KOMA,True,Trop grand,Ben trop grand ca pas d’allure !!,"July 3, 2020",Client d'Amazon,2.0,0,https://www.amazon.ca/gp/profile/amzn1.account.AE4PCM5MNHXSGK3ACNL23M55KOMA/ref=cm_cr_getr_d_gw_btm?ie=UTF8,2020-09-21 08:43:35.607849,2020-09-21 08:43:35.724968,Carhartt Men's Midweight Sleeve Logo Hooded Sweatshirt,No,212,B002G9UDYG,AE3LRCOFYOIXMTUVY7MELWKBDM6A
77,AHF7ZKYUVKRLIHQXS7GSPOBHKXMQ,True,Carhartt quality!,Warm hoodie,"January 12, 2020",Jonathan Pelletier,5.0,0,https://www.amazon.ca/gp/profile/amzn1.account.AHF7ZKYUVKRLIHQXS7GSPOBHKXMQ/ref=cm_cr_getr_d_gw_btm?ie=UTF8,2020-09-21 08:43:35.728872,2020-09-21 08:43:35.845991,Carhartt Men's Midweight Sleeve Logo Hooded Sweatshirt,No,212,B002G9UDYG,AE3LRCOFYOIXMTUVY7MELWKBDM6A
78,AHML3EYYLQC34XK2TZBR7TQH3WNA,True,Great hoody!,"Mens small fits like a womens medium/large, cuffs and waist seam fit a little tighter if you aren't used to how carhartt usually fits.","July 11, 2019",Rowan Campbell,5.0,0,https://www.amazon.ca/gp/profile/amzn1.account.AHML3EYYLQC34XK2TZBR7TQH3WNA/ref=cm_cr_getr_d_gw_btm?ie=UTF8,2020-09-21 08:43:35.849897,2020-09-21 08:43:35.974822,Carhartt Men's Midweight Sleeve Logo Hooded Sweatshirt,No,212,B002G9UDYG,AE3LRCOFYOIXMTUVY7MELWKBDM6A
79,AGBYKB2CBIOPAGUF6ZNTYMB6T7GQ,True,Good fit,Great shirt nice for tall men,"January 3, 2020",Amazon Customer,4.0,0,https://www.amazon.ca/gp/profile/amzn1.account.AGBYKB2CBIOPAGUF6ZNTYMB6T7GQ/ref=cm_cr_getr_d_gw_btm?ie=UTF8,2020-09-21 08:43:35.978727,2020-09-21 08:43:36.101702,Carhartt Men's Midweight Sleeve Logo Hooded Sweatshirt,No,212,B002G9UDYG,AE3LRCOFYOIXMTUVY7MELWKBDM6A
80,AEOY7ONXDXJCUPBPQQPXDDAGEF3Q,True,Comfy,Great price,"January 7, 2019",Phil G,5.0,0,https://www.amazon.ca/gp/profile/amzn1.account.AEOY7ONXDXJCUPBPQQPXDDAGEF3Q/ref=cm_cr_getr_d_gw_btm?ie=UTF8,2020-09-21 08:43:40.230224,2020-09-21 08:43:40.394141,Carhartt Men's Midweight Sleeve Logo Hooded Sweatshirt,No,212,B002G9UDYG,AE3LRCOFYOIXMTUVY7MELWKBDM6A
81,AH4PI662LGR4Q46KHISUO2GIOX3A,True,Comfy,"Love it, comfy and the right size","July 28, 2019",Ashley v,5.0,0,https://www.amazon.ca/gp/profile/amzn1.account.AH4PI662LGR4Q46KHISUO2GIOX3A/ref=cm_cr_getr_d_gw_btm?ie=UTF8,2020-09-21 08:43:40.399021,2020-09-21 08:43:40.520045,Carhartt Men's Midweight Sleeve Logo Hooded Sweatshirt,No,212,B002G9UDYG,AE3LRCOFYOIXMTUVY7MELWKBDM6A
82,AGZDUQG36FH5PBEHKC6LL3NRJ3OQ,True,It’s a really really nice sweater. Being “tall” I assumed it would be ...,"It’s a really really nice sweater. Being “tall” I assumed it would be a bit longer, however it does fit well.","February 11, 2018",Char,5.0,0,https://www.amazon.ca/gp/profile/amzn1.account.AGZDUQG36FH5PBEHKC6LL3NRJ3OQ/ref=cm_cr_getr_d_gw_btm?ie=UTF8,2020-09-21 08:43:40.523949,2020-09-21 08:43:40.646923,Carhartt Men's Midweight Sleeve Logo Hooded Sweatshirt,No,212,B002G9UDYG,AE3LRCOFYOIXMTUVY7MELWKBDM6A
83,AEFNONEMNVMUMSP6OFUCWJKMOIJA,True,carhartt Hoodie,Fit to size was Very pleased,"January 5, 2020",Amazon Customer,5.0,0,https://www.amazon.ca/gp/profile/amzn1.account.AEFNONEMNVMUMSP6OFUCWJKMOIJA/ref=cm_cr_getr_d_gw_btm?ie=UTF8,2020-09-21 08:43:40.651804,2020-09-21 08:43:40.777707,Carhartt Men's Midweight Sleeve Logo Hooded Sweatshirt,No,212,B002G9UDYG,AE3LRCOFYOIXMTUVY7MELWKBDM6A
84,AFTFFAYQ4KT7S3W6ACZPP6QQK6BA,True,Love it,This brand has always been good!,"May 27, 2020",Dano,5.0,0,https://www.amazon.ca/gp/profile/amzn1.account.AFTFFAYQ4KT7S3W6ACZPP6QQK6BA/ref=cm_cr_getr_d_gw_btm?ie=UTF8,2020-09-21 08:43:40.781612,2020-09-21 08:43:40.910443,Carhartt Men's Midweight Sleeve Logo Hooded Sweatshirt,No,212,B002G9UDYG,AE3LRCOFYOIXMTUVY7MELWKBDM6A
85,AHXODESZRFM3TCW4E5VLRQUMNPNA,True,xxx,Christmas gift,"January 14, 2020",Bev Hegedus,5.0,0,https://www.amazon.ca/gp/profile/amzn1.account.AHXODESZRFM3TCW4E5VLRQUMNPNA/ref=cm_cr_getr_d_gw_btm?ie=UTF8,2020-09-21 08:43:40.914349,2020-09-21 08:43:41.059772,Carhartt Men's Midweight Sleeve Logo Hooded Sweatshirt,No,212,B002G9UDYG,AE3LRCOFYOIXMTUVY7MELWKBDM6A
86,AEKHEMFRFAGG6IICZXQZCTPZDCOA,True,little big but better than too small,good fit great quality,"January 30, 2020",Amazon Customer,5.0,0,https://www.amazon.ca/gp/profile/amzn1.account.AEKHEMFRFAGG6IICZXQZCTPZDCOA/ref=cm_cr_getr_d_gw_btm?ie=UTF8,2020-09-21 08:43:41.064678,2020-09-21 08:43:41.190556,Carhartt Men's Midweight Sleeve Logo Hooded Sweatshirt,No,212,B002G9UDYG,AE3LRCOFYOIXMTUVY7MELWKBDM6A
87,AERYL6ZU6LKYSIWVYEBY6HITBKQA,True,Carhartt usual quality,"Good quality, great fit and look","January 13, 2020",Pete,5.0,0,https://www.amazon.ca/gp/profile/amzn1.account.AERYL6ZU6LKYSIWVYEBY6HITBKQA/ref=cm_cr_getr_d_gw_btm?ie=UTF8,2020-09-21 08:43:41.195435,2020-09-21 08:43:41.320363,Carhartt Men's Midweight Sleeve Logo Hooded Sweatshirt,No,212,B002G9UDYG,AE3LRCOFYOIXMTUVY7MELWKBDM6A
88,AFHHGJZCO554WMIXQH4K64YF5KOQ,True,Fits big,Very nice,"November 14, 2019",G Shaw,5.0,0,https://www.amazon.ca/gp/profile/amzn1.account.AFHHGJZCO554WMIXQH4K64YF5KOQ/ref=cm_cr_getr_d_gw_btm?ie=UTF8,2020-09-21 08:43:41.324267,2020-09-21 08:43:41.449221,Carhartt Men's Midweight Sleeve Logo Hooded Sweatshirt,No,212,B002G9UDYG,AE3LRCOFYOIXMTUVY7MELWKBDM6A
89,AFX7KOMIK4CUQ2J3GP25FLXPAWOA,True,Nice quality,Like,"March 13, 2019",Cheryl Ann Quigley,5.0,0,https://www.amazon.ca/gp/profile/amzn1.account.AFX7KOMIK4CUQ2J3GP25FLXPAWOA/ref=cm_cr_getr_d_gw_btm?ie=UTF8,2020-09-21 08:43:41.453098,2020-09-21 08:43:41.590714,Carhartt Men's Midweight Sleeve Logo Hooded Sweatshirt,No,212,B002G9UDYG,AE3LRCOFYOIXMTUVY7MELWKBDM6A
90,AHX33ODOWKIO6BBMFXJF2SVVMP6Q,True,Five Stars,Love this hoody but pretty steep price,"March 28, 2018",Cinch,5.0,0,https://www.amazon.ca/gp/profile/amzn1.account.AHX33ODOWKIO6BBMFXJF2SVVMP6Q/ref=cm_cr_getr_d_gw_btm?ie=UTF8,2020-09-21 08:43:44.724645,2020-09-21 08:43:44.891538,Carhartt Men's Midweight Sleeve Logo Hooded Sweatshirt,No,212,B002G9UDYG,AE3LRCOFYOIXMTUVY7MELWKBDM6A
91,AE5QMEBPHEMW3QFKADLCBZSYDEPQ,True,Bought as a gift,Bought as agift,"January 10, 2019",Amazon Customer,5.0,0,https://www.amazon.ca/gp/profile/amzn1.account.AE5QMEBPHEMW3QFKADLCBZSYDEPQ/ref=cm_cr_getr_d_gw_btm?ie=UTF8,2020-09-21 08:43:44.895442,2020-09-21 08:43:45.018417,Carhartt Men's Midweight Sleeve Logo Hooded Sweatshirt,No,212,B002G9UDYG,AE3LRCOFYOIXMTUVY7MELWKBDM6A
92,AGTPNZOGUVYEVFHF22AWNKX2RA7Q,True,Super produit,"Super confortable, excellent qualité, le produit est fais grand","February 2, 2020",David H.,5.0,0,https://www.amazon.ca/gp/profile/amzn1.account.AGTPNZOGUVYEVFHF22AWNKX2RA7Q/ref=cm_cr_getr_d_gw_btm?ie=UTF8,2020-09-21 08:43:45.023324,2020-09-21 08:43:45.168722,Carhartt Men's Midweight Sleeve Logo Hooded Sweatshirt,No,212,B002G9UDYG,AE3LRCOFYOIXMTUVY7MELWKBDM6A
93,AHJR6WK5BYROIKC6M22P74ERURKQ,True,Fits as expected,I bought this for a gift. They loved the color and it fit as expected.,"January 5, 2020",Robin M.,5.0,0,https://www.amazon.ca/gp/profile/amzn1.account.AHJR6WK5BYROIKC6M22P74ERURKQ/ref=cm_cr_getr_d_gw_btm?ie=UTF8,2020-09-21 08:43:45.173602,2020-09-21 08:43:45.289746,Carhartt Men's Midweight Sleeve Logo Hooded Sweatshirt,No,212,B002G9UDYG,AE3LRCOFYOIXMTUVY7MELWKBDM6A
94,AFWVW4YOLF5CR5W4E4RSZSDHU35A,True,Nice sweater,Nice sweater. Fit a large,"January 15, 2019",Lindsay Conway,4.0,0,https://www.amazon.ca/gp/profile/amzn1.account.AFWVW4YOLF5CR5W4E4RSZSDHU35A/ref=cm_cr_getr_d_gw_btm?ie=UTF8,2020-09-21 08:43:45.293650,2020-09-21 08:43:45.409793,Carhartt Men's Midweight Sleeve Logo Hooded Sweatshirt,No,212,B002G9UDYG,AE3LRCOFYOIXMTUVY7MELWKBDM6A
95,AFF2R47GXDT4WUBNRDF6APWROO6A,True,Best made sweater by far,I bought almost every color. They are high quality like I would expect from carhart,"July 5, 2020",Michael   Ward,5.0,0,https://www.amazon.ca/gp/profile/amzn1.account.AFF2R47GXDT4WUBNRDF6APWROO6A/ref=cm_cr_getr_d_gw_btm?ie=UTF8,2020-09-21 08:43:45.413696,2020-09-21 08:43:45.529841,Carhartt Men's Midweight Sleeve Logo Hooded Sweatshirt,No,212,B002G9UDYG,AE3LRCOFYOIXMTUVY7MELWKBDM6A
96,AHF4QZAUBQ772UF6YAIMZZSUYF3Q,True,Always buy carrhart for work you won’t regret it!!!,love all my carrhart clothing you can’t go wrong with carrhart.Amazon prices on these sweaters I’m sure are unbeatable !’,"February 19, 2019",James,5.0,0,https://www.amazon.ca/gp/profile/amzn1.account.AHF4QZAUBQ772UF6YAIMZZSUYF3Q/ref=cm_cr_getr_d_gw_btm?ie=UTF8,2020-09-21 08:43:45.546433,2020-09-21 08:43:45.671361,Carhartt Men's Midweight Sleeve Logo Hooded Sweatshirt,No,212,B002G9UDYG,AE3LRCOFYOIXMTUVY7MELWKBDM6A
97,AGF3JXKBPVLQQBSJFUVVETG53G7A,True,Play safe,It's what I want.,"December 14, 2018",Rob gagnon,5.0,0,https://www.amazon.ca/gp/profile/amzn1.account.AGF3JXKBPVLQQBSJFUVVETG53G7A/ref=cm_cr_getr_d_gw_btm?ie=UTF8,2020-09-21 08:43:45.676240,2020-09-21 08:43:45.792383,Carhartt Men's Midweight Sleeve Logo Hooded Sweatshirt,No,212,B002G9UDYG,AE3LRCOFYOIXMTUVY7MELWKBDM6A
98,AHF3DQCQUKMR2YKSZH6HRG32GGNQ,True,Five Stars,Belle qualité,"September 11, 2018",Jonathan Legault,5.0,0,https://www.amazon.ca/gp/profile/amzn1.account.AHF3DQCQUKMR2YKSZH6HRG32GGNQ/ref=cm_cr_getr_d_gw_btm?ie=UTF8,2020-09-21 08:43:45.796288,2020-09-21 08:43:45.914384,Carhartt Men's Midweight Sleeve Logo Hooded Sweatshirt,No,212,B002G9UDYG,AE3LRCOFYOIXMTUVY7MELWKBDM6A
99,AG5EOH56DPLOLWSXWFKY6CL2YK7Q,True,Would buy again,Great quality. Nice thick fleece,"January 5, 2019",Rebecca,5.0,0,https://www.amazon.ca/gp/profile/amzn1.account.AG5EOH56DPLOLWSXWFKY6CL2YK7Q/ref=cm_cr_getr_d_gw_btm?ie=UTF8,2020-09-21 08:43:45.918287,2020-09-21 08:43:46.055904,Carhartt Men's Midweight Sleeve Logo Hooded Sweatshirt,No,212,B002G9UDYG,AE3LRCOFYOIXMTUVY7MELWKBDM6A
100,AHJR6WK5BYROIKC6M22P74ERURKQ,True,Fits as expected,Amazon had a better selection of colors and sizes than Mark's Work Wear,"December 28, 2019",Robin M.,5.0,0,https://www.amazon.ca/gp/profile/amzn1.account.AHJR6WK5BYROIKC6M22P74ERURKQ/ref=cm_cr_getr_d_gw_btm?ie=UTF8,2020-09-21 08:43:52.175409,2020-09-21 08:43:52.306192,Carhartt Men's Midweight Sleeve Logo Hooded Sweatshirt,No,212,B002G9UDYG,AE3LRCOFYOIXMTUVY7MELWKBDM6A
101,AHOLFM5V5FDKTS5C6HFG65XNYF7Q,True,great,great,"March 31, 2019",Jason Cleghorn,5.0,0,https://www.amazon.ca/gp/profile/amzn1.account.AHOLFM5V5FDKTS5C6HFG65XNYF7Q/ref=cm_cr_getr_d_gw_btm?ie=UTF8,2020-09-21 08:43:52.309121,2020-09-21 08:43:52.423313,Carhartt Men's Midweight Sleeve Logo Hooded Sweatshirt,No,212,B002G9UDYG,AE3LRCOFYOIXMTUVY7MELWKBDM6A
102,AHIOB2V6QZKQL6S7NRDGEJ33AQAQ,True,Great hoodie,Awesome hoodie arrived quick,"March 22, 2020",Lynn Simpson,5.0,0,https://www.amazon.ca/gp/profile/amzn1.account.AHIOB2V6QZKQL6S7NRDGEJ33AQAQ/ref=cm_cr_getr_d_gw_btm?ie=UTF8,2020-09-21 08:43:52.427216,2020-09-21 08:43:52.545312,Carhartt Men's Midweight Sleeve Logo Hooded Sweatshirt,No,212,B002G9UDYG,AE3LRCOFYOIXMTUVY7MELWKBDM6A
103,AHWU7FHODGZB5QHXEDBQD3IDSCHQ,True,Love,"Always love carhartt, and love the quality.","January 30, 2019",Dillon Baldwin,5.0,0,https://www.amazon.ca/gp/profile/amzn1.account.AHWU7FHODGZB5QHXEDBQD3IDSCHQ/ref=cm_cr_getr_d_gw_btm?ie=UTF8,2020-09-21 08:43:52.549216,2020-09-21 08:43:52.663408,Carhartt Men's Midweight Sleeve Logo Hooded Sweatshirt,No,212,B002G9UDYG,AE3LRCOFYOIXMTUVY7MELWKBDM6A
104,AGRLLOWWBZ5SMW33YMNFJ6FIJ73A,True,love it,fits big,"October 23, 2018",Kendra,4.0,0,https://www.amazon.ca/gp/profile/amzn1.account.AGRLLOWWBZ5SMW33YMNFJ6FIJ73A/ref=cm_cr_getr_d_gw_btm?ie=UTF8,2020-09-21 08:43:52.667311,2020-09-21 08:43:52.811784,Carhartt Men's Midweight Sleeve Logo Hooded Sweatshirt,No,212,B002G9UDYG,AE3LRCOFYOIXMTUVY7MELWKBDM6A
105,AFFBIFTTJJRS4I7KGJGJZADFYK3Q,True,Great hoodie. Top quality.,Best hoodies I’ve owned. You pay extra and get great quality.,"December 13, 2019",EffinChilly,5.0,0,https://www.amazon.ca/gp/profile/amzn1.account.AFFBIFTTJJRS4I7KGJGJZADFYK3Q/ref=cm_cr_getr_d_gw_btm?ie=UTF8,2020-09-21 08:43:52.815663,2020-09-21 08:43:52.933759,Carhartt Men's Midweight Sleeve Logo Hooded Sweatshirt,No,212,B002G9UDYG,AE3LRCOFYOIXMTUVY7MELWKBDM6A
106,AGHI5WJWOHDMRRCFHMVYERN3Q6FQ,True,Good,Just as expected and looks to be the real deal,"December 28, 2019",B,5.0,0,https://www.amazon.ca/gp/profile/amzn1.account.AGHI5WJWOHDMRRCFHMVYERN3Q6FQ/ref=cm_cr_getr_d_gw_btm?ie=UTF8,2020-09-21 08:43:52.937664,2020-09-21 08:43:53.052831,Carhartt Men's Midweight Sleeve Logo Hooded Sweatshirt,No,212,B002G9UDYG,AE3LRCOFYOIXMTUVY7MELWKBDM6A
107,AFOOXCY26JWLDAFQQWTPE2VOM6EQ,True,Déception,"Très long avant de recevoir, et en plus, la couleur n'est pas du tout comme celle montré... Article retourné","February 3, 2019",Manon Lachaine,1.0,0,https://www.amazon.ca/gp/profile/amzn1.account.AFOOXCY26JWLDAFQQWTPE2VOM6EQ/ref=cm_cr_getr_d_gw_btm?ie=UTF8,2020-09-21 08:43:53.056735,2020-09-21 08:43:53.191423,Carhartt Men's Midweight Sleeve Logo Hooded Sweatshirt,No,212,B002G9UDYG,AE3LRCOFYOIXMTUVY7MELWKBDM6A
108,AFDRONOS6ECMFSQATSSGHEAL6XAQ,True,Perfect,It was a Christmas gift for my son. It fits perfect and he love it.,"December 26, 2019",Amazon Customer,5.0,0,https://www.amazon.ca/gp/profile/amzn1.account.AFDRONOS6ECMFSQATSSGHEAL6XAQ/ref=cm_cr_getr_d_gw_btm?ie=UTF8,2020-09-21 08:43:53.195328,2020-09-21 08:43:53.311470,Carhartt Men's Midweight Sleeve Logo Hooded Sweatshirt,No,212,B002G9UDYG,AE3LRCOFYOIXMTUVY7MELWKBDM6A
109,AGITH6M5A3NH7I4DIUQTGOJLKDXA,True,Four Stars,Very comfortable.,"April 11, 2018",Amazon Customer,4.0,0,https://www.amazon.ca/gp/profile/amzn1.account.AGITH6M5A3NH7I4DIUQTGOJLKDXA/ref=cm_cr_getr_d_gw_btm?ie=UTF8,2020-09-21 08:43:53.316372,2020-09-21 08:43:53.454942,Carhartt Men's Midweight Sleeve Logo Hooded Sweatshirt,No,212,B002G9UDYG,AE3LRCOFYOIXMTUVY7MELWKBDM6A
110,AFU6I3CTMIEDC53KQZD4BFKMFZYQ,True,Alright,It came really late and the inside has a weird texture and the hoodie smelt like glue,"August 22, 2018",Sydney,2.0,0,https://www.amazon.ca/gp/profile/amzn1.account.AFU6I3CTMIEDC53KQZD4BFKMFZYQ/ref=cm_cr_getr_d_gw_btm?ie=UTF8,2020-09-21 08:43:55.584568,2020-09-21 08:43:55.726089,Carhartt Men's Midweight Sleeve Logo Hooded Sweatshirt,No,212,B002G9UDYG,AE3LRCOFYOIXMTUVY7MELWKBDM6A
111,AEFHIKOGPLUSEGUM6PEJQJ75ATCA,True,happy,super happy super big,"February 27, 2020",brad,5.0,0,https://www.amazon.ca/gp/profile/amzn1.account.AEFHIKOGPLUSEGUM6PEJQJ75ATCA/ref=cm_cr_getr_d_gw_btm?ie=UTF8,2020-09-21 08:43:55.729992,2020-09-21 08:43:55.879320,Carhartt Men's Midweight Sleeve Logo Hooded Sweatshirt,No,212,B002G9UDYG,AE3LRCOFYOIXMTUVY7MELWKBDM6A
112,AGXBBNRBMPUZFKN4RAU4YL3ID6TQ,True,Very happy with quality,Great quality and shipped on time.,"December 22, 2019",Mark,5.0,0,https://www.amazon.ca/gp/profile/amzn1.account.AGXBBNRBMPUZFKN4RAU4YL3ID6TQ/ref=cm_cr_getr_d_gw_btm?ie=UTF8,2020-09-21 08:43:55.884200,2020-09-21 08:43:56.005224,Carhartt Men's Midweight Sleeve Logo Hooded Sweatshirt,No,212,B002G9UDYG,AE3LRCOFYOIXMTUVY7MELWKBDM6A
113,AFYAKVXVUADWM6NBMWTMRXETBWMA,True,"Great weight, colour and fit","Purchased this for my son, and he loves it !","January 12, 2020",Janet hines,5.0,0,https://www.amazon.ca/gp/profile/amzn1.account.AFYAKVXVUADWM6NBMWTMRXETBWMA/ref=cm_cr_getr_d_gw_btm?ie=UTF8,2020-09-21 08:43:56.009128,2020-09-21 08:43:56.155527,Carhartt Men's Midweight Sleeve Logo Hooded Sweatshirt,No,212,B002G9UDYG,AE3LRCOFYOIXMTUVY7MELWKBDM6A
114,AFVXGIDSAI2E6NUBIGYY2UBU36WQ,True,Five Stars,6’5” son practically lives in Carhart hard to find clothes long enough,"January 26, 2018",Amazon Customer,5.0,0,https://www.amazon.ca/gp/profile/amzn1.account.AFVXGIDSAI2E6NUBIGYY2UBU36WQ/ref=cm_cr_getr_d_gw_btm?ie=UTF8,2020-09-21 08:43:56.160407,2020-09-21 08:43:56.285336,Carhartt Men's Midweight Sleeve Logo Hooded Sweatshirt,No,212,B002G9UDYG,AE3LRCOFYOIXMTUVY7MELWKBDM6A
115,AGI2UCMKUEHMI4KIGYMNMZUU3PSA,True,Good buy,liked the colour and warmth.,"January 15, 2020",Susan zimmerman,4.0,0,https://www.amazon.ca/gp/profile/amzn1.account.AGI2UCMKUEHMI4KIGYMNMZUU3PSA/ref=cm_cr_getr_d_gw_btm?ie=UTF8,2020-09-21 08:43:56.289242,2020-09-21 08:43:56.412241,Carhartt Men's Midweight Sleeve Logo Hooded Sweatshirt,No,212,B002G9UDYG,AE3LRCOFYOIXMTUVY7MELWKBDM6A
116,AGRNYUVAFMULEV7DH3XFHR4PUKKQ,True,Good product,Looks good and nice sweater,"January 23, 2019",jamie,5.0,0,https://www.amazon.ca/gp/profile/amzn1.account.AGRNYUVAFMULEV7DH3XFHR4PUKKQ/ref=cm_cr_getr_d_gw_btm?ie=UTF8,2020-09-21 08:43:56.416119,2020-09-21 08:43:56.555689,Carhartt Men's Midweight Sleeve Logo Hooded Sweatshirt,No,212,B002G9UDYG,AE3LRCOFYOIXMTUVY7MELWKBDM6A
117,AHH2RJ2NBG26D6NOOAFGTWGOKYKQ,True,Super produit de qualité!,"Bonne grandeur, belle couleur, de qualité","January 5, 2020",Josiane ,5.0,0,https://www.amazon.ca/gp/profile/amzn1.account.AHH2RJ2NBG26D6NOOAFGTWGOKYKQ/ref=cm_cr_getr_d_gw_btm?ie=UTF8,2020-09-21 08:43:56.561542,2020-09-21 08:43:56.687447,Carhartt Men's Midweight Sleeve Logo Hooded Sweatshirt,No,212,B002G9UDYG,AE3LRCOFYOIXMTUVY7MELWKBDM6A
118,AGR4MD2BEY5JMRPA5PSBMDNLVP7A,True,Extremely Comfortable,"Perfect fit, and great quality sweater.","December 31, 2018",Michaela Matschke,5.0,0,https://www.amazon.ca/gp/profile/amzn1.account.AGR4MD2BEY5JMRPA5PSBMDNLVP7A/ref=cm_cr_getr_d_gw_btm?ie=UTF8,2020-09-21 08:43:56.691350,2020-09-21 08:43:56.818230,Carhartt Men's Midweight Sleeve Logo Hooded Sweatshirt,No,212,B002G9UDYG,AE3LRCOFYOIXMTUVY7MELWKBDM6A
119,AE2AKY44FBFHBSES3WN7NQB43YLA,True,love it,love it,"February 26, 2019",B Stolwyk ,5.0,0,https://www.amazon.ca/gp/profile/amzn1.account.AE2AKY44FBFHBSES3WN7NQB43YLA/ref=cm_cr_getr_d_gw_btm?ie=UTF8,2020-09-21 08:43:56.822134,2020-09-21 08:43:56.950965,Carhartt Men's Midweight Sleeve Logo Hooded Sweatshirt,No,212,B002G9UDYG,AE3LRCOFYOIXMTUVY7MELWKBDM6A
120,AG27EBHHNOYXR7Z6SDYEU444QBMA,True,Great sweater for outdoor beat boxing,"When the cold make the cheeks rosey, still keepin me upper body cozy.","November 11, 2019",Kelsey A Meyer,5.0,0,https://www.amazon.ca/gp/profile/amzn1.account.AG27EBHHNOYXR7Z6SDYEU444QBMA/ref=cm_cr_getr_d_gw_btm?ie=UTF8,2020-09-21 08:43:59.078641,2020-09-21 08:43:59.204545,Carhartt Men's Midweight Sleeve Logo Hooded Sweatshirt,No,212,B002G9UDYG,AE3LRCOFYOIXMTUVY7MELWKBDM6A
121,AETUKVBP5L7KTIAZTV4MON3BQMTA,True,Looks great,Great quality,"September 29, 2018",Daly,5.0,0,https://www.amazon.ca/gp/profile/amzn1.account.AETUKVBP5L7KTIAZTV4MON3BQMTA/ref=cm_cr_getr_d_gw_btm?ie=UTF8,2020-09-21 08:43:59.208449,2020-09-21 08:43:59.330449,Carhartt Men's Midweight Sleeve Logo Hooded Sweatshirt,No,212,B002G9UDYG,AE3LRCOFYOIXMTUVY7MELWKBDM6A
122,AEOAJX4T4VY2LRSDAHZVY3QTV6GQ,True,Quality,Great quality!,"July 28, 2020",Tina L.,5.0,0,https://www.amazon.ca/gp/profile/amzn1.account.AEOAJX4T4VY2LRSDAHZVY3QTV6GQ/ref=cm_cr_getr_d_gw_btm?ie=UTF8,2020-09-21 08:43:59.334353,2020-09-21 08:43:59.457329,Carhartt Men's Midweight Sleeve Logo Hooded Sweatshirt,No,212,B002G9UDYG,AE3LRCOFYOIXMTUVY7MELWKBDM6A
123,AENYRQMGHNBGWLPE2LWVDUN5S6UA,True,Fits as expected,Not too big not too small. Happy with purchase.,"May 24, 2020",Amazon Customer,4.0,0,https://www.amazon.ca/gp/profile/amzn1.account.AENYRQMGHNBGWLPE2LWVDUN5S6UA/ref=cm_cr_getr_d_gw_btm?ie=UTF8,2020-09-21 08:43:59.461235,2020-09-21 08:43:59.583232,Carhartt Men's Midweight Sleeve Logo Hooded Sweatshirt,No,212,B002G9UDYG,AE3LRCOFYOIXMTUVY7MELWKBDM6A
124,AEA6LS4S7DSWCCEA3ZBCBGPD45BQ,True,Puchased as gift,No complaints so far,"April 4, 2019",Bob,5.0,0,https://www.amazon.ca/gp/profile/amzn1.account.AEA6LS4S7DSWCCEA3ZBCBGPD45BQ/ref=cm_cr_getr_d_gw_btm?ie=UTF8,2020-09-21 08:43:59.587135,2020-09-21 08:43:59.712063,Carhartt Men's Midweight Sleeve Logo Hooded Sweatshirt,No,212,B002G9UDYG,AE3LRCOFYOIXMTUVY7MELWKBDM6A
125,AE43JT7B6ZZXOJQZNQBLIEVH2AQA,True,Carhartt Hoodie,exactly like the ones you buy from the store,"December 27, 2018",Zoe Boudreault,5.0,0,https://www.amazon.ca/gp/profile/amzn1.account.AE43JT7B6ZZXOJQZNQBLIEVH2AQA/ref=cm_cr_getr_d_gw_btm?ie=UTF8,2020-09-21 08:43:59.715967,2020-09-21 08:43:59.868223,Carhartt Men's Midweight Sleeve Logo Hooded Sweatshirt,No,212,B002G9UDYG,AE3LRCOFYOIXMTUVY7MELWKBDM6A
126,AGB2IEHPVKUSI7UETSKJU4NG5PJA,True,Overall very happy.,You can feel the quality. Price could be a little better.,"May 31, 2019",Matt,4.0,0,https://www.amazon.ca/gp/profile/amzn1.account.AGB2IEHPVKUSI7UETSKJU4NG5PJA/ref=cm_cr_getr_d_gw_btm?ie=UTF8,2020-09-21 08:43:59.873103,2020-09-21 08:43:59.998031,Carhartt Men's Midweight Sleeve Logo Hooded Sweatshirt,No,212,B002G9UDYG,AE3LRCOFYOIXMTUVY7MELWKBDM6A
127,AGM2ZN7HP37ADEDS7CSNGS67AMTA,True,Love it,"absolutely love mine, fits as expected material is fantastic and super cozy","July 11, 2020",Kirsten,5.0,0,https://www.amazon.ca/gp/profile/amzn1.account.AGM2ZN7HP37ADEDS7CSNGS67AMTA/ref=cm_cr_getr_d_gw_btm?ie=UTF8,2020-09-21 08:44:00.003888,2020-09-21 08:44:00.131743,Carhartt Men's Midweight Sleeve Logo Hooded Sweatshirt,No,212,B002G9UDYG,AE3LRCOFYOIXMTUVY7MELWKBDM6A
128,AHB3IPCWH4ASK5S5EQGVXSZ2IZAQ,True,Just perfect!,It fit perfect! Exactly what I wanted. It’s cozy and roomy.,"December 29, 2019",C5Holtby,5.0,0,https://www.amazon.ca/gp/profile/amzn1.account.AHB3IPCWH4ASK5S5EQGVXSZ2IZAQ/ref=cm_cr_getr_d_gw_btm?ie=UTF8,2020-09-21 08:44:00.135649,2020-09-21 08:44:00.261550,Carhartt Men's Midweight Sleeve Logo Hooded Sweatshirt,No,212,B002G9UDYG,AE3LRCOFYOIXMTUVY7MELWKBDM6A
129,AGNIKWGG73FGWPHW4D7FVNJHH6EA,True,One Star,It's a scam,"February 11, 2017",Builder Bob,1.0,One,https://www.amazon.ca/gp/profile/amzn1.account.AGNIKWGG73FGWPHW4D7FVNJHH6EA/ref=cm_cr_getr_d_gw_btm?ie=UTF8,2020-09-21 08:44:00.265455,2020-09-21 08:44:00.395262,Carhartt Men's Midweight Sleeve Logo Hooded Sweatshirt,No,212,B002G9UDYG,AE3LRCOFYOIXMTUVY7MELWKBDM6A
130,AFR6IU4ZR3JAXAO4K4HK7JB2KQAQ,True,Love it,Love it fits perfect,"December 9, 2019",Reagan,5.0,0,https://www.amazon.ca/gp/profile/amzn1.account.AFR6IU4ZR3JAXAO4K4HK7JB2KQAQ/ref=cm_cr_getr_d_gw_btm?ie=UTF8,2020-09-21 08:44:02.512201,2020-09-21 08:44:02.650793,Carhartt Men's Midweight Sleeve Logo Hooded Sweatshirt,No,212,B002G9UDYG,AE3LRCOFYOIXMTUVY7MELWKBDM6A
131,AHWYKU42XWAOC6J2R7OPSP2GSCAQ,True,Five Stars,Very nice hoodie well worth it,"December 9, 2017",Cheragsharma,5.0,One,https://www.amazon.ca/gp/profile/amzn1.account.AHWYKU42XWAOC6J2R7OPSP2GSCAQ/ref=cm_cr_getr_d_gw_btm?ie=UTF8,2020-09-21 08:44:02.654697,2020-09-21 08:44:02.782552,Carhartt Men's Midweight Sleeve Logo Hooded Sweatshirt,No,212,B002G9UDYG,AE3LRCOFYOIXMTUVY7MELWKBDM6A
132,AGW6KPETYZAYQ6SPD4DV4KSKG6XA,True,Awesome,Loved the quality,"January 1, 2020",Natasha,5.0,0,https://www.amazon.ca/gp/profile/amzn1.account.AGW6KPETYZAYQ6SPD4DV4KSKG6XA/ref=cm_cr_getr_d_gw_btm?ie=UTF8,2020-09-21 08:44:02.787432,2020-09-21 08:44:02.914312,Carhartt Men's Midweight Sleeve Logo Hooded Sweatshirt,No,212,B002G9UDYG,AE3LRCOFYOIXMTUVY7MELWKBDM6A
133,AG37MKH4O2RGSLDSP2MDFT36GE7A,True,Good,Good,"November 27, 2018",Henry ,5.0,0,https://www.amazon.ca/gp/profile/amzn1.account.AG37MKH4O2RGSLDSP2MDFT36GE7A/ref=cm_cr_getr_d_gw_btm?ie=UTF8,2020-09-21 08:44:02.918218,2020-09-21 08:44:03.041192,Carhartt Men's Midweight Sleeve Logo Hooded Sweatshirt,No,212,B002G9UDYG,AE3LRCOFYOIXMTUVY7MELWKBDM6A
134,AERO4PDMW7IHOLJQ2RNIJCZJQIOQ,True,Carhartt Men's Midweight Sleeve Logo Hooded Sweatshirt,Love the product just what I wanted for spouse,"January 15, 2020",Amy,5.0,0,https://www.amazon.ca/gp/profile/amzn1.account.AERO4PDMW7IHOLJQ2RNIJCZJQIOQ/ref=cm_cr_getr_d_gw_btm?ie=UTF8,2020-09-21 08:44:03.045095,2020-09-21 08:44:03.171000,Carhartt Men's Midweight Sleeve Logo Hooded Sweatshirt,No,212,B002G9UDYG,AE3LRCOFYOIXMTUVY7MELWKBDM6A
135,AG5G5ETQHRAXOE54MC7ANKBEPOHQ,True,Great quality,Perfect great quality,"August 2, 2020",Amazon Customer,5.0,0,https://www.amazon.ca/gp/profile/amzn1.account.AG5G5ETQHRAXOE54MC7ANKBEPOHQ/ref=cm_cr_getr_d_gw_btm?ie=UTF8,2020-09-21 08:44:03.174904,2020-09-21 08:44:03.300807,Carhartt Men's Midweight Sleeve Logo Hooded Sweatshirt,No,212,B002G9UDYG,AE3LRCOFYOIXMTUVY7MELWKBDM6A
136,AHIKSNXHHJ5CKYE45TYFHZ5KJ2EQ,True,Perfect fit!,Excellent quality and a perfect fit.,"January 25, 2020",CP,5.0,0,https://www.amazon.ca/gp/profile/amzn1.account.AHIKSNXHHJ5CKYE45TYFHZ5KJ2EQ/ref=cm_cr_getr_d_gw_btm?ie=UTF8,2020-09-21 08:44:03.305687,2020-09-21 08:44:03.429641,Carhartt Men's Midweight Sleeve Logo Hooded Sweatshirt,No,212,B002G9UDYG,AE3LRCOFYOIXMTUVY7MELWKBDM6A
137,AGW6KPETYZAYQ6SPD4DV4KSKG6XA,True,Awesome,Like quality,"January 1, 2020",Natasha,5.0,0,https://www.amazon.ca/gp/profile/amzn1.account.AGW6KPETYZAYQ6SPD4DV4KSKG6XA/ref=cm_cr_getr_d_gw_btm?ie=UTF8,2020-09-21 08:44:03.433542,2020-09-21 08:44:03.560423,Carhartt Men's Midweight Sleeve Logo Hooded Sweatshirt,No,212,B002G9UDYG,AE3LRCOFYOIXMTUVY7MELWKBDM6A
138,AGCTML6EG5JCLXVWZVBAM3NGDCGA,True,Bigger,A tad bigger fit.,"April 8, 2020",Michael Warwick,4.0,0,https://www.amazon.ca/gp/profile/amzn1.account.AGCTML6EG5JCLXVWZVBAM3NGDCGA/ref=cm_cr_getr_d_gw_btm?ie=UTF8,2020-09-21 08:44:03.564327,2020-09-21 08:44:03.689254,Carhartt Men's Midweight Sleeve Logo Hooded Sweatshirt,No,212,B002G9UDYG,AE3LRCOFYOIXMTUVY7MELWKBDM6A
139,AFO3O2XV72H24E5ETTF77343CI3A,True,Great quality,Very comfortable and fits to size,"July 21, 2019",Sally Ann Akin,5.0,0,https://www.amazon.ca/gp/profile/amzn1.account.AFO3O2XV72H24E5ETTF77343CI3A/ref=cm_cr_getr_d_gw_btm?ie=UTF8,2020-09-21 08:44:03.693157,2020-09-21 08:44:03.822014,Carhartt Men's Midweight Sleeve Logo Hooded Sweatshirt,No,212,B002G9UDYG,AE3LRCOFYOIXMTUVY7MELWKBDM6A
140,AFNDG6GKTQQEKPQXOJZS2M6RSJFA,True,Nice,Very warm,"November 8, 2019",Jairie,5.0,0,https://www.amazon.ca/gp/profile/amzn1.account.AFNDG6GKTQQEKPQXOJZS2M6RSJFA/ref=cm_cr_getr_d_gw_btm?ie=UTF8,2020-09-21 08:44:09.932712,2020-09-21 08:44:10.094726,Carhartt Men's Midweight Sleeve Logo Hooded Sweatshirt,No,212,B002G9UDYG,AE3LRCOFYOIXMTUVY7MELWKBDM6A
141,AFIQ4J27TRLOGHL3QBVR2QXQ4EKA,True,Good product,Good fit and in good condition,"September 16, 2020",Dylan Lemelin-Béland,5.0,0,https://www.amazon.ca/gp/profile/amzn1.account.AFIQ4J27TRLOGHL3QBVR2QXQ4EKA/ref=cm_cr_getr_d_gw_btm?ie=UTF8,2020-09-21 08:44:10.098630,2020-09-21 08:44:10.222582,Carhartt Men's Midweight Sleeve Logo Hooded Sweatshirt,No,212,B002G9UDYG,AE3LRCOFYOIXMTUVY7MELWKBDM6A
142,AFSQFOUTMB3YA36ML6JEIEAN4AGQ,True,Great for the construction,Husband loves it. Great for the construction man,"January 12, 2018",Jodi,5.0,0,https://www.amazon.ca/gp/profile/amzn1.account.AFSQFOUTMB3YA36ML6JEIEAN4AGQ/ref=cm_cr_getr_d_gw_btm?ie=UTF8,2020-09-21 08:44:10.226486,2020-09-21 08:44:10.350439,Carhartt Men's Midweight Sleeve Logo Hooded Sweatshirt,No,212,B002G9UDYG,AE3LRCOFYOIXMTUVY7MELWKBDM6A
143,AGQKE5DW5CY37SPMOZEX4TJASMEA,True,Fits true to size,"Loved the color, quality and fit true to size","January 16, 2020",ME,5.0,0,https://www.amazon.ca/gp/profile/amzn1.account.AGQKE5DW5CY37SPMOZEX4TJASMEA/ref=cm_cr_getr_d_gw_btm?ie=UTF8,2020-09-21 08:44:10.355319,2020-09-21 08:44:10.512479,Carhartt Men's Midweight Sleeve Logo Hooded Sweatshirt,No,212,B002G9UDYG,AE3LRCOFYOIXMTUVY7MELWKBDM6A
144,AENRXXHBLUGKQUSQV7HLZDXUEXDA,True,Warm hoodie,Good heavy cotton keeps warm,"March 11, 2020",Richard  Cote,5.0,0,https://www.amazon.ca/gp/profile/amzn1.account.AENRXXHBLUGKQUSQV7HLZDXUEXDA/ref=cm_cr_getr_d_gw_btm?ie=UTF8,2020-09-21 08:44:10.516358,2020-09-21 08:44:10.638359,Carhartt Men's Midweight Sleeve Logo Hooded Sweatshirt,No,212,B002G9UDYG,AE3LRCOFYOIXMTUVY7MELWKBDM6A
145,AG7H6R57NHYRKVPEN2Q2TR36OJ7A,True,Great quality,Looks just like the picture. Quality material,"June 15, 2020",Greg Tucker,5.0,0,https://www.amazon.ca/gp/profile/amzn1.account.AG7H6R57NHYRKVPEN2Q2TR36OJ7A/ref=cm_cr_getr_d_gw_btm?ie=UTF8,2020-09-21 08:44:10.643237,2020-09-21 08:44:10.799396,Carhartt Men's Midweight Sleeve Logo Hooded Sweatshirt,No,212,B002G9UDYG,AE3LRCOFYOIXMTUVY7MELWKBDM6A
146,AEWNFF26JYVKWZT6OWYJQ6SGCLHQ,True,That it's a good quality,For husband and his work nice fit look good,"September 10, 2020",Diane b.,5.0,0,https://www.amazon.ca/gp/profile/amzn1.account.AEWNFF26JYVKWZT6OWYJQ6SGCLHQ/ref=cm_cr_getr_d_gw_btm?ie=UTF8,2020-09-21 08:44:10.804278,2020-09-21 08:44:10.923349,Carhartt Men's Midweight Sleeve Logo Hooded Sweatshirt,No,212,B002G9UDYG,AE3LRCOFYOIXMTUVY7MELWKBDM6A
147,AGODW6RMSLQOWV3M7AUOAOEM7LBQ,True,Says it's so warm and great material. Wears it everyday,Fits my boyfriend perfectly. Says it's so warm and great material. Wears it everyday.,"December 4, 2017",Spania Christina,5.0,One,https://www.amazon.ca/gp/profile/amzn1.account.AGODW6RMSLQOWV3M7AUOAOEM7LBQ/ref=cm_cr_getr_d_gw_btm?ie=UTF8,2020-09-21 08:44:10.927254,2020-09-21 08:44:11.047301,Carhartt Men's Midweight Sleeve Logo Hooded Sweatshirt,No,212,B002G9UDYG,AE3LRCOFYOIXMTUVY7MELWKBDM6A
148,AFE52AHDQDFMUOBJTPEHT5Y253EQ,True,great fit,thanks! great fit and fast shipping. *****,"February 10, 2020",Rebecca Domier,5.0,0,https://www.amazon.ca/gp/profile/amzn1.account.AFE52AHDQDFMUOBJTPEHT5Y253EQ/ref=cm_cr_getr_d_gw_btm?ie=UTF8,2020-09-21 08:44:11.051204,2020-09-21 08:44:11.191749,Carhartt Men's Midweight Sleeve Logo Hooded Sweatshirt,No,212,B002G9UDYG,AE3LRCOFYOIXMTUVY7MELWKBDM6A
149,AHJUBMTUORNA75MTMFRSYNHB77RQ,True,CARHARTTS,I've ordered 2 hoodies now and both came on time and fits perfect. Really happy.,"November 27, 2018",Dakota,5.0,0,https://www.amazon.ca/gp/profile/amzn1.account.AHJUBMTUORNA75MTMFRSYNHB77RQ/ref=cm_cr_getr_d_gw_btm?ie=UTF8,2020-09-21 08:44:11.195652,2020-09-21 08:44:11.309844,Carhartt Men's Midweight Sleeve Logo Hooded Sweatshirt,No,212,B002G9UDYG,AE3LRCOFYOIXMTUVY7MELWKBDM6A
150,AHMQBEGRC6TTI6SNX4VHQRJGK7IA,True,Very comfortable,"Fit perfectly, very comfortable","July 29, 2020",Riley McDonnell,5.0,0,https://www.amazon.ca/gp/profile/amzn1.account.AHMQBEGRC6TTI6SNX4VHQRJGK7IA/ref=cm_cr_getr_d_gw_btm?ie=UTF8,2020-09-21 08:44:15.450027,2020-09-21 08:44:15.573977,Carhartt Men's Midweight Sleeve Logo Hooded Sweatshirt,No,212,B002G9UDYG,AE3LRCOFYOIXMTUVY7MELWKBDM6A
151,AFBJQUPN5P3B4GUDNDBA52QZVNKQ,True,Warm and stylish!,Super warm and looks so nice on!,"January 3, 2020",gaby,5.0,0,https://www.amazon.ca/gp/profile/amzn1.account.AFBJQUPN5P3B4GUDNDBA52QZVNKQ/ref=cm_cr_getr_d_gw_btm?ie=UTF8,2020-09-21 08:44:15.577883,2020-09-21 08:44:15.699883,Carhartt Men's Midweight Sleeve Logo Hooded Sweatshirt,No,212,B002G9UDYG,AE3LRCOFYOIXMTUVY7MELWKBDM6A
152,AH6FKJB3DQVBKXZBKLWC3C3P6TRA,True,Great Quality Material,It is great for everyday use!,"March 6, 2020",Tashauna  Greenidge,5.0,0,https://www.amazon.ca/gp/profile/amzn1.account.AH6FKJB3DQVBKXZBKLWC3C3P6TRA/ref=cm_cr_getr_d_gw_btm?ie=UTF8,2020-09-21 08:44:15.703786,2020-09-21 08:44:15.844330,Carhartt Men's Midweight Sleeve Logo Hooded Sweatshirt,No,212,B002G9UDYG,AE3LRCOFYOIXMTUVY7MELWKBDM6A
153,AHMBNMK5YTVBJFT2FIMQIZULD4TQ,True,Strong material,Very durable and clays clean,"January 26, 2020",James Elford,5.0,0,https://www.amazon.ca/gp/profile/amzn1.account.AHMBNMK5YTVBJFT2FIMQIZULD4TQ/ref=cm_cr_getr_d_gw_btm?ie=UTF8,2020-09-21 08:44:15.857993,2020-09-21 08:44:15.982923,Carhartt Men's Midweight Sleeve Logo Hooded Sweatshirt,No,212,B002G9UDYG,AE3LRCOFYOIXMTUVY7MELWKBDM6A
154,AGCH5F7RX7RFATLEAURXCHKHZPXA,True,Awesome,Really nice!,"May 14, 2020",Jen MacLean,5.0,0,https://www.amazon.ca/gp/profile/amzn1.account.AGCH5F7RX7RFATLEAURXCHKHZPXA/ref=cm_cr_getr_d_gw_btm?ie=UTF8,2020-09-21 08:44:15.986826,2020-09-21 08:44:16.110778,Carhartt Men's Midweight Sleeve Logo Hooded Sweatshirt,No,212,B002G9UDYG,AE3LRCOFYOIXMTUVY7MELWKBDM6A
155,AFURER453J7OUF4H3INLPMMV4IOQ,True,fits right,Very comfy love the fit. Will be buying more,"June 12, 2020",Amazon Customer,5.0,0,https://www.amazon.ca/gp/profile/amzn1.account.AFURER453J7OUF4H3INLPMMV4IOQ/ref=cm_cr_getr_d_gw_btm?ie=UTF8,2020-09-21 08:44:16.115679,2020-09-21 08:44:16.238633,Carhartt Men's Midweight Sleeve Logo Hooded Sweatshirt,No,212,B002G9UDYG,AE3LRCOFYOIXMTUVY7MELWKBDM6A
156,AGPEKXX2MFI3CX3ZYBDMVCNQ2FXQ,True,Carhartt great fit and was cheaper on line,Bought for a gift,"January 30, 2019",Fran Czipoth,5.0,0,https://www.amazon.ca/gp/profile/amzn1.account.AGPEKXX2MFI3CX3ZYBDMVCNQ2FXQ/ref=cm_cr_getr_d_gw_btm?ie=UTF8,2020-09-21 08:44:16.242537,2020-09-21 08:44:16.386031,Carhartt Men's Midweight Sleeve Logo Hooded Sweatshirt,No,212,B002G9UDYG,AE3LRCOFYOIXMTUVY7MELWKBDM6A
157,AEW2JEYV7W4EPBR7GYX2H7TERKHA,True,Perfect,It was perfect.,"January 12, 2020",Amazon Customer,5.0,0,https://www.amazon.ca/gp/profile/amzn1.account.AEW2JEYV7W4EPBR7GYX2H7TERKHA/ref=cm_cr_getr_d_gw_btm?ie=UTF8,2020-09-21 08:44:16.399672,2020-09-21 08:44:16.524600,Carhartt Men's Midweight Sleeve Logo Hooded Sweatshirt,No,212,B002G9UDYG,AE3LRCOFYOIXMTUVY7MELWKBDM6A
158,AEZIV6J55KWIFVLKSP5KYLTSCA2A,True,Perfect Green,It’s the right colour green!,"February 7, 2020",Dre Wannamaker,5.0,0,https://www.amazon.ca/gp/profile/amzn1.account.AEZIV6J55KWIFVLKSP5KYLTSCA2A/ref=cm_cr_getr_d_gw_btm?ie=UTF8,2020-09-21 08:44:16.529480,2020-09-21 08:44:16.654408,Carhartt Men's Midweight Sleeve Logo Hooded Sweatshirt,No,212,B002G9UDYG,AE3LRCOFYOIXMTUVY7MELWKBDM6A
159,AG2QKIKG7ZZSBSSCJKXX5WM5BSQA,True,i love it,"i love this sweater so much, it fits just how i wanted it to.","March 11, 2019",kayla morin,5.0,0,https://www.amazon.ca/gp/profile/amzn1.account.AG2QKIKG7ZZSBSSCJKXX5WM5BSQA/ref=cm_cr_getr_d_gw_btm?ie=UTF8,2020-09-21 08:44:16.659288,2020-09-21 08:44:16.786168,Carhartt Men's Midweight Sleeve Logo Hooded Sweatshirt,No,212,B002G9UDYG,AE3LRCOFYOIXMTUVY7MELWKBDM6A
160,AH4L7NBYKLU5DTQKS4GYOCE4ODSQ,True,The best,Love them! So comfy and oversized which is nice.,"May 31, 2019",Amazon Customer,5.0,0,https://www.amazon.ca/gp/profile/amzn1.account.AH4L7NBYKLU5DTQKS4GYOCE4ODSQ/ref=cm_cr_getr_d_gw_btm?ie=UTF8,2020-09-21 08:44:20.916590,2020-09-21 08:44:21.038590,Carhartt Men's Midweight Sleeve Logo Hooded Sweatshirt,No,212,B002G9UDYG,AE3LRCOFYOIXMTUVY7MELWKBDM6A
161,AHR7VQ4HJCTSS5OONWMUY53DEX7Q,True,Awesome,Everything was great. Authentic.,"July 9, 2020",Mallory,5.0,0,https://www.amazon.ca/gp/profile/amzn1.account.AHR7VQ4HJCTSS5OONWMUY53DEX7Q/ref=cm_cr_getr_d_gw_btm?ie=UTF8,2020-09-21 08:44:21.043469,2020-09-21 08:44:21.168398,Carhartt Men's Midweight Sleeve Logo Hooded Sweatshirt,No,212,B002G9UDYG,AE3LRCOFYOIXMTUVY7MELWKBDM6A
162,AGMHXCY7I4F7XTHN2VMOXEP7AMFQ,True,Great hoodie,Was a gift. He loved it.,"January 3, 2020",Terra,5.0,0,https://www.amazon.ca/gp/profile/amzn1.account.AGMHXCY7I4F7XTHN2VMOXEP7AMFQ/ref=cm_cr_getr_d_gw_btm?ie=UTF8,2020-09-21 08:44:21.172301,2020-09-21 08:44:21.298205,Carhartt Men's Midweight Sleeve Logo Hooded Sweatshirt,No,212,B002G9UDYG,AE3LRCOFYOIXMTUVY7MELWKBDM6A
163,AFMASNKU722JZCAKKZPGIZV2VWNA,True,Real happy for this item,Awesome,"May 17, 2020",Todd,5.0,0,https://www.amazon.ca/gp/profile/amzn1.account.AFMASNKU722JZCAKKZPGIZV2VWNA/ref=cm_cr_getr_d_gw_btm?ie=UTF8,2020-09-21 08:44:21.302109,2020-09-21 08:44:21.426060,Carhartt Men's Midweight Sleeve Logo Hooded Sweatshirt,No,212,B002G9UDYG,AE3LRCOFYOIXMTUVY7MELWKBDM6A
164,AGPQI7OHK365WQZULMS7NLNUHWOA,True,Excellent,Super good Quality ! Yes,"June 18, 2020",Melanie,5.0,0,https://www.amazon.ca/gp/profile/amzn1.account.AGPQI7OHK365WQZULMS7NLNUHWOA/ref=cm_cr_getr_d_gw_btm?ie=UTF8,2020-09-21 08:44:21.430966,2020-09-21 08:44:21.551964,Carhartt Men's Midweight Sleeve Logo Hooded Sweatshirt,No,212,B002G9UDYG,AE3LRCOFYOIXMTUVY7MELWKBDM6A
165,AEDORC4TCAFGZRBSTXXVYWLG4F3A,True,Fast delivery,It was a great gift.,"November 21, 2017",Amazon Customer,5.0,0,https://www.amazon.ca/gp/profile/amzn1.account.AEDORC4TCAFGZRBSTXXVYWLG4F3A/ref=cm_cr_getr_d_gw_btm?ie=UTF8,2020-09-21 08:44:21.555868,2020-09-21 08:44:21.704220,Carhartt Men's Midweight Sleeve Logo Hooded Sweatshirt,No,212,B002G9UDYG,AE3LRCOFYOIXMTUVY7MELWKBDM6A
166,AEKA24VOZ45MWYEMODLRFJ3PU4VA,True,Great buy,"Great sweater, washes well, very comfortable and warm","December 25, 2018",Shawn,5.0,0,https://www.amazon.ca/gp/profile/amzn1.account.AEKA24VOZ45MWYEMODLRFJ3PU4VA/ref=cm_cr_getr_d_gw_btm?ie=UTF8,2020-09-21 08:44:21.708124,2020-09-21 08:44:21.830126,Carhartt Men's Midweight Sleeve Logo Hooded Sweatshirt,No,212,B002G9UDYG,AE3LRCOFYOIXMTUVY7MELWKBDM6A
167,AGGTWI5ERQ4ZJGS6NGGCMFEE3UXQ,True,Erreur,Trop petit erreur de grandeur,"August 14, 2019",MathieuGirard,2.0,0,https://www.amazon.ca/gp/profile/amzn1.account.AGGTWI5ERQ4ZJGS6NGGCMFEE3UXQ/ref=cm_cr_getr_d_gw_btm?ie=UTF8,2020-09-21 08:44:21.835005,2020-09-21 08:44:21.960907,Carhartt Men's Midweight Sleeve Logo Hooded Sweatshirt,No,212,B002G9UDYG,AE3LRCOFYOIXMTUVY7MELWKBDM6A
168,AEUBXM53WZQI3LWM6LYFWIWP75PQ,True,Size,Fits perfectly,"April 20, 2020",Tevin Bird,5.0,0,https://www.amazon.ca/gp/profile/amzn1.account.AEUBXM53WZQI3LWM6LYFWIWP75PQ/ref=cm_cr_getr_d_gw_btm?ie=UTF8,2020-09-21 08:44:21.964812,2020-09-21 08:44:22.090715,Carhartt Men's Midweight Sleeve Logo Hooded Sweatshirt,No,212,B002G9UDYG,AE3LRCOFYOIXMTUVY7MELWKBDM6A
169,AFN25XVWOUUFUYNEH5FZZ5YTRZUA,True,Thankyou carhartt,Fits perfect and nice.and warm for winter.,"December 30, 2016",Cary,5.0,One,https://www.amazon.ca/gp/profile/amzn1.account.AFN25XVWOUUFUYNEH5FZZ5YTRZUA/ref=cm_cr_getr_d_gw_btm?ie=UTF8,2020-09-21 08:44:22.095595,2020-09-21 08:44:22.221498,Carhartt Men's Midweight Sleeve Logo Hooded Sweatshirt,No,212,B002G9UDYG,AE3LRCOFYOIXMTUVY7MELWKBDM6A
170,AHXWKFI6KJXDJFVFZSBLQBMAH3NQ,True,Nothing!,Great gift!,"July 10, 2020",Auy,5.0,0,https://www.amazon.ca/gp/profile/amzn1.account.AHXWKFI6KJXDJFVFZSBLQBMAH3NQ/ref=cm_cr_getr_d_gw_btm?ie=UTF8,2020-09-21 08:44:28.343961,2020-09-21 08:44:28.474717,Carhartt Men's Midweight Sleeve Logo Hooded Sweatshirt,No,212,B002G9UDYG,AE3LRCOFYOIXMTUVY7MELWKBDM6A
171,AE2BPW4M7RSCU7CPEQG6KBYXMX6Q,True,Pricey but worth it,Warm!! No dislikes,"January 21, 2019",Amazon Customer,5.0,0,https://www.amazon.ca/gp/profile/amzn1.account.AE2BPW4M7RSCU7CPEQG6KBYXMX6Q/ref=cm_cr_getr_d_gw_btm?ie=UTF8,2020-09-21 08:44:28.479596,2020-09-21 08:44:28.600620,Carhartt Men's Midweight Sleeve Logo Hooded Sweatshirt,No,212,B002G9UDYG,AE3LRCOFYOIXMTUVY7MELWKBDM6A
172,AEDIBCG43HR3IEXTYHJYEKPE2RZA,True,bien comptant,merci super,"December 10, 2018",nicolas,5.0,0,https://www.amazon.ca/gp/profile/amzn1.account.AEDIBCG43HR3IEXTYHJYEKPE2RZA/ref=cm_cr_getr_d_gw_btm?ie=UTF8,2020-09-21 08:44:28.604523,2020-09-21 08:44:28.728476,Carhartt Men's Midweight Sleeve Logo Hooded Sweatshirt,No,212,B002G9UDYG,AE3LRCOFYOIXMTUVY7MELWKBDM6A
173,AHWBVKQ4YRPMOETXF4ZZM47CDHFA,True,Awesome product,Love it,"July 13, 2020",Dylan,5.0,0,https://www.amazon.ca/gp/profile/amzn1.account.AHWBVKQ4YRPMOETXF4ZZM47CDHFA/ref=cm_cr_getr_d_gw_btm?ie=UTF8,2020-09-21 08:44:28.732379,2020-09-21 08:44:28.860235,Carhartt Men's Midweight Sleeve Logo Hooded Sweatshirt,No,212,B002G9UDYG,AE3LRCOFYOIXMTUVY7MELWKBDM6A
174,AFNXNSIC2CM3ZMYTGPSBMGH3HUCA,True,👍🏻👍🏻,👍🏻😂,"June 9, 2020",Justin O'Shea,5.0,0,https://www.amazon.ca/gp/profile/amzn1.account.AFNXNSIC2CM3ZMYTGPSBMGH3HUCA/ref=cm_cr_getr_d_gw_btm?ie=UTF8,2020-09-21 08:44:28.864139,2020-09-21 08:44:28.991994,Carhartt Men's Midweight Sleeve Logo Hooded Sweatshirt,No,212,B002G9UDYG,AE3LRCOFYOIXMTUVY7MELWKBDM6A
175,AGKBQ3X7YDOCEM5UIISF55VZY5BA,True,Perfect fit,Awesome,"November 3, 2018",Amazon Customer,5.0,0,https://www.amazon.ca/gp/profile/amzn1.account.AGKBQ3X7YDOCEM5UIISF55VZY5BA/ref=cm_cr_getr_d_gw_btm?ie=UTF8,2020-09-21 08:44:28.995900,2020-09-21 08:44:29.148154,Carhartt Men's Midweight Sleeve Logo Hooded Sweatshirt,No,212,B002G9UDYG,AE3LRCOFYOIXMTUVY7MELWKBDM6A
176,AGJM5UXCKY2AYHGHL4HKPJYCMFFA,True,Comfortable,Great,"June 4, 2020",Amazon Customer,5.0,0,https://www.amazon.ca/gp/profile/amzn1.account.AGJM5UXCKY2AYHGHL4HKPJYCMFFA/ref=cm_cr_getr_d_gw_btm?ie=UTF8,2020-09-21 08:44:29.152059,2020-09-21 08:44:29.267225,Carhartt Men's Midweight Sleeve Logo Hooded Sweatshirt,No,212,B002G9UDYG,AE3LRCOFYOIXMTUVY7MELWKBDM6A
177,AGVJ6WFTATEEXMLWWNNJCDUKSFRA,True,Looks great. Great fit. Shipped timely,Gorgeous color,"December 6, 2019",Shelly Campbell,5.0,0,https://www.amazon.ca/gp/profile/amzn1.account.AGVJ6WFTATEEXMLWWNNJCDUKSFRA/ref=cm_cr_getr_d_gw_btm?ie=UTF8,2020-09-21 08:44:29.272106,2020-09-21 08:44:29.388250,Carhartt Men's Midweight Sleeve Logo Hooded Sweatshirt,No,212,B002G9UDYG,AE3LRCOFYOIXMTUVY7MELWKBDM6A
178,AH4YCEMDPA64WFRI4JLPBPTHL2YA,True,One Star,It came ripped on the seal of right arm,"September 4, 2018",Max,1.0,0,https://www.amazon.ca/gp/profile/amzn1.account.AH4YCEMDPA64WFRI4JLPBPTHL2YA/ref=cm_cr_getr_d_gw_btm?ie=UTF8,2020-09-21 08:44:29.392155,2020-09-21 08:44:29.539530,Carhartt Men's Midweight Sleeve Logo Hooded Sweatshirt,No,212,B002G9UDYG,AE3LRCOFYOIXMTUVY7MELWKBDM6A
179,AEV5NIXCJWCLZDXUFE4GUH6F3H7A,True,Five Stars,Awesome buy! Fast shipping!,"January 21, 2018",Rachick78,5.0,0,https://www.amazon.ca/gp/profile/amzn1.account.AEV5NIXCJWCLZDXUFE4GUH6F3H7A/ref=cm_cr_getr_d_gw_btm?ie=UTF8,2020-09-21 08:44:29.543434,2020-09-21 08:44:29.659577,Carhartt Men's Midweight Sleeve Logo Hooded Sweatshirt,No,212,B002G9UDYG,AE3LRCOFYOIXMTUVY7MELWKBDM6A
180,AFVPFHKZWUTYXLXFGGDC4SORB7EA,True,Not for skinny guys,Fits baggy,"January 16, 2019",Kurt,4.0,0,https://www.amazon.ca/gp/profile/amzn1.account.AFVPFHKZWUTYXLXFGGDC4SORB7EA/ref=cm_cr_getr_d_gw_btm?ie=UTF8,2020-09-21 08:44:31.794087,2020-09-21 08:44:31.918035,Carhartt Men's Midweight Sleeve Logo Hooded Sweatshirt,No,212,B002G9UDYG,AE3LRCOFYOIXMTUVY7MELWKBDM6A
181,AERHXBXSUMKFVE4FFHJU4O4M7PEA,True,Great fit,Fits good,"November 14, 2018",Dylan McCormick,5.0,0,https://www.amazon.ca/gp/profile/amzn1.account.AERHXBXSUMKFVE4FFHJU4O4M7PEA/ref=cm_cr_getr_d_gw_btm?ie=UTF8,2020-09-21 08:44:31.921940,2020-09-21 08:44:32.042964,Carhartt Men's Midweight Sleeve Logo Hooded Sweatshirt,No,212,B002G9UDYG,AE3LRCOFYOIXMTUVY7MELWKBDM6A
182,AGSN7UC6JULPZ4GEHC4RCPMNZDSQ,True,Five Stars,came the next day! Son loves it,"June 11, 2018",nicole dinning,5.0,0,https://www.amazon.ca/gp/profile/amzn1.account.AGSN7UC6JULPZ4GEHC4RCPMNZDSQ/ref=cm_cr_getr_d_gw_btm?ie=UTF8,2020-09-21 08:44:32.046868,2020-09-21 08:44:32.170820,Carhartt Men's Midweight Sleeve Logo Hooded Sweatshirt,No,212,B002G9UDYG,AE3LRCOFYOIXMTUVY7MELWKBDM6A
183,AGBSCQRR6DLBZJH4TE6ZMMUGGXSA,True,Great purchase Bought 3 My kids love them too,"Great purchase
Bought 3
My kids love them too","January 11, 2018",Dave ,5.0,0,https://www.amazon.ca/gp/profile/amzn1.account.AGBSCQRR6DLBZJH4TE6ZMMUGGXSA/ref=cm_cr_getr_d_gw_btm?ie=UTF8,2020-09-21 08:44:32.175700,2020-09-21 08:44:32.320147,Carhartt Men's Midweight Sleeve Logo Hooded Sweatshirt,No,212,B002G9UDYG,AE3LRCOFYOIXMTUVY7MELWKBDM6A
184,AGSVNF2H5ZMTDGPDECBUHUH5O6MQ,True,Five Stars,great,"February 27, 2018",bryce,5.0,0,https://www.amazon.ca/gp/profile/amzn1.account.AGSVNF2H5ZMTDGPDECBUHUH5O6MQ/ref=cm_cr_getr_d_gw_btm?ie=UTF8,2020-09-21 08:44:32.334786,2020-09-21 08:44:32.453859,Carhartt Men's Midweight Sleeve Logo Hooded Sweatshirt,No,212,B002G9UDYG,AE3LRCOFYOIXMTUVY7MELWKBDM6A
185,AGYS5V4T56SUQSCES3RLF3KTXE2Q,False,"Good Quality, Great Fit & Looks Good On My Husband!","I purchased the Black, Carhartt Men's Hoodie, in size xxl, for my husband, as a Christmas Gift. I really like that it's made really well & is made with quality material. It fits my husband well, even with layers underneath & looks good on him to. He likes the size and placement of the logo's & all of the above. I paid extra for gift wrap, it came in a really durable, awesome silver gift bag with matching ribbons at the top & it also came with a really nice gift card, inside they printed what I wanted it to say, smilies and all. It came a little late, due to customs being backed up, as it was shipped from an American warehouse, as they were sold out in Canada. Great Product & I will be purchasing 2 more. I will recommend this product because of the reason's listed above . I also waited until it went on sale, I purchased mine for just under $58.00 Canadian. I Give this Item 5 Stars!","January 17, 2019",Christine C.,5.0,One,https://www.amazon.ca/gp/profile/amzn1.account.AGYS5V4T56SUQSCES3RLF3KTXE2Q/ref=cm_cr_getr_d_gw_btm?ie=UTF8,2020-09-21 08:44:32.458739,2020-09-21 08:44:32.574882,Carhartt Men's Midweight Sleeve Logo Hooded Sweatshirt,No,212,B002G9UDYG,AE3LRCOFYOIXMTUVY7MELWKBDM6A
186,AEX72WHKVVHSMCADSBD5O74SIOMA,False,Great product!,Love this thing. I'm 6'5 250lbs so I'm extremely happy that I can find size XLT which is perfect as I have long arms. I'm expecting this thing to last for many years and beyond. Wait for sale and you won't get better value. Highly recommended!,"June 15, 2020",Julie Pesonen,5.0,0,https://www.amazon.ca/gp/profile/amzn1.account.AEX72WHKVVHSMCADSBD5O74SIOMA/ref=cm_cr_getr_d_gw_btm?ie=UTF8,2020-09-21 08:44:32.579762,2020-09-21 08:44:32.692002,Carhartt Men's Midweight Sleeve Logo Hooded Sweatshirt,No,212,B002G9UDYG,AE3LRCOFYOIXMTUVY7MELWKBDM6A
187,AGFN2KCY7YCGN7ODAOCE25DSFV5A,False,Great Hoodie!!,"I'm 6ft. Althletic build, 170lbs. I got a large, fits me perfect. This has to be one of my favorite hoodies. Great quality hoodie.
Highly recommend, I will definitely be getting more.","March 20, 2020",Camaro73,5.0,0,https://www.amazon.ca/gp/profile/amzn1.account.AGFN2KCY7YCGN7ODAOCE25DSFV5A/ref=cm_cr_getr_d_gw_btm?ie=UTF8,2020-09-21 08:44:32.695906,2020-09-21 08:44:32.838403,Carhartt Men's Midweight Sleeve Logo Hooded Sweatshirt,No,212,B002G9UDYG,AE3LRCOFYOIXMTUVY7MELWKBDM6A
188,AHSEW2O7Q52RUWLLPH4J2R5P7GLA,False,Love this Hoodie,"received a few days ago - great for Canada (West Coast) winter - material great quality - ft loose without being baggy

Very happy with my purchase and will buy another colour","January 16, 2019",A. Sceptic,5.0,0,https://www.amazon.ca/gp/profile/amzn1.account.AHSEW2O7Q52RUWLLPH4J2R5P7GLA/ref=cm_cr_getr_d_gw_btm?ie=UTF8,2020-09-21 08:44:32.846210,2020-09-21 08:44:32.962353,Carhartt Men's Midweight Sleeve Logo Hooded Sweatshirt,No,212,B002G9UDYG,AE3LRCOFYOIXMTUVY7MELWKBDM6A
189,AFIZGMM55RZGN6QPXSBFYMPYLDPA,False,Good quality. Received quickly,Fits as expected. Good quality. Received quickly. Will order again.,"January 12, 2018",Charlene Freeman,5.0,0,https://www.amazon.ca/gp/profile/amzn1.account.AFIZGMM55RZGN6QPXSBFYMPYLDPA/ref=cm_cr_getr_d_gw_btm?ie=UTF8,2020-09-21 08:44:32.966258,2020-09-21 08:44:33.080449,Carhartt Men's Midweight Sleeve Logo Hooded Sweatshirt,No,212,B002G9UDYG,AE3LRCOFYOIXMTUVY7MELWKBDM6A
190,AH5L3NFIEBXH3LVOPMHQCR4UCPJQ,False,To expensive,At bass pro they are 80 and marks work warehouse are 100,"May 16, 2017",Shane posluns,1.0,3,https://www.amazon.ca/gp/profile/amzn1.account.AH5L3NFIEBXH3LVOPMHQCR4UCPJQ/ref=cm_cr_getr_d_gw_btm?ie=UTF8,2020-09-21 08:44:35.199390,2020-09-21 08:44:35.363309,Carhartt Men's Midweight Sleeve Logo Hooded Sweatshirt,No,212,B002G9UDYG,AE3LRCOFYOIXMTUVY7MELWKBDM6A
191,AFIF4I4MAXS662MK4GKLEAQSLGJQ,False,Great Material,I ordered a large in blue. It was true to size and color.,"December 3, 2019",Lisa,5.0,0,https://www.amazon.ca/gp/profile/amzn1.account.AFIF4I4MAXS662MK4GKLEAQSLGJQ/ref=cm_cr_getr_d_gw_btm?ie=UTF8,2020-09-21 08:44:35.367211,2020-09-21 08:44:35.498971,Carhartt Men's Midweight Sleeve Logo Hooded Sweatshirt,No,212,B002G9UDYG,AE3LRCOFYOIXMTUVY7MELWKBDM6A
192,AHQ73X4THJPPZ6TFPZKQKO3ZBY7Q,False,One Star,Scam wouldnt advise wasting your hard earned money,"December 9, 2017",Amazon Customer,1.0,One,https://www.amazon.ca/gp/profile/amzn1.account.AHQ73X4THJPPZ6TFPZKQKO3ZBY7Q/ref=cm_cr_getr_d_gw_btm?ie=UTF8,2020-09-21 08:44:35.513612,2020-09-21 08:44:35.623900,Carhartt Men's Midweight Sleeve Logo Hooded Sweatshirt,No,212,B002G9UDYG,AE3LRCOFYOIXMTUVY7MELWKBDM6A
193,AELZTS2RHP4PRYGINGXU6MREDMIQ,True,You won’t be disappointed,"Perfect, soft, comfortable, best price!","July 9, 2019",Chrissy,5.0,0,https://www.amazon.ca/gp/profile/amzn1.account.AELZTS2RHP4PRYGINGXU6MREDMIQ/ref=cm_cr_getr_d_gw_btm?ie=UTF8,2020-09-21 08:44:35.627804,2020-09-21 08:44:35.740043,Carhartt Men's Midweight Sleeve Logo Hooded Sweatshirt,No,212,B002G9UDYG,AE3LRCOFYOIXMTUVY7MELWKBDM6A
