,subproduct_author_id,verified_purchase,review_title,reviews,date,reviewer_name,ratings,people_find_helpful,reviewer_profile_url,start_time,end_time,product_name,brand_name,rank,product_id,author_id
0,AEOYQEMV2DSEANUYYAX5URWDNBYQ,True,Disappointing quality,"I don't think companies like Hanes or others have a consistent suppliers. I previously purchased these exact same socks in the past (from a bricks and mortar store) and they were, and still are, very thick and durable. Not a hole in the heel yet, and that's saying something. So, when I needed some more, I ordered these and while they look the same, they are nowhere near the quality of the original ones. I can just tell from the thinness and coarseness of the material that they will not last. I would expect better consistency and if I order these Hanes socks today or next year, they should be the same.","February 20, 2018",BIM,2.0,5,https://www.amazon.ca/gp/profile/amzn1.account.AEOYQEMV2DSEANUYYAX5URWDNBYQ/ref=cm_cr_arp_d_gw_btm?ie=UTF8,2020-09-21 13:00:39.592189,2020-09-21 13:00:39.732732,Hanes Men's 6 pack FreshIQ Cushion Crew Sock,No,"54,617",B002G9UDYG,AECJHGAHVQCKW4VWKWLBVFDXJDMQ
1,AE3HPIWILZ5VUJCIUATHK54J3EBQ,True,Why does Hanes sell so many different types of socks?,"I'm picky about socks, and when I find a pair that fits well and are comfortable, I like to stick to them.

After settling on Hanes and having them either wear out or get chewed by our puppy, I needed to buy some more pairs.

From what I remembered of the last time I bought socks, I bought Hanes crew cut FreshIQ socks, so i bought these since they matched up. However I immediately discovered that even though they had all the same labels and appearance, they were different and didn't feel as nice. Eventually I found the correct socks at Walmart, where they stocked Hanes Sport Cuts crew socks with FreshIQ which are more comfortable than these socks.

I wish Hanes didn't offer so many different variations of the same style of sock. At least now that I've found my preferred style, I can ensure I always get the right ones.","January 31, 2020",JMJR,4.0,0,https://www.amazon.ca/gp/profile/amzn1.account.AE3HPIWILZ5VUJCIUATHK54J3EBQ/ref=cm_cr_arp_d_gw_btm?ie=UTF8,2020-09-21 13:00:39.737613,2020-09-21 13:00:39.890846,Hanes Men's 6 pack FreshIQ Cushion Crew Sock,No,"54,617",B002G9UDYG,AECJHGAHVQCKW4VWKWLBVFDXJDMQ
2,AGR5NX4EIACCJILFBMMM23SSMSCA,True,Excellent Value,"The material is a little rough, but other than that, it is a great deal! It is very warm, so I recommend using them in colder weather as your feet may sweat in them. It is very thick and does not degrade easily with multiple washes.","March 29, 2016",Roman,4.0,2,https://www.amazon.ca/gp/profile/amzn1.account.AGR5NX4EIACCJILFBMMM23SSMSCA/ref=cm_cr_arp_d_gw_btm?ie=UTF8,2020-09-21 13:00:39.894748,2020-09-21 13:00:40.027484,Hanes Men's 6 pack FreshIQ Cushion Crew Sock,No,"54,617",B002G9UDYG,AECJHGAHVQCKW4VWKWLBVFDXJDMQ
3,AGQYKIEEMILZN3GJDPDOOITSB6VQ,True,Not what's pictured,"I didn't get whats in the picture. They do not have the grey all the way, only on the tow and heel, and there is a ""Hanes"" across the toe. If you're picky about that stuff, beware. The socks otherwise are fine. Comfy and fit well so I can't complain otherwise.","January 13, 2016",Eric C.,4.0,2,https://www.amazon.ca/gp/profile/amzn1.account.AGQYKIEEMILZN3GJDPDOOITSB6VQ/ref=cm_cr_arp_d_gw_btm?ie=UTF8,2020-09-21 13:00:40.031388,2020-09-21 13:00:40.165124,Hanes Men's 6 pack FreshIQ Cushion Crew Sock,No,"54,617",B002G9UDYG,AECJHGAHVQCKW4VWKWLBVFDXJDMQ
4,AF52DBSTF3JQJG2QUSGQDUBQP65Q,True,Good quality,Not too tick and good quality it will last probably around 20 -25 washing cycle,"November 24, 2019",Amazon Customer,5.0,0,https://www.amazon.ca/gp/profile/amzn1.account.AF52DBSTF3JQJG2QUSGQDUBQP65Q/ref=cm_cr_arp_d_gw_btm?ie=UTF8,2020-09-21 13:00:40.169003,2020-09-21 13:00:40.300764,Hanes Men's 6 pack FreshIQ Cushion Crew Sock,No,"54,617",B002G9UDYG,AECJHGAHVQCKW4VWKWLBVFDXJDMQ
5,AHSQJJOJ7FSFXEKTIPRBJGF2GVSA,True,The war NOT as advertised. They are 55% polyester ...,The war NOT as advertised. They are 55% polyester and they are NOT cushion foot. I bought these for long days in steel toe boots in a stressful work environment and these are plain old junky black tube socks.,"January 22, 2017",Nicholas S.,1.0,5,https://www.amazon.ca/gp/profile/amzn1.account.AHSQJJOJ7FSFXEKTIPRBJGF2GVSA/ref=cm_cr_arp_d_gw_btm?ie=UTF8,2020-09-21 13:00:40.306620,2020-09-21 13:00:40.431604,Hanes Men's 6 pack FreshIQ Cushion Crew Sock,No,"54,617",B002G9UDYG,AECJHGAHVQCKW4VWKWLBVFDXJDMQ
6,AGUNUN7I6HXSRO4XKEWKPROMWHGA,True,poor elastic,"Really disappointed in these. They don't stay up around the calf, and I won't abide slouchy athletic socks. Rendered unwearable for me, I'm afraid.","February 14, 2018",RinzelTinzel,1.0,0,https://www.amazon.ca/gp/profile/amzn1.account.AGUNUN7I6HXSRO4XKEWKPROMWHGA/ref=cm_cr_arp_d_gw_btm?ie=UTF8,2020-09-21 13:00:40.435483,2020-09-21 13:00:40.558458,Hanes Men's 6 pack FreshIQ Cushion Crew Sock,No,"54,617",B002G9UDYG,AECJHGAHVQCKW4VWKWLBVFDXJDMQ
7,AFZR4M6N737DVJFQNKK52O56GLWA,True,Good Socks for the price.,"A repeat of a previous order, these were not the same socks as before. Still good socks, but not as heavy, and not as pictured.","March 30, 2018",Val B.,4.0,0,https://www.amazon.ca/gp/profile/amzn1.account.AFZR4M6N737DVJFQNKK52O56GLWA/ref=cm_cr_arp_d_gw_btm?ie=UTF8,2020-09-21 13:00:40.563339,2020-09-21 13:00:40.693181,Hanes Men's 6 pack FreshIQ Cushion Crew Sock,No,"54,617",B002G9UDYG,AECJHGAHVQCKW4VWKWLBVFDXJDMQ
8,AF6ZMDN5DJNXVO4YLOHPHHCOZTIA,True,Good quality,I usually buy socks at Costco but these were a good deal. They are well made and comfy. I would buy them again.,"May 9, 2017",Margo Murphy,5.0,One,https://www.amazon.ca/gp/profile/amzn1.account.AF6ZMDN5DJNXVO4YLOHPHHCOZTIA/ref=cm_cr_arp_d_gw_btm?ie=UTF8,2020-09-21 13:00:40.697086,2020-09-21 13:00:40.828893,Hanes Men's 6 pack FreshIQ Cushion Crew Sock,No,"54,617",B002G9UDYG,AECJHGAHVQCKW4VWKWLBVFDXJDMQ
9,AHWLNMKML5AOCKTAZ4CK3VAODZ6A,True,Kinda crappy socks. I buy Hanes socks all the time ...,Kinda crappy socks. I buy Hanes socks all the time and these are not the same. They also have no reinforcing of ant kind. Guess it's best to go to the store for something like this.,"October 9, 2016",Glenn S,2.0,0,https://www.amazon.ca/gp/profile/amzn1.account.AHWLNMKML5AOCKTAZ4CK3VAODZ6A/ref=cm_cr_arp_d_gw_btm?ie=UTF8,2020-09-21 13:00:40.832796,2020-09-21 13:00:40.957725,Hanes Men's 6 pack FreshIQ Cushion Crew Sock,No,"54,617",B002G9UDYG,AECJHGAHVQCKW4VWKWLBVFDXJDMQ
10,AEPZS652RWNA4N7D4GH2MYEH66JQ,True,The socks were very comfortable and felt very soft on feet,"The socks were very comfortable and felt very soft on feet. They did not stretch over time which was a huge surprise!
The look really great as well, simple socks. Satisfied <3","February 14, 2018",Brandon,5.0,0,https://www.amazon.ca/gp/profile/amzn1.account.AEPZS652RWNA4N7D4GH2MYEH66JQ/ref=cm_cr_getr_d_gw_btm?ie=UTF8,2020-09-21 13:00:47.137972,2020-09-21 13:00:47.263876,Hanes Men's 6 pack FreshIQ Cushion Crew Sock,No,"54,617",B002G9UDYG,AECJHGAHVQCKW4VWKWLBVFDXJDMQ
11,AEVOXNWD4UT5LUO3S6T42OTJAU4A,True,Wrong description!,The contents in the description they don't much I ordered it because it says 85% cotton but what I got is 48% cotton so I'm not happy.,"March 28, 2017",Kabipro,1.0,One,https://www.amazon.ca/gp/profile/amzn1.account.AEVOXNWD4UT5LUO3S6T42OTJAU4A/ref=cm_cr_getr_d_gw_btm?ie=UTF8,2020-09-21 13:00:47.268756,2020-09-21 13:00:47.401491,Hanes Men's 6 pack FreshIQ Cushion Crew Sock,No,"54,617",B002G9UDYG,AECJHGAHVQCKW4VWKWLBVFDXJDMQ
12,AFBGBQOM7HGFTI6F76ER3LQLVSZQ,True,Do not recommend.,Holes almost with first wear. I've bought cheaper socks elsewhere that have lasted much much longer. Do not recommend.,"December 23, 2017",Bruce,1.0,0,https://www.amazon.ca/gp/profile/amzn1.account.AFBGBQOM7HGFTI6F76ER3LQLVSZQ/ref=cm_cr_getr_d_gw_btm?ie=UTF8,2020-09-21 13:00:47.405395,2020-09-21 13:00:47.527394,Hanes Men's 6 pack FreshIQ Cushion Crew Sock,No,"54,617",B002G9UDYG,AECJHGAHVQCKW4VWKWLBVFDXJDMQ
13,AE7GBJZU5UCTJJVDR7Q5VQTBY4UQ,True,Love the socks,"Love the socks. They fit perfectly, are snug but not too tight, and lastly they're warm but not excessive.

Would easily order another 6-pack of these.","July 9, 2016",Amazon Customer,5.0,0,https://www.amazon.ca/gp/profile/amzn1.account.AE7GBJZU5UCTJJVDR7Q5VQTBY4UQ/ref=cm_cr_getr_d_gw_btm?ie=UTF8,2020-09-21 13:00:47.531299,2020-09-21 13:00:47.655289,Hanes Men's 6 pack FreshIQ Cushion Crew Sock,No,"54,617",B002G9UDYG,AECJHGAHVQCKW4VWKWLBVFDXJDMQ
14,AEWSDBJMSPQKVG5BRQYFSLJFCC4A,True,Nice and thick however,"Nice and thick however, much larger then stated. I would've grabbed a size smaller if I knew they ran larger. The grey heal is up my ankle and not on foot it looks stupid.","August 2, 2017",Amazon Customer,3.0,0,https://www.amazon.ca/gp/profile/amzn1.account.AEWSDBJMSPQKVG5BRQYFSLJFCC4A/ref=cm_cr_getr_d_gw_btm?ie=UTF8,2020-09-21 13:00:47.665050,2020-09-21 13:00:47.790991,Hanes Men's 6 pack FreshIQ Cushion Crew Sock,No,"54,617",B002G9UDYG,AECJHGAHVQCKW4VWKWLBVFDXJDMQ
15,AEK2L5EAMA2W7LUIU3MENI3WHMTA,True,Recheck the size you choose to order,Information section for these socks says fits shoe sizes 6 - 12. My son is a size 7 (shoe). These socks are a couple of inches too long.,"April 8, 2016",Jennifer R.,2.0,0,https://www.amazon.ca/gp/profile/amzn1.account.AEK2L5EAMA2W7LUIU3MENI3WHMTA/ref=cm_cr_getr_d_gw_btm?ie=UTF8,2020-09-21 13:00:47.795866,2020-09-21 13:00:47.918884,Hanes Men's 6 pack FreshIQ Cushion Crew Sock,No,"54,617",B002G9UDYG,AECJHGAHVQCKW4VWKWLBVFDXJDMQ
16,AERTGS6ETU7ZWYC6OPQYQXM45HMA,True,Good value,Nice socks,"June 22, 2019",Ernst VanGameren,4.0,0,https://www.amazon.ca/gp/profile/amzn1.account.AERTGS6ETU7ZWYC6OPQYQXM45HMA/ref=cm_cr_getr_d_gw_btm?ie=UTF8,2020-09-21 13:00:47.923764,2020-09-21 13:00:48.060437,Hanes Men's 6 pack FreshIQ Cushion Crew Sock,No,"54,617",B002G9UDYG,AECJHGAHVQCKW4VWKWLBVFDXJDMQ
17,AFDFIXSB6BW2RLV3IMUQP6AYV6LA,True,Basic item.,Basic item.,"December 28, 2018",Amazon Customer,4.0,0,https://www.amazon.ca/gp/profile/amzn1.account.AFDFIXSB6BW2RLV3IMUQP6AYV6LA/ref=cm_cr_getr_d_gw_btm?ie=UTF8,2020-09-21 13:00:48.066317,2020-09-21 13:00:48.187316,Hanes Men's 6 pack FreshIQ Cushion Crew Sock,No,"54,617",B002G9UDYG,AECJHGAHVQCKW4VWKWLBVFDXJDMQ
18,AENV6LV3W7SEK4E6DB4U7OFM5LNA,True,This order was a buy again order but the merchandise ...,This order was a buy again order but the merchandise is different from the original order. Still Hanes brand but did not have a comfort sole,"September 16, 2016",Bill W,4.0,0,https://www.amazon.ca/gp/profile/amzn1.account.AENV6LV3W7SEK4E6DB4U7OFM5LNA/ref=cm_cr_getr_d_gw_btm?ie=UTF8,2020-09-21 13:00:48.191220,2020-09-21 13:00:48.312243,Hanes Men's 6 pack FreshIQ Cushion Crew Sock,No,"54,617",B002G9UDYG,AECJHGAHVQCKW4VWKWLBVFDXJDMQ
19,AHAEPX4TRCX434ZWUMIXDTWABITA,True,Could use more cotton,Good sock although they do have too much polyester which make your feet sweaty.,"July 2, 2018",JohnnyK,4.0,0,https://www.amazon.ca/gp/profile/amzn1.account.AHAEPX4TRCX434ZWUMIXDTWABITA/ref=cm_cr_getr_d_gw_btm?ie=UTF8,2020-09-21 13:00:48.316148,2020-09-21 13:00:48.450862,Hanes Men's 6 pack FreshIQ Cushion Crew Sock,No,"54,617",B002G9UDYG,AECJHGAHVQCKW4VWKWLBVFDXJDMQ
20,AHT4OC7OHGBCFPQCHIAGIPNS6EPA,True,Two Stars,2 of the socks were not sewn correctly / arrived with the seam undone,"August 24, 2017",Brendan,2.0,0,https://www.amazon.ca/gp/profile/amzn1.account.AHT4OC7OHGBCFPQCHIAGIPNS6EPA/ref=cm_cr_getr_d_gw_btm?ie=UTF8,2020-09-21 13:00:54.595717,2020-09-21 13:00:54.737236,Hanes Men's 6 pack FreshIQ Cushion Crew Sock,No,"54,617",B002G9UDYG,AECJHGAHVQCKW4VWKWLBVFDXJDMQ
21,AGSCEPSETS6D7VHTJSDQGCVVRJIQ,True,Great,Great,"May 29, 2019",Katharina Neufeld,5.0,0,https://www.amazon.ca/gp/profile/amzn1.account.AGSCEPSETS6D7VHTJSDQGCVVRJIQ/ref=cm_cr_getr_d_gw_btm?ie=UTF8,2020-09-21 13:00:54.742117,2020-09-21 13:00:54.867045,Hanes Men's 6 pack FreshIQ Cushion Crew Sock,No,"54,617",B002G9UDYG,AECJHGAHVQCKW4VWKWLBVFDXJDMQ
22,AG76CHWM7BOQOBIL4BTGDJO4THWQ,True,Bought as a gift.,"Can't complain about anything, so, I would say a good purchase.","February 3, 2018",Rodger W,4.0,0,https://www.amazon.ca/gp/profile/amzn1.account.AG76CHWM7BOQOBIL4BTGDJO4THWQ/ref=cm_cr_getr_d_gw_btm?ie=UTF8,2020-09-21 13:00:54.871924,2020-09-21 13:00:55.002708,Hanes Men's 6 pack FreshIQ Cushion Crew Sock,No,"54,617",B002G9UDYG,AECJHGAHVQCKW4VWKWLBVFDXJDMQ
23,AELUJROKG3YI4YDVWD4TAWPS5BXQ,True,Five Stars,Time and exactly what I expected good quality and comfort,"January 25, 2018",Cheryl Bremner,5.0,0,https://www.amazon.ca/gp/profile/amzn1.account.AELUJROKG3YI4YDVWD4TAWPS5BXQ/ref=cm_cr_getr_d_gw_btm?ie=UTF8,2020-09-21 13:00:55.008564,2020-09-21 13:00:55.125684,Hanes Men's 6 pack FreshIQ Cushion Crew Sock,No,"54,617",B002G9UDYG,AECJHGAHVQCKW4VWKWLBVFDXJDMQ
24,AFYK6SBMKFDCDQZMZ42S76SPE7SQ,True,Casual utility sicks,Good socks. Good price.,"November 1, 2018",Toplesssky,5.0,0,https://www.amazon.ca/gp/profile/amzn1.account.AFYK6SBMKFDCDQZMZ42S76SPE7SQ/ref=cm_cr_getr_d_gw_btm?ie=UTF8,2020-09-21 13:00:55.129588,2020-09-21 13:00:55.251657,Hanes Men's 6 pack FreshIQ Cushion Crew Sock,No,"54,617",B002G9UDYG,AECJHGAHVQCKW4VWKWLBVFDXJDMQ
25,AHVWSBUJUESDOTPGMAW2FPECYLUQ,True,Five Stars,a nice fit and good product...,"May 19, 2018",Mario Martellacci,5.0,0,https://www.amazon.ca/gp/profile/amzn1.account.AHVWSBUJUESDOTPGMAW2FPECYLUQ/ref=cm_cr_getr_d_gw_btm?ie=UTF8,2020-09-21 13:00:55.256536,2020-09-21 13:00:55.389272,Hanes Men's 6 pack FreshIQ Cushion Crew Sock,No,"54,617",B002G9UDYG,AECJHGAHVQCKW4VWKWLBVFDXJDMQ
26,AHOVZSZXAQUZRYPPLS3UOFTXJV5Q,True,Five Stars,My brother loves these socks. Not to thick and not too thin.,"January 11, 2018",Beverly Henry,5.0,0,https://www.amazon.ca/gp/profile/amzn1.account.AHOVZSZXAQUZRYPPLS3UOFTXJV5Q/ref=cm_cr_getr_d_gw_btm?ie=UTF8,2020-09-21 13:00:55.394152,2020-09-21 13:00:55.514200,Hanes Men's 6 pack FreshIQ Cushion Crew Sock,No,"54,617",B002G9UDYG,AECJHGAHVQCKW4VWKWLBVFDXJDMQ
27,AGUWR2J4SJM4FSNDRY44BIE3PG2A,True,Five Stars,These are comfortable and have held up well to regular use and frequent laundry cycles.,"July 18, 2017",Amazon Customer,5.0,0,https://www.amazon.ca/gp/profile/amzn1.account.AGUWR2J4SJM4FSNDRY44BIE3PG2A/ref=cm_cr_getr_d_gw_btm?ie=UTF8,2020-09-21 13:00:55.518104,2020-09-21 13:00:55.639135,Hanes Men's 6 pack FreshIQ Cushion Crew Sock,No,"54,617",B002G9UDYG,AECJHGAHVQCKW4VWKWLBVFDXJDMQ
28,AHYCPHC66SUZB7TQHQVWLIMN5MJQ,True,Five Stars,Great socks!,"May 14, 2018",Amazon Customer,5.0,0,https://www.amazon.ca/gp/profile/amzn1.account.AHYCPHC66SUZB7TQHQVWLIMN5MJQ/ref=cm_cr_getr_d_gw_btm?ie=UTF8,2020-09-21 13:00:55.643038,2020-09-21 13:00:55.775775,Hanes Men's 6 pack FreshIQ Cushion Crew Sock,No,"54,617",B002G9UDYG,AECJHGAHVQCKW4VWKWLBVFDXJDMQ
29,AHE57J2JDEKDUDW6G6PDAUIYL7HQ,True,Three Stars,They are not as thick as the other same looking Hanes I bought at a big box store.,"January 26, 2018",DS In Calgary,3.0,0,https://www.amazon.ca/gp/profile/amzn1.account.AHE57J2JDEKDUDW6G6PDAUIYL7HQ/ref=cm_cr_getr_d_gw_btm?ie=UTF8,2020-09-21 13:00:55.780654,2020-09-21 13:00:55.904606,Hanes Men's 6 pack FreshIQ Cushion Crew Sock,No,"54,617",B002G9UDYG,AECJHGAHVQCKW4VWKWLBVFDXJDMQ
30,AGIR7PHEIL7D3XQZLO7YY3ZAJCCA,True,Five Stars,as expected,"October 23, 2017",Mark Walker,5.0,0,https://www.amazon.ca/gp/profile/amzn1.account.AGIR7PHEIL7D3XQZLO7YY3ZAJCCA/ref=cm_cr_getr_d_gw_btm?ie=UTF8,2020-09-21 13:01:01.065153,2020-09-21 13:01:01.220290,Hanes Men's 6 pack FreshIQ Cushion Crew Sock,No,"54,617",B002G9UDYG,AECJHGAHVQCKW4VWKWLBVFDXJDMQ
31,AGHUHN27IQUPO7ND65PTHS7ULR6A,True,Three Stars,Bought for my spouse and they are very thin (poor quality) but do the trick.,"January 11, 2017",LoveLife,3.0,0,https://www.amazon.ca/gp/profile/amzn1.account.AGHUHN27IQUPO7ND65PTHS7ULR6A/ref=cm_cr_getr_d_gw_btm?ie=UTF8,2020-09-21 13:01:01.224195,2020-09-21 13:01:01.346225,Hanes Men's 6 pack FreshIQ Cushion Crew Sock,No,"54,617",B002G9UDYG,AECJHGAHVQCKW4VWKWLBVFDXJDMQ
32,AEWY345GGZOC2LQXPQOP74P5KWXA,True,Four Stars,not as good a quality as the black ones I odered,"October 6, 2017",Peter Bain,4.0,0,https://www.amazon.ca/gp/profile/amzn1.account.AEWY345GGZOC2LQXPQOP74P5KWXA/ref=cm_cr_getr_d_gw_btm?ie=UTF8,2020-09-21 13:01:01.350130,2020-09-21 13:01:01.484818,Hanes Men's 6 pack FreshIQ Cushion Crew Sock,No,"54,617",B002G9UDYG,AECJHGAHVQCKW4VWKWLBVFDXJDMQ
33,AEDNLVJ7LFPCH3IXNLB5DWK4AJXQ,True,Three Stars,The socks were a good fit and comfortable but started to get holes in them after a week.,"March 9, 2017",Ginma81,3.0,0,https://www.amazon.ca/gp/profile/amzn1.account.AEDNLVJ7LFPCH3IXNLB5DWK4AJXQ/ref=cm_cr_getr_d_gw_btm?ie=UTF8,2020-09-21 13:01:01.489698,2020-09-21 13:01:01.611697,Hanes Men's 6 pack FreshIQ Cushion Crew Sock,No,"54,617",B002G9UDYG,AECJHGAHVQCKW4VWKWLBVFDXJDMQ
34,AGRPVGEUOXTYRZYBUWTF3U2FPDFA,True,durable and great fit.,"Hanes socks, durable and great fit.","October 16, 2016",A.M. Wolf,5.0,0,https://www.amazon.ca/gp/profile/amzn1.account.AGRPVGEUOXTYRZYBUWTF3U2FPDFA/ref=cm_cr_getr_d_gw_btm?ie=UTF8,2020-09-21 13:01:01.615601,2020-09-21 13:01:01.743457,Hanes Men's 6 pack FreshIQ Cushion Crew Sock,No,"54,617",B002G9UDYG,AECJHGAHVQCKW4VWKWLBVFDXJDMQ
35,AH2UHW6CA3S3BV6LFW2YWDIS22OQ,True,Five Stars,You're gonna need socks.,"May 31, 2017",Will O'Neill,5.0,One,https://www.amazon.ca/gp/profile/amzn1.account.AH2UHW6CA3S3BV6LFW2YWDIS22OQ/ref=cm_cr_getr_d_gw_btm?ie=UTF8,2020-09-21 13:01:01.754192,2020-09-21 13:01:01.885952,Hanes Men's 6 pack FreshIQ Cushion Crew Sock,No,"54,617",B002G9UDYG,AECJHGAHVQCKW4VWKWLBVFDXJDMQ
36,AGBDFVHPGFM2XO37C2ALMJGZFQ7A,True,Five Stars,perfect what we were expecting,"January 11, 2018",Karen Boot,5.0,0,https://www.amazon.ca/gp/profile/amzn1.account.AGBDFVHPGFM2XO37C2ALMJGZFQ7A/ref=cm_cr_getr_d_gw_btm?ie=UTF8,2020-09-21 13:01:01.889857,2020-09-21 13:01:02.011893,Hanes Men's 6 pack FreshIQ Cushion Crew Sock,No,"54,617",B002G9UDYG,AECJHGAHVQCKW4VWKWLBVFDXJDMQ
37,AECTY6SB6B4FKZ2GY3XQRC5BKMAA,True,Five Stars,Great socks at a great price!,"December 17, 2017",Alexis D,5.0,0,https://www.amazon.ca/gp/profile/amzn1.account.AECTY6SB6B4FKZ2GY3XQRC5BKMAA/ref=cm_cr_getr_d_gw_btm?ie=UTF8,2020-09-21 13:01:02.015796,2020-09-21 13:01:02.146581,Hanes Men's 6 pack FreshIQ Cushion Crew Sock,No,"54,617",B002G9UDYG,AECJHGAHVQCKW4VWKWLBVFDXJDMQ
38,AGME4CGY5ZARCB7X76HWYNVABTEA,True,GOOD QUALITY,YES THESE ARE FOR STOCKING STUFFERS,"December 6, 2017",Michele,5.0,0,https://www.amazon.ca/gp/profile/amzn1.account.AGME4CGY5ZARCB7X76HWYNVABTEA/ref=cm_cr_getr_d_gw_btm?ie=UTF8,2020-09-21 13:01:02.151460,2020-09-21 13:01:02.271508,Hanes Men's 6 pack FreshIQ Cushion Crew Sock,No,"54,617",B002G9UDYG,AECJHGAHVQCKW4VWKWLBVFDXJDMQ
39,AFXEDF7BH7XKWB5YIS3NBBP42ZTA,True,perfect foot.i mean fit...... lol,great price.great fit.couldnt ask for much more..,"May 24, 2017",Mike bronstine,5.0,0,https://www.amazon.ca/gp/profile/amzn1.account.AFXEDF7BH7XKWB5YIS3NBBP42ZTA/ref=cm_cr_getr_d_gw_btm?ie=UTF8,2020-09-21 13:01:02.275411,2020-09-21 13:01:02.397411,Hanes Men's 6 pack FreshIQ Cushion Crew Sock,No,"54,617",B002G9UDYG,AECJHGAHVQCKW4VWKWLBVFDXJDMQ
40,AEWL4T2STQXCWF4PE5HO4R6ZSBXQ,True,Good,Good product but sized a bit tight. Arrived promptly.,"May 19, 2016",Wes Rann Swinfen,4.0,0,https://www.amazon.ca/gp/profile/amzn1.account.AEWL4T2STQXCWF4PE5HO4R6ZSBXQ/ref=cm_cr_getr_d_gw_btm?ie=UTF8,2020-09-21 13:01:06.561516,2020-09-21 13:01:06.709853,Hanes Men's 6 pack FreshIQ Cushion Crew Sock,No,"54,617",B002G9UDYG,AECJHGAHVQCKW4VWKWLBVFDXJDMQ
41,AG3WZKTLHNH42PDQW7MY2T37J3UA,True,Five Stars,Good,"August 4, 2017",Chris,5.0,0,https://www.amazon.ca/gp/profile/amzn1.account.AG3WZKTLHNH42PDQW7MY2T37J3UA/ref=cm_cr_getr_d_gw_btm?ie=UTF8,2020-09-21 13:01:06.720590,2020-09-21 13:01:06.849422,Hanes Men's 6 pack FreshIQ Cushion Crew Sock,No,"54,617",B002G9UDYG,AECJHGAHVQCKW4VWKWLBVFDXJDMQ
42,AFE3TNJIKXLQZ7OAF7J3EC42Q67Q,True,Great buy.,Have bought this product for years. Great buy.,"July 20, 2017",gordy,5.0,0,https://www.amazon.ca/gp/profile/amzn1.account.AFE3TNJIKXLQZ7OAF7J3EC42Q67Q/ref=cm_cr_getr_d_gw_btm?ie=UTF8,2020-09-21 13:01:06.853326,2020-09-21 13:01:06.971421,Hanes Men's 6 pack FreshIQ Cushion Crew Sock,No,"54,617",B002G9UDYG,AECJHGAHVQCKW4VWKWLBVFDXJDMQ
43,AFU37MSXVSTEDEB7BLCDOBYASPEA,True,Five Stars,"GREAT,JUST GREAT","January 2, 2018",mark,5.0,0,https://www.amazon.ca/gp/profile/amzn1.account.AFU37MSXVSTEDEB7BLCDOBYASPEA/ref=cm_cr_getr_d_gw_btm?ie=UTF8,2020-09-21 13:01:06.975326,2020-09-21 13:01:07.108060,Hanes Men's 6 pack FreshIQ Cushion Crew Sock,No,"54,617",B002G9UDYG,AECJHGAHVQCKW4VWKWLBVFDXJDMQ
44,AHLFD4QNCL46TL56QZBIVARQFGLA,True,Five Stars,"gift for husband very happy with them

Thank you","December 28, 2016",Sharon L Norris,5.0,0,https://www.amazon.ca/gp/profile/amzn1.account.AHLFD4QNCL46TL56QZBIVARQFGLA/ref=cm_cr_getr_d_gw_btm?ie=UTF8,2020-09-21 13:01:07.111964,2020-09-21 13:01:07.232051,Hanes Men's 6 pack FreshIQ Cushion Crew Sock,No,"54,617",B002G9UDYG,AECJHGAHVQCKW4VWKWLBVFDXJDMQ
45,AFV77EYWA4Z5VWKL4IDD3WCHGGUQ,True,Five Stars,Nice,"June 25, 2017",Amazon Customer,5.0,0,https://www.amazon.ca/gp/profile/amzn1.account.AFV77EYWA4Z5VWKL4IDD3WCHGGUQ/ref=cm_cr_getr_d_gw_btm?ie=UTF8,2020-09-21 13:01:07.235955,2020-09-21 13:01:07.357013,Hanes Men's 6 pack FreshIQ Cushion Crew Sock,No,"54,617",B002G9UDYG,AECJHGAHVQCKW4VWKWLBVFDXJDMQ
46,AFGRZ7VWSW2UJDVRPL2TWE337GLA,True,Good for the price,"Exactly what you'd expect. Quality is average, which is good for the price.","April 26, 2016",LeKevoid,4.0,0,https://www.amazon.ca/gp/profile/amzn1.account.AFGRZ7VWSW2UJDVRPL2TWE337GLA/ref=cm_cr_getr_d_gw_btm?ie=UTF8,2020-09-21 13:01:07.360918,2020-09-21 13:01:07.496614,Hanes Men's 6 pack FreshIQ Cushion Crew Sock,No,"54,617",B002G9UDYG,AECJHGAHVQCKW4VWKWLBVFDXJDMQ
47,AFHA5AMB4T3IR2BLAQQCKDTHSGUA,True,Five Stars,nice,"August 30, 2017",Amazon Customer,5.0,0,https://www.amazon.ca/gp/profile/amzn1.account.AFHA5AMB4T3IR2BLAQQCKDTHSGUA/ref=cm_cr_getr_d_gw_btm?ie=UTF8,2020-09-21 13:01:07.501515,2020-09-21 13:01:07.625446,Hanes Men's 6 pack FreshIQ Cushion Crew Sock,No,"54,617",B002G9UDYG,AECJHGAHVQCKW4VWKWLBVFDXJDMQ
48,AEFLDBEBFR7UM6ABZWQWN2YSYBVQ,True,Five Stars,Très bonne qualité de produit !,"October 5, 2017",Francoys Nicolidakis,5.0,0,https://www.amazon.ca/gp/profile/amzn1.account.AEFLDBEBFR7UM6ABZWQWN2YSYBVQ/ref=cm_cr_getr_d_gw_btm?ie=UTF8,2020-09-21 13:01:07.630325,2020-09-21 13:01:07.758182,Hanes Men's 6 pack FreshIQ Cushion Crew Sock,No,"54,617",B002G9UDYG,AECJHGAHVQCKW4VWKWLBVFDXJDMQ
49,AHC6CMH2LP7FY6CV52DCDQCJDR3A,True,Not very thick,Not as thick as I hoped.,"September 3, 2016",Christopher Warren,3.0,0,https://www.amazon.ca/gp/profile/amzn1.account.AHC6CMH2LP7FY6CV52DCDQCJDR3A/ref=cm_cr_getr_d_gw_btm?ie=UTF8,2020-09-21 13:01:07.768916,2020-09-21 13:01:07.897748,Hanes Men's 6 pack FreshIQ Cushion Crew Sock,No,"54,617",B002G9UDYG,AECJHGAHVQCKW4VWKWLBVFDXJDMQ
50,AFNIUMJKZHRJVIMEAGNSKNXICFOA,True,Three Stars,Feel kinda flimsy.,"December 26, 2017",ron marion,3.0,0,https://www.amazon.ca/gp/profile/amzn1.account.AFNIUMJKZHRJVIMEAGNSKNXICFOA/ref=cm_cr_getr_d_gw_btm?ie=UTF8,2020-09-21 13:01:12.043446,2020-09-21 13:01:12.198627,Hanes Men's 6 pack FreshIQ Cushion Crew Sock,No,"54,617",B002G9UDYG,AECJHGAHVQCKW4VWKWLBVFDXJDMQ
51,AFYOVQW4VHJOONLJKGUXEEXGEBRQ,True,good,"arrived quickly, fit as expected. good value","July 20, 2017",Angel,4.0,0,https://www.amazon.ca/gp/profile/amzn1.account.AFYOVQW4VHJOONLJKGUXEEXGEBRQ/ref=cm_cr_getr_d_gw_btm?ie=UTF8,2020-09-21 13:01:12.202530,2020-09-21 13:01:12.322578,Hanes Men's 6 pack FreshIQ Cushion Crew Sock,No,"54,617",B002G9UDYG,AECJHGAHVQCKW4VWKWLBVFDXJDMQ
52,AEW665QITSEBFZHK3UXS2NYKKZCA,True,Nice socks,"Good fit on his size 12's, says they feel comfortable.","March 22, 2016",Misty83,5.0,0,https://www.amazon.ca/gp/profile/amzn1.account.AEW665QITSEBFZHK3UXS2NYKKZCA/ref=cm_cr_getr_d_gw_btm?ie=UTF8,2020-09-21 13:01:12.326483,2020-09-21 13:01:12.451411,Hanes Men's 6 pack FreshIQ Cushion Crew Sock,No,"54,617",B002G9UDYG,AECJHGAHVQCKW4VWKWLBVFDXJDMQ
53,AFZS25KFM5FWRJRU4Y2UOQHQU2WQ,True,Comfy,Comfy but not really a work boot type of sock.,"October 21, 2017",Amazon Customer,5.0,0,https://www.amazon.ca/gp/profile/amzn1.account.AFZS25KFM5FWRJRU4Y2UOQHQU2WQ/ref=cm_cr_getr_d_gw_btm?ie=UTF8,2020-09-21 13:01:12.462146,2020-09-21 13:01:12.584146,Hanes Men's 6 pack FreshIQ Cushion Crew Sock,No,"54,617",B002G9UDYG,AECJHGAHVQCKW4VWKWLBVFDXJDMQ
54,AFCUB64JFNH2F22TLFNRG4ICKLIA,True,Four Stars,Thanks for the lovely socks.,"May 21, 2018",Amazon Customer,4.0,0,https://www.amazon.ca/gp/profile/amzn1.account.AFCUB64JFNH2F22TLFNRG4ICKLIA/ref=cm_cr_getr_d_gw_btm?ie=UTF8,2020-09-21 13:01:12.588051,2020-09-21 13:01:12.709115,Hanes Men's 6 pack FreshIQ Cushion Crew Sock,No,"54,617",B002G9UDYG,AECJHGAHVQCKW4VWKWLBVFDXJDMQ
55,AFOUJOKDY2E5ROIKD7P4TZHMROBA,True,Comfortable,"Not much to say really, Fits well and is comfortable..","November 23, 2016",PaulD,5.0,0,https://www.amazon.ca/gp/profile/amzn1.account.AFOUJOKDY2E5ROIKD7P4TZHMROBA/ref=cm_cr_getr_d_gw_btm?ie=UTF8,2020-09-21 13:01:12.713017,2020-09-21 13:01:12.856509,Hanes Men's 6 pack FreshIQ Cushion Crew Sock,No,"54,617",B002G9UDYG,AECJHGAHVQCKW4VWKWLBVFDXJDMQ
56,AF63AWRWQOXCBJ7XNSG5XLVDBGOA,True,Five Stars,ok,"November 7, 2016",robert,5.0,0,https://www.amazon.ca/gp/profile/amzn1.account.AF63AWRWQOXCBJ7XNSG5XLVDBGOA/ref=cm_cr_getr_d_gw_btm?ie=UTF8,2020-09-21 13:01:12.860412,2020-09-21 13:01:12.983389,Hanes Men's 6 pack FreshIQ Cushion Crew Sock,No,"54,617",B002G9UDYG,AECJHGAHVQCKW4VWKWLBVFDXJDMQ
57,AGV7ZAHZGSZ7POMWE6VV2CKBMO7A,True,Four Stars,Great for the price,"June 13, 2016",Goose,4.0,0,https://www.amazon.ca/gp/profile/amzn1.account.AGV7ZAHZGSZ7POMWE6VV2CKBMO7A/ref=cm_cr_getr_d_gw_btm?ie=UTF8,2020-09-21 13:01:12.988269,2020-09-21 13:01:13.114172,Hanes Men's 6 pack FreshIQ Cushion Crew Sock,No,"54,617",B002G9UDYG,AECJHGAHVQCKW4VWKWLBVFDXJDMQ
58,AGWMGLGPHY5Q5NEF3NZWRVKVX2NQ,True,"Quality, everyday sock.","Good quality, every day socks. Shipped fast.","December 13, 2016",MartinG,4.0,0,https://www.amazon.ca/gp/profile/amzn1.account.AGWMGLGPHY5Q5NEF3NZWRVKVX2NQ/ref=cm_cr_getr_d_gw_btm?ie=UTF8,2020-09-21 13:01:13.119052,2020-09-21 13:01:13.248860,Hanes Men's 6 pack FreshIQ Cushion Crew Sock,No,"54,617",B002G9UDYG,AECJHGAHVQCKW4VWKWLBVFDXJDMQ
59,AFARPNHQVKUTECTU4P2NWEX6NDDA,True,Socks size not as advertised!!!,The socks were advertised as Size 10-13 but the socks I received were 6-12 and therefore small. They shrink when washed so now they become way to small and that is why I order size 13.,"November 11, 2017",David Bramsen,1.0,0,https://www.amazon.ca/gp/profile/amzn1.account.AFARPNHQVKUTECTU4P2NWEX6NDDA/ref=cm_cr_getr_d_gw_btm?ie=UTF8,2020-09-21 13:01:13.252763,2020-09-21 13:01:13.376716,Hanes Men's 6 pack FreshIQ Cushion Crew Sock,No,"54,617",B002G9UDYG,AECJHGAHVQCKW4VWKWLBVFDXJDMQ
60,AHDXYSXPXUMT53G4MUTR3XWTJADA,True,Three Stars,Alright but nothing to brag about,"July 25, 2018",llw127,3.0,0,https://www.amazon.ca/gp/profile/amzn1.account.AHDXYSXPXUMT53G4MUTR3XWTJADA/ref=cm_cr_getr_d_gw_btm?ie=UTF8,2020-09-21 13:01:16.523332,2020-09-21 13:01:16.652163,Hanes Men's 6 pack FreshIQ Cushion Crew Sock,No,"54,617",B002G9UDYG,AECJHGAHVQCKW4VWKWLBVFDXJDMQ
61,AE6JNMSR7ROUIAFVSM52OCDAGQTQ,True,Good,A little lower on leg than expected.,"December 30, 2016",ro_ma,4.0,0,https://www.amazon.ca/gp/profile/amzn1.account.AE6JNMSR7ROUIAFVSM52OCDAGQTQ/ref=cm_cr_getr_d_gw_btm?ie=UTF8,2020-09-21 13:01:16.656069,2020-09-21 13:01:16.777092,Hanes Men's 6 pack FreshIQ Cushion Crew Sock,No,"54,617",B002G9UDYG,AECJHGAHVQCKW4VWKWLBVFDXJDMQ
62,AFBU54JFJPQBOJWBHMTL5FURE2RQ,True,Five Stars,excellent product will buy again thanks,"October 23, 2017",William J Williams,5.0,0,https://www.amazon.ca/gp/profile/amzn1.account.AFBU54JFJPQBOJWBHMTL5FURE2RQ/ref=cm_cr_getr_d_gw_btm?ie=UTF8,2020-09-21 13:01:16.780996,2020-09-21 13:01:16.916659,Hanes Men's 6 pack FreshIQ Cushion Crew Sock,No,"54,617",B002G9UDYG,AECJHGAHVQCKW4VWKWLBVFDXJDMQ
63,AHL642KPYAMO5Y2A2DYZXD75JEDQ,True,Loving it,Excellent Product,"October 3, 2017",Ahmar,5.0,0,https://www.amazon.ca/gp/profile/amzn1.account.AHL642KPYAMO5Y2A2DYZXD75JEDQ/ref=cm_cr_getr_d_gw_btm?ie=UTF8,2020-09-21 13:01:16.921540,2020-09-21 13:01:17.037684,Hanes Men's 6 pack FreshIQ Cushion Crew Sock,No,"54,617",B002G9UDYG,AECJHGAHVQCKW4VWKWLBVFDXJDMQ
64,AHQLJUHGDBJMDZ6UUVD2EKZ3WHBA,True,Three Stars,ok.,"November 9, 2017",Amazon Customer,3.0,0,https://www.amazon.ca/gp/profile/amzn1.account.AHQLJUHGDBJMDZ6UUVD2EKZ3WHBA/ref=cm_cr_getr_d_gw_btm?ie=UTF8,2020-09-21 13:01:17.041586,2020-09-21 13:01:17.163587,Hanes Men's 6 pack FreshIQ Cushion Crew Sock,No,"54,617",B002G9UDYG,AECJHGAHVQCKW4VWKWLBVFDXJDMQ
65,AH2J4MKPDIG2NKPFKQ7LRVCZRL2A,True,Four Stars,fit like expected ok.,"December 4, 2017",terry reed,4.0,0,https://www.amazon.ca/gp/profile/amzn1.account.AH2J4MKPDIG2NKPFKQ7LRVCZRL2A/ref=cm_cr_getr_d_gw_btm?ie=UTF8,2020-09-21 13:01:17.167491,2020-09-21 13:01:17.299250,Hanes Men's 6 pack FreshIQ Cushion Crew Sock,No,"54,617",B002G9UDYG,AECJHGAHVQCKW4VWKWLBVFDXJDMQ
66,AF3QF7EG4EZHDRUMBRBWIAHXXJEA,True,Five Stars,Great,"August 30, 2017",Amazon Customer,5.0,0,https://www.amazon.ca/gp/profile/amzn1.account.AF3QF7EG4EZHDRUMBRBWIAHXXJEA/ref=cm_cr_getr_d_gw_btm?ie=UTF8,2020-09-21 13:01:17.305106,2020-09-21 13:01:17.427105,Hanes Men's 6 pack FreshIQ Cushion Crew Sock,No,"54,617",B002G9UDYG,AECJHGAHVQCKW4VWKWLBVFDXJDMQ
67,AFSZI47IPRXZXS5GK6ACL6TMDMPQ,True,Five Stars,Nice stretch fit well wash after wash!!,"January 7, 2017",nuke,5.0,0,https://www.amazon.ca/gp/profile/amzn1.account.AFSZI47IPRXZXS5GK6ACL6TMDMPQ/ref=cm_cr_getr_d_gw_btm?ie=UTF8,2020-09-21 13:01:17.431986,2020-09-21 13:01:17.553010,Hanes Men's 6 pack FreshIQ Cushion Crew Sock,No,"54,617",B002G9UDYG,AECJHGAHVQCKW4VWKWLBVFDXJDMQ
68,AGPY2KUDV2V7FVIIZFGJT4OSGWFQ,True,Five Stars,Very good,"February 10, 2016",Sylvain,5.0,0,https://www.amazon.ca/gp/profile/amzn1.account.AGPY2KUDV2V7FVIIZFGJT4OSGWFQ/ref=cm_cr_getr_d_gw_btm?ie=UTF8,2020-09-21 13:01:17.557889,2020-09-21 13:01:17.688673,Hanes Men's 6 pack FreshIQ Cushion Crew Sock,No,"54,617",B002G9UDYG,AECJHGAHVQCKW4VWKWLBVFDXJDMQ
69,AH746HA24SO7ZCCOFOGPFYJHT2EQ,True,Two Stars,Fell apart and frayed after one wear.,"February 23, 2018",Amazon Customer,2.0,0,https://www.amazon.ca/gp/profile/amzn1.account.AH746HA24SO7ZCCOFOGPFYJHT2EQ/ref=cm_cr_getr_d_gw_btm?ie=UTF8,2020-09-21 13:01:17.693553,2020-09-21 13:01:17.817507,Hanes Men's 6 pack FreshIQ Cushion Crew Sock,No,"54,617",B002G9UDYG,AECJHGAHVQCKW4VWKWLBVFDXJDMQ
70,AEYEUQSXW56YQXXM3LIUP7XVJKSQ,True,Two Stars,"Really cheap feeling. Thin, no support.","October 13, 2017",ruby,2.0,0,https://www.amazon.ca/gp/profile/amzn1.account.AEYEUQSXW56YQXXM3LIUP7XVJKSQ/ref=cm_cr_getr_d_gw_btm?ie=UTF8,2020-09-21 13:01:21.960814,2020-09-21 13:01:22.089676,Hanes Men's 6 pack FreshIQ Cushion Crew Sock,No,"54,617",B002G9UDYG,AECJHGAHVQCKW4VWKWLBVFDXJDMQ
71,AHT5O2WJHR572CFN3VMZ236FNCIA,True,Five Stars,Le produit est parfait.,"September 1, 2017",Serge St-Onge,5.0,0,https://www.amazon.ca/gp/profile/amzn1.account.AHT5O2WJHR572CFN3VMZ236FNCIA/ref=cm_cr_getr_d_gw_btm?ie=UTF8,2020-09-21 13:01:22.102364,2020-09-21 13:01:22.222413,Hanes Men's 6 pack FreshIQ Cushion Crew Sock,No,"54,617",B002G9UDYG,AECJHGAHVQCKW4VWKWLBVFDXJDMQ
72,AGHUGE3XK2XWRXU7IKWJ2WTUUVQA,True,Four Stars,Actually suprisingly comfortable and well-fitting,"October 20, 2017",Ahren,4.0,0,https://www.amazon.ca/gp/profile/amzn1.account.AGHUGE3XK2XWRXU7IKWJ2WTUUVQA/ref=cm_cr_getr_d_gw_btm?ie=UTF8,2020-09-21 13:01:22.226318,2020-09-21 13:01:22.347340,Hanes Men's 6 pack FreshIQ Cushion Crew Sock,No,"54,617",B002G9UDYG,AECJHGAHVQCKW4VWKWLBVFDXJDMQ
73,AFUITBFJN4RBS7SRWSQXI6QBWXJQ,True,Five Stars,Great,"May 31, 2017",Jose Alberto Rodriguez Mellior,5.0,0,https://www.amazon.ca/gp/profile/amzn1.account.AFUITBFJN4RBS7SRWSQXI6QBWXJQ/ref=cm_cr_getr_d_gw_btm?ie=UTF8,2020-09-21 13:01:22.351244,2020-09-21 13:01:22.487885,Hanes Men's 6 pack FreshIQ Cushion Crew Sock,No,"54,617",B002G9UDYG,AECJHGAHVQCKW4VWKWLBVFDXJDMQ
74,AFOMHAIEGSDY6VMWXFTZA44BVZ6Q,True,Stiff,Very stiff and rough inside. Not like the ones in stores. Will not be buying again.,"May 13, 2016",R. Wayvon,2.0,0,https://www.amazon.ca/gp/profile/amzn1.account.AFOMHAIEGSDY6VMWXFTZA44BVZ6Q/ref=cm_cr_getr_d_gw_btm?ie=UTF8,2020-09-21 13:01:22.492765,2020-09-21 13:01:22.614772,Hanes Men's 6 pack FreshIQ Cushion Crew Sock,No,"54,617",B002G9UDYG,AECJHGAHVQCKW4VWKWLBVFDXJDMQ
75,AECU5IP6WZ3ZCSHKKJUZPVBW5DAA,True,Solid socks,Solid socks,"August 19, 2016",Dylan,5.0,0,https://www.amazon.ca/gp/profile/amzn1.account.AECU5IP6WZ3ZCSHKKJUZPVBW5DAA/ref=cm_cr_getr_d_gw_btm?ie=UTF8,2020-09-21 13:01:22.618675,2020-09-21 13:01:22.741652,Hanes Men's 6 pack FreshIQ Cushion Crew Sock,No,"54,617",B002G9UDYG,AECJHGAHVQCKW4VWKWLBVFDXJDMQ
76,AE5SDPWFIHG3N3ZI3WMYSOGLQTWQ,True,Five Stars,grandson-in-law loved these,"December 19, 2015",Sharon Irwin,5.0,0,https://www.amazon.ca/gp/profile/amzn1.account.AE5SDPWFIHG3N3ZI3WMYSOGLQTWQ/ref=cm_cr_getr_d_gw_btm?ie=UTF8,2020-09-21 13:01:22.746531,2020-09-21 13:01:22.889059,Hanes Men's 6 pack FreshIQ Cushion Crew Sock,No,"54,617",B002G9UDYG,AECJHGAHVQCKW4VWKWLBVFDXJDMQ
77,AHBOTP4DVK266RYAJ4HFKWJHUY2Q,True,Four Stars,Good quality socks,"March 30, 2018",joan c.johnsoni,4.0,0,https://www.amazon.ca/gp/profile/amzn1.account.AHBOTP4DVK266RYAJ4HFKWJHUY2Q/ref=cm_cr_getr_d_gw_btm?ie=UTF8,2020-09-21 13:01:22.892964,2020-09-21 13:01:23.016921,Hanes Men's 6 pack FreshIQ Cushion Crew Sock,No,"54,617",B002G9UDYG,AECJHGAHVQCKW4VWKWLBVFDXJDMQ
78,AGA4TVOFRN72UHNMQQRG4T2ODWVA,True,Four Stars,Parfait !,"August 19, 2017",Luc Laforge,4.0,0,https://www.amazon.ca/gp/profile/amzn1.account.AGA4TVOFRN72UHNMQQRG4T2ODWVA/ref=cm_cr_getr_d_gw_btm?ie=UTF8,2020-09-21 13:01:23.020827,2020-09-21 13:01:23.155512,Hanes Men's 6 pack FreshIQ Cushion Crew Sock,No,"54,617",B002G9UDYG,AECJHGAHVQCKW4VWKWLBVFDXJDMQ
79,AE6Q4AU3MQ5FM22BDDEN5QEY6BRQ,True,Four Stars,"Model changed over the year, are thinner than before","January 12, 2018",Alain Dandurand,4.0,0,https://www.amazon.ca/gp/profile/amzn1.account.AE6Q4AU3MQ5FM22BDDEN5QEY6BRQ/ref=cm_cr_getr_d_gw_btm?ie=UTF8,2020-09-21 13:01:23.160393,2020-09-21 13:01:23.282394,Hanes Men's 6 pack FreshIQ Cushion Crew Sock,No,"54,617",B002G9UDYG,AECJHGAHVQCKW4VWKWLBVFDXJDMQ
80,AEEBUZDZE4YN2T7WDF57E4BEK6CA,True,Four Stars,pretty thick enough for rough Quebec winter,"January 16, 2017",Min,4.0,0,https://www.amazon.ca/gp/profile/amzn1.account.AEEBUZDZE4YN2T7WDF57E4BEK6CA/ref=cm_cr_getr_d_gw_btm?ie=UTF8,2020-09-21 13:01:26.431222,2020-09-21 13:01:26.566884,Hanes Men's 6 pack FreshIQ Cushion Crew Sock,No,"54,617",B002G9UDYG,AECJHGAHVQCKW4VWKWLBVFDXJDMQ
81,AFMGFDJOI26T3DB2OW67KA357FUA,True,Four Stars,Merci!,"December 18, 2016",Anne-Marie,4.0,0,https://www.amazon.ca/gp/profile/amzn1.account.AFMGFDJOI26T3DB2OW67KA357FUA/ref=cm_cr_getr_d_gw_btm?ie=UTF8,2020-09-21 13:01:26.570788,2020-09-21 13:01:26.693798,Hanes Men's 6 pack FreshIQ Cushion Crew Sock,No,"54,617",B002G9UDYG,AECJHGAHVQCKW4VWKWLBVFDXJDMQ
82,AGIZV6FXSJ76OM7VZF5IRTEMP3MA,True,Four Stars,Loved the comfort of the socks,"May 31, 2016",Amazon Customer,4.0,0,https://www.amazon.ca/gp/profile/amzn1.account.AGIZV6FXSJ76OM7VZF5IRTEMP3MA/ref=cm_cr_getr_d_gw_btm?ie=UTF8,2020-09-21 13:01:26.698704,2020-09-21 13:01:26.835347,Hanes Men's 6 pack FreshIQ Cushion Crew Sock,No,"54,617",B002G9UDYG,AECJHGAHVQCKW4VWKWLBVFDXJDMQ
83,AGSNQL6MO2RYOI55GMLOE5DKOBDQ,True,They fit!!!!!,As advertised,"February 3, 2016",LivingTheDream,5.0,0,https://www.amazon.ca/gp/profile/amzn1.account.AGSNQL6MO2RYOI55GMLOE5DKOBDQ/ref=cm_cr_getr_d_gw_btm?ie=UTF8,2020-09-21 13:01:26.840226,2020-09-21 13:01:26.954418,Hanes Men's 6 pack FreshIQ Cushion Crew Sock,No,"54,617",B002G9UDYG,AECJHGAHVQCKW4VWKWLBVFDXJDMQ
84,AFZ2ECXXDNWVUKPRG4A4GL6GLI2Q,True,Four Stars,A bit stiff but start to soften up after a few washes.,"December 2, 2015",Fraser,4.0,0,https://www.amazon.ca/gp/profile/amzn1.account.AFZ2ECXXDNWVUKPRG4A4GL6GLI2Q/ref=cm_cr_getr_d_gw_btm?ie=UTF8,2020-09-21 13:01:26.957346,2020-09-21 13:01:27.070561,Hanes Men's 6 pack FreshIQ Cushion Crew Sock,No,"54,617",B002G9UDYG,AECJHGAHVQCKW4VWKWLBVFDXJDMQ
85,AEF5YEGQSIDIFKPNLOWR6SLEJNGA,True,Five Stars,good product,"September 9, 2017",Ab Freig,5.0,0,https://www.amazon.ca/gp/profile/amzn1.account.AEF5YEGQSIDIFKPNLOWR6SLEJNGA/ref=cm_cr_getr_d_gw_btm?ie=UTF8,2020-09-21 13:01:27.074467,2020-09-21 13:01:27.201346,Hanes Men's 6 pack FreshIQ Cushion Crew Sock,No,"54,617",B002G9UDYG,AECJHGAHVQCKW4VWKWLBVFDXJDMQ
86,AG7T4BHLLH3BRVZJU42RTY72Z6WQ,True,Four Stars,it provided great performance,"May 27, 2016",Amazon Customer,4.0,0,https://www.amazon.ca/gp/profile/amzn1.account.AG7T4BHLLH3BRVZJU42RTY72Z6WQ/ref=cm_cr_getr_d_gw_btm?ie=UTF8,2020-09-21 13:01:27.204274,2020-09-21 13:01:27.317489,Hanes Men's 6 pack FreshIQ Cushion Crew Sock,No,"54,617",B002G9UDYG,AECJHGAHVQCKW4VWKWLBVFDXJDMQ
87,AELJEFIPDSUNN35S6G2X6EUXDQ3A,True,Two Stars,"These are Super thin, and not very stretchy so they fit loose on my size 8 feet.","October 14, 2017",Linus Sebastian,2.0,0,https://www.amazon.ca/gp/profile/amzn1.account.AELJEFIPDSUNN35S6G2X6EUXDQ3A/ref=cm_cr_getr_d_gw_btm?ie=UTF8,2020-09-21 13:01:27.320417,2020-09-21 13:01:27.445344,Hanes Men's 6 pack FreshIQ Cushion Crew Sock,No,"54,617",B002G9UDYG,AECJHGAHVQCKW4VWKWLBVFDXJDMQ
88,AFLUEHS6UPSG6ZQGRV3SAZDER7SA,True,Hanes men's socks,"very comfortable, fit just right, seams flat and smooth. very happy with this purchase","January 17, 2016",satisfied shopper,5.0,0,https://www.amazon.ca/gp/profile/amzn1.account.AFLUEHS6UPSG6ZQGRV3SAZDER7SA/ref=cm_cr_getr_d_gw_btm?ie=UTF8,2020-09-21 13:01:27.449249,2020-09-21 13:01:27.562465,Hanes Men's 6 pack FreshIQ Cushion Crew Sock,No,"54,617",B002G9UDYG,AECJHGAHVQCKW4VWKWLBVFDXJDMQ
89,AEMT4JBGB6VDJVTXCTOR3SNW66VA,True,Five Stars,Got what I wanted,"November 14, 2016",SS,5.0,0,https://www.amazon.ca/gp/profile/amzn1.account.AEMT4JBGB6VDJVTXCTOR3SNW66VA/ref=cm_cr_getr_d_gw_btm?ie=UTF8,2020-09-21 13:01:27.566369,2020-09-21 13:01:27.680561,Hanes Men's 6 pack FreshIQ Cushion Crew Sock,No,"54,617",B002G9UDYG,AECJHGAHVQCKW4VWKWLBVFDXJDMQ
90,AGASZF55IQLX3SQUUYZLWPVDCJBA,True,Great Socks,Fantastic deal. I have a re-occurring order and will never have to think about socks again. :),"May 2, 2016",John,5.0,0,https://www.amazon.ca/gp/profile/amzn1.account.AGASZF55IQLX3SQUUYZLWPVDCJBA/ref=cm_cr_getr_d_gw_btm?ie=UTF8,2020-09-21 13:01:33.821938,2020-09-21 13:01:33.958579,Hanes Men's 6 pack FreshIQ Cushion Crew Sock,No,"54,617",B002G9UDYG,AECJHGAHVQCKW4VWKWLBVFDXJDMQ
91,AEM6TX7MNGXY6ON47NMS23MR6DMQ,True,Five Stars,They're socks. You put them on your feet.,"August 3, 2016",Gary,5.0,0,https://www.amazon.ca/gp/profile/amzn1.account.AEM6TX7MNGXY6ON47NMS23MR6DMQ/ref=cm_cr_getr_d_gw_btm?ie=UTF8,2020-09-21 13:01:33.963457,2020-09-21 13:01:34.083504,Hanes Men's 6 pack FreshIQ Cushion Crew Sock,No,"54,617",B002G9UDYG,AECJHGAHVQCKW4VWKWLBVFDXJDMQ
92,AFVP5KTKFFYQNP7FZAXR2RZHPFUA,True,great,Nice pack of socks. Good price for 6 pairs. Fit great and are not too thin- just right.,"September 8, 2017",DBOUS,4.0,0,https://www.amazon.ca/gp/profile/amzn1.account.AFVP5KTKFFYQNP7FZAXR2RZHPFUA/ref=cm_cr_getr_d_gw_btm?ie=UTF8,2020-09-21 13:01:34.087409,2020-09-21 13:01:34.206480,Hanes Men's 6 pack FreshIQ Cushion Crew Sock,No,"54,617",B002G9UDYG,AECJHGAHVQCKW4VWKWLBVFDXJDMQ
93,AH54KN2IYCWSHVJF352PWESFESZQ,True,Not 100% cotton as advertised!,"Very disappointed! These socks are NOT 100% cotton as advertised. They are 84% cotton, 14% polyester, 1% natural latex rubber and 1% nylon. They certainly will not help the painful eczema on my son's feet.","July 7, 2015",Candice Bunting,1.0,4,https://www.amazon.ca/gp/profile/amzn1.account.AH54KN2IYCWSHVJF352PWESFESZQ/ref=cm_cr_getr_d_gw_btm?ie=UTF8,2020-09-21 13:01:34.211360,2020-09-21 13:01:34.344096,Hanes Men's 6 pack FreshIQ Cushion Crew Sock,No,"54,617",B002G9UDYG,AECJHGAHVQCKW4VWKWLBVFDXJDMQ
94,AELGYVPUQD3C7I4U6YZR3FWBCK4Q,False,53%Cotton not 80%,"Inaccurate description, as it seems to be the case with many socks on Amazon.Material is primarily Polyester and contains much less cotton than described in the listing.

If you are seeking cotton socks as was the case for me, these are not the socks for you.","November 13, 2016",Anonymous ,1.0,3,https://www.amazon.ca/gp/profile/amzn1.account.AELGYVPUQD3C7I4U6YZR3FWBCK4Q/ref=cm_cr_getr_d_gw_btm?ie=UTF8,2020-09-21 13:01:34.347999,2020-09-21 13:01:34.464144,Hanes Men's 6 pack FreshIQ Cushion Crew Sock,No,"54,617",B002G9UDYG,AECJHGAHVQCKW4VWKWLBVFDXJDMQ
95,AEHTB3CLOKF7ZIMQW6MEZD2PR3CQ,False,"Decent Quality, Good Value","Have had these socks for about 2 months and so far, they are fine, seem to be pretty durable. Not as thick as I prefer, but perfectly adequate. For the price, these are a good value. Hard to get particularly excited about socks, but would for sure recommend these.","January 2, 2017",steverino1,4.0,0,https://www.amazon.ca/gp/profile/amzn1.account.AEHTB3CLOKF7ZIMQW6MEZD2PR3CQ/ref=cm_cr_getr_d_gw_btm?ie=UTF8,2020-09-21 13:01:34.468048,2020-09-21 13:01:34.592000,Hanes Men's 6 pack FreshIQ Cushion Crew Sock,No,"54,617",B002G9UDYG,AECJHGAHVQCKW4VWKWLBVFDXJDMQ
96,AECJHGAHVQCKW4VWKWLBVFDXJDMQ,False,Five Stars,"Excellent, price wise is debatable, but overall comfort and quality are there.","November 19, 2017",Amazon Customer,5.0,0,https://www.amazon.ca/gp/profile/amzn1.account.AECJHGAHVQCKW4VWKWLBVFDXJDMQ/ref=cm_cr_getr_d_gw_btm?ie=UTF8,2020-09-21 13:01:34.595904,2020-09-21 13:01:34.707192,Hanes Men's 6 pack FreshIQ Cushion Crew Sock,No,"54,617",B002G9UDYG,AECJHGAHVQCKW4VWKWLBVFDXJDMQ
97,AGD253JXWDZHFU57IXQRQ2YTPBCQ,True,"Nice socks,","I ordered 10-13, got 9-12, no way they will fit!","September 9, 2015",KJC,1.0,2,https://www.amazon.ca/gp/profile/amzn1.account.AGD253JXWDZHFU57IXQRQ2YTPBCQ/ref=cm_cr_getr_d_gw_btm?ie=UTF8,2020-09-21 13:01:34.711071,2020-09-21 13:01:34.840879,Hanes Men's 6 pack FreshIQ Cushion Crew Sock,No,"54,617",B002G9UDYG,AECJHGAHVQCKW4VWKWLBVFDXJDMQ
98,AHWOSHYWSVWHPM32FYRP456TBVBQ,False,Three Stars,"Fairly scratchy material, will not purchase again","March 14, 2018",avnhorlick,3.0,0,https://www.amazon.ca/gp/profile/amzn1.account.AHWOSHYWSVWHPM32FYRP456TBVBQ/ref=cm_cr_getr_d_gw_btm?ie=UTF8,2020-09-21 13:01:34.844783,2020-09-21 13:01:34.959950,Hanes Men's 6 pack FreshIQ Cushion Crew Sock,No,"54,617",B002G9UDYG,AECJHGAHVQCKW4VWKWLBVFDXJDMQ
99,AHG5IPCXMSTOBF4G6NG3RWLLVCOA,False,Won't buy again,Didn't last at all. I had holes in the soles after very few washes.,"October 26, 2017",Allan Pendlebury,1.0,0,https://www.amazon.ca/gp/profile/amzn1.account.AHG5IPCXMSTOBF4G6NG3RWLLVCOA/ref=cm_cr_getr_d_gw_btm?ie=UTF8,2020-09-21 13:01:34.963855,2020-09-21 13:01:35.068286,Hanes Men's 6 pack FreshIQ Cushion Crew Sock,No,"54,617",B002G9UDYG,AECJHGAHVQCKW4VWKWLBVFDXJDMQ
100,AHASOYLZY76OSYJTQ74MJDVXUXZQ,False,no cons,"They are socks and they are good, no cons","August 19, 2017",Xguyx,5.0,0,https://www.amazon.ca/gp/profile/amzn1.account.AHASOYLZY76OSYJTQ74MJDVXUXZQ/ref=cm_cr_getr_d_gw_btm?ie=UTF8,2020-09-21 13:01:37.225478,2020-09-21 13:01:37.357238,Hanes Men's 6 pack FreshIQ Cushion Crew Sock,No,"54,617",B002G9UDYG,AECJHGAHVQCKW4VWKWLBVFDXJDMQ
101,AFJMAST4GSZ6VLOU7SQ2MMKCD4IA,False,Five Stars,Good quality. Great price. Fast delivery.,"January 2, 2017",Linda S,5.0,0,https://www.amazon.ca/gp/profile/amzn1.account.AFJMAST4GSZ6VLOU7SQ2MMKCD4IA/ref=cm_cr_getr_d_gw_btm?ie=UTF8,2020-09-21 13:01:37.362117,2020-09-21 13:01:37.471429,Hanes Men's 6 pack FreshIQ Cushion Crew Sock,No,"54,617",B002G9UDYG,AECJHGAHVQCKW4VWKWLBVFDXJDMQ
102,AG4R2WUENWHQYOUPFC6GPPPUNWTQ,False,Three Stars,small but ok,"February 15, 2017",Donald,3.0,0,https://www.amazon.ca/gp/profile/amzn1.account.AG4R2WUENWHQYOUPFC6GPPPUNWTQ/ref=cm_cr_getr_d_gw_btm?ie=UTF8,2020-09-21 13:01:37.475335,2020-09-21 13:01:37.597334,Hanes Men's 6 pack FreshIQ Cushion Crew Sock,No,"54,617",B002G9UDYG,AECJHGAHVQCKW4VWKWLBVFDXJDMQ
103,AGCOH4TPOQUGDGGP35KT57QJGXHA,False,Five Stars,Seems to be good,"June 16, 2017",George,5.0,0,https://www.amazon.ca/gp/profile/amzn1.account.AGCOH4TPOQUGDGGP35KT57QJGXHA/ref=cm_cr_getr_d_gw_btm?ie=UTF8,2020-09-21 13:01:37.602213,2020-09-21 13:01:37.714455,Hanes Men's 6 pack FreshIQ Cushion Crew Sock,No,"54,617",B002G9UDYG,AECJHGAHVQCKW4VWKWLBVFDXJDMQ
104,AEY42QRW2FYRKZ5HXICQM63NPXQA,False,Very pleased! Thanks for all aspects of the sale,Very pleased! Thanks for all aspects of the sale.,"January 16, 2017",Amazon Customer,5.0,0,https://www.amazon.ca/gp/profile/amzn1.account.AEY42QRW2FYRKZ5HXICQM63NPXQA/ref=cm_cr_getr_d_gw_btm?ie=UTF8,2020-09-21 13:01:37.719333,2020-09-21 13:01:37.837429,Hanes Men's 6 pack FreshIQ Cushion Crew Sock,No,"54,617",B002G9UDYG,AECJHGAHVQCKW4VWKWLBVFDXJDMQ
105,AFCYLZ3HZGAMEM72I4LQKUJ76VEA,False,Five Stars,Same as pictured. Very good,"May 13, 2017",Sunflower,5.0,0,https://www.amazon.ca/gp/profile/amzn1.account.AFCYLZ3HZGAMEM72I4LQKUJ76VEA/ref=cm_cr_getr_d_gw_btm?ie=UTF8,2020-09-21 13:01:37.842309,2020-09-21 13:01:37.964389,Hanes Men's 6 pack FreshIQ Cushion Crew Sock,No,"54,617",B002G9UDYG,AECJHGAHVQCKW4VWKWLBVFDXJDMQ
106,AFIJ2KE6BHRPZ75CAIXPVUBY4DTQ,False,Four Stars,good fit and very comfy,"November 25, 2016",Dono777,4.0,0,https://www.amazon.ca/gp/profile/amzn1.account.AFIJ2KE6BHRPZ75CAIXPVUBY4DTQ/ref=cm_cr_getr_d_gw_btm?ie=UTF8,2020-09-21 13:01:37.968294,2020-09-21 13:01:38.080533,Hanes Men's 6 pack FreshIQ Cushion Crew Sock,No,"54,617",B002G9UDYG,AECJHGAHVQCKW4VWKWLBVFDXJDMQ
107,AH7PSWDPPYU3ZQ5LBHTEKOH2C3TA,False,Not worth the money,Fabric peeling even after several washings. Poorest quality.,"December 12, 2016",same sun,1.0,One,https://www.amazon.ca/gp/profile/amzn1.account.AH7PSWDPPYU3ZQ5LBHTEKOH2C3TA/ref=cm_cr_getr_d_gw_btm?ie=UTF8,2020-09-21 13:01:38.084436,2020-09-21 13:01:38.199604,Hanes Men's 6 pack FreshIQ Cushion Crew Sock,No,"54,617",B002G9UDYG,AECJHGAHVQCKW4VWKWLBVFDXJDMQ
108,AFEW332MDOMBKBXIJ6B6OTVOX4LA,False,Five Stars,Awesome socks that fit. And very comfortable!,"August 10, 2016",Nate,5.0,0,https://www.amazon.ca/gp/profile/amzn1.account.AFEW332MDOMBKBXIJ6B6OTVOX4LA/ref=cm_cr_getr_d_gw_btm?ie=UTF8,2020-09-21 13:01:38.203508,2020-09-21 13:01:38.326484,Hanes Men's 6 pack FreshIQ Cushion Crew Sock,No,"54,617",B002G9UDYG,AECJHGAHVQCKW4VWKWLBVFDXJDMQ
109,AF2PLYN5E7IOCNWAF6O6GYFLRQGA,False,Five Stars,The socks are as advertised,"April 1, 2017",Amazon Customer,5.0,0,https://www.amazon.ca/gp/profile/amzn1.account.AF2PLYN5E7IOCNWAF6O6GYFLRQGA/ref=cm_cr_getr_d_gw_btm?ie=UTF8,2020-09-21 13:01:38.330387,2020-09-21 13:01:38.440675,Hanes Men's 6 pack FreshIQ Cushion Crew Sock,No,"54,617",B002G9UDYG,AECJHGAHVQCKW4VWKWLBVFDXJDMQ
110,AEFGVI7FGSE7P5BARF3LMOXXG6KQ,False,Five Stars,Great,"June 20, 2017",Shawn Bordoff,5.0,0,https://www.amazon.ca/gp/profile/amzn1.account.AEFGVI7FGSE7P5BARF3LMOXXG6KQ/ref=cm_cr_getr_d_gw_btm?ie=UTF8,2020-09-21 13:01:40.582059,2020-09-21 13:01:40.758712,Hanes Men's 6 pack FreshIQ Cushion Crew Sock,No,"54,617",B002G9UDYG,AECJHGAHVQCKW4VWKWLBVFDXJDMQ
111,AH7XGFOX5OZ4A34OULCANJN4MZTA,False,Five Stars,"Awesome fitting! Not too tight and not too loose! The grey heel and toe is a nice added touch. However, not very strong. It is thread-bare.

Only one problem so far. They wear out fast at the heel! In less than 3 months I have holes already compared to similar socks purchased at Walmart that started to show wear and holes after a year!","August 16, 2016",vito,2.0,One,https://www.amazon.ca/gp/profile/amzn1.account.AH7XGFOX5OZ4A34OULCANJN4MZTA/ref=cm_cr_getr_d_gw_btm?ie=UTF8,2020-09-21 13:01:40.763593,2020-09-21 13:01:40.882665,Hanes Men's 6 pack FreshIQ Cushion Crew Sock,No,"54,617",B002G9UDYG,AECJHGAHVQCKW4VWKWLBVFDXJDMQ
112,AHXDYEDVNG3HNVTJTXITWSYAQDUQ,False,Perfect no complaints!!,Excellent,"February 1, 2017",Jayson Mayers,5.0,0,https://www.amazon.ca/gp/profile/amzn1.account.AHXDYEDVNG3HNVTJTXITWSYAQDUQ/ref=cm_cr_getr_d_gw_btm?ie=UTF8,2020-09-21 13:01:40.886568,2020-09-21 13:01:41.007593,Hanes Men's 6 pack FreshIQ Cushion Crew Sock,No,"54,617",B002G9UDYG,AECJHGAHVQCKW4VWKWLBVFDXJDMQ
113,AFERYCDLYSXQC3QHHCHHASABW5PA,True,bonne qualité,livraison rapide et bonne qualité et bon prix aussi,"January 21, 2019",Michel Laliberté,5.0,0,https://www.amazon.ca/gp/profile/amzn1.account.AFERYCDLYSXQC3QHHCHHASABW5PA/ref=cm_cr_getr_d_gw_btm?ie=UTF8,2020-09-21 13:01:41.012472,2020-09-21 13:01:41.137400,Hanes Men's 6 pack FreshIQ Cushion Crew Sock,No,"54,617",B002G9UDYG,AECJHGAHVQCKW4VWKWLBVFDXJDMQ
114,AFLUR2BDBVJEEMEBF74S5FLLRPLQ,True,Like,Soft,"April 29, 2019",Amanda,5.0,0,https://www.amazon.ca/gp/profile/amzn1.account.AFLUR2BDBVJEEMEBF74S5FLLRPLQ/ref=cm_cr_getr_d_gw_btm?ie=UTF8,2020-09-21 13:01:41.141304,2020-09-21 13:01:41.261352,Hanes Men's 6 pack FreshIQ Cushion Crew Sock,No,"54,617",B002G9UDYG,AECJHGAHVQCKW4VWKWLBVFDXJDMQ
